#cP2026  1  2  0  0  0.00000000      96 ORBIT IGb20 HLM  IGS
## 2399 432000.00000000   900.00000000 61042 0.0000000000000
+   32   G01G02G03G04G05G06G07G08G09G10G11G12G13G14G15G16G17
+        G18G19G20G21G22G23G24G25G26G27G28G29G30G31G32  0  0
+          0  0  0  0  0  0  0  0  0  0  0  0  0  0  0  0  0
+          0  0  0  0  0  0  0  0  0  0  0  0  0  0  0  0  0
+          0  0  0  0  0  0  0  0  0  0  0  0  0  0  0  0  0
++         2  2  2  2  2  3  1  2  2  2  2  1  2  2  2  2  2
++         2  2  2  2  1  2  2  2  2  2  2  2  1  1  2  0  0
++         0  0  0  0  0  0  0  0  0  0  0  0  0  0  0  0  0
++         0  0  0  0  0  0  0  0  0  0  0  0  0  0  0  0  0
++         0  0  0  0  0  0  0  0  0  0  0  0  0  0  0  0  0
%c G  cc GPS ccc cccc cccc cccc cccc ccccc ccccc ccccc ccccc
%c cc cc ccc ccc cccc cccc cccc cccc ccccc ccccc ccccc ccccc
%f  1.2500000  1.025000000  0.00000000000  0.000000000000000
%f  0.0000000  0.000000000  0.00000000000  0.000000000000000
%i    0    0    0    0      0      0      0      0         0
%i    0    0    0    0      0      0      0      0         0
/* FINAL ORBIT COMBINATION FROM WEIGHTED AVERAGE OF:        
/* cod emr esa gfz grg jgx jpl mit ngs sio                  
/* REFERENCED TO IGS TIME (IGST) AND TO WEIGHTED MEAN POLE: 
/* PCV:IGS20      OL/AL:FES2014b NONE     Y  ORB:CMB CLK:CMB
*  2026  1  2  0  0  0.00000000
PG01  18779.446629   8655.885017  16705.521119    347.570498  9 13  8  84       
PG02  20256.165463  16170.313784   7378.313528      7.462335  5  9  7  83       
PG03  15900.220522  -1362.332325  21020.577899    609.384765  6  7  6  70       
PG04  26238.859600   1719.772677   4393.619197     35.469176  8  6  6  68       
PG05  -8441.451507 -15198.870572 -20238.951725   -226.563800  9  7  5  92       
PG06  -1385.391873 -21153.881162  15983.474680   -597.664358  1 11 10  65       
PG07  13864.856832  -6515.124380 -21128.749813   -129.457964  7  5  3  62       
PG08  21336.996978   7644.115016 -14401.364640    508.793870  9 10 10  90       
PG09  24936.577617  -7070.919314  -6078.801610    769.511082  7  9  7  85       
PG10 -10559.166813  24137.744653   1434.362912   -579.206601  6  3  8  93       
PG11 -12105.254727 -23446.874287   3407.059814   -488.995176  7  4  6  92       
PG12 -14980.533701  -3806.595319  21303.498668   -606.035457  6  7  4  93       
PG13 -14653.091912 -13211.406105 -18171.590306    690.741379 10  3 10  95       
PG14  12561.976305 -23160.925550  -1589.658755    726.033118  5  7  9  51       
PG15 -21957.759234  -5226.157894 -14593.697943    372.737674  7  9  8  92       
PG16   4483.688469  18518.167725 -18705.886092    179.367750  8  6  4  92       
PG17  13383.210382 -13639.233788  18931.626147    -19.530735  6  4  5  82       
PG18 -12401.536030   8331.878005 -21906.039964   -461.798297  5  4  6  90       
PG19   4610.795826 -14895.966047  21358.506140    683.504035  6  5  4  71       
PG20  -2368.917888 -23694.127302 -11744.917782    361.829157  7  8  6  77       
PG21   -262.506130 -22258.407940 -14467.416745    370.919455  9 10  8  73       
PG22   9770.115748 -24357.062782   5416.348356    -63.432266  8  4  8  71       
PG23 -16210.651130  17019.162896 -12031.632124    593.832217  6  6  6  91       
PG24 -20976.959270 -12909.479523   9868.473928   -179.311801  6  7  8 112       
PG25 -17538.244176  10086.053108  16691.696265    452.541161  6  5  7  97       
PG26  -2335.513332  25010.642491  -8203.876511   -304.528620  7  5  5  95       
PG27  11787.899088  13235.716568 -20256.209119    -10.684135  6  5  5 104       
PG28    301.653389  20369.950863  17027.692113   -616.706860  6  6  6  69       
PG29 -26155.982136   3129.903973  -4011.289989   -400.065495  7  6  7 105       
PG30   6761.056871 -15854.244554 -19960.776644     74.218680  9  6  6  93       
PG31   8820.381389  23469.003013   7987.017944   -174.897183  5  4  7  68       
PG32 -10565.890449  14636.417284  19678.777437   -181.783855  4  7  6 101       
*  2026  1  2  0 15  0.00000000
PG01  19597.037186  10266.559327  14744.150880    347.567839  8 12  9  80       
PG02  20533.712363  16767.871577   4655.785973      7.469756  5  8  7  65       
PG03  14937.014648    924.490213  21741.588785    609.376259  6  7  5  86       
PG04  25603.963410   1979.225865   7156.891478     35.471407  8  5  6  83       
PG05  -7581.931190 -17228.861647 -18893.869426   -226.564280  8  7  4  96       
PG06   -170.050793 -19657.937095  17863.805722   -597.668574  1 10  8  88       
PG07  15347.784470  -4480.983689 -20677.443110   -129.462954  7  5  4  57       
PG08  19671.285388   8104.543838 -16365.918561    508.790197  9 10 10  93       
PG09  25488.260926  -6917.153516  -3286.662621    769.511882  7  8  7  63       
PG10 -10721.086479  24030.054422  -1503.198651   -579.209513  6  4  8  89       
PG11 -11606.459364 -23131.603875   6195.164103   -488.983206  7  4  6  77       
PG12 -13853.607346  -6055.579395  21542.489495   -606.035922  7  7  4  87       
PG13 -12548.832666 -13242.735498 -19661.692286    690.740641 10  3  9  95       
PG14  12716.863543 -22703.026658  -4397.168485    726.035422  5  7  9  30       
PG15 -20386.065628  -5897.354303 -16554.284505    372.740487  7  9  7  83       
PG16   3399.141350  20198.108811 -17051.802570    179.374779  8  5  5  89       
PG17  15384.943620 -13641.986972  17330.083923    -19.541566  6  4  5  88       
PG18 -13860.181128   6296.736893 -21733.976258   -461.789514  6  4  6 101       
PG19   7042.746716 -14857.714890  20668.316351    683.505503  6  5  4  80       
PG20  -1889.260948 -24829.896743  -9249.892864    361.829176  6  7  6 102       
PG21    551.259859 -23567.219437 -12210.003224    370.927576  9  9  8  87       
PG22  10173.999441 -24615.915939   2634.130137    -63.428622  7  3  9  68       
PG23 -15790.529896  15542.362946 -14372.373437    593.836812  6  6  6  87       
PG24 -21480.539537 -13867.339490   7324.940290   -179.298655  6  7  8 113       
PG25 -16940.040952   8080.626497  18309.735491    452.539120  7  5  7  89       
PG26  -2908.869306  25639.300977  -5543.813089   -304.534247  7  5  5 101       
PG27   9525.701475  13606.455811 -21156.752852    -10.690326  6  4  5 106       
PG28  -1082.078993  18859.525952  18658.810655   -616.702656  6  5  5  72       
PG29 -26457.887715   2908.034707  -1179.568196   -400.059816  7  6  7  99       
PG30   8289.399899 -14026.195956 -20754.343439     74.229651  8  6  5  90       
PG31   7952.454578  22727.662809  10567.711920   -174.895268  5  4  7  65       
PG32 -12687.646000  14788.061109  18221.992007   -181.768917  4  7  6  98       
*  2026  1  2  0 30  0.00000000
PG01  20358.476910  11641.244539  12529.789830    347.565029  8 12  9  86       
PG02  20623.031194  17135.761372   1856.285098      7.477282  5  8  7  77       
PG03  14083.516652   3318.464154  22081.434969    609.367734  6  7  5  88       
PG04  24682.055331   2315.779144   9798.347485     35.473658  7  5  6  85       
PG05  -6885.175653 -19142.058940 -17227.664669   -226.564764  8  7  4  99       
PG06   1249.455403 -18081.131402  19436.828029   -597.672701  1  9  7  74       
PG07  16877.789528  -2583.104488 -19852.858403   -129.467659  6  5  3  77       
PG08  17830.877839   8694.964308 -18057.573077    508.786561  9 10  9  90       
PG09  25735.605064  -6727.184607   -438.300268    769.512720  7  8  7  30       
PG10 -10774.330358  23616.111481  -4414.258591   -579.212403  6  4  8  89       
PG11 -10902.975502 -22598.535997   8877.255483   -488.971216  7  4  6  69       
PG12 -12840.530853  -8364.048595  21400.538798   -606.036311  7  7  3  86       
PG13 -10300.726918 -13395.536113 -20823.252809    690.739582 10  4  8 104       
PG14  12782.109443 -21958.472638  -7127.528212    726.037725  5  7  9  61       
PG15 -18662.199392  -6712.882846 -18241.099565    372.743595  7  9  7  88       
PG16   2483.813675  21751.885857 -15107.294758    179.381640  8  5  6  97       
PG17  17191.646176 -13727.244237  15441.169775    -19.552133  7  4  6  81       
PG18 -15398.957240   4376.885830 -21186.893127   -461.780683  7  4  6  99       
PG19   9378.906199 -14936.437534  19616.446696    683.507619  6  4  4  84       
PG20  -1517.066494 -25700.798131  -6595.728652    361.828921  6  6  6  86       
PG21   1199.594048 -24666.865210  -9742.166648    370.935674  8  9  8  49       
PG22  10433.696979 -24609.751440   -192.362115    -63.424750  7  2  8  88       
PG23 -15372.848606  13804.960434 -16461.539575    593.841377  6  6  6  81       
PG24 -21818.425267 -14591.602526   4655.794011   -179.285495  6  7  8 109       
PG25 -16387.190991   5889.625996  19600.323603    452.537052  7  6  7  83       
PG26  -3378.836015  25996.544671  -2786.537527   -304.539811  7  4  5  93       
PG27   7204.024580  14111.273434 -21706.741059    -10.696456  6  4  5 113       
PG28  -2653.624371  17299.231590  19968.550509   -616.698444  6  5  5  65       
PG29 -26452.245589   2668.504786   1672.260692   -400.054294  7  6  7  93       
PG30   9946.522141 -12221.371227 -21183.671811     74.240653  8  6  5  92       
PG31   6868.441282  21808.842443  12960.990098   -174.893448  5  4  7  68       
PG32 -14623.118410  15018.544750  16455.768835   -181.753959  4  7  6 108       
*  2026  1  2  0 45  0.00000000
PG01  21022.536514  12772.381508  10100.491424    347.562234  8 12  9  75       
PG02  20492.747614  17295.048699   -974.013240      7.484880  6  8  7  66       
PG03  13362.144385   5772.010582  22034.395455    609.359245  5  7  4  84       
PG04  23497.008947   2761.291718  12272.985276     35.475923  7  4  7  85       
PG05  -6341.524513 -20892.895176 -15268.227564   -226.565290  7  6  4  88       
PG06   2862.358336 -16470.442911  20675.987333   -597.676855  1  8  5  80       
PG07  18415.560942   -851.475163 -18671.798952   -129.473013  6  5  3  65       
PG08  15855.982894   9428.121154 -19447.588274    508.782976  9 10  8  85       
PG09  25682.160222  -6463.548995   2417.563346    769.513516  7  8  7  68       
PG10 -10758.380376  22888.535348  -7247.320659   -579.215361  5  5  8  87       
PG11  -9977.594135 -21882.732124  11407.507860   -488.959187  7  3  5  50       
PG12 -11959.677877 -10684.940884  20880.276054   -606.036608  7  7  3  83       
PG13  -7953.508788 -13683.755480 -21636.674409    690.738778 10  4  7  90       
PG14  12794.448414 -20927.675645  -9732.808851    726.040012  5  6  9  95       
PG15 -16827.836964  -7680.392221 -19627.282872    372.746618  7  9  6  74       
PG16   1729.675143  23135.806483 -12903.989469    179.388571  8  5  6  93       
PG17  18771.726095 -13865.901462  13295.823930    -19.563600  7  4  6  79       
PG18 -16981.151958   2605.521035 -20275.036348   -461.771878  7  4  6  90       
PG19  11573.582474 -15114.554484  18220.069006    683.509289  7  4  5  73       
PG20  -1220.873483 -26284.146489  -3828.245486    361.828730  6  5  6  87       
PG21   1703.867318 -25522.747187  -7106.430637    370.943672  8  8  9  84       
PG22  10581.311313 -24320.195660  -3015.571368    -63.421372  7  2  8  71       
PG23 -14995.925142  11832.992321 -18262.828831    593.845978  6  6  6  86       
PG24 -21959.192313 -15098.508799   1907.333248   -179.272337  6  6  8 105       
PG25 -15909.073267   3550.722697  20540.313039    452.535026  7  6  7  89       
PG26  -3775.834539  26064.500131     19.753546   -304.545384  7  4  6  84       
PG27   4868.578836  14748.164636 -21896.118728    -10.702615  5  3  4 104       
PG28  -4396.323342  15732.893215  20934.396197   -616.694332  6  5  4  92       
PG29 -26143.668471   2374.229228   4495.553324   -400.048652  7  6  6  92       
PG30  11705.111230 -10479.245248 -21241.908973     74.251635  7  6  5  90       
PG31   5562.088395  20753.166036  15124.087795   -174.891687  5  3  7  88       
PG32 -16338.558287  15297.409412  14409.199813   -181.739033  4  6  6 105       
*  2026  1  2  1  0  0.00000000
PG01  21548.792772  13660.912849   7497.965625    347.559607  7 11 10  86       
PG02  20117.156943  17272.906693  -3788.009657      7.492270  6  8  7  66       
PG03  12787.162111   8234.434175  21601.648494    609.350700  5  7  4  69       
PG04  22079.847792   3342.614739  14538.585531     35.478182  7  4  7  90       
PG05  -5933.629324 -22439.486759 -13048.480190   -226.565774  7  5  4  84       
PG06   4649.404564 -14871.220307  21560.523970   -597.680994  3  6  1  73       
PG07  19918.790694    691.893964 -17157.506272   -129.477446  6  5  4  62       
PG08  13789.648385  10309.394767 -20512.007283    508.779399  9 10  7  90       
PG09  25340.096751  -6090.762750   5231.964176    769.514330  6  7  7  77       
PG10 -10714.060318  21849.662953  -9952.031087   -579.218281  5  6  8  92       
PG11  -8820.796782 -21023.306598  13742.715487   -488.947173  7  3  5  69       
PG12 -11221.424310 -12969.251584  19991.184642   -606.037344  7  7  2  89       
PG13  -5554.438558 -14113.494335 -22087.985585    690.738195 10  5  7  81       
PG14  12790.763440 -19619.818305 -12167.312490    726.042340  5  6  8  98       
PG15 -14926.113322  -8800.111694 -20690.868153    372.750095  7  8  5  79       
PG16   1121.264557  24309.560765 -10478.329036    179.395342  8  4  6  95       
PG17  20100.235355 -14024.336291  10929.214601    -19.574020  7  5  6  75       
PG18 -18565.716239   1008.666322 -19014.874522   -461.763036  8  4  6  98       
PG19  13585.513207 -15367.523514  16502.665900    683.511046  7  4  5  49       
PG20   -965.773842 -26565.350071   -995.076668    361.828970  6  4  6  90       
PG21   2091.445733 -26106.639998  -4348.218950    370.951801  7  8  9  76       
PG22  10652.167328 -23736.756941  -5787.610200    -63.417706  7  1  8  82       
PG23 -14693.661471   9660.337744 -19745.125735    593.850556  6  6  6  85       
PG24 -21876.460888 -15410.946044   -873.435361   -179.259206  6  6  8 102       
PG25 -15528.932741   1107.118128  21113.069130    452.532952  7  7  7  84       
PG26  -4133.043391  25833.477435   2825.671175   -304.550965  7  3  6  80       
PG27   2564.620999  15507.318213 -21720.568799    -10.708722  5  2  4 102       
PG28  -6285.721622  14201.708210  21539.763194   -616.690100  6  5  4  80       
PG29 -25545.332367   1989.990388   7242.095992   -400.043268  6  6  6  92       
PG30  13531.814783  -8834.416638 -20928.829388     74.262561  7  6  4  51       
PG31   4035.749353  19603.613425  17018.361885   -174.889682  6  3  6  73       
PG32 -17807.080688  15589.516532  12116.316168   -181.724064  3  6  6 103       
*  2026  1  2  1 15  0.00000000
PG01  21899.247242  14316.052117   4766.867623    347.556847  7 11 10  72       
PG02  19477.357314  17101.522429  -6538.381178      7.499693  7  7  7  51       
PG03  12364.192575  10653.736109  20791.224907    609.342135  5  6  3  69       
PG04  20467.629437   4080.376151  16556.413594     35.480479  7  3  7  88       
PG05  -5637.253783 -23745.135310 -10605.864605   -226.566390  7  5  4  98       
PG06   6583.436175 -13325.516279  22075.790877   -597.685133  6  4  1  87       
PG07  21343.844367   2033.559339 -15339.048221   -129.482129  5  5  4  58       
PG08  11676.303334  11336.426893 -21232.068004    508.775863  9 10  6  87       
PG09  24729.712807  -5576.887395   7956.526848    769.515192  6  7  7  64       
PG10 -10681.722215  20511.616062 -12480.158490   -579.221154  5  6  8  85       
PG11  -7431.307524 -20061.875663  15843.013958   -488.935189  7  2  5  29       
PG12 -10627.852184 -15167.812877  18749.401000   -606.037699  7  7  3  84       
PG13  -3151.724865 -14682.691287 -22169.077940    690.737074 10  5  6  84       
PG14  12806.458615 -18052.623076 -14388.419753    726.044625  5  6  8  93       
PG15 -13000.158737 -10064.732950 -21415.040256    372.753164  7  8  5  87       
PG16    636.395661  25237.762730  -7871.051546    179.402477  8  4  7  89       
PG17  21159.672059 -14165.748695   8380.247539    -19.584652  7  5  6  62       
PG18 -20108.779679   -395.615249 -17428.763536   -461.754193  8  4  6  95       
PG19  15379.345128 -15664.851377  14493.669209    683.512861  8  5  6  16       
PG20   -714.963742 -26538.417166   1855.151921    361.828776  6  4  6  94       
PG21   2394.428716 -26397.763652  -1515.068789    370.959814  7  7  8  86       
PG22  10683.322151 -22857.376506  -8461.034604    -63.413920  6  1  7  81       
PG23 -14494.134134   7327.551183 -20883.043462    593.855177  6  6  6  83       
PG24 -21549.918775 -15557.325412  -3639.576198   -179.246083  6  6  7  95       
PG25 -15262.920678  -1394.001306  21308.788097    452.530863  7  7  6  84       
PG26  -4484.870880  25302.436257   5581.560005   -304.556465  6  4  6  80       
PG27    335.456141  16371.367629 -21181.652502    -10.714843  6  1  4 102       
PG28  -8290.332729  12742.736805  21774.280253   -616.685865  6  4  3  94       
PG29 -24678.476713   1483.985754   9864.910220   -400.037296  6  7  6  82       
PG30  15388.428351  -7315.410085 -20250.783176     74.273564  6  6  4  67       
PG31   2300.520416  18403.780364  18610.057166   -174.888022  6  3  6  88       
PG32 -19009.572478  15856.466311   9615.585167   -181.709083  3  7  6  99       
*  2026  1  2  1 30  0.00000000
PG01  22039.863350  14754.740563   1954.038048    347.554060  6 11  9  49       
PG02  18562.165008  16816.809239  -9178.315844      7.507332  7  7  7  72       
PG03  12090.089771  12978.477139  19617.828740    609.333560  5  6  3  91       
PG04  18702.111931   4988.003073  18291.868775     35.482693  6  3  7  99       
PG05  -5422.347228 -24779.652286  -7981.750520   -226.566701  7  4  5 103       
PG06   8630.276171 -11870.567933  22213.466043   -597.689287  5  2  1 101       
PG07  22647.464362   3168.860347 -13250.605124   -129.487161  5  4  5  65       
PG08   9560.246725  12499.033826 -21594.552213    508.772296  8 10  5 101       
PG09  23878.640440  -4894.968672  10544.293609    769.516125  6  7  6  91       
PG10 -10699.446294  18895.975658 -14786.544138   -579.224078  5  6  7  77       
PG11  -5816.333352 -19040.925759  17672.544482   -488.923177  6  1  5  67       
PG12 -10172.805368 -17233.081444  17177.377760   -606.038366  6  7  3  76       
PG13   -792.910458 -15381.114264 -21877.866649    690.736582 10  5  5  96       
PG14  12873.902133 -16251.787517 -16357.373869    726.046927  5  6  8  99       
PG15 -11091.656289 -11459.561831 -21788.329814    372.756422  7  8  4  69       
PG16    247.145371  25891.343415  -5126.566593    179.409309  8  4  7  96       
PG17  21940.528868 -14251.636337   5691.016569    -19.595620  7  6  7  73       
PG18 -21565.275203  -1597.693884 -15544.517449   -461.745364  8  4  6  87       
PG19  16926.892647 -15971.372954  12227.965835    683.514422  8  5  6  56       
PG20   -431.361829 -26206.144174   4673.650064    361.828710  6  3  6  96       
PG21   2648.202693 -26383.580581   1344.192949    370.967892  7  7  8  82       
PG22  10711.993766 -21688.681635 -10989.638667    -63.410329  6  2  7  87       
PG23 -14418.436006   4880.439948 -21657.350697    593.859793  5  6  6  88       
PG24 -20966.109974 -15570.286224  -6344.962508   -179.232860  6  6  7  98       
PG25 -15119.449865  -3903.172017  21124.660124    452.528806  7  7  6  75       
PG26  -4865.364492  24479.114455   8238.449272   -304.562039  6  3  6  70       
PG27  -1779.003050  17315.929834 -20286.875772    -10.720971  6  1  4 102       
PG28 -10372.678091  11387.565821  21633.964303   -616.681621  5  4  2  78       
PG29 -23571.609705    829.249556  12319.042598   -400.031803  5  7  6  59       
PG30  17233.277749  -5943.739627 -19220.519032     74.284563  6  6  4  77       
PG31    376.013729  17196.123810  19870.969504   -174.886147  6  3  5  77       
PG32 -19935.319656  16058.169443   6949.317813   -181.694117  3  7  6 106       
*  2026  1  2  1 45  0.00000000
PG01  21941.962899  15000.813208   -892.292800    347.551393  6 10  9  41       
PG02  17368.772298  16456.965391 -11662.275375      7.514731  7  7  6  61       
PG03  11953.174849  15159.615290  18102.531316    609.324972  4  6  4  93       
PG04  16828.251332   6071.019687  19715.070893     35.484969  6  4  6  89       
PG05  -5254.353124 -25520.455335  -5220.769180   -226.567168  7  4  5 111       
PG06  10749.883468 -10537.479466  21971.658522   -597.693445  4  1  1  91       
PG07  23788.431931   4101.768400 -10930.681897   -129.491786  4  4  5  64       
PG08   7484.135015  13779.415200 -21592.064867    508.768763  8 10  4  95       
PG09  22820.778368  -4024.291216  12950.537376    769.517094  6  6  6  80       
PG10 -10801.333410  17033.072659 -16829.997277   -579.226893  5  7  7  85       
PG11  -3991.483482 -18002.162915  19200.051467   -488.911155  6  1  5  57       
PG12  -9842.291809 -19120.859544  15303.421031   -606.038822  5  6  3  73       
PG13   1476.723100 -16190.661909 -21218.370406    690.735364 10  5  4  90       
PG14  13021.004768 -14250.109193 -18039.984359    726.049226  5  6  8 103       
PG15  -9239.465601 -12962.932465 -21804.747538    372.759891  6  8  3  57       
PG16    -78.906678  26248.734705  -2292.230810    179.416311  7  4  7  75       
PG17  22441.565445 -14243.355581   2906.197035    -19.606665  6  6  7   2       
PG18 -22890.610403  -2596.516390 -13394.895993   -461.736565  8  4  5  87       
PG19  18208.118908 -16248.747029   9745.278018    683.516035  8  5  6  59       
PG20    -79.231571 -25579.980199   7412.285624    361.828264  5  3  6  94       
PG21   2889.867355 -26060.286036   4180.295826    370.976012  7  6  8  79       
PG22  10773.965542 -20245.923730 -13329.258498    -63.406711  6  2  6  85       
PG23 -14479.814514   2368.444964 -22055.276577    593.864417  5  6  5  81       
PG24 -20118.968503 -15485.282049  -8944.965650   -179.219743  6  6  7  85       
PG25 -15098.891197  -6370.447720  20564.875444    452.526749  7  7  5  83       
PG26  -5306.625736  23379.808560  10749.005501   -304.567637  6  3  6  65       
PG27  -3743.569070  18310.419631 -19049.675221    -10.727100  6  1  4 102       
PG28 -12490.564942  10161.196323  21121.285205   -616.677407  5  4  2  96       
PG29 -22259.447600      4.893282  14562.326448   -400.026042  4  7  5  73       
PG30  19022.737904  -4733.266608 -17856.889616     74.295575  5  5  4  86       
PG31  -1710.224399  16020.268671  20778.988264   -174.884334  6  3  5  87       
PG32 -20582.325571  16154.514263   4162.992666   -181.679138  4  7  6  97       
*  2026  1  2  2  0  0.00000000
PG01  21583.428373  15083.906927  -3723.323641    347.548591  6 10  9  34       
PG02  15903.114765  16060.927062 -13946.776725      7.521981  7  6  6  84       
PG03  11933.822209  17152.244539  16272.347722    609.316376  5  6  4 102       
PG04  14892.585541   7326.648745  20801.374674     35.487214  5  4  6  95       
PG05  -5095.704764 -25953.392550  -2370.081773   -226.568085  6  4  5  98       
PG06  12897.732708  -9350.154781  21354.908706   -597.697545  2  1  1 101       
PG07  24729.120427   4844.390857  -8421.273532   -129.496421  3  4  5  71       
PG08   5487.521747  15152.656845 -21223.235972    508.765211  8  9  3  91       
PG09  21594.991008  -2951.398570  15133.544653    769.518025  6  6  6  89       
PG10 -11015.965656  14960.922318 -18574.111223   -579.229729  6  7  6  82       
PG11  -1980.370227 -16984.905559  20399.404523   -488.899094  5  1  6  60       
PG12  -9615.211710 -20791.878656  13161.115333   -606.039077  5  6  3  81       
PG13   3615.676159 -17085.968012 -20200.706948    690.734720 10  5  4  92       
PG14  13269.992607 -12086.337171 -19407.235690    726.051518  5  5  8 101       
PG15  -7478.355687 -14546.869217 -21463.859430    372.763013  6  7  2  78       
PG16   -377.230816  26296.788529    582.468385    179.423166  7  3  7 102       
PG17  22669.790876 -14103.714666     72.385082    -19.617671  5  6  6  58       
PG18 -24042.322174  -3399.419574 -11017.019563   -461.727760  7  4  5  66       
PG19  19211.793971 -16457.106636   7089.429582    683.517664  9  5  7  48       
PG20    374.254531 -24679.575597  10024.388091    361.828251  5  3  6  84       
PG21   3156.596649 -25432.972770   6944.379354    370.984081  6  6  8  77       
PG22  10902.027739 -18552.594902 -15438.571720    -63.403061  5  2  6  91       
PG23 -14683.138476   -157.108920 -22070.690572    593.869014  5  6  5  85       
PG24 -19010.086633 -15339.101364 -11397.091501   -179.206620  6  6  6  78       
PG25 -15193.621484  -8747.202214  19640.476872    452.524703  7  7  5  81       
PG26  -5837.300056  22028.811425  13068.462318   -304.573099  6  3  6  82       
PG27  -5528.955428  19319.117778 -17489.316945    -10.733222  6  2  5 101       
PG28 -14598.553227   9081.197475  20245.119567   -616.673207  4  3  2  98       
PG29 -20781.626814  -1002.883487  16556.103028   -400.020296  4  7  5  67       
PG30  20712.825983  -3689.872959 -16184.449786     74.306599  5  5  4  77       
PG31  -3923.625026  14911.449413  21318.504600   -174.882406  6  3  4  82       
PG32 -20957.301945  16107.065731   1304.503443   -181.664090  4  7  6  70       
*  2026  1  2  2 15  0.00000000
PG01  20949.664774  15038.152992  -6490.510399    347.545934  5  9  9  37       
PG02  14179.923455  15666.770182 -15991.180602      7.529542  7  6  5  82       
PG03  12005.368345  18917.166020  14159.707288    609.307843  4  6  4 105       
PG04  12941.564187   8743.733855  21531.803305     35.489486  5  4  6  95       
PG05  -4907.452337 -26073.260173    521.407670   -226.568986  6  3  5  91       
PG06  15026.366333  -8324.517880  20374.084981   -597.701752  1  1  2 100       
PG07  25436.881164   5416.165401  -5767.009336   -129.501388  2  4  6  86       
PG08   3605.502508  16587.516019 -20492.837139    508.761689  8  9  4 102       
PG09  20243.622446  -1670.836378  17055.353828    769.518956  6  6  6  94       
PG10 -11365.103665  12723.846620 -19987.978125   -579.232647  6  7  6  86       
PG11    186.094261 -16024.581296  21250.037050   -488.887057  5  1  6  86       
PG12  -9464.377022 -22213.181975  10788.652458   -606.039751  5  6  4  73       
PG13   5587.622844 -18035.291781 -18841.000276    690.733558  9  5  5  90       
PG14  13636.423894  -9803.798386 -20435.789180    726.053805  5  5  7  98       
PG15  -5837.886542 -16177.975285 -20770.803263    372.766386  6  7  2  88       
PG16   -684.747216  26031.384467   3446.807897    179.430326  7  3  7 105       
PG17  22640.151180 -13798.542676  -2762.612987    -19.628212  4  6  6  60       
PG18 -24981.652992  -4021.625124  -8451.722966   -461.718994  7  4  5  78       
PG19  19935.798763 -16556.793493   4307.514190    683.519077  8  6  6  63       
PG20    957.568251 -23532.033545  12465.521037    361.827648  5  3  6  94       
PG21   3483.999149 -24515.463688   9588.838633    370.992273  6  6  8  87       
PG22  11124.518257 -16639.728829 -17279.876806    -63.399544  5  3  5 103       
PG23 -15024.711562  -2644.822674 -21704.157253    593.873609  4  6  5  68       
PG24 -17648.715852 -15168.375189 -13661.561924   -179.193482  6  6  6  80       
PG25 -15388.415659 -10987.863145  18369.067365    452.522648  7  7  4  83       
PG26  -6481.208965  20457.528312  15155.502754   -304.578669  6  3  6  87       
PG27  -7112.749720  20302.461338 -15630.701678    -10.739344  6  3  5  98       
PG28 -16649.555443   8157.158526  19020.594620   -616.669020  4  3  2  94       
PG29 -19181.236419  -2200.052285  18265.890191   -400.014465  4  6  5  74       
PG30  22260.804959  -2811.457111 -14232.959928     74.317702  4  5  5  82       
PG31  -6223.797798  13899.153193  21480.676791   -174.880726  6  3  4  91       
PG32 -21075.326975  15880.729154  -1576.659126   -181.649094  4  7  6  84       
*  2026  1  2  2 30  0.00000000
PG01  20034.283796  14900.704644  -9146.390328    347.543277  5  9  9  48       
PG02  12222.447548  15310.120919 -17758.472167      7.537071  7  6  5  79       
PG03  12135.303040  20422.231272  11801.831609    609.299320  5  6  5 100       
PG04  11019.886705  10302.988009  21893.393218     35.491735  4  4  6  92       
PG05  -4650.959318 -25883.990325   3403.883070   -226.569562  5  3  5  97       
PG06  17087.060555  -7468.047864  19046.180151   -597.705936  1  1  4  98       
PG07  25885.214156   5842.791174  -3014.298246   -129.506369  2  4  6  87       
PG08   1867.516615  18047.466951 -19411.805046    508.758220  7  9  4  96       
PG09  18810.882104   -185.587028  18682.434902    769.519845  6  6  6  84       
PG10 -11862.678303  10370.843720 -21046.783582   -579.235576  6  7  5  72       
PG11   2470.679836 -15151.384287  21737.294720   -488.875046  5  1  7  74       
PG12  -9357.775590 -23359.251963   8228.082437   -606.040275  4  6  4  65       
PG13   7362.622748 -19001.666635 -17161.196083    690.732755  9  6  5  85       
PG14  14128.488782  -7448.856099 -21108.369586    726.056201  5  5  7  95       
PG15  -4341.475052 -17818.520590 -19736.245620    372.769605  6  6  2  92       
PG16  -1038.137648  25457.690349   6249.785419    179.437239  7  4  7 101       
PG17  22374.926906 -13298.176522  -5550.535277    -19.638891  3  6  6  91       
PG18 -25674.991106  -4485.438818  -5742.859363   -461.710197  7  4  5  71       
PG19  20387.059665 -16510.101107   1448.985609    683.521035  8  6  6  77       
PG20   1693.550824 -22170.894434  14694.212213    361.827950  4  3  5 101       
PG21   3904.542398 -23329.819042  12068.147136    371.000313  6  5  7  75       
PG22  11464.023776 -14544.904391 -18819.834861    -63.395731  4  3  5 104       
PG23 -15492.435943  -5045.021343 -20962.868709    593.878231  4  6  5  75       
PG24 -16051.507077 -15008.121838 -15701.840906   -179.180358  6  6  6  96       
PG25 -15661.160736 -13051.504433  16774.385540    452.520584  6  7  4  82       
PG26  -7256.185621  18703.307964  16973.070401   -304.584234  6  3  6  77       
PG27  -8480.143094  21218.515293 -13504.070670    -10.745455  6  3  5 101       
PG28 -18596.508316   7390.459271  17468.825030   -616.664839  4  3  3  97       
PG29 -17503.225730  -3584.315615  19661.986877   -400.008751  4  6  5  75       
PG30  23626.734967  -2088.246663 -12036.807867     74.328719  4  4  5  85       
PG31  -8565.968832  13006.021139  21263.548640   -174.878786  6  3  3  94       
PG32 -20959.178091  15445.310651  -4430.277944   -181.634089  5  7  5  81       
*  2026  1  2  2 45  0.00000000
PG01  18839.483643  14710.156530 -11645.388560    347.540630  6  9  9  48       
PG02  10061.845132  15022.637972 -19216.016374      7.544745  8  6  5  80       
PG03  12286.691654  21643.407386   9240.035182    609.290791  5  5  5 102       
PG04   9168.911009  11977.561779  21879.443129     35.494017  4  4  5  94       
PG05  -4289.602182 -25398.497662   6227.477317   -226.570366  5  3  5  86       
PG06  19031.543225  -6779.643666  17394.012111   -597.710151  3  1  2 104       
PG07  26054.687828   6154.950355   -210.493923   -129.511016  1  3  6  92       
PG08    296.353238  19491.974270 -17997.164592    508.754769  7  9  4  88       
PG09  17341.164331   1492.824271  19986.297185    769.520717  6  6  5  91       
PG10 -12514.120597   7953.775217 -21732.266353   -579.238463  6  7  5  71       
PG11   4831.062912 -14389.143911  21852.688300   -488.862949  5  2  7  72       
PG12  -9260.023864 -24212.841243   5524.505979   -606.040709  4  5  4  87       
PG13   8918.105984 -19944.270345 -15188.782538    690.731815  9  5  6  81       
PG14  14746.618313  -5069.263851 -21414.031076    726.058546  6  4  7  92       
PG15  -3005.676070 -19427.695951 -18376.277729    372.772608  5  6  2  64       
PG16  -1472.140864  24590.054816   8941.115472    179.444119  7  4  6  86       
PG17  21902.856171 -12578.808593  -8243.454791    -19.649886  3  5  6  79       
PG18 -26095.122614  -4819.187196  -2936.565790   -461.701368  6  4  4  79       
PG19  20581.115176 -16282.949623  -1435.307115    683.522759  8  6  6  73       
PG20   2598.357569 -20634.892358  16672.630990    361.827919  4  3  5  96       
PG21   4446.103222 -21905.537491  14339.642141    371.008413  5  5  7  88       
PG22  11936.298475 -12310.983512 -20030.155239    -63.392285  4  3  5  96       
PG23 -16066.315491  -7311.471146 -19860.459902    593.882811  3  6  5  84       
PG24 -14242.003997 -14890.375609 -17485.106029   -179.167200  6  6  5  97       
PG25 -15983.854850 -14903.233575  14885.765623    452.518521  6  7  4  79       
PG26  -8173.165841  16808.038748  18489.087982   -304.589828  6  3  6  64       
PG27  -9624.382179  22024.575627 -11144.608048    -10.751589  6  4  5 101       
PG28 -20394.052381   6774.367000  15616.547263   -616.660723  4  2  2  89       
PG29 -15792.746903  -5144.986949  20720.002424   -400.002749  5  6  5  72       
PG30  24774.913410  -1503.409547  -9634.363626     74.339742  4  4  5  84       
PG31 -10902.592254  12247.051673  20672.021769   -174.877018  5  3  3  80       
PG32 -20638.360719  14776.908370  -7206.316693   -181.619065  5  7  5  59       
*  2026  1  2  3  0  0.00000000
PG01  17376.109252  14504.916939 -13944.593818    347.537947  6  8  8  64       
PG02   7736.253055  14830.630747 -20336.268019      7.552149  8  6  5  80       
PG03  12419.768866  22565.526099   6518.964621    609.282258  5  5  6 100       
PG04   7425.193153  13733.912513  21489.661429     35.496332  4  4  5  99       
PG05  -3790.405930 -24638.187059   8943.148486   -226.571407  5  3  6  83       
PG06  20813.700191  -6249.821535  15445.834260   -597.714403  5  1  2  91       
PG07  25933.583884   6386.878117   2596.905659   -129.515829  1  4  6  85       
PG08  -1092.596103  20877.952027 -16271.845523    508.751383  7  8  5  95       
PG09  15877.367313   3344.559230  20944.012472    769.521565  7  6  5  94       
PG10 -13316.057698   5525.450005 -22033.033118   -579.241264  6  7  4  93       
PG11   7221.248863 -13754.447591  21594.046528   -488.850899  5  3  7  71       
PG12  -9133.945465 -24765.478660   2725.228052   -606.041152  4  5  4  53       
PG13  10239.591661 -20819.970263 -12956.414665    690.730583  8  6  6  87       
PG14  15483.415516  -2712.481535 -21348.300514    726.060836  6  4  7  92       
PG15  -1839.704001 -20962.995332 -16712.247460    372.776120  5  5  3  80       
PG16  -2017.907182  23451.527214  11472.239651    179.451075  7  3  6  98       
PG17  21258.009201 -11623.640204 -10794.595544    -19.660346  3  5  6  47       
PG18 -26222.250933  -5055.933772    -80.501520   -461.692515  6  4  4  57       
PG19  20541.334187 -15846.418764  -4294.114152    683.524488  7  6  6  67       
PG20   3680.661062 -18966.530924  18367.203933    361.827626  4  4  5  92       
PG21   5130.700982 -20278.482132  16364.259087    371.016514  5  5  7  82       
PG22  12549.450821  -9984.627139 -20888.205753    -63.388436  4  3  5  91       
PG23 -16719.274622  -9402.950412 -18416.714319    593.887356  3  6  5  63       
PG24 -12249.909985 -14842.942052 -18982.666583   -179.154040  6  6  5  86       
PG25 -16323.843136 -16515.321226  12737.500721    452.516438  6  7  4  70       
PG26  -9235.574573  14816.570877  19677.065013   -304.595443  6  2  6  73       
PG27 -10546.918329  22678.846278  -8591.937661    -10.757699  6  4  5  97       
PG28 -22000.155278   6294.455336  13495.657852   -616.656558  4  2  3  94       
PG29 -14093.495461  -6863.198406  21421.300501   -399.997189  5  5  5  59       
PG30  25675.150672  -1033.934389  -7067.281487     74.350688  4  4  5  77       
PG31 -13185.065813  11629.135232  19717.687162   -174.875231  5  3  4  96       
PG32 -20147.867843  13859.073600  -9855.845060   -181.604007  5  7  5  49       
*  2026  1  2  3 15  0.00000000
PG01  15663.389771  14321.595614 -16004.490487    347.535203  6  7  8  55       
PG02   5289.561055  14753.875649 -21097.414792      7.559586  8  6  5  70       
PG03  12493.638566  23182.692153   3685.792821    609.273715  5  5  6  94       
PG04   5819.214080  15532.944305  20730.207330     35.498593  4  4  5  98       
PG05  -3125.549184 -23632.137949  11503.554953   -226.571499  4  3  5  83       
PG06  22391.207401  -5861.236253  13234.862001   -597.718638  5  1  2  56       
PG07  25518.255116   6574.840392   5361.013297   -129.520678  1  3  6  96       
PG08  -2291.804395  22161.356944 -14264.388011    508.747948  7  8  5  97       
PG09  14459.277457   5342.025984  21538.642575    769.522407  7  6  5  93       
PG10 -14256.385481   3137.687298 -21944.723229   -579.244145  6  7  3  77       
PG11   9593.139834 -13256.051360  20965.565991   -488.838853  5  4  7  71       
PG12  -8942.209427 -25017.636507   -121.108100   -606.041934  5  5  4  54       
PG13  11321.108186 -21584.989318 -10501.442105    690.729762  8  6  7  65       
PG14  16323.907995   -424.020497 -20913.198976    726.063140  6  3  7  87       
PG15   -845.214003 -22381.683362 -14770.524114    372.779150  5  5  3  72       
PG16  -2701.487693  22073.018034  13797.323049    179.458041  7  3  5  90       
PG17  20478.450848 -10423.790692 -13159.161606    -19.671189  3  5  6  64       
PG18 -26044.747843  -5232.024089   2776.929803   -461.683684  5  4  4  82       
PG19  20297.821173 -15178.071683  -7076.782903    683.525638  7  6  6  78       
PG20   4941.142315 -17210.531749  19749.160274    361.827686  4  4  4  85       
PG21   5973.463464 -18489.573280  18107.202197    371.024603  5  5  7  64       
PG22  13303.439385  -7614.644585 -21377.528468    -63.384586  4  3  5  84       
PG23 -17418.256992 -11284.616369 -16657.168990    593.891958  3  5  6  87       
PG24 -10110.154652 -14888.317678 -20170.329731   -179.140881  6  6  4  98       
PG25 -16645.233548 -17868.033624  10368.129721    452.514366  5  7  4  78       
PG26 -10439.033898  12775.033492  20516.580180   -304.601024  6  2  6  72       
PG27 -11257.239634  23142.126265  -5889.515191    -10.763844  6  4  5  90       
PG28 -23377.616695   5929.327960  11142.663482   -616.652410  5  2  3  83       
PG29 -12446.112351  -8712.431138  21753.348545   -399.991385  5  5  5  68       
PG30  26303.835890   -651.741270  -4379.763623     74.361673  4  4  5  67       
PG31 -15365.477981  11150.934260  18418.525270   -174.873493  5  3  4  87       
PG32 -19526.717765  12683.689068 -12331.961695   -181.588980  5  6  5  22       
*  2026  1  2  3 30  0.00000000
PG01  13728.362361  14193.469382 -17789.634886    347.532395  6  7  8  46       
PG02   2769.929859  14804.687627 -21483.930758      7.567173  8  6  6  74       
PG03  12468.011786  23498.340188    789.384362    609.265186  6  5  6  94       
PG04   4374.343169  17331.377774  19613.622617     35.500852  4  4  5  95       
PG05  -2273.676615 -22415.994310  13863.912199   -226.572520  4  3  5  75       
PG06  23727.028989  -5589.505427  10798.722522   -597.722957  5  2  2  64       
PG07  24813.194758   6755.577913   8036.255098   -129.525335  1  3  6  86       
PG08  -3301.770718  23298.856967 -12008.534903    508.744459  6  8  5  99       
PG09  13122.083320   7450.749005  21759.561685    769.523233  7  5  4  84       
PG10 -15314.710946    839.440976 -21470.023349   -579.247050  6  6  3  69       
PG11  11898.189944 -12894.601070  19977.756338   -488.826761  5  4  7  62       
PG12  -8648.961409 -24978.559130  -2965.388254   -606.042333  5  5  4  81       
PG13  12165.293811 -22196.631864  -7865.341988    690.729176  8  6  7  63       
PG14  17246.108264   1754.118013 -20117.145165    726.065476  6  3  6  84       
PG15    -16.354833 -23642.301420 -12582.192269    372.782073  5  5  4  80       
PG16  -3542.529239  20492.131027  15874.207596    179.465218  7  4  5  87       
PG17  19604.737507  -8978.919086 -15295.164000    -19.681737  3  5  5  64       
PG18 -25559.610177  -5385.514464   5587.363589   -461.674908  4  4  4  75       
PG19  19886.058188 -14263.012749  -9734.233571    683.527521  6  6  6  85       
PG20   6372.288816 -15412.213303  20795.000114    361.827592  4  5  4  75       
PG21   6981.865944 -16583.298607  19538.539955    371.032714  5  5  6  55       
PG22  14189.906548  -5250.240931 -21488.243151    -63.381089  4  3  4  84       
PG23 -18125.558174 -12929.118900 -14612.629211    593.896517  3  5  6  91       
PG24  -7861.790968 -15042.806660 -21028.715812   -179.127692  6  6  4  97       
PG25 -16910.430246 -18950.142577   7819.668468    452.512290  5  7  4  70       
PG26 -11771.403467  10729.119451  20993.628509   -304.606644  6  2  6  75       
PG27 -11772.383339  23379.439294  -3083.919888    -10.769975  6  4  5  92       
PG28 -24495.397435   5651.618416   8598.052358   -616.648166  5  2  4  88       
PG29 -10886.709437 -10659.350933  21709.964843   -399.985662  4  5  5  64       
PG30  26644.756289   -324.976533  -1617.799004     74.372634  4  3  6  73       
PG31 -17398.314557  10803.106788  16798.487270   -174.871788  4  3  3  96       
PG32 -18816.328277  11251.522716 -14590.693269   -181.573986  6  6  5  26       
*  2026  1  2  3 45  0.00000000
PG01  11605.003264  14149.084980 -19269.264385    347.529809  6  6  8  80       
PG02    228.106866  14987.295696 -21487.017935      7.574822  7  6  6  84       
PG03  12304.914559  23524.943223  -2120.552078    609.256672  6  5  6  89       
PG04   3106.079787  19083.299258  18158.652579     35.503101  4  4  5  93       
PG05  -1220.963250 -21030.601747  15982.813626   -226.573195  3  3  5  77       
PG06  24790.726405  -5404.305339   8178.835826   -597.727213  6  4  4  14       
PG07  23830.825575   6964.772201  10579.016418   -129.530120  1  3  5  97       
PG08  -4130.863305  24249.510430  -9542.711244    508.741008  6  7  5  98       
PG09  11895.078436   9630.517439  21602.665964    769.524143  7  5  4  80       
PG10 -16463.141042  -1324.937078 -20618.536616   -579.250026  6  6  3  59       
PG11  14089.086219 -12662.675654  18647.280551   -488.814756  5  5  7  40       
PG12  -8221.383512 -24665.766514  -5758.879124   -606.042571  5  4  4  83       
PG13  12783.167289 -22615.003831  -5093.061123    690.728032  7  6  7  76       
PG14  18221.855976   3784.851869 -18974.746735    726.067883  6  3  6  94       
PG15    659.902463 -24706.162517 -10182.670977    372.785007  5  5  4  82       
PG16  -4553.237834  18751.715170  17665.293229    179.472211  7  4  5  86       
PG17  18678.303561  -7297.524650 -17164.228162    -19.692599  3  5  5  81       
PG18 -24772.606642  -5554.542841   8303.252991   -461.666154  4  4  4  71       
PG19  19345.345146 -13094.635325 -12219.887776    683.529200  6  5  6  84       
PG20   7958.507172 -13615.859931  21486.879168    361.827285  3  5  4  84       
PG21   8155.273239 -14606.098220  20633.715477    371.040764  4  5  6  49       
PG22  15192.364757  -2939.234005 -21217.322580    -63.377380  3  3  4  73       
PG23 -18800.338460 -14317.422953 -12318.604203    593.901037  3  4  6  88       
PG24  -5546.757973 -15315.861396 -21543.523298   -179.114530  5  6  3  93       
PG25 -17081.719821 -19759.102158   5136.805314    452.510262  5  7  4  72       
PG26 -13213.148902   8722.411008  21100.828102   -304.612229  6  2  6  82       
PG27 -12116.139678  23361.536960   -224.054212    -10.776106  6  4  6  83       
PG28 -25329.721831   5429.226579   5905.597613   -616.643969  5  3  4  97       
PG29  -9445.576117 -12664.919465  21291.456946   -399.980083  4  5  5  77       
PG30  26689.643522    -19.439729   1171.609544     74.383587  3  3  6  86       
PG31 -19242.056658  10568.857188  14886.972536   -174.870028  4  4  3  87       
PG32 -18058.794001   9572.428672 -16591.847490   -181.558902  6  6  5  36       
*  2026  1  2  4  0  0.00000000
PG01   9333.098238  14211.053327 -20417.829038    347.527204  6  5  8  71       
PG02  -2284.394651  15297.559473 -21104.915224      7.582295  7  6  6  91       
PG03  11970.300226  23283.388994  -4994.309390    609.248183  6  5  6  87       
PG04   2021.603876  20741.831317  16389.956578     35.505343  4  4  6 100       
PG05     38.115410 -19520.444221  17822.997745   -226.574120  3  4  5  65       
PG06  25559.530515  -5270.697059   5419.735723   -597.731512  5  6  4  31       
PG07  22591.025198   7235.584878  12948.229707   -129.535052  1  2  5  93       
PG08  -4794.843550  24976.387903  -6909.395091    508.737530  6  7  5 101       
PG09  10800.605166  11836.768317  21070.464977    769.524943  6  4  4  81       
PG10 -17667.379626  -3317.225098 -19406.515073   -579.252924  6  6  3  75       
PG11  16121.392210 -12545.151769  16996.691562   -488.802732  5  5  7  34       
PG12  -7631.123177 -24104.258743  -8454.050109   -606.043343  5  4  4  84       
PG13  13193.571085 -22804.659233  -2232.274450    690.727287  6  6  7  80       
PG14  19217.905578   5637.222713 -17506.487469    726.070265  6  4  6  89       
PG15   1203.164453 -25538.783242  -7611.255175    372.788307  5  5  4  86       
PG16  -5737.660886  16898.199415  19138.319683    179.479090  7  4  4  80       
PG17  17739.799545  -5396.904262 -18732.362898    -19.703614  4  6  5  71       
PG18 -23698.110211  -5775.701816  10878.632865   -461.657447  4  4  5  82       
PG19  18717.108116 -11675.030481 -14490.528144    683.530992  5  5  6  76       
PG20   9676.546732 -11863.141114  21812.904831    361.827211  3  5  4  83       
PG21   9484.802747 -12604.686820  21373.963428    371.048801  4  5  6  45       
PG22  16286.734244   -726.316167 -20568.726919    -63.373636  3  3  4  83       
PG23 -19400.256237 -15439.312947  -9814.675468    593.905615  3  4  6  74       
PG24  -3208.547487 -15709.667751 -21705.742920   -179.101319  5  5  3  97       
PG25 -17122.846291 -20300.895127   2366.079859    452.508193  5  6  4  89       
PG26 -14738.018910   6794.816186  20837.485896   -304.617790  6  2  6  89       
PG27 -12317.972087  23066.208572   2639.735921    -10.782249  6  4  6  91       
PG28 -25864.911393   5226.743222   3111.604716   -616.639782  6  3  5  81       
PG29  -8146.118316 -14685.740439  20504.646847   -399.974325  4  5  5  50       
PG30  26438.430944    299.912646   3941.218234     74.394497  3  3  5  79       
PG31 -20860.608771  10424.784366  12718.218993   -174.868298  3  3  3 101       
PG32 -17295.139164   7665.182351 -18299.798391   -181.543889  6  5  4  49       
*  2026  1  2  4 15  0.00000000
PG01   6956.894419  14395.082311 -21215.436510    347.524545  6  3  8  83       
PG02  -4717.177051  15723.049120 -20343.056967      7.589627  7  5  6  86       
PG03  11435.505749  22802.052540  -7783.011992    609.239669  6  5  6  84       
PG04   1119.654905  22260.860804  14337.710778     35.507548  4  4  6  84       
PG05   1500.341984 -17931.941953  19352.044710   -226.574496  2  4  5  68       
PG06  26019.136958  -5150.633190   2568.340219   -597.735790  6  6  5  54       
PG07  21120.411203   7597.316441  15105.904708   -129.539468  1  2  5  92       
PG08  -5316.084077  25448.068391  -4154.387424    508.734041  6  6  5  97       
PG09   9853.282211  14022.151243  20172.051925    769.525730  6  4  4  74       
PG10 -18888.081850  -5106.592557 -17856.467604   -579.255893  6  6  3  71       
PG11  17955.092144 -12519.876936  15054.068054   -488.790649  5  5  7  62       
PG12  -6855.538590 -23325.457721 -11005.352211   -606.043675  5  4  4  78       
PG13  13422.302883 -22736.105480    667.430199    690.726400  5  7  7  70       
PG14  20197.214138   7287.353534 -15738.319768    726.072548  6  4  6  82       
PG15   1638.757488 -26111.200408  -4910.577246    372.791373  5  5  5  75       
PG16  -7091.323159  14979.784681  20267.025011    179.486197  7  5  4  78       
PG17  16827.449011  -3302.758025 -19970.670505    -19.714006  4  6  5  77       
PG18 -22358.622371  -6082.473631  13269.859343   -461.648633  4  4  5  91       
PG19  18043.149785 -10015.043532 -16507.070202    683.532417  5  4  6  86       
PG20  11496.219385 -10191.639105  21767.339304    361.827053  3  5  4  83       
PG21  10953.514024 -10624.377301  21746.626790    371.056971  4  5  6  52       
PG22  17442.214764   1348.563897 -19553.388385    -63.369923  3  3  4  79       
PG23 -19883.159041 -16293.564781  -7143.809854    593.910164  3  3  6  96       
PG24   -890.815866 -16218.989395 -21511.819433   -179.088125  5  5  2  96       
PG25 -17000.514037 -20589.564864   -444.938218    452.506114  4  6  5  81       
PG26 -16313.998543   4981.179008  20209.526216   -304.623338  6  2  6  87       
PG27 -12411.692619  22479.336054   5456.603322    -10.788409  6  4  6  83       
PG28 -26093.917970   5007.006876    264.115811   -616.635560  6  3  5  75       
PG29  -7004.072407 -16675.590137  19362.780352   -399.968792  4  5  5  63       
PG30  25899.216361    667.443409   6644.304349     74.405471  3  2  5  73       
PG31 -22224.504605  10341.986444  10330.623834   -174.866308  3  4  3  84       
PG32 -16563.620194   5556.952882 -19684.183495   -181.528965  5  5  5  74       
*  2026  1  2  4 30  0.00000000
PG01   4523.584124  14709.286163 -21648.202416    347.521843  6  1  8  82       
PG02  -7022.818438  16243.494152 -19214.067834      7.597171  6  5  6  74       
PG03  10678.498667  22115.604069 -10439.417567    609.231140  5  5  6  88       
PG04    390.745793  23596.757524  12037.107834     35.509770  4  5  6  86       
PG05   3153.665675 -16311.678618  20542.986341   -226.575366  2  5  5  79       
PG06  26164.194950  -5004.588902   -326.818541   -597.740035  6  8  6  14       
PG07  19451.415115   8074.224663  17017.602798   -129.544319  1  2  5  94       
PG08  -5722.507840  25639.944382  -1325.993009    508.730561  5  6  5  91       
PG09   9059.547065  16138.213420  18922.952240    769.526522  6  4  4  89       
PG10 -20082.405734  -6670.549108 -15996.658230   -579.258832  6  5  3  79       
PG11  19555.976687 -12558.626454  12852.554003   -488.778660  6  5  6  59       
PG12  -5878.716547 -22365.931174 -13369.943664   -606.044223  5  4  3  90       
PG13  13500.964608 -22387.103188   3555.427882    690.725533  5  7  7  62       
PG14  21120.377362   8719.126877 -13701.173003    726.074816  6  5  5  92       
PG15   1996.635574 -26401.121004  -2125.988516    372.794645  5  5  5  83       
PG16  -8601.233898  13044.574875  21031.661664    179.492921  7  5  4  83       
PG17  15975.493077  -1048.449402 -20855.977303    -19.724583  4  6  4  83       
PG18 -20784.006239  -6503.784633  15436.315589   -461.639807  4  4  5  88       
PG19  17363.916866  -8133.981272 -18235.231738    683.534111  4  4  6  87       
PG20  13381.390028  -8633.539248  21350.706476    361.827218  2  5  3  85       
PG21  12536.917810  -8707.469857  21745.368574    371.065081  4  5  6  52       
PG22  18622.457733   3251.628037 -18189.042077    -63.366152  3  3  4  85       
PG23 -20208.768402 -16887.783382  -4351.629319    593.914740  3  3  6  92       
PG24   1364.016146 -16831.278904 -20963.758253   -179.074951  5  5  2  97       
PG25 -16685.763325 -20646.459809  -3248.455491    452.504036  4  6  5  85       
PG26 -17904.494781   3310.117315  19229.289780   -304.628884  6  2  6  88       
PG27 -12433.944257  21595.641341   8176.183063    -10.794548  6  4  7  85       
PG28 -26018.536205   4732.732068  -2587.915338   -616.631404  6  3  5  63       
PG29  -6027.026158 -18587.073899  17885.320241   -399.963335  4  5  6  68       
PG30  25087.935165   1115.347161   9235.407701     74.416419  2  2  5  80       
PG31 -23311.849295  10287.372084   7766.012098   -174.864565  3  4  3  82       
PG32 -15898.151038   3282.432460 -20720.494718   -181.514014  5  5  4  92       
*  2026  1  2  4 45  0.00000000
PG01   2081.677650  15153.798999 -21708.499583    347.519251  6  2  8  77       
PG02  -9158.627225  16831.588354 -17737.586361      7.604609  6  5  6  81       
PG03   9684.870107  21263.599923 -12918.679470    609.222592  5  4  6  76       
PG04   -182.294829  24710.015873   9527.760626     35.511952  4  6  5  81       
PG05   4977.467224 -14704.629496  21374.815487   -226.576091  1  5  4  73       
PG06  25998.470643  -4793.256176  -3216.393925   -597.744310  6  8  6  57       
PG07  17621.179079   8684.536523  18652.857962   -129.548846  1  3  5 102       
PG08  -6046.288590  25535.276445   1525.871993    508.727048  5  6  5  88       
PG09   8417.531924  18137.138623  17344.852689    769.527295  6  4  5  92       
PG10 -21205.694338  -7995.550816 -13860.511359   -579.261744  5  5  4  67       
PG11  20896.816928 -12628.308230  10429.808216   -488.766684  6  5  6  65       
PG12  -4692.228511 -21265.950399 -15508.353929   -606.044671  5  4  3  95       
PG13  13465.571034 -21743.702581   6380.976595    690.724371  4  7  7  80       
PG14  21947.157326   9924.562665 -11430.388968    726.077102  6  5  5  82       
PG15   2310.087271 -26393.856933    695.137195    372.797684  5  6  6  73       
PG16 -10246.263972  11138.731464  21419.356618    179.499809  6  5  4  80       
PG17  15212.790490   1326.058251 -21371.364273    -19.735242  4  5  5  92       
PG18 -19010.455654  -7062.732681  17341.074577   -461.631074  4  5  5  82       
PG19  16716.856228  -6058.987867 -19646.089021    683.536095  4  4  5  81       
PG20  15291.202330  -7214.531546  20569.800268    361.827168  3  5  3  84       
PG21  14203.785184  -6891.767949  21370.275336    371.073233  4  5  6  57       
PG22  19786.990263   4956.440544 -16499.904056    -63.362395  3  2  3  81       
PG23 -20340.295882 -17237.915840  -1485.649207    593.919257  3  3  6  91       
PG24   3516.131269 -17527.056170 -20069.172968   -179.061745  5  4  1  95       
PG25 -16155.170218 -20499.226739  -5997.234015    452.501896  3  6  5  91       
PG26 -19469.701920   1803.130436  17915.213917   -304.634371  6  3  6  85       
PG27 -12422.552857  20419.086015  10749.592836    -10.800786  6  5  7  88       
PG28 -25649.287417   4368.145299  -5395.463606   -616.627247  6  4  5  50       
PG29  -5214.266774 -20373.344416  16097.625181   -399.957763  4  6  6  75       
PG30  24027.758649   1672.252844  11671.042841     74.427394  2  2  5  85       
PG31 -24108.968352  10225.122343   5068.870044   -174.862551  2  4  4  82       
PG32 -15326.918961    882.657868 -21390.547878   -181.499040  5  5  4  88       
*  2026  1  2  5  0  0.00000000
PG01   -320.673399  15720.708519 -21395.101333    347.516732  5  3  8  80       
PG02 -11088.209651  17454.119528 -15939.916161      7.612052  5  5  6  79       
PG03   8448.539299  20288.911383 -15179.060060    609.214136  4  4  6  78       
PG04   -623.471985  25566.754014   6853.019479     35.514230  3  6  5  78       
PG05   6943.171990 -13152.462770  21832.882835   -226.576388  1  5  4  72       
PG06  25534.677846  -4479.237445  -6051.042619   -597.748561  6  8  6  25       
PG07  15670.312381   9439.681061  19985.547070   -129.553648  2  4  5  90       
PG08  -6322.365114  25125.947564   4350.626183    508.723524  5  5  6  94       
PG09   7917.277915  19973.471231  15465.215796    769.528058  6  4  5  73       
PG10 -22213.218908  -9077.248286 -11485.941549   -579.264688  4  4  4  74       
PG11  21958.280734 -12692.369775   7827.371903   -488.754659  6  5  6  23       
PG12  -3295.600987 -20067.937567 -17385.079696   -606.044862  5  4  3  94       
PG13  13354.971822 -20800.967995   9094.162596    690.723556  3  7  7  79       
PG14  22638.043217  10903.886211  -8965.096066    726.079373  6  5  4  63       
PG15   2614.284630 -26083.001067   3504.172738    372.800904  5  6  6  69       
PG16 -11997.873694   9304.733940  21424.308312    179.506811  6  6  4  82       
PG17  14561.636439   3775.551401 -21506.579012    -19.745892  5  5  5  87       
PG18 -17079.236600  -7775.535094  18951.509903   -461.622275  4  5  5  72       
PG19  16134.925275  -3824.120949 -20716.513441    683.537884  4  3  5  82       
PG20  17181.495636  -5952.964634  19437.593164    361.827062  3  4  3  81       
PG21  15917.225966  -5209.277397  20627.851146    371.081289  4  5  5  66       
PG22  20892.829947   6444.772829 -14516.203132    -63.359098  2  2  3  71       
PG23 -20245.931111 -17367.461530   1405.503489    593.923801  3  4  5  85       
PG24   5529.606633 -18280.547125 -18841.268607   -179.048542  5  4  1  91       
PG25 -15391.831080 -20180.596519  -8645.333509    452.499824  2  5  5  91       
PG26 -20968.088325    474.006102  16291.407204   -304.639956  6  3  6  77       
PG27 -12414.819735  18962.898131  13130.423169    -10.806984  6  5  7  61       
PG28 -25004.979723   3880.564853  -8110.273535   -616.623085  6  4  6  61       
PG29  -4556.963113 -21989.814485  14030.518761   -399.952035  4  6  6  75       
PG30  22748.241365   2361.966261  13910.374271     74.438324  2  1  5  84       
PG31 -24610.746036  10118.243294   2285.559116   -174.860827  2  5  4  63       
PG32 -14871.250044  -1596.426569 -21682.819359   -181.484103  5  5  4  68       
*  2026  1  2  5 15  0.00000000
PG01  -2637.338612  16394.313522 -20713.215540    347.514128  5  4  8  71       
PG02 -12782.776403  18073.375480 -13853.510883      7.619612  5  5  6  73       
PG03   6972.145933  19236.050741 -17182.586566    609.205699  3  3  6  86       
PG04   -962.498054  26140.010067   4059.214577     35.516493  3  7  4  82       
PG05   9015.187929 -11691.983379  21909.171894   -226.576967  1  5  4  77       
PG06  24793.981043  -4028.674400  -8782.248482   -597.752830  8  9  5  16       
PG07  13641.547610  10343.763991  20994.211856   -129.558075  2  4  5  85       
PG08  -6586.831570  24412.879901   7098.000320    508.719990  5  5  6  84       
PG09   7541.278627  21605.756859  13316.786953    769.528846  5  5  5  83       
PG10 -23061.913387  -9920.376251  -8914.625435   -579.267653  4  4  3  82       
PG11  22729.555236 -12712.353310   5089.964014   -488.742691  6  5  5  52       
PG12  -1696.487049 -18814.860587 -18969.108248   -606.045408  5  4  2  76       
PG13  13209.150555 -19563.354181  11646.849702    690.722512  2  6  7  79       
PG14  23155.786311  11665.288567  -6347.533916    726.081645  6  6  4  73       
PG15   2944.726124 -25470.808447   6252.070789    372.804192  6  6  7  68       
PG16 -13821.155179   7579.821924  21047.819525    179.513622  6  6  5  88       
PG17  14036.855316   6251.150503 -21258.312808    -19.756309  5  5  5  95       
PG18 -15035.245527  -8650.737352  20239.845873   -461.613454  5  6  5  83       
PG19  15645.313244  -1469.170776 -21429.486073    683.539406  3  3  5  89       
PG20  19006.361601  -4859.284354  17973.044829    361.827131  3  4  2  91       
PG21  17635.995238  -3685.137717  19530.902451    371.089413  4  5  5  72       
PG22  21896.219599   7707.122843 -12273.578093    -63.355189  2  2  3  76       
PG23 -19900.147936 -17306.411059   4272.880819    593.928362  3  5  5  76       
PG24   7373.583893 -19060.567962 -17298.754612   -179.035300  4  3  1 100       
PG25 -14386.101022 -19727.011315 -11148.808868    452.497722  2  5  5  95       
PG26 -22357.943138   -671.457365  14387.133280   -304.645438  6  3  6  70       
PG27 -12445.830767  17249.218503  15275.689228    -10.813196  6  5  7  83       
PG28 -24111.961590   3241.862709 -10685.686721   -616.618913  5  4  6  70       
PG29  -4038.675652 -23395.796488  11719.755539   -399.946587  4  7  6  83       
PG30  21284.249494   3202.397026  15915.847737     74.449289  2  2  5  92       
PG31 -24820.648010   9930.148474   -536.475147   -174.858937  3  5  4  63       
PG32 -14544.772169  -4105.603823 -21592.642568   -181.469128  5  5  4  74       
*  2026  1  2  5 30  0.00000000
PG01  -4825.793697  17151.696435 -19674.407990    347.511617  4  5  8  75       
PG02 -14222.126645  18648.762658 -11516.306200      7.627105  4  5  6  73       
PG03   5267.118090  18149.456710 -18895.642314    609.197219  3  3  6  64       
PG04  -1233.435092  26410.782368   1194.837362     35.518653  2  8  4  80       
PG05  11152.131409 -10353.782960  21602.445874   -226.578171  1  5  4  78       
PG06  23805.187709  -3412.749529 -11363.139929   -597.757007  8  9  5           
PG07  11578.338014  11393.298377  21662.334267   -129.562766  3  4  4  82       
PG08  -6875.273368  23406.091559   9719.021203    508.716454  5  5  7  99       
PG09   7265.330368  22998.034442  10937.003995    769.529609  5  5  5  89       
PG10 -23712.033641 -10538.298200  -6191.232995   -579.270576  3  4  3  65       
PG11  23208.650209 -12649.538624   2264.715755   -488.730669  5  5  5  59       
PG12     89.463503 -17548.633735 -20234.364982   -606.045804  5  3  2  85       
PG13  13067.471449 -18044.712597  13993.609774    690.721836  1  6  7  68       
PG14  23466.852464  12224.392379  -3622.339938    726.083933  6  6  3  70       
PG15   3335.633164 -24568.256176   8890.248312    372.807026  6  6  8  74       
PG16 -15676.138833   5994.684008  20298.171433    179.520701  5  6  5  72       
PG17  13645.211345   8702.064280 -20630.330239    -19.767335  5  5  6  77       
PG18 -12925.435914  -9688.713873  21183.638313   -461.604611  5  6  5  88       
PG19  15268.419221    961.725807 -21774.291191    683.541558  3  3  5  78       
PG20  20719.783437  -3935.778976  16200.811909    361.827015  3  3  2  82       
PG21  19315.978122  -2336.825839  18098.315986    371.097443  4  4  5  86       
PG22  22754.405332   8742.867620  -9812.356861    -63.351602  2  2  2  52       
PG23 -19284.781776 -17089.954974   7068.002888    593.932936  3  6  5  84       
PG24   9023.276293 -19831.631828 -15465.680881   -179.022106  4  3  1 101       
PG25 -13136.065163 -19177.145521 -13466.357325    452.495633  1  5  4  89       
PG26 -23598.921255  -1635.410908  12236.219455   -304.651040  6  3  6  74       
PG27 -12546.858676  15308.377120  17146.716141    -10.819329  5  6  7  66       
PG28 -23003.097832   2429.751432 -13077.441408   -616.614709  5  4  6  52       
PG29  -3636.174348 -24556.003218   9205.393381   -399.940940  4  7  5  68       
PG30  19674.709143   4204.707742  17653.771308     74.460223  2  2  5  88       
PG31 -24750.434798   9626.211425  -3349.486606   -174.857414  3  5  4  47       
PG32 -14352.909534  -6594.147460 -21122.261176   -181.454151  5  5  4  88       
*  2026  1  2  5 45  0.00000000
PG01  -6848.567134  17963.589695 -18296.415436    347.508927  4  5  8  75       
PG02 -15395.263925  19138.562393  -8970.918709      7.634393  3  5  6  88       
PG03   3353.414923  17071.801733 -20289.487244    609.188744  3  3  5  76       
PG04  -1473.160034  26368.770813  -1690.323495     35.520919  2  8  3  81       
PG05  13308.291509  -9161.150696  20918.263373   -226.578527  2  5  3  83       
PG06  22603.658605  -2609.002055 -13749.287907   -597.761251  8  7  3  15       
PG07   9523.438656  12577.199110  21978.565874   -129.567176  3  4  4  89       
PG08  -7221.121676  22124.387453  12166.976161    508.712916  4  5  7  87       
PG09   7059.653990  24121.120697   8367.321171    769.530434  5  5  4  83       
PG10 -24128.680053 -10952.232244  -3362.634261   -579.273537  3  5  3  90       
PG11  23402.369401 -12466.609328   -599.642833   -488.718634  5  4  5  57       
PG12   2039.027660 -16308.580641 -21160.083005   -606.045986  5  3  1  95       
PG13  12966.948372 -16267.922056  16092.610886    690.720879  1  5  6  73       
PG14  23542.739340  12603.446759   -835.809152    726.086240  6  6  3  65       
PG15   3818.365438 -23394.767681  11371.505704    372.810488  6  6  8  48       
PG16 -17519.302553   4572.444769  19190.349433    179.527650  5  7  5  58       
PG17  13385.166959  11077.440191 -19633.443234    -19.777737  5  5  6  77       
PG18 -10797.169645 -10881.482188  21766.177845   -461.595749  5  7  5  82       
PG19  15017.120628   3421.618777 -21746.592705    683.543618  2  3  5  73       
PG20  22277.297026  -3176.641968  14150.861549    361.826723  3  2  3  83       
PG21  20911.796148  -1173.661828  16354.733627    371.105517  4  4  4  79       
PG22  23427.379540   9560.044879  -7176.738117    -63.347815  2  3  3  66       
PG23 -18389.839742 -16757.010790   9743.635042    593.937458  2  6  4  88       
PG24  10460.773549 -20555.246706 -13371.190089   -179.008919  4  3  2  88       
PG25 -11647.731117 -18570.374204 -15559.911308    452.493518  1  5  4  96       
PG26 -24653.527251  -2427.606549   9876.405882   -304.656648  6  3  6  78       
PG27 -12743.931797  13177.828698  18709.931403    -10.825507  5  6  6  58       
PG28 -21716.507658   1428.845678 -15244.430686   -616.610509  5  5  6  64       
PG29  -3320.531832 -25441.849928   6531.083667   -399.935099  4  8  5  83       
PG30  17961.219184   5372.715545  19094.840439     74.471218  2  2  6  81       
PG31 -24419.583196   9175.231763  -6106.193522   -174.855443  3  5  4  35       
PG32 -14292.727546  -9011.639076 -20280.740416   -181.439233  5  5  4  96       
*  2026  1  2  6  0  0.00000000
PG01  -8674.492950  18795.503293 -16602.850651    347.506417  3  6  8  83       
PG02 -16300.617357  19501.742666  -6263.737152      7.641926  3  6  6  79       
PG03   1258.954520  16042.382253 -21340.702589    609.180296  2  3  5  85       
PG04  -1719.714691  26012.788300  -4546.074508     35.523139  2  8  3  87       
PG05  15435.273378  -8129.288661  19868.863040   -226.578350  1  5  3  78       
PG06  21229.975542  -1602.406236 -15899.471318   -597.765428  9  7  2           
PG07   7517.514379  13877.042362  21936.910721   -129.572155  4  3  4  89       
PG08  -7654.099602  20594.695583  14398.332319    508.709383  4  4  7  82       
PG09   6890.242052  24953.636494   5652.461318    769.531271  5  5  3  90       
PG10 -24283.129551 -11190.195265   -477.096165   -579.276498  2  5  3  79       
PG11  23325.949824 -12129.276620  -3453.630002   -488.706606  5  4  5  45       
PG12   4122.109102 -15130.012955 -21731.093535   -606.046810  5  2  1 100       
PG13  12940.611131 -14264.155009  17906.440068    690.720391  1  4  6  81       
PG14  23361.111202  12830.283794   1964.861981    726.088516  6  7  2  67       
PG15   4419.923282 -21977.600428  13650.960000    372.813313  6  6  8  64       
PG16 -19305.214916   3327.985721  17745.635770    179.534489  4  7  6  88       
PG17  13247.002711  13328.231092 -18285.326721    -19.788985  5  6  6  87       
PG18  -8696.553166 -12212.840837  21976.807792   -461.586966  5  7  4  86       
PG19  14896.353181   5862.364450 -21348.399794    683.545046  2  4  6  92       
PG20  23637.611500  -2568.351481  11857.992590    361.826807  3  2  3  78       
PG21  22378.473883   -196.634660  14330.129675    371.113573  5  4  4  85       
PG22  23879.512784  10174.777197  -4413.898853    -63.344477  2  3  3  61       
PG23 -17214.014513 -16348.622857  12254.543471    593.942044  3  7  4  95       
PG24  11675.609941 -21191.364942 -11049.179968   -178.995758  4  3  2  97       
PG25  -9934.940407 -17945.242739 -17395.174298    452.491451  1  5  4 104       
PG26 -25488.483423  -3064.762535   7348.650592   -304.662268  6  4  6  90       
PG27 -13056.635040  10900.793386  19937.541025    -10.831683  4  6  5  70       
PG28 -20294.113465    231.456665 -17149.406463   -616.606305  5  5  6  60       
PG29  -3058.447859 -26032.505221   3743.292980   -399.929893  4  8  5  93       
PG30  16186.577497   6702.567687  20214.601552     74.482215  2  3  6  94       
PG31 -23854.442325   8550.763130  -8760.515908   -174.853413  3  5  4  57       
PG32 -14353.131100 -11309.764173 -19083.741827   -181.424272  5  5  4  84       
*  2026  1  2  6 15  0.00000000
PG01 -10279.721229  19609.070370 -14622.803742    347.503390  3  6  8  70       
PG02 -16945.861899  19699.741188  -3443.935470      7.649477  3  6  6  74       
PG03   -981.251917  15095.649529 -22031.555367    609.171863  2  3  4  80       
PG04  -2010.607657  25350.824716  -7322.720204     35.525344  3  8  3  90       
PG05  17483.753857  -7264.862230  18472.920625   -226.579184  2  5  2  75       
PG06  19728.415663   -386.168367 -17776.396713   -597.769635  9  6  3           
PG07   5597.817313  15267.584561  21536.859625   -129.576705  4  4  4  96       
PG08  -8198.829103  18851.076797  16373.586095    508.705820  5  5  7  60       
PG09   6720.376061  25482.735355   2839.611481    769.532042  5  5  3  81       
PG10 -24153.931957 -11285.711183   2416.517441   -579.279359  2  6  3  77       
PG11  23002.382135 -11607.795857  -6247.877900   -488.694597  4  4  5  56       
PG12   6302.688373 -14042.973274 -21938.036404   -606.047254  5  3  1  89       
PG13  13016.040555 -12071.807569  19402.838831    690.719223  1  4  6  76       
PG14  22906.711114  12937.077228   4732.337333    726.090759  7  7  2  75       
PG15   5161.605218 -20350.911819  15686.968285    372.816599  7  6  8  60       
PG16 -20988.240256   2267.619337  15991.087193    179.541474  3  7  6  85       
PG17  13213.295281  15408.996253 -16610.178569    -19.799693  4  7  6  75       
PG18  -6666.819876 -13658.829689  21811.149407   -461.578066  5  8  4  84       
PG19  14903.010669   8236.269034 -20587.929677    683.546805  2  5  6  77       
PG20  24764.127591  -2090.353795   9361.270090    361.826973  3  2  4  65       
PG21  23673.102136    601.446134  12059.297647    371.121672  5  4  3  81       
PG22  24081.004928  10610.368793  -1573.053149    -63.340489  2  4  3  60       
PG23 -15764.883447 -15906.293684  14558.219879    593.946648  2  7  4  83       
PG24  12665.067154 -21699.937069  -8537.870349   -178.982611  4  4  3  86       
PG25  -8019.005339 -17337.989657 -18942.097921    452.489434  1  5  3 106       
PG26 -26075.933467  -3569.673035   4696.404848   -304.667886  5  4  6  60       
PG27 -13497.197462   8524.663252  20808.070394    -10.837852  4  6  4  75       
PG28 -18780.056266  -1161.911743 -18759.617327   -616.602055  5  6  6  92       
PG29  -2813.751353 -26315.648599    890.471621   -399.923988  3  8  4  90       
PG30  14393.272391   8182.703707  20993.848887     74.493222  2  3  6  90       
PG31 -23087.159059   7732.257720 -11268.277663   -174.851741  3  5  4  68       
PG32 -14515.403669 -13444.013027 -17553.170480   -181.409256  5  5  5  98       
*  2026  1  2  6 30  0.00000000
PG01 -11648.447210  20363.558953 -12390.345940    347.500765  3  5  7  70       
PG02 -17347.351994  19698.138366   -562.439469      7.657007  3  6  6  45       
PG03  -3326.228560  14259.933461 -22350.279014    609.163339  2  3  3  78       
PG04  -2381.137408  24399.760246  -9971.957904     35.527568  3  8  3  86       
PG05  19405.278192  -6565.901740  16755.184870   -226.579752  2  4  2  80       
PG06  18145.289186   1037.791087 -19347.359281   -597.773837  8  6  3  54       
PG07   3796.975679  16717.528704  20783.472389   -129.581394  4  4  4  89       
PG08  -8873.660142  16933.451491  18058.020815    508.702262  4  5  6  67       
PG09   6512.251862  25704.506593    -22.421719    769.532871  5  5  3  87       
PG10 -23727.735474 -11276.335853   5269.531295   -579.282220  2  6  4  86       
PG11  22461.438025 -10878.315011  -8934.000669   -488.682570  4  4  5  54       
PG12   8539.989467 -13071.184961 -21777.490215   -606.047605  5  3  2  75       
PG13  13214.136835  -9735.137026  20555.332054    690.718371  1  4  5  83       
PG14  22172.018641  12958.950185   7419.898635    726.093056  7  7  2  63       
PG15   6057.885022 -18554.533499  17442.014945    372.819860  7  6  8  48       
PG16 -22524.233848   1389.118782  13958.917930    179.548136  3  7  6  75       
PG17  13259.732836  17279.557377 -14638.232182    -19.809998  4  7  6  81       
PG18  -4746.819469 -15188.499491  21271.227925   -461.569281  5  8  4  93       
PG19  15026.160749  10497.695642 -19479.376534    683.548553  2  5  6  75       
PG20  25626.295004  -1716.026175   6703.380518    361.826599  2  2  4  64       
PG21  24756.434140   1235.479647   9581.255134    371.129605  5  4  3  67       
PG22  24009.095649  10896.119545   1295.512065    -63.336930  2  4  3  78       
PG23 -14058.785192 -15470.307594  16615.566201    593.951243  3  7  4  89       
PG24  13434.191302 -22042.515536  -5879.271711   -178.969441  4  4  3  62       
PG25  -5928.086142 -16781.171897 -20175.299044    452.487380  1  5  3  86       
PG26 -26394.441058  -3970.101799   1964.872007   -304.673435  5  5  6  71       
PG27 -14069.906614   6099.246301  21306.756057    -10.843997  3  7  3  78       
PG28 -17219.038639  -2742.385234 -20047.369613   -616.597848  5  6  5  68       
PG29  -2549.018903 -26287.904364  -1977.814440   -399.918478  3  8  4  99       
PG30  12621.992226   9794.107297  21418.949497     74.504229  2  3  6  62       
PG31 -22154.414233   6705.989383 -13587.867342   -174.850002  3  5  4  35       
PG32 -14754.060080 -15375.218677 -15716.706801   -181.394284  6  5  5  90       
*  2026  1  2  6 45  0.00000000
PG01 -12773.330676  21017.491102  -9943.944000    347.498110  4  5  7  64       
PG02 -17529.201841  19468.146226   2329.120715      7.664407  3  6  5  37       
PG03  -5730.386234  13556.405080 -22291.267002    609.154883  3  3  3  43       
PG04  -2862.805187  23184.739319 -12447.746134     35.529787  4  8  3  78       
PG05  21154.025444  -6022.056771  14746.001505   -226.580332  2  4  2  86       
PG06  16527.203448   2658.692127 -20584.832549   -597.777992  9  4  3  12       
PG07   2141.933876  18190.518953  19687.402970   -129.586300  4  5  5  80       
PG08  -9689.772775  14886.099715  19422.353777    508.698741  4  5  5  13       
PG09   6228.647292  25624.038975  -2884.080101    769.533679  4  5  3  81       
PG10 -22999.816636 -11202.055614   8034.220199   -579.285048  2  6  4  78       
PG11  21738.442371  -9924.000392 -11465.448712   -488.670512  4  5  5  55       
PG12  10789.822224 -12231.244415 -21252.021907   -606.047836  5  4  2  78       
PG13  13548.175118  -7302.664280  21343.734037    690.717541  1  4  5  83       
PG14  21157.630143  12932.483563   9982.189363    726.095358  7  7  3  72       
PG15   7115.565136 -16632.499695  18883.535009    372.822672  6  5  8  45       
PG16 -23872.159143    682.090547  11685.809045    179.555003  2  7  7  62       
PG17  13356.230689  18906.437141 -12405.135390    -19.821023  3  8  6  74       
PG18  -2969.672120 -16764.965639  20365.493933   -461.560527  5  8  4  88       
PG19  15247.561692  12604.577726 -18042.596076    683.550522  2  6  6  79       
PG20  26200.755346  -1413.883571   3929.916708    361.826660  3  2  4  48       
PG21  25594.353557   1727.302483   6938.576612    371.137612  5  4  3  72       
PG22  23648.986942  11065.912564   4141.399149    -63.333095  2  4  3  67       
PG23 -12120.377267 -15078.107865  18391.530624    593.955868  3  8  4  92       
PG24  13995.513110 -22183.848284  -3118.554726   -178.956286  4  4  4  73       
PG25  -3696.330714 -16302.437652 -21074.415831    452.485303  2  5  3  74       
PG26 -26429.751238  -4297.505377   -799.738270   -304.679030  5  5  6  74       
PG27 -14770.873448   3674.926850  21425.780499    -10.850128  2  7  3  58       
PG28 -15654.658816  -4492.867197 -20990.502284   -616.593628  5  6  5  65       
PG29  -2227.243851 -25954.934974  -4811.770667   -399.912848  3  8  4  65       
PG30  10910.206084  11510.841272  21482.091340     74.515214  3  3  6  79       
PG31 -21096.016088   5465.725526 -15680.852516   -174.847711  3  5  4  69       
PG32 -15037.973026 -17070.872697 -13607.237541   -181.379267  6  5  5  77       
*  2026  1  2  7  0  0.00000000
PG01 -13655.589329  21530.306179  -7325.795142    347.495394  4  4  7  60       
PG02 -17522.061941  18987.850612   5179.441541      7.671933  4  5  5  71       
PG03  -8145.048970  12998.315219 -21855.176799    609.146359  3  3  3  64       
PG04  -3481.882467  21738.230559 -14707.128993     35.532058  4  8  3  75       
PG05  22688.472191  -5615.189634  12480.736998   -226.581076  1  3  3  68       
PG06  14919.319709   4457.095817 -21466.974998   -597.782157  9  6  3  57       
PG07    653.081153  19646.337493  18264.861291   -129.591029  4  5  5  76       
PG08 -10650.589642  12756.001008  20443.258265    508.695190  3  5  5  29       
PG09   5834.565051  25255.144558  -5695.928360    769.534501  4  5  2  90       
PG10 -21974.300752 -11103.618978  10664.538490   -579.287927  3  6  3  88       
PG11  20872.838296  -8735.893708 -13798.332860   -488.658463  4  5  5  55       
PG12  13006.054448 -11532.083409 -20370.155436   -606.048205  5  4  2  76       
PG13  14023.189174  -4825.409307  21754.519435    690.716650  1  3  4  82       
PG14  19872.348496  12894.179764  12375.936002    726.097606  7  7  3  76       
PG15   8333.252044 -14631.389339  19984.646106    372.826008  6  5  8  49       
PG16 -24995.565520    128.663464   9212.165003    179.561620  1  8  7  71       
PG17  13468.295944  20264.018486  -9951.213987    -19.831678  3  8  6  69       
PG18  -1361.640303 -18346.709851  19108.735926   -461.551720  5  8  4  95       
PG19  15542.454988  14519.787138 -16302.715341    683.552031  3  6  6  72       
PG20  26472.224652  -1148.983523   1088.603499    361.826410  3  2  5  44       
PG21  26159.158013   2104.647759   4176.665361    371.145690  5  5  3  67       
PG22  22994.444510  11156.640141   6915.036508    -63.329511  2  4  4  80       
PG23  -9981.889078 -14762.786839  19855.686432    593.960406  3  7  4  85       
PG24  14368.471381 -22093.398253   -303.323834   -178.943112  4  4  4  67       
PG25  -1362.806151 -15923.487039 -21624.401576    452.483243  3  5  3  87       
PG26 -26175.291827  -4585.635870  -3550.950147   -304.684599  5  5  6  57       
PG27 -15588.154325   1300.823717  21164.347918    -10.856233  1  7  4  62       
PG28 -14127.799739  -6388.507977 -21572.767683   -616.589449  5  6  5  89       
PG29  -1813.488154 -25331.190841  -7562.262341   -399.907173  3  8  4  69       
PG30   9290.866470  13300.849425  21181.449571     74.526228  2  3  6  67       
PG31 -19953.400982   4013.126633 -17512.543581   -174.846034  3  5  4  63       
PG32 -15331.722895 -18506.170196 -11262.202115   -181.364238  6  4  5  81       
*  2026  1  2  7 15  0.00000000
PG01 -14304.762698  21864.002924  -4581.094154    347.492677  5  4  7  72       
PG02 -17361.654259  18243.158185   7938.532561      7.679175  4  5  5  65       
PG03 -10520.102201  12590.537540 -21048.942013    609.137853  3  3  3  31       
PG04  -4258.191226  20098.811015 -16710.999951     35.534305  4  7  3  76       
PG05  23972.889069  -5320.280826   9999.115694   -226.581347  1  2  2  58       
PG06  13363.670252   6405.446710 -21978.042731   -597.786283  9  6  2  78       
PG07   -656.397548  21042.270608  16537.504353   -129.595546  4  6  5  73       
PG08 -11751.521396  10591.086561  21103.750691    508.691640  3  6  4  63       
PG09   5298.785364  24619.755955  -8409.518255    769.535338  4  5  2  94       
PG10 -20664.069491 -11020.861422  13116.810923   -579.290851  3  6  3  87       
PG11  19906.601797  -7313.465073 -15892.202569   -488.646472  4  5  5  60       
PG12  15142.163377 -10974.720410 -19146.259352   -606.048581  5  4  2  78       
PG13  14635.708711  -2355.035137  21781.051218    690.715736  1  3  4  78       
PG14  18332.978986  12878.937696  14560.638056    726.099885  6  6  3  80       
PG15   9701.184761 -12598.552764  20724.763096    372.829572  6  5  7  38       
PG16 -25863.873698   -295.543846   6581.337117    179.568519  1  8  7  65       
PG17  13558.578435  21335.376836  -7320.641898    -19.842243  3  8  6  75       
PG18     58.736264 -19889.083113  17521.881506   -461.542889  5  8  4  93       
PG19  15880.600097  16212.311609 -14289.677028    683.554339  3  6  6  71       
PG20  26434.079006   -884.475291  -1771.523399    361.826351  3  2  5  24       
PG21  26430.608789   2399.875018   1342.976705    371.153709  6  5  4  40       
PG22  22048.060128  11206.537697   9568.569304    -63.325614  2  4  4  84       
PG23  -7682.095524 -14551.744871  20982.745423    593.965046  3  7  4  79       
PG24  14578.552226 -21746.723576   2517.197843   -178.930007  5  4  4  79       
PG25   1029.742797 -15659.255015 -21815.754836    452.481212  3  5  3  95       
PG26 -25632.401548  -4869.075656  -6242.747173   -304.690168  4  6  6  60       
PG27 -16502.219530   -976.974198  20528.604780    -10.862341  1  7  5  51       
PG28 -12675.134773  -8397.478119 -21784.111763   -616.585239  5  6  5  71       
PG29  -1276.450157 -24439.327713 -10181.686555   -399.901264  4  7  5  77       
PG30   7791.281573  15126.999649  20521.266309     74.537242  3  3  6  75       
PG31 -18768.093508   2357.861211 -19052.503409   -174.844102  3  5  4  64       
PG32 -15597.112552 -19664.747999  -8722.871494   -181.349206  6  4  5  80       
*  2026  1  2  7 30  0.00000000
PG01 -14738.156065  21984.695575  -1757.245727    347.490173  5  4  6  70       
PG02 -17087.137011  17228.415611  10558.634829      7.686733  4  5  4  72       
PG03 -12805.704357  12329.433752 -19885.691038    609.129343  4  3  4  62       
PG04  -5204.146257  18309.724103 -18424.790241     35.536514  4  7  4  76       
PG05  24978.612412  -5106.606734   7344.485468   -226.581816  2  2  3  55       
PG06  11897.601765   8468.939441 -22108.698700   -597.790430  8  5  3  63       
PG07  -1780.919971  22334.603975  14532.248613   -129.600498  5  6  5  67       
PG08 -12980.051974   8438.478701  21393.437815    508.688182  2  6  4  74       
PG09   4595.267304  23747.023109 -10978.226719    769.536178  4  5  2  64       
PG10 -19090.362439 -10991.082028  15350.379547   -579.293748  3  6  3  81       
PG11  18882.568746  -5664.838740 -17710.763164   -488.634438  4  5  5  71       
PG12  17152.813334 -10552.310529 -17600.353032   -606.049204  4  5  2  79       
PG13  15373.859621     58.020784  21423.662356    690.715047  1  2  3  83       
PG14  16563.838211  12918.594537  16499.218454    726.102176  6  6  4  87       
PG15  11201.430678 -10580.301733  21090.072828    372.832347  6  5  7  65       
PG16 -26453.426144   -620.223958   3838.831721    179.575187  1  8  7  50       
PG17  13588.537458  22112.753665  -4560.542557    -19.853600  3  8  6  86       
PG18   1281.206279 -21345.954346  15631.686705   -461.534082  5  8  4  83       
PG19  16227.510526  17658.204110 -12037.727177    683.555838  4  6  5  64       
PG20  26088.617935   -583.232683  -4600.971172    361.825963  4  2  5  69       
PG21  26396.706220   2648.520680  -1513.794362    371.161667  6  5  4  58       
PG22  20821.172186  11253.496710  12056.686778    -63.322106  2  4  4  83       
PG23  -5265.046303 -14465.568548  21752.997913    593.969665  3  7  4  64       
PG24  14656.169724 -21126.654844   5293.060253   -178.916890  5  4  4  45       
PG25   3436.268032 -15517.344384 -21644.683778    452.479169  4  5  3  82       
PG26 -24810.280965  -5181.757285  -8830.275721   -304.695739  4  6  6  66       
PG27 -17486.741821  -3117.021238  19531.414055    -10.868460  1  7  5  56       
PG28 -11327.807231 -10482.016808 -21620.849040   -616.580967  5  6  5  83       
PG29   -589.885246 -23309.316197 -12624.810899   -399.895731  4  7  5  69       
PG30   6432.199597  16948.333896  19511.839523     74.548255  3  3  6  81       
PG31 -17580.178769    517.432945 -20274.999541   -174.842248  3  5  4  83       
PG32 -15794.783767 -20539.093401  -6033.577111   -181.334190  6  4  5  75       
*  2026  1  2  7 45  0.00000000
PG01 -14979.986644  21864.022494   1096.963689    347.487575  5  4  6  65       
PG02 -16739.374287  15946.684777  12995.052517      7.694354  4  5  4  64       
PG03 -14954.000854  12203.047878 -18384.571210    609.120820  4  4  4  55       
PG04  -6324.097611  16417.269680 -19819.068985     35.538758  4  6  3  78       
PG05  25685.043160  -4939.139415   4563.027959   -226.582242  2  2  3  51       
PG06  10552.406812  10606.678806 -21856.210611   -597.794570  8  4  3  32       
PG07  -2722.631805  23480.200575  12280.995539   -129.605330  5  6  6  67       
PG08 -14316.155260   6342.791305  21308.623693    508.684673  1  6  4  59       
PG09   3704.344355  22672.147203 -13358.053074    769.537077  5  5  2  63       
PG10 -17282.089126 -11047.527773  17328.202029   -579.296702  4  6  3  78       
PG11  17842.740694  -3806.681435 -19222.518341   -488.622454  5  5  5  51       
PG12  18995.404902 -10250.494079 -15757.831537   -606.049503  4  5  3  70       
PG13  16217.819889   2366.349455  20689.592543    690.714553  1  2  3  84       
PG14  14595.992623  13040.587495  18158.626208    726.104495  6  6  4  91       
PG15  12808.444583  -8620.145127  21073.851246    372.836039  5  5  6  32       
PG16 -26748.270790   -879.003185   1031.518661    179.582304  2  8  7  56       
PG17  13520.149903  22597.657185  -1720.047260    -19.864263  4  8  6  89       
PG18   2304.047937 -22671.442204  13470.315133   -461.525303  5  7  4  74       
PG19  16545.844840  18841.274876  -9584.854342    683.557569  4  6  5  62       
PG20  25446.992755   -209.505966  -7350.660918    361.826470  4  3  5  33       
PG21  26054.160792   2887.725576  -4344.547375    371.169694  6  4  4  60       
PG22  19333.455992  11333.425520  14337.372429    -63.318752  1  4  4  85       
PG23  -2778.595027 -14517.171389  22152.671647    593.974262  3  7  4  72       
PG24  14635.326842 -20224.210871   7974.537811   -178.903775  5  4  4  56       
PG25   5810.880647 -15497.729468 -21113.202141    452.477146  4  5  3  89       
PG26 -23725.671446  -5555.520845 -11270.519886   -304.701287  3  6  6  64       
PG27 -18509.664708  -5083.912956  18191.996352    -10.874615  1  7  6  43       
PG28 -10110.334182 -12599.716116 -21085.729173   -616.576829  5  6  5  85       
PG29    266.177248 -21977.280269 -14849.562953   -399.889629  4  6  5  86       
PG30   5227.141053  18721.482427  18169.417311     74.559277  4  3  6  77       
PG31 -16426.838868  -1483.274135 -21159.395683   -174.840509  3  5  4  94       
PG32 -15885.869798 -21130.614597  -3240.906902   -181.319167  6  4  4  37       
*  2026  1  2  8  0  0.00000000
PG01 -15060.266045  21480.351423   3932.219322    347.484788  5  4  6  72       
PG02 -16359.185919  14409.673830  15206.884285      7.701493  4  6  4  67       
PG03 -16920.778552  12191.624895 -16570.478199    609.112267  4  4  4  68       
PG04  -7613.998741  14469.090953 -20870.044489     35.541066  5  5  3  69       
PG05  26080.336897  -4780.110174   1702.929951   -226.582242  2  3  3  51       
PG06   9352.198349  12773.090494 -21224.531550   -597.798678  8  1  2           
PG07  -3491.244285  24438.108582   9820.262819   -129.609919  5  5  5  76       
PG08 -15733.020233   4344.559879  20852.280262    508.681189  1  6  5  62       
PG09   2613.668512  21434.999093 -15508.362002    769.537901  5  5  2  76       
PG10 -15274.876813 -11218.037050  19017.397426   -579.299606  4  6  3  77       
PG11  16826.636749  -1763.756741 -20401.325671   -488.610384  5  5  6  83       
PG12  20631.541126 -10048.033792 -13649.109398   -606.050153  4  5  3  74       
PG13  17140.608146   4527.233320  19592.785514    690.713815  2  2  3  70       
PG14  12466.252658  13266.784953  19510.383351    726.106843  5  6  5  83       
PG15  14489.968112  -6757.151364  20676.611045    372.839225  4  5  5  58       
PG16 -26740.657667  -1107.942517  -1793.146810    179.589401  2  8  7  63       
PG17  13317.585440  22800.593480   1150.663744    -19.875008  3  7  5  85       
PG18   3133.972728 -23821.662712  11074.811221   -461.516482  5  7  3  86       
PG19  16796.902281  19753.505831  -6972.187771    683.559182  5  6  5  79       
PG20  24528.800281    269.473385  -9972.799501    361.825744  5  4  5  45       
PG21  25408.541557   3154.600950  -7100.618233    371.177767  6  4  4  66       
PG22  17612.208215  11478.722003  16372.567017    -63.314725  1  3  5  92       
PG23   -272.779962 -14711.231410  22174.202385    593.978839  3  7  4  53       
PG24  14552.108008 -19039.203034  10513.118681   -178.890649  5  4  4  68       
PG25   8108.353909 -15592.743090 -20229.153530    452.475076  5  5  3  84       
PG26 -22402.275959  -6018.758806 -13522.942343   -304.706836  3  6  6  76       
PG27 -19534.499111  -6849.416536  16535.454403    -10.880752  1  7  6  64       
PG28  -9039.776430 -14704.992599 -20187.893863   -616.572610  5  6  5  79       
PG29   1304.468775 -20484.112214 -16817.756274   -399.884286  5  6  5  87       
PG30   4182.006827  20402.192894  16515.994655     74.570273  4  3  5  75       
PG31 -15341.003554  -3612.717975 -21690.479093   -174.838322  3  5  5  73       
PG32 -15833.619272 -21449.377334   -392.884737   -181.304176  6  4  4  62       
*  2026  1  2  8 15  0.00000000
PG01 -15013.463605  20819.733519   6699.541055    347.482204  5  4  5  74       
PG02 -15985.649458  12637.338387  17157.646144      7.708990  4  5  4  68       
PG03 -18666.999863  12268.437490 -14473.691394    609.103668  3  5  4  65       
PG04  -9061.412421  12512.426495 -21559.958636     35.543307  5  5  3  69       
PG05  26161.761750  -4590.673133  -1186.467594   -226.583054  3  4  4  71       
PG06   8313.073137  14919.529051 -20224.259579   -597.802764  6  1  1  62       
PG07  -4103.578807  25171.141657   7190.715125   -129.614704  5  5  5  66       
PG08 -17198.049161   2478.862146  20033.889154    508.677710  1  6  5  67       
PG09   1318.867591  20078.577376 -17392.560498    769.538727  5  5  3  42       
PG10 -13109.887333 -11523.888378  20389.735753   -579.302598  5  7  2  73       
PG11  15869.756855    431.837622 -21226.854740   -488.598333  5  5  6  71       
PG12  22028.357983  -9917.720869 -11309.184246   -606.050591  4  5  3  58       
PG13  18109.167606   6504.103024  18153.556334    690.713180  1  3  3  73       
PG14  10215.957024  13612.530825  20531.068330    726.109136  5  5  5  84       
PG15  16208.229279  -5024.512687  19906.074816    372.842545  4  5  4  47       
PG16 -26431.239075  -1343.975199  -4587.878168    179.596153  3  8  7  55       
PG17  12948.778211  22740.447922   4001.312924    -19.886386  4  6  5  95       
PG18   3785.692633 -24756.423302   8486.474482   -461.507656  5  7  3  70       
PG19  16942.170183  20395.176216  -4243.361433    683.561053  5  6  5  86       
PG20  23361.355861    882.000146 -12421.735294    361.826027  5  4  6  42       
PG21  24474.095874   3484.596698  -9734.614280    371.185795  6  5  5  53       
PG22  15691.360828  11716.914804  18128.737883    -63.311322  1  2  5  90       
PG23   2201.885673 -15043.949745  21816.409487    593.983395  3  7  4  61       
PG24  14443.065476 -17580.490470  12862.505917   -178.877522  5  3  4  40       
PG25  10285.616747 -15787.351025 -19006.160298    452.473053  5  5  3  83       
PG26 -20869.943393  -6595.194736 -15550.086360   -304.712373  3  6  5  74       
PG27 -20521.789087  -8393.295334  14592.199489    -10.886876  1  7  6  63       
PG28  -8125.206306 -16750.690477 -18942.724477   -616.568405  4  6  5  89       
PG29   2529.805285 -18873.919848 -18495.740305   -399.878514  5  6  5  84       
PG30   3294.980465  21946.919208  14579.011042     74.581264  5  2  5  74       
PG31 -14350.161644  -5833.665437 -21858.720170   -174.836803  3  5  5  86       
PG32 -15604.929624 -21513.524827   2461.851700   -181.289167  6  4  5  65       
*  2026  1  2  8 30  0.00000000
PG01 -14877.003820  19876.568245   9351.139982    347.479517  5  4  5  81       
PG02 -15654.519666  10657.179900  18815.782283      7.716530  4  5  4  72       
PG03 -20160.158890  12400.893250 -12129.417238    609.095087  3  5  4  69       
PG04 -10645.852770  10592.396227 -21877.368820     35.545565  5  4  3  65       
PG05  25935.714299  -4332.602248  -4055.526767   -226.583846  4  5  4  34       
PG06   7442.598613  16996.021039 -18872.474978   -597.806870  4  1  1  10       
PG07  -4582.823893  25647.370633   4436.590735   -129.619567  4  5  5  75       
PG08 -18674.083003    774.179794  18869.165288    508.674229  2  7  6  55       
PG09   -176.108087  18647.366579 -18978.698743    769.539503  5  5  3  66       
PG10 -10832.443215 -11978.893670  21422.067737   -579.305555  5  7  2  67       
PG11  15002.217183   2741.720013 -21684.939535   -488.586314  6  5  6  40       
PG12  23159.669748  -9827.520331  -8777.122081   -606.050903  4  5  3  35       
PG13  19085.696172   8267.732091  16398.141152    690.712078  1  4  3  73       
PG14   7889.589345  14085.939012  21202.728170    726.111488  4  5  5  71       
PG15  17921.386531  -3448.376031  18776.975735    372.845613  3  5  3  60       
PG16 -25828.974355  -1623.338455  -7306.279624    179.602914  4  8  7  69       
PG17  12386.831530  22443.551384   6782.447626    -19.896765  4  5  5  98       
PG18   4281.165300 -25440.794627   5750.144532   -461.498888  5  6  3  83       
PG19  16944.869464  20774.697433  -1443.850264    683.562712  5  6  5  91       
PG20  21978.672843   1650.576185 -14654.780676    361.825949  5  4  6  47       
PG21  23273.247102   3909.935608 -12201.228300    371.193892  6  5  5  44       
PG22  13610.268593  12069.520757  19577.351296    -63.307579  1  2  5  78       
PG23   4596.151563 -15503.143166  21084.570616    593.987972  3  6  3  58       
PG24  14343.569859 -15865.863735  14979.601278   -178.864379  5  3  4  42       
PG25  12303.186825 -16059.709161 -17463.492932    452.471000  5  5  3  83       
PG26 -19163.645287  -7302.837499 -17318.134533   -304.717963  3  5  5  59       
PG27 -21430.682694  -9703.803915  12397.299459    -10.893049  2  7  7  78       
PG28  -7367.493549 -18689.755444 -17371.582639   -616.564215  4  6  4  73       
PG29   3938.725370 -17192.367861 -19854.963647   -399.872872  5  6  5  85       
PG30   2556.732603  23314.411295  12390.948835     74.592269  5  2  5  88       
PG31 -13475.375181  -8104.373053 -21660.460179   -174.835097  4  5  5  73       
PG32 -15171.733657 -21348.409228   5274.861073   -181.274137  6  4  5  86       
*  2026  1  2  8 45  0.00000000
PG01 -14689.657672  18653.952680  11841.252764    347.476801  5  4  4  53       
PG02 -15396.822187   8503.278380  20155.064377      7.723986  4  5  5  67       
PG03 -21375.407229  12551.883760  -9577.243935    609.086528  4  5  4  62       
PG04 -12339.448275   8750.388025 -21817.314410     35.547792  5  4  3  66       
PG05  25417.397042  -3969.955168  -6855.160951   -226.584164  4  6  5  20       
PG06   6739.644954  18953.075181 -17192.456445   -597.810972  1  5  1  41       
PG07  -4957.521652  25841.464250   1605.023568   -129.624264  4  4  5  67       
PG08 -20120.800440   -748.459862  17379.674980    508.670730  3  7  6  12       
PG09  -1858.961308  17185.658903 -20239.986636    769.540299  5  5  3  46       
PG10  -8490.509215 -12588.767740  22096.690963   -579.308461  5  7  2  58       
PG11  14247.611230   5122.521598 -21767.818984   -488.574277  6  5  6  56       
PG12  24006.885077  -9741.917019  -6095.467221   -606.051465  4  5  3  40       
PG13  20029.164217   9797.126399  14358.144342    690.711463  2  5  4  73       
PG14   5533.275712  14687.466448  21513.211973    726.113777  4  4  6  94       
PG15  19585.149879  -2046.991100  17310.694683    372.849130  3  5  2  50       
PG16 -24950.749909  -1980.054467  -9903.529960    179.609520  4  7  6  58       
PG17  11611.201761  21942.477992   9446.313445    -19.907116  4  4  5 105       
PG18   4648.545379 -25846.495305   2913.409281   -461.490118  5  5  3  75       
PG19  16771.444930  20908.164230   1379.715436    683.564148  6  5  5  96       
PG20  20420.187820   2590.819214 -16632.984505    361.825917  6  5  6  64       
PG21  21835.789250   4458.174865 -14458.017449    371.201889  6  6  5  61       
PG22  11412.320510  12551.155886  20695.247215    -63.304158  1  1  4  90       
PG23   6863.731824 -16068.671137  19990.390750    593.992575  3  6  3  67       
PG24  14286.199918 -13921.552244  16825.440651   -178.851272  4  3  5  58       
PG25  14126.492668 -16381.989220 -15625.855873    452.468991  5  5  3  64       
PG26 -17322.280035  -8153.146823 -18797.420022   -304.723533  3  5  5  51       
PG27 -22220.542563 -10777.844663   9989.768009    -10.899206  3  7  7  79       
PG28  -6759.417240 -20476.915255 -15501.447779   -616.559982  4  6  4  86       
PG29   5519.455572 -15484.978536 -20872.442281   -399.867213  5  6  5  85       
PG30   1950.924152  24467.245041   9988.834314     74.603287  5  2  5  67       
PG31 -12730.532449 -10379.943602 -21098.022709   -174.833061  4  5  4  74       
PG32 -14512.189853 -20985.472536   7998.684682   -181.259066  6  4  5  84       
*  2026  1  2  9  0  0.00000000
PG01 -14489.891749  17163.701334  14126.938517    347.474161  5  4  4  82       
PG02 -15237.667896   6215.104417  21154.883132      7.731359  4  4  5  78       
PG03 -22296.404444  12681.327210  -6860.512691    609.077981  4  5  4  59       
PG04 -14107.898159   7022.606713 -21381.367107     35.550068  5  3  4  68       
PG05  24630.173837  -3470.639880  -9537.659926   -226.584945  5  6  5  72       
PG06   6194.570051  20743.487863 -15213.280267   -597.815096  1  6  3  61       
PG07  -5260.313415  25735.817856  -1254.735473   -129.628945  4  3  5  69       
PG08 -21496.231940  -2076.036306  15592.362654    508.667254  4  7  6  69       
PG09  -3709.345257  15735.903424 -21155.219491    769.541090  6  5  4  61       
PG10  -6133.080041 -13350.797324  22401.648373   -579.311451  5  6  2  68       
PG11  13622.140953   7527.378830 -21474.261803   -488.562263  7  5  7  58       
PG12  24559.656460  -9623.415280  -3309.581480   -606.051889  5  5  3  49       
PG13  20896.955344  11080.079323  12069.899567    690.710461  2  5  4  96       
PG14   3193.216703  15409.783804  21456.418640    726.116117  3  4  6  88       
PG15  21154.503860   -830.209510  15534.748908    372.852089  4  5  2  76       
PG16 -23820.733664  -2444.511773 -12337.023998    179.616468  4  7  6  80       
PG17  10608.619006  21274.630346  11947.663001    -19.918163  5  3  5 102       
PG18   4920.882989 -25953.031509     25.751260   -461.481366  5  5  3  82       
PG19  16392.949073  20818.638132   4180.251597    683.565664  6  5  4  86       
PG20  18729.281648   3710.645076 -18321.838608    361.825673  6  5  6  81       
PG21  20197.809268   5150.951224 -16466.133690    371.209949  6  6  5  46       
PG22   9143.429762  13168.926569  21464.918053    -63.300149  1  1  4  81       
PG23   8962.905711 -16713.185473  18551.861985    593.997117  3  5  3  63       
PG24  14299.247274 -11781.369866  18366.050000   -178.838205  4  2  5  34       
PG25  15727.036179 -16721.449474 -13523.086024    452.466945  5  5  3  73       
PG26 -15387.344974  -9150.439484 -19962.885981   -304.729083  3  5  4  80       
PG27 -22852.532255 -11620.791015   7411.814114    -10.905355  4  7  6  74       
PG28  -6286.099228 -22070.302796 -13364.457413   -616.555799  4  6  4  88       
PG29   7252.202649 -13795.457775 -21531.126413   -399.861100  5  6  5  76       
PG30   1454.993130  25373.232113   7413.645525     74.614273  5  2  4  88       
PG31 -12121.868930 -12613.814050 -20179.744173   -174.831465  4  5  4  48       
PG32 -13611.635706 -20460.922815  10587.598760   -181.243941  6  5  6  92       
*  2026  1  2  9 15  0.00000000
PG01 -14314.240514  15426.035599  16168.823853    347.471485  5  4  4  80       
PG02 -15195.323469   3836.160701  21800.438171      7.738939  4  4  5  75       
PG03 -22915.857488  12747.847675  -4025.612560    609.069425  5  5  3  56       
PG04 -15911.683218   5438.839998 -20577.566838     35.552296  5  3  4  81       
PG05  23604.631547  -2807.824981 -12057.479003   -226.585595  5  6  5  53       
PG06   5789.750657  22324.071982 -12969.309200   -597.819217  4  7  3  63       
PG07  -5526.486970  25321.413445  -4092.189010   -129.633682  4  3  4  59       
PG08 -22758.328000  -3203.769417  13539.000947    508.663754  4  7  6  75       
PG09  -5699.469803  14337.144806 -21709.108073    769.541876  6  5  4  57       
PG10  -3808.528511 -14253.823667  22330.954647   -579.314317  4  6  3  77       
PG11  13134.051268   9907.563327 -20809.574166   -488.550240  7  5  7  63       
PG12  24816.234263  -9434.138273   -466.918970   -606.052230  5  4  3  56       
PG13  21646.562334  12113.378097   9573.762143    690.709558  3  6  4  87       
PG14    914.110664  16237.952404  21032.452200    726.118409  3  4  6  70       
PG15  22585.453786    200.649310  13482.152403    372.855455  4  5  2  37       
PG16 -22469.490637  -3042.193318 -14566.968879    179.623507  5  6  5  66       
PG17   9373.714888  20480.674251  14244.487991    -19.928668  4  3  5  92       
PG18   5134.621562 -25748.542845  -2862.350776   -461.472563  5  4  2  72       
PG19  15786.271213  20535.187437   6910.932141    683.567498  6  5  5  84       
PG20  16951.654887   5009.758082 -19691.903587    361.825956  6  6  6  78       
PG21  18400.378149   6002.959206 -18190.993161    371.217946  6  6  5  68       
PG22   6850.458572  13922.116440  21874.694610    -63.296683  2  1  4  75       
PG23  10857.955459 -17403.177955  16793.012330    594.001718  3  5  2  68       
PG24  14405.407857  -9485.532164  19573.192426   -178.825073  3  2  5  29       
PG25  17083.350396 -17041.717408 -11189.761101    452.464862  5  5  3  58       
PG26 -13401.520944 -10291.557921 -20794.488636   -304.734668  3  5  4  90       
PG27 -23291.118425 -12245.995051   4708.068996    -10.911638  5  6  6  69       
PG28  -5925.741992 -23432.959328 -10997.357633   -616.551608  4  6  4  85       
PG29   9109.759922 -12164.110509 -21820.161775   -399.855409  6  7  5  74       
PG30   1041.198258  26006.652253   4709.633704     74.625244  5  3  3  91       
PG31 -11647.777116 -14759.324978 -18919.918615   -174.829777  4  4  4  65       
PG32 -12463.272507 -19814.257058  12998.324069   -181.228750  5  5  6  94       
*  2026  1  2  9 30  0.00000000
PG01 -14195.765979  13468.954981  17931.782826    347.468777  5  4  4  66       
PG02 -15280.562621   1412.506210  22082.833815      7.746500  4  4  5  76       
PG03 -23235.724388  12710.527548  -1121.208059    609.060928  5  5  3  68       
PG04 -17707.482852   4021.486672 -19420.246847     35.554546  5  3  4  80       
PG05  22377.386515  -1961.141399 -14371.980791   -226.586186  6  6  6  47       
PG06   5500.438577  23657.239792 -10499.580504   -597.823337  6  8  3  76       
PG07  -5792.379831  24598.362229  -6856.541083   -129.638679  4  2  4  76       
PG08 -23866.520907  -4135.033996  11255.578969    508.660233  5  7  6  68       
PG09  -7794.992800  13023.609432 -21892.509769    769.542644  5  5  4  65       
PG10  -1562.970429 -15278.542973  21884.745620   -579.317295  4  6  3  79       
PG11  12783.388961  12214.185583 -19785.491018   -488.538196  8  6  6  64       
PG12  24783.506581  -9137.467350   2383.755008   -606.052679  5  4  3  38       
PG13  22237.270404  12902.661418   6913.350230    690.708708  4  6  3  96       
PG14  -1262.373519  17149.904942  20247.678899    726.120667  3  4  6  65       
PG15  23836.717945   1052.568145  11190.671884    372.858743  5  5  2  45       
PG16 -20932.892525  -3792.591403 -16556.933338    179.630610  5  6  5  87       
PG17   7909.340576  19602.888046  16298.665998    -19.939641  4  3  5  96       
PG18   5327.956394 -25230.317892  -5700.346120   -461.463830  5  4  2  77       
PG19  14935.168397  20091.715911   9525.904741    683.569263  5  4  5  93       
PG20  15133.622485   6479.471356 -20719.341010    361.825664  6  6  6  80       
PG21  16488.060898   7021.202691 -19602.872909    371.225981  6  6  6  82       
PG22   4579.634387  14802.173930  21918.843340    -63.293284  2  1  4  89       
PG23  12520.384092 -18100.289157  14743.543635    594.006293  3  5  2  60       
PG24  14620.723571  -7079.196481  20424.980570   -178.811848  3  2  5  66       
PG25  18181.712594 -17304.242277  -8664.716296    452.462813  5  5  3  62       
PG26 -11407.217066 -11565.815116 -21277.539109   -304.740220  3  4  4  92       
PG27 -23505.434896 -12674.008094   1924.806134    -10.917857  5  6  6  53       
PG28  -5650.642054 -24534.160031  -8440.872928   -616.547388  4  5  4  86       
PG29  11058.402882 -10626.405270 -21735.043190   -399.849692  6  7  6  74       
PG30    677.881273  26349.256049   1923.567751     74.636229  5  3  3  86       
PG31 -11298.916894 -16771.317415 -17338.652285   -174.828199  4  4  3  69       
PG32 -11068.560358 -19086.686341  15190.685771   -181.213649  5  5  6  81       
*  2026  1  2  9 45  0.00000000
PG01 -14162.665288  11327.314704  19385.539999    347.466042  5  5  5  69       
PG02 -15496.311602  -1008.782802  21999.089045      7.754033  4  4  5  69       
PG03 -23267.069941  12530.665205   1802.589108    609.052392  5  5  3  64       
PG04 -19449.742604   2784.881660 -17929.753430     35.556797  6  3  5  72       
PG05  20989.683161   -917.631967 -16442.119688   -226.586413  6  6  6  76       
PG06   5295.907200  24712.376113  -7847.104992   -597.827498  8  7  2  31       
PG07  -6093.703545  23576.092387  -9497.702289   -129.643338  4  1  3  67       
PG08 -24783.221956  -4880.966893   8781.642983    508.656670  6  7  6  56       
PG09  -9956.162166  11823.490789 -21702.559152    769.543412  5  4  3  46       
PG10    561.297009 -16398.118810  21069.345606   -579.320219  4  5  4  70       
PG11  12562.094011  14399.906361 -18419.954076   -488.526087  8  6  6  50       
PG12  24476.717510  -8699.658372   5193.190264   -606.052986  5  4  3  52       
PG13  22631.762651  13461.942035   4134.751894    690.707867  5  6  3  88       
PG14  -3299.016519  18117.216124  19114.681170    726.122960  4  4  6  84       
PG15  24871.293717   1740.257900   8702.004425    372.861889  5  5  2  53       
PG16 -19250.859486  -4708.343362 -18274.348747    179.637461  5  5  4  87       
PG17   6226.570888  18683.491701  18076.516867    -19.949770  4  4  5  82       
PG18   5539.121790 -24404.956562  -8438.542281   -461.455032  5  4  2  75       
PG19  13831.060230  19525.619441  11981.003937    683.570627  5  4  5  91       
PG20  13320.395908   8102.865545 -21386.341107    361.825116  6  6  6  72       
PG21  14507.302430   8204.549780 -20677.424700    371.234156  6  6  5  63       
PG22   2375.012013  15792.995168  21597.579725    -63.289185  3  2  3  85       
PG23  13929.863387 -18762.830489  12438.361107    594.010853  3  4  2  37       
PG24  14953.825317  -4610.791134  20906.333811   -178.798678  2  2  5  48       
PG25  19016.579969 -17469.867199  -5990.469716    452.460794  5  5  3  42       
PG26  -9445.125335 -12955.220951 -21402.978639   -304.745668  2  4  3  75       
PG27 -23470.462277 -12931.552018   -890.832427    -10.924088  6  6  6  54       
PG28  -5428.439256 -25350.510670  -5739.005954   -616.543249  5  5  4  91       
PG29  13059.038541  -9211.741199 -21277.660093   -399.843821  7  7  6  59       
PG30    330.899797  26390.994078   -896.085954     74.647166  5  3  2  68       
PG31 -11058.628125 -18607.700252 -15461.624023   -174.826240  4  4  3  71       
PG32  -9437.312202 -18319.520581  17128.217635   -181.198604  4  6  6  66       
*  2026  1  2 10  0  0.00000000
PG01 -14237.080646   9041.645638  20505.186425    347.463367  5  5  5  81       
PG02 -15837.592361  -3381.161664  21552.069963      7.761517  5  4  5  63       
PG03 -23029.574623  12173.468085   4695.090765    609.043868  5  5  3  60       
PG04 -21092.331476   1734.940672 -16132.067311     35.559009  6  3  5  69       
PG05  19485.838710    327.584751 -18233.060630   -226.587188  6  6  6  71       
PG06   5140.841545  25466.946721  -5058.091180   -597.831697  8  6  1  57       
PG07  -6463.861975  22273.159390 -11967.326645   -129.648151  4  1  3  66       
PG08 -25475.200522  -5459.789074   6159.602885    508.653157  6  6  6  65       
PG09 -12139.165651  10757.978109 -21142.697527    769.544182  5  4  3  75       
PG10   2527.227447 -17579.090074  19897.247337   -579.323147  4  5  4  59       
PG11  12454.418148  16420.589628 -16736.781648   -488.514028  8  6  6  58       
PG12  23918.868653  -8091.370583   7912.510229   -606.053240  5  3  3  76       
PG13  22797.587742  13812.820450   1285.714085    690.707112  5  6  3  89       
PG14  -5164.306652  19106.138069  17652.104990    726.125255  5  4  6  69       
PG15  25657.834412   2285.274620   6060.903435    372.865329  6  4  1  55       
PG16 -17465.976328  -5794.614658 -19690.960868    179.644385  5  5  4  91       
PG17   4344.402128  17763.018520  19549.266417    -19.960717  4  5  5  84       
PG18   5804.678048 -23288.171433 -11029.020600   -461.446285  5  4  2  71       
PG19  12473.556746  18876.316026  14234.454246    683.572531  5  4  5  96       
PG20  11554.421404   9855.280260 -21681.437493    361.824885  6  6  6  70       
PG21  12504.751202   9543.609059 -21396.096974    371.242141  5  6  5  80       
PG22    277.033122  16871.487599  20917.002601    -63.285678  3  3  3  81       
PG23  15074.871782 -19347.461808   9916.999427    594.015425  3  4  1  65       
PG24  15405.512979  -2130.211120  21009.266177   -178.785494  2  2  5  73       
PG25  19590.724010 -17500.463414  -3212.559519    452.458756  5  4  3  69       
PG26  -7552.835229 -14434.986271 -21167.581421   -304.751273  2  4  3  88       
PG27 -23167.985383 -13050.285840  -3691.592454    -10.930356  7  6  5  80       
PG28  -5223.552941 -25866.772920  -2938.279256   -616.539025  5  5  4  83       
PG29  15068.563775  -7942.462479 -20456.235397   -399.837943  8  7  6  76       
PG30    -34.825846  26130.438574  -3700.033429     74.658120  5  3  1  69       
PG31 -10903.636307 -20230.930374 -13319.748511   -174.824604  4  3  2  99       
PG32  -7587.486235 -17552.570683  18778.705900   -181.183558  4  6  6  43       
*  2026  1  2 10 15  0.00000000
PG01 -14434.157788   6656.762409  21271.600121    347.460813  5  5  5  79       
PG02 -16291.757367  -5660.124837  20750.352572      7.769098  5  4  5  64       
PG03 -22550.711849  11609.612329   7505.929979    609.035345  5  5  3  77       
PG04 -22590.225575    869.134752 -14058.334956     35.561201  6  3  4  67       
PG05  17911.592707   1770.959209 -19714.725048   -226.588220  6  6  6  75       
PG06   4996.914815  25907.297696  -2181.110418   -597.835895  8  6  1  87       
PG07  -6932.341006  20716.673845 -14219.850092   -129.653027  4  1  2  68       
PG08 -25914.797500  -5895.874203   3434.016659    508.649537  7  6  5  60       
PG09 -14297.637914   9840.563034 -20222.602274    769.544964  5  4  2  60       
PG10   4304.275254 -18782.547624  18386.999414   -579.326091  3  5  4  66       
PG11  12437.652549  18236.833590 -14765.237338   -488.501977  8  6  6  73       
PG12  23139.821478  -7289.044938  10494.087471   -606.053795  5  2  3  66       
PG13  22708.437103  13983.426571  -1585.171732    690.706117  6  6  3  71       
PG14  -6833.485914  20078.864490  15884.398778    726.127513  5  4  6  53       
PG15  26171.785041   2714.875212   3314.278859    372.868422  6  4  1  60       
PG16 -15622.028418  -7048.748809 -20783.231107    179.651489  5  5  4  85       
PG17   2289.161954  16878.787774  20693.417588    -19.971825  4  6  5  91       
PG18   6157.869821 -21904.235695 -13426.517120   -461.437459  6  4  2  62       
PG19  10870.696512  18183.699669  16247.555047    683.573945  5  3  4  75       
PG20   9873.840623  11705.118918 -21599.703041    361.825091  6  6  6  72       
PG21  10525.584810  11020.933041 -21746.457617    371.250237  5  6  5  70       
PG22  -1678.769943  18008.391183  19888.954087    -63.282098  3  3  3  71       
PG23  15952.993677 -19810.959326   7222.953169    594.020001  3  5  1  45       
PG24  15968.690318    313.035765  20732.998226   -178.772318  2  2  5  73       
PG25  19915.050307 -17360.563937   -378.798686    452.456675  5  4  3  50       
PG26  -5763.557700 -15974.291699 -20574.078999   -304.756807  2  4  3  76       
PG27 -22587.299971 -13065.417167  -6430.837779    -10.936609  7  6  5  72       
PG28  -4998.748673 -26076.386324    -86.932077   -616.534852  5  4  3  71       
PG29  17041.380558  -6833.155323 -19285.160646   -399.832129  8  7  6  52       
PG30   -453.714692  25574.875919  -6439.055288     74.669124  5  4  1  57       
PG31 -10805.031003 -21609.348573 -10948.740972   -174.822894  5  3  2  84       
PG32  -5544.685760 -16822.624048  20114.668734   -181.168532  3  6  6  48       
*  2026  1  2 10 30  0.00000000
PG01 -14761.389248   4220.213491  21671.764493    347.458050  6  6  5  80       
PG02 -16839.001639  -7804.624296  19608.022864      7.776847  5  4  5  42       
PG03 -21864.622574  10816.603954  10185.968613    609.026884  5  5  3  88       
PG04 -23901.154347    176.792523 -11744.319163     35.563408  6  3  4  62       
PG05  16312.422485   3400.475692 -20862.258215   -226.588290  6  6  6  72       
PG06   4824.486800  26029.114310    733.779779   -597.840099  8  5  1  62       
PG07  -7523.247398  18941.361141 -16213.497386   -129.657799  4  1  1  73       
PG08 -26080.932913  -6218.602939    650.863709    508.645978  7  6  4  47       
PG09 -16384.269173   9076.648749 -18958.017947    769.545750  5  4  1  64       
PG10   5869.414614 -19965.542446  16562.996655   -579.329115  3  4  4  79       
PG11  12483.134543  19815.321532 -12539.506423   -488.489927  7  6  5  82       
PG12  22175.130889  -6276.072848  12892.419067   -606.054174  4  1  3  73       
PG13  22345.187625  14007.134876  -4429.274211    690.705528  6  5  3  68       
PG14  -8289.341036  20994.977739  13841.444020    726.129818  6  4  6  74       
PG15  26396.238424   3060.668639    510.295516    372.871657  7  4  1  68       
PG16 -13762.504638  -8460.195846 -21532.685563    179.658511  5  4  3  92       
PG17     93.658822  16063.530404  21491.030987    -19.982123  4  6  4  88       
PG18   6627.124247 -20285.100454 -15589.249457   -461.428612  6  4  3  70       
PG19   9038.881202  17486.572441  17985.337999    683.576098  5  4  3  89       
PG20   8311.134499  13614.934785 -21142.823744    361.824682  6  6  5  86       
PG21   8611.901691  12611.541865 -21722.411845    371.258284  5  6  5  74       
PG22  -3462.884597  19169.326601  18530.809381    -63.278588  3  4  3  87       
PG23  16570.864858 -20112.003398   4402.922051    594.024563  3  5  1  44       
PG24  16628.654269   2671.647156  20083.893579   -178.759128  3  2  5  78       
PG25  20008.102560 -17018.930779   2461.543260    452.454625  5  4  4  66       
PG26  -4105.005554 -17537.298897 -19631.199966   -304.762391  2  5  3  88       
PG27 -21725.649693 -13014.210962  -9063.247656    -10.942860  7  5  5  88       
PG28  -4716.773931 -25981.666591   2765.913671   -616.530693  6  4  3  89       
PG29  18931.010612  -5890.251748 -17784.731746   -399.826327  8  7  6  57       
PG30   -957.942529  24740.061946  -9064.921934     74.680114  5  4  1  84       
PG31 -10729.485620 -22718.317378  -8388.583909   -174.821237  5  2  2  98       
PG32  -3341.384970 -16162.046349  21113.767814   -181.153543  4  6  5  62       
*  2026  1  2 10 45  0.00000000
PG01 -15218.267390   1780.632950  21698.980033    347.455328  6  6  5  70       
PG02 -17453.130060  -9778.355127  18144.420067      7.784315  6  4  5  67       
PG03 -21010.729275   9779.883435  12688.196275    609.018418  5  5  3  89       
PG04 -24987.147751   -360.284370  -9229.779124     35.565632  7  4  4  26       
PG05  14731.886185   5195.937204 -21656.413327   -226.589195  7  7  5  76       
PG06   4584.354676  25837.522193   3635.936117   -597.844245  8  3  4  42       
PG07  -8254.070001  16988.287157 -17911.222753   -129.662680  4  1  1  68       
PG08 -25959.875687  -6461.048068  -2143.183398    508.642344  7  5  4  51       
PG09 -18352.456168   8463.474953 -17370.492082    769.546561  5  4  1  27       
PG10   7207.885889 -21082.678519  14455.169721   -579.332093  3  4  3  78       
PG11  12557.492510  21129.941536 -10098.090194   -488.477853  7  5  4  72       
PG12  21064.652405  -5043.703148  15064.983122   -606.054465  4  1  3  76       
PG13  21696.675750  13921.105253  -7198.705556    690.704369  7  4  4  79       
PG14  -9522.705604  21813.024398  11558.080169    726.132085  6  5  5  65       
PG15  26322.486915   3357.124970  -2302.509393    372.874873  7  4  1  70       
PG16 -11929.115750 -10010.723163 -21926.209478    179.665701  4  4  3  81       
PG17  -2203.893826  15344.212605  21929.918029    -19.992907  4  6  4  82       
PG18   7234.751081 -18469.218216 -17479.672010   -461.419844  6  4  3  83       
PG19   7002.502797  16821.111351  19417.186761    683.577805  5  3  3  76       
PG20   6892.003516  15542.754629 -20319.050114    361.824686  6  6  5  84       
PG21   6801.240542  14283.747953 -21324.311275    371.266323  4  6  5  66       
PG22  -5052.707570  20316.033422  16865.200130    -63.274788  4  4  2  85       
PG23  16943.763145 -20212.913542   1505.984232    594.029105  4  5  2  61       
PG24  17363.720144   4902.227115  19075.227949   -178.745904  4  2  5  76       
PG25  19895.262629 -16449.989388   5258.618668    452.452537  5  3  4  36       
PG26  -2598.473319 -19084.372922 -18353.618942   -304.767959  2  5  3  81       
PG27 -20588.383548 -12934.449401 -11545.476151    -10.949138  7  5  5  81       
PG28  -4341.998399 -25593.672509   5571.103534   -616.526525  6  5  3  87       
PG29  20691.748789  -5111.952769 -15980.790823   -399.820632  8  6  6  53       
PG30  -1575.941624  23649.646515 -11531.301080     74.691097  5  4  1  58       
PG31 -10640.676327 -23541.112318  -5682.899010   -174.819286  5  2  2 100       
PG32  -1015.907871 -15597.557933  21759.148938   -181.138558  4  6  5  78       
*  2026  1  2 11  0  0.00000000
PG01 -15796.259994   -613.943044  21352.966590    347.452627  7  6  5  40       
PG02 -18102.551470 -11550.869629  16383.827714      7.791627  6  5  5  33       
PG03 -20032.143046   8493.625093  14968.601443    609.010004  5  5  3  96       
PG04 -25815.926944   -766.918512  -6557.790778     35.567819  7  4  4  44       
PG05  13210.053297   7129.559271 -22083.848643   -226.589512  7  7  5  90       
PG06   4239.484862  25346.828356   6475.035313   -597.848452  8  1  6  29       
PG07  -9134.727316  14903.303202 -19281.550407   -129.667189  4  1  1  66       
PG08 -25545.752347  -6658.539825  -4901.480496    508.638757  7  5  3  69       
PG09 -20157.934763   7990.360574 -15487.019740    769.547340  6  5  2  59       
PG10   8313.635691 -22087.834913  12098.571854   -579.335049  3  3  3  63       
PG11  12624.079129  22162.633472  -7483.129779   -488.465787  6  5  4  73       
PG12  19850.976178  -3591.644578  16973.056674   -606.054859  4  1  2  84       
PG13  20760.179306  13764.706122  -9847.074047    690.703626  7  3  4  76       
PG14 -10532.650134  22492.158486   9073.528972    726.134338  6  5  5  78       
PG15  25950.258865   3640.007063  -5076.072031    372.878152  8  3  1  71       
PG16 -10160.376559 -11674.904601 -21956.283783    179.672678  5  4  3  76       
PG17  -4561.137348  14741.093792  22003.750577    -20.003653  4  6  4  69       
PG18   7995.898058 -16500.121637 -19065.144009   -461.411016  6  4  4  73       
PG19   4793.270142  16219.427184  20517.407765    683.579735  5  3  1  80       
PG20   5634.527404  17443.586910 -19143.028391    361.824816  6  6  5  94       
PG21   5125.284165  16000.250641 -20558.952063    371.274344  4  5  5  64       
PG22  -6433.185526  21407.755897  14919.674500    -63.270806  4  4  2  64       
PG23  17094.858238 -20081.258958  -1417.286576    594.033670  5  5  2  77       
PG24  18146.148008   6966.796556  17726.804792   -178.732700  4  2  4  87       
PG25  19607.672019 -15635.066581   7962.923788    452.450465  4  2  4  68       
PG26  -1258.154070 -20573.475658 -16761.809322   -304.773534  2  5  3  74       
PG27 -19188.833154 -12862.896191 -13836.769886    -10.955425  7  5  5  90       
PG28  -3841.994221 -24931.746675   8280.301679   -616.522335  6  5  3  80       
PG29  22280.293519  -4488.471748 -13904.280787   -399.814723  9  6  6  46       
PG30  -2331.047265  22334.288424 -13794.636319     74.702085  4  4  2  71       
PG31 -10500.848210 -24069.525888  -2878.230298   -174.817507  6  1  3  98       
PG32   1388.804623 -15149.227361  22039.708650   -181.123561  5  6  5  66       
*  2026  1  2 11 15  0.00000000
PG01 -16479.108632  -2917.730794  20639.855357    347.449880  7  7  5  70       
PG02 -18751.465462 -13098.486721  14355.115962      7.799023  5  5  5  66       
PG03 -18973.927145   6961.194809  16986.995335    609.001570  5  5  2  55       
PG04 -26362.087364  -1073.402979  -3774.018764     35.569992  7  4  4  44       
PG05  11782.079141   9166.850750 -22137.334866   -226.590012  7  6  5  87       
PG06   3756.655953  24579.914376   9201.967157   -597.852660  8  1  6  29       
PG07 -10166.951638  12735.279950 -20299.284030   -129.672230  5  1  1  36       
PG08 -24840.780367  -6847.163379  -7578.119580    508.635141  7  5  4  73       
PG09 -21760.334189   7639.254658 -13339.601731    769.548154  6  5  3  52       
PG10   9189.427307 -22935.954422   9532.862604   -579.338057  2  3  2  49       
PG11  12644.536210  22903.932424  -4739.671986   -488.453782  6  5  3  72       
PG12  18577.749898  -1928.333020  18582.474941   -606.055336  3  1  2  76       
PG13  19541.594168  13577.878865 -12330.197499    690.702730  6  2  4  63       
PG14 -11326.349156  22993.787089   6430.726139    726.136601  7  5  4  82       
PG15  25287.641961   3944.788913  -7763.597054    372.880839  8  3  2  84       
PG16  -8490.299188 -13420.875490 -21621.159501    179.679567  4  4  3  96       
PG17  -6932.965936  14267.046756  21712.091262    -20.014816  5  6  4  73       
PG18   8917.803436 -14424.816497 -20318.497512   -461.402187  5  4  4  76       
PG19   2449.252544  15708.271143  21265.739938    683.581223  5  3  1  76       
PG20   4548.635680  19271.054275 -17635.516295    361.824490  6  6  4  83       
PG21   3608.797342  17719.459249 -19439.461874    371.282410  4  5  4  46       
PG22  -7597.186274  22402.729752  12726.296607    -63.267708  4  4  2  73       
PG23  17054.149365 -19691.276971  -4315.742316    594.038228  5  5  3  64       
PG24  18943.321946   8834.051772  16064.436713   -178.719545  5  2  4  72       
PG25  19180.913477 -14563.374087  10526.244576    452.448401  4  2  4  61       
PG26    -90.723465 -21961.682504 -14881.795292   -304.779096  3  5  3  78       
PG27 -17547.917662 -12833.817036 -15899.541474    -10.961675  7  5  5  92       
PG28  -3188.993914 -24022.747957  10846.827935   -616.518148  5  5  3  68       
PG29  23657.293816  -4002.586858 -11590.720184   -399.809497  9  5  5  56       
PG30  -3240.349910  20830.495634 -15814.975646     74.713113  4  4  2  82       
PG31 -10272.468497 -24304.153492    -23.247869   -174.815732  6  1  3  86       
PG32   3826.597611 -14829.717563  21950.283958   -181.108581  5  6  4  72       
*  2026  1  2 11 30  0.00000000
PG01 -17243.437619  -5088.762018  19572.071586    347.447201  7  7  4           
PG02 -19361.202976 -14404.969434  12091.337454      7.806330  5  5  5  42       
PG03 -17881.287309   5195.243532  18707.769615    608.993151  5  5  2  84       
PG04 -26608.031059  -1314.141762   -925.951560     35.572196  7  4  4  71       
PG05  10476.974420  11267.749868 -21815.870723   -226.590753  7  6  4  87       
PG06   3107.946991  23567.308120  11769.697537   -597.856888  9  3  7  61       
PG07 -11344.042743  10534.212722 -20946.059345   -129.677098  5  1  1  45       
PG08 -23855.220986  -7062.241463 -10128.616553    508.631525  7  4  4  69       
PG09 -23124.595561   7385.574655 -10964.722506    769.548919  6  5  3  48       
PG10   9846.609932 -23584.830717   6801.690957   -579.341053  2  2  2  41       
PG11  12580.429649  23353.189601  -1914.890387   -488.441710  5  5  2  72       
PG12  17287.958972    -70.846575  19864.312232   -606.055563  3  1  2  77       
PG13  18055.303495  13399.502886 -14606.770936    690.701853  6  2  5  64       
PG14 -11918.627531  23283.151657   3675.571158    726.138878  7  5  4  84       
PG15  24350.707331   4305.121424 -10320.291949    372.884464  8  3  4  86       
PG16  -6947.242592 -15211.333160 -20924.964790    179.686638  4  4  3  94       
PG17  -9273.014110  13927.158777  21060.348557    -20.025359  6  6  4  80       
PG18   9999.374709 -12292.055004 -21218.495319   -461.393392  5  4  5  61       
PG19     13.669155  15307.941714  21647.790718    683.582907  4  3  1  74       
PG20   3635.907553  20979.085558 -15822.990442    361.824491  6  6  4  83       
PG21   2268.839336  19396.994119 -17985.077325    371.290498  4  5  4  77       
PG22  -8545.588191  23259.720293  10321.187599    -63.263873  4  4  2  73       
PG23  16857.133006 -19025.039163  -7138.600547    594.042788  6  5  3  53       
PG24  19719.123815  10480.324329  14119.315303   -178.706342  6  1  3  81       
PG25  18653.503727 -13232.688885  12902.603614    452.446353  4  1  5  71       
PG26    904.787617 -23206.767885 -12744.800156   -304.784693  3  5  3  80       
PG27 -15693.492101 -12877.605016 -17699.896587    -10.967957  7  5  5 104       
PG28  -2361.168346 -22900.005627  13226.465852   -616.513952  5  5  3  51       
PG29  24788.755696  -3630.480385  -9079.606764   -399.803667  9  5  5  64       
PG30  -4313.803070  19179.238250 -17556.729906     74.724091  4  4  3  71       
PG31  -9919.900641 -24254.342684   2832.115007   -174.813838  6  1  3  86       
PG32   6249.627582 -14643.812088  21491.762130   -181.093468  6  5  4  61       
*  2026  1  2 11 45  0.00000000
PG01 -18059.649410  -7090.296230  18168.110807    347.444419  7  7  4  19       
PG02 -19891.677902 -15461.949665   9629.278076      7.814007  4  5  5  58       
PG03 -16797.763129   3217.429390  20100.570175    608.984700  5  5  2  87       
PG04 -26544.614563  -1526.136768   1937.888378     35.574431  7  3  5  50       
PG05   9316.614032  13387.974938 -21124.705384   -226.591492  7  6  4  81       
PG06   2272.012230  22345.973056  14134.085276   -597.861059  9  7  8  54       
PG07 -12651.004383   8349.288087 -21210.720767   -129.681771  5  1  1  65       
PG08 -22607.055187  -7336.854699 -12510.573507    508.627900  7  4  5  62       
PG09 -24222.202073   7199.300845  -8402.754678    769.549708  6  4  3  21       
PG10  10304.548275 -23996.823143   3951.983309   -579.343967  3  2  1  56       
PG11  12394.890798  23518.464254    942.724661   -488.429624  5  5  2  83       
PG12  16022.235620   1955.533299  20795.466143   -606.056054  3  2  1  76       
PG13  16323.747487  13265.819265 -16638.982948    690.700923  6  1  5  71       
PG14 -12331.201662  23330.779469    856.108746    726.141174  7  5  3  84       
PG15  23162.858336   4751.401056 -12704.033810    372.887683  8  3  5  78       
PG16  -5552.960021 -17004.754392 -19877.738605    179.693705  4  4  4  93       
PG17 -11535.183328  13718.623441  20059.660289    -20.036094  6  6  4  78       
PG18  11231.108454 -10150.559561 -21750.171882   -461.384608  5  4  5  66       
PG19  -2466.536456  15031.438566  21655.385447    683.584783  4  3  1  58       
PG20   2889.706313  22523.600651 -13737.154533    361.824774  6  5  4  75       
PG21   1114.280995  20987.308118 -16220.815426    371.298622  4  4  5  62       
PG22  -9287.083944  23939.560193   7744.010536    -63.260414  4  4  2  75       
PG23  16543.254978 -18073.315165  -9836.382613    594.047355  6  5  4  52       
PG24  20435.436676  11890.211779  11927.294068   -178.693164  6  1  3  68       
PG25  18065.258796 -11649.693740  15049.183513    452.444286  4  1  5  61       
PG26   1736.820708 -24268.800149 -10386.790097   -304.790327  3  5  3  76       
PG27 -13659.462175 -13019.555707 -19208.112876    -10.974195  7  4  5 103       
PG28  -1343.674306 -21602.035961  15378.227475   -616.509739  4  5  4  53       
PG29  25647.256124  -3342.832175  -6413.758953   -399.798067  8  4  4  61       
PG30  -5553.625998  17424.391982 -18989.342927     74.735077  4  4  3  72       
PG31  -9411.029607 -23937.800735   5637.575281   -174.811954  6  1  3  81       
PG32   8609.958323 -14588.239995  20671.107536   -181.078491  6  5  4  72       
*  2026  1  2 12  0  0.00000000
PG01 -18893.071398  -8892.029669  16452.212982    347.441657  7  7  4  21       
PG02 -20302.903715 -16269.086174   7008.963284      7.821432  4  5  5  64       
PG03 -15763.495333   1057.777126  21140.871059    608.976222  5  5  2  86       
PG04 -26171.489159  -1747.379012   4768.747664     35.576663  7  4  6  63       
PG05   8315.021048  15480.541642 -20075.267030   -226.591931  7  6  3  87       
PG06   1235.092865  20957.865092  16254.638264   -597.865249  8  8  8           
PG07 -14065.056245   6227.003690 -21089.511140   -129.686396  5  1  1  82       
PG08 -21121.395051  -7700.450365 -14684.310526    508.624245  7  4  5  90       
PG09 -25032.174737   7046.286117  -5697.298185    769.550494  6  4  4  52       
PG10  10589.728116 -24140.428208   1033.145131   -579.346883  3  2  2  54       
PG11  12054.200745  23416.092636   3784.193179   -488.417613  6  5  2  69       
PG12  14817.268554   4118.100629  21359.128720   -606.056416  4  2  2  87       
PG13  14376.711240  13208.967795 -18393.076116    690.700057  6  2  5  71       
PG14 -12591.644524  23113.744075  -1978.342026    726.143442  7  5  3  65       
PG15  21753.936238   5309.489925 -14875.964828    372.890557  8  3  5  80       
PG16  -4321.881392 -18756.793329 -18495.384362    179.700726  5  4  4  97       
PG17 -13675.157023  13630.923971  18726.708751    -20.047221  7  5  4 101       
PG18  12595.351975  -8047.268049 -21905.053303   -461.375745  6  4  5  34       
PG19  -4942.287208  14883.902501  21286.817530    683.586367  3  3  3  57       
PG20   2295.639891  23864.122512 -11414.359189    361.824614  6  5  4  71       
PG21    145.644675  22445.366239 -14177.044413    371.306633  5  4  5  64       
PG22  -9837.703321  24406.634650   5037.401332    -63.256596  4  4  2  68       
PG23  16154.210790 -16836.096792 -12361.829123    594.051933  6  5  4  43       
PG24  21053.710559  13056.865079   9528.109525   -178.679995  6  1  3  76       
PG25  17455.601280  -9829.955974  16927.201221    452.442256  5  1  5  74       
PG26   2420.817964 -25111.683471  -7847.915098   -304.795891  3  5  3  64       
PG27 -11484.695075 -13278.832042 -20399.068852    -10.980435  7  4  5  99       
PG28   -129.430149 -20171.071265  17265.061360   -616.505525  4  5  4  69       
PG29  26212.919722  -3106.125360  -3638.605136   -399.792570  8  3  4  68       
PG30  -6954.027144  15611.077391 -20087.857711     74.746083  4  4  3  71       
PG31  -8718.768398 -23379.870276   8343.444797   -174.810346  6  1  4  86       
PG32  10861.172348 -14651.808332  19501.302574   -181.063512  6  4  4  75       
*  2026  1  2 12 15  0.00000000
PG01 -19705.309569 -10471.055750  14453.940628    347.438791  7  7  4  69       
PG02 -20556.526921 -16833.949001   4273.120281      7.829036  3  5  5  52       
PG03 -14813.641007  -1246.300760  21810.435018    608.967701  5  5  2  61       
PG04 -25497.121538  -2015.204866   7518.446372     35.578914  7  4  6  82       
PG05   7477.952258  17497.392807 -18684.997574   -226.592238  7  6  3  70       
PG06     -8.272667  19448.315371  18095.196180   -597.869396  9  7  8           
PG07 -15556.494117   4209.429351 -20586.072163   -129.691351  4  1  1  75       
PG08 -19429.650853  -8177.587267 -16613.462192    508.620618  7  4  5  81       
PG09 -25541.795857   6889.732210  -2894.463174    769.551306  6  4  5  52       
PG10  10734.567570 -23991.639919  -1903.811261   -579.349783  4  2  3  68       
PG11  11529.256588  23069.952276   6560.876096   -488.405560  6  5  2  76       
PG12  13704.381309   6377.814348  21545.131098   -606.056843  4  2  2  54       
PG13  12250.357076  13255.687698 -19839.847597    690.699203  5  2  4  72       
PG14 -12732.115661  22616.680733  -4778.092808    726.145712  7  5  3  54       
PG15  20159.121296   5999.628085 -16801.015191    372.893868  8  3  5  74       
PG16  -3260.661393 -20421.815944 -16799.536766    179.707636  5  4  4  79       
PG17 -15651.854314  13646.300191  17083.469915    -20.057763  7  5  4  83       
PG18  14066.893383  -6025.669562 -21681.255477   -461.366941  6  4  6  37       
PG19  -7364.070984  14862.370538  20546.987640    683.588321  3  3  4  68       
PG20   1832.326448  24965.254133  -8894.945703    361.824555  6  5  4  68       
PG21   -644.727369  23728.318544 -11888.961139    371.314686  5  3  5  38       
PG22 -10220.068817  24630.262292   2246.348507    -63.253019  4  3  2  66       
PG23  15732.164979 -15322.759687 -14670.772260    594.056539  7  5  4  45       
PG24  21536.524077  13981.934420   6964.564669   -178.666828  6  1  3  70       
PG25  16861.883382  -7797.539114  18502.707892    452.440185  5  1  5  64       
PG26   2978.463510 -25704.583858  -5171.851855   -304.801474  3  5  3  74       
PG27  -9211.761629 -13667.653249 -21252.620481    -10.986627  7  4  5  96       
PG28   1280.411303 -18651.458551  18854.491518   -616.501286  4  5  4  67       
PG29  26474.122146  -2884.114763   -801.431256   -399.786482  8  2  3  54       
PG30  -8501.260083  13783.964584 -20833.366109     74.757081  3  3  3  63       
PG31  -7822.378935 -22612.497847  10901.584480   -174.808557  6  1  4  73       
PG32  12959.941336 -14815.840971  18001.199931   -181.048529  5  4  3  61       
*  2026  1  2 12 30  0.00000000
PG01 -20455.756688 -11812.541705  12207.668377    347.436069  7  7  4  64       
PG02 -20617.327650 -17171.631028   1466.596344      7.836355  3  5  5  63       
PG03 -13977.002590  -3651.282041  22097.650114    608.959211  5  5  2  47       
PG04 -24538.494665  -2364.679283  10140.172161     35.581139  7  4  6  50       
PG05   6802.801278  19391.082233 -16977.094321   -226.592675  7  6  2  78       
PG06  -1454.865866  17864.303484  19624.529170   -597.873546  9  6  9  42       
PG07 -17089.853208   2332.688224 -19711.261515   -129.696034  4  1  2  57       
PG08 -17568.481687  -8786.860074 -18265.533966    508.617021  6  4  5  71       
PG09 -25747.032033   6691.776915    -42.106687    769.552090  5  4  5  84       
PG10  10775.977594 -23535.037548  -4807.196818   -579.352659  5  2  4  53       
PG11  10796.863653  22510.451144   9225.295586   -488.393528  7  4  2  81       
PG12  12708.340425   8690.654589  21350.151644   -606.057365  5  2  2  59       
PG13   9986.035528  13426.226450 -20955.086321    690.698327  5  3  4  81       
PG14 -12787.907950  21832.512709  -7494.005565    726.147950  6  5  3  48       
PG15  18417.672446   6835.570350 -18448.353982    372.897266  7  3  5  74       
PG16  -2368.016526 -21954.520394 -14817.335215    179.714547  6  4  4  86       
PG17 -17428.774711  13740.482865  15156.898704    -20.068359  8  5  4  70       
PG18  15613.853734  -4124.294588 -21083.462186   -461.358109  7  4  6  61       
PG19  -9683.682021  14955.863411  19447.421793    683.589672  4  3  5  41       
PG20   1472.432080  25797.964276  -6222.527009    361.824516  6  4  4  80       
PG21  -1272.183226  24797.101735  -9395.983938    371.322780  5  3  4  72       
PG22 -10462.406534  24585.922205   -582.474794    -63.249020  4  3  2  67       
PG23  15317.963634 -13551.855263 -16722.945623    594.061125  7  5  4  66       
PG24  21849.079454  14675.189450   4281.697043   -178.653686  6  2  3  78       
PG25  16317.800369  -5584.259407  19747.290535    452.438151  5  1  5  55       
PG26   3436.662928 -26023.178533  -2405.056941   -304.807046  4  5  3  72       
PG27  -6885.550079 -14190.735810 -21753.922624    -10.992817  6  4  5  73       
PG28   2876.311608 -17087.989983  20119.176226   -616.497099  4  5  5  67       
PG29  26427.893923  -2639.402479   2049.402202   -399.781110  8  2  3  83       
PG30 -10174.008876  11985.614108 -21213.333041     74.768086  3  3  3  63       
PG31  -6708.546944 -21672.934728  13266.344457   -174.806788  5  1  4  77       
PG32  14867.499218 -15054.912054  16195.283896   -181.033493  5  4  4  52       
*  2026  1  2 12 45  0.00000000
PG01 -21103.196893 -12910.096858   9751.992770    347.433316  6  7  5  72       
PG02 -20454.637311 -17304.095308  -1364.265988      7.843720  3  5  5  83       
PG03 -13274.927235  -6109.059965  21997.735049    608.950645  4  5  3  58       
PG04 -23320.499928  -2827.066802  12589.252609     35.583339  6  4  6  52       
PG05   6278.824103  21116.451704 -14980.160207   -226.593470  6  5  1  80       
PG06  -3092.745628  16252.688845  20816.843948   -597.877688  9  4  9           
PG07 -18625.315140    625.723074 -18482.800345   -129.700758  4  1  3  43       
PG08 -15578.564257  -9540.041155 -19612.413323    508.613432  6  3  5  84       
PG09 -25652.639417   6415.132200   2810.965666    769.552890  5  4  6  57       
PG10  10753.727815 -22764.549176  -7625.614420   -579.355558  5  2  4  65       
PG11   9840.804495  21773.281467  11731.932142   -488.381518  7  3  3  82       
PG12  11846.444628  11009.189812  20777.781569   -606.057826  6  2  2  80       
PG13   7628.915976  13733.494215 -21719.943483    690.697445  4  3  4  71       
PG14 -12795.871357  20762.856417 -10078.406120    726.150240  6  5  4  74       
PG15  16571.551669   7823.971352 -19791.769971    372.899995  7  3  5  79       
PG16  -1634.865247 -23311.586883 -12581.098061    179.721567  6  4  4  80       
PG17 -18975.189294  13883.671201  12978.551760    -20.079740  8  4  4  78       
PG18  17198.843236  -2375.416182 -20122.787332   -461.349268  7  4  6  62       
PG19 -11855.936223  15145.809388  18006.160446    683.591424  5  2  5  70       
PG20   1183.937511  26340.633866  -3443.219869    361.824244  6  3  4  86       
PG21  -1758.969865  25617.907314  -6741.071398    371.330862  5  4  4  70       
PG22 -10597.343540  24256.281087  -3401.421860    -63.245355  3  3  2  68       
PG23  14949.414447 -11550.541646 -18482.714046    594.065731  7  5  4  60       
PG24  21960.574876  15153.842094   1525.950860   -178.640526  6  2  4  77       
PG25  15851.965834  -3228.616508  20638.654439    452.436104  6  1  5  54       
PG26   3826.298102 -26050.673136    404.057884   -304.812603  4  4  3  71       
PG27  -4551.795918 -14845.007307 -21893.691658    -10.998993  6  4  5  78       
PG28   4640.523767 -15524.229737  21037.377232   -616.492861  3  4  5  62       
PG29  26080.009450  -2335.061048   4865.262310   -399.775524  7  2  3  74       
PG30 -11944.085410  10254.922383 -21221.789976     74.779076  3  3  3  69       
PG31  -5372.160367 -20602.222614  15395.465751   -174.804864  5  1  4  46       
PG32  16550.963449 -15337.851723  14113.339243   -181.018503  5  4  4  64       
*  2026  1  2 13  0  0.00000000
PG01 -21607.445040 -13765.819786   7129.072294    347.430588  5  7  5  84       
PG02 -20043.623961 -17259.274947  -4172.295265      7.851278  3  5  4  72       
PG03 -12720.521282  -8568.653037  21512.809433    608.942068  3  5  3  50       
PG04 -21875.042981  -3428.447955  14823.894603     35.585552  6  4  7  58       
PG05   5887.680568  22632.239742 -12727.765313   -226.594326  6  5  1  90       
PG06  -4901.545513  14658.468492  21652.190940   -597.881795  9  4  9  31       
PG07 -20120.288890   -890.604233 -16924.771008   -129.705593  4  2  3  45       
PG08 -13503.220387 -10441.471446 -20630.830129    508.609863  6  3  5  86       
PG09 -25271.945537   6024.710647   5615.820972    769.553690  4  5  6  93       
PG10  10708.684175 -21683.852160 -10308.943949   -579.358419  6  2  4  41       
PG11   8652.644163  20897.986451  14037.985947   -488.369490  7  3  3  80       
PG12  11127.933548  13284.288981  19838.446307   -606.058152  6  2  2  75       
PG13   5226.483483  14182.493509 -22121.232978    690.696535  4  3  5  50       
PG14 -12792.779644  19418.087123 -12485.970883    726.152517  6  4  4  60       
PG15  14663.980641   8964.034031 -20809.984851    372.903361  6  3  5  71       
PG16  -1044.774944 -24453.296436 -10127.893547    179.728680  6  4  4  58       
PG17 -20267.138112  14041.721836  10584.148888    -20.089932  8  3  3  68       
PG18  18780.333891   -804.009275 -18816.527615   -461.340521  8  4  6  53       
PG19 -13840.289848  15406.793982  16247.513784    683.593172  6  1  6  67       
PG20    931.582306  26579.824742   -604.842612    361.824473  6  3  4  85       
PG21  -2133.171434  26163.459289  -3969.978938    371.338905  5  4  4  67       
PG22 -10660.531105  23631.979618  -6162.620503    -63.241950  3  2  3  69       
PG23  14659.705259  -9353.677735 -19919.708327    594.070331  7  4  4  53       
PG24  21845.406290  15441.609975  -1255.630530   -178.627384  6  3  4  66       
PG25  15486.712967   -774.443564  21161.069281    452.434035  6  2  5  75       
PG26   4180.805725 -25778.539223   3206.012736   -304.818190  3  4  4  69       
PG27  -2255.575372 -15619.606276 -21668.404791    -11.005185  6  4  5  74       
PG28   6547.591208 -14000.901884  21593.331452   -616.488638  3  4  5  68       
PG29  25444.757317  -1936.242791   7598.052971   -399.769375  7  3  3  74       
PG30 -13777.407916   8625.734630 -20859.396240     74.790086  3  2  3  38       
PG31  -3816.753590 -19443.527587  17250.919341   -174.802784  4  1  3  60       
PG32  17984.453846 -15628.991422  11790.027330   -181.003504  4  4  4  65       
*  2026  1  2 13 15  0.00000000
PG01 -21930.957861 -14390.023762   4383.908681    347.427923  4  7  6  75       
PG02 -19366.398004 -17069.950639  -6910.196090      7.858802  4  4  4  81       
PG03 -12318.210823 -10978.029234  20651.828748    608.933528  2  5  3  66       
PG04 -20239.895921  -4188.533514  16805.879934     35.587772  5  5  7  65       
PG05   5604.273678  23902.562270 -10257.923556   -226.595016  6  5  1  85       
PG06  -6853.097322  13123.127509  22116.768104   -597.885914 10  1  9  44       
PG07 -21531.090373  -2204.050663 -15066.989513   -129.710471  4  2  4  60       
PG08 -11386.948832 -11487.724555 -21302.760147    508.606291  6  3  5  87       
PG09 -24626.314112   5489.177368   8324.230253    769.554591  4  5  6  89       
PG10  10680.992571 -20306.387082 -12809.319564   -579.361352  6  2  5  51       
PG11   7232.241240  19926.394886  16104.090884   -488.357439  7  2  4  86       
PG12  10553.740020  15466.906599  18549.185240   -606.058549  6  2  2  86       
PG13   2826.952751  14770.045052 -22151.658310    690.696023  4  3  5  62       
PG14 -12813.708619  17817.061650 -14674.566655    726.154781  6  4  5  57       
PG15  12737.977511  10247.428443 -21486.901740    372.906660  6  4  4  68       
PG16   -574.707945 -25345.055621  -7499.005501    179.735426  6  4  4  63       
PG17 -21288.198877  14177.510780   8013.074270    -20.101311  8  2  3  58       
PG18  20314.193387    572.995741 -17187.813650   -461.331705  8  4  6  81       
PG19 -15602.292768  15707.610389  14201.682044    683.595047  7  1  6  49       
PG20    678.428972  26510.743576   2243.907184    361.824403  6  3  4  87       
PG21  -2427.419375  26414.051769  -1130.466253    371.346922  5  5  3  76       
PG22 -10689.140611  22712.143908  -8818.750336    -63.238107  3  2  2  62       
PG23  14476.025571  -7002.618620 -21009.352533    594.074896  7  4  4  66       
PG24  21484.160043  15567.565719  -4016.178966   -178.614214  6  3  5  75       
PG25  15237.175351   1730.664379  21305.666616    452.431962  6  3  5  89       
PG26   4534.637225 -25206.935420   5951.190237   -304.823794  3  4  4  59       
PG27    -39.812325 -16496.172820 -21080.430694    -11.011341  6  3  5  73       
PG28   8565.149920 -12554.401342  21777.519073   -616.484366  2  4  5  81       
PG29  24544.399741  -1411.714073  10201.019159   -399.763997  6  3  3  82       
PG30 -15635.218261   7125.679874 -20133.370287     74.801141  3  2  4  68       
PG31  -2054.594799 -18240.393792  18799.659817   -174.801027  4  1  3  70       
PG32  19149.964074 -15889.606294   9264.370623   -180.988501  4  5  4  78       
*  2026  1  2 13 30  0.00000000
PG01 -22040.355159 -14800.652074   1563.581395    347.425230  3  7  7  91       
PG02 -18412.894273 -16772.439296  -9531.287946      7.866322  4  4  4  77       
PG03 -12063.664207 -13285.970078  19430.387270    608.924929  2  5  4  77       
PG04 -18457.337947  -5119.721934  18501.206759     35.590007  5  5  7  71       
PG05   5397.857592  24898.208965  -7612.489825   -226.595420  6  4  2  86       
PG06  -8912.355328  11683.143741  22203.118994   -597.890037 10  1  9  41       
PG07 -22814.644321  -3311.157108 -12944.279823   -129.715145  4  3  5  61       
PG08  -9273.910904 -12667.559989 -21615.765002    508.602736  5  3  5  77       
PG09 -23744.311529   4782.366727  10889.496095    769.555502  4  6  6  65       
PG10  10708.286875 -18654.978881 -15082.073915   -579.364254  6  3  5  76       
PG11   5587.945248  18900.983247  17894.970413   -488.345255  6  3  5  72       
PG12  10116.594369  17509.865424  16933.296615   -606.059027  6  1  1  92       
PG13    477.653124  15484.821409 -21809.962305    690.695113  4  2  5  70       
PG14 -12890.494019  15986.509398 -16606.024669    726.157105  6  4  5  59       
PG15  10834.920742  11658.479881 -21811.791516    372.910128  5  4  3  63       
PG16   -196.046382 -25958.764281  -4739.294928    179.742519  6  5  4  67       
PG17 -22029.998381  14252.423648   5307.818907    -20.112260  8  1  2  54       
PG18  21755.319952   1747.141042 -15265.168835   -461.322924  8  4  5  76       
PG19 -17114.812553  16012.571206  11904.243951    683.596752  8  2  6  74       
PG20    387.485481  26137.385668   5054.280967    361.823888  6  3  4  91       
PG21  -2677.425355  26358.306070   1728.530342    371.354878  4  5  3  82       
PG22 -10720.285434  21504.596229 -11323.839455    -63.234637  2  2  2  67       
PG23  14418.446156  -4543.762764 -21733.274719    594.079546  7  4  4  65       
PG24  20864.367584  15564.822219  -6709.733020   -178.601062  6  3  5  79       
PG25  15110.687176   4237.074269  21070.581830    452.429907  6  4  5  60       
PG26   4921.664876 -24344.788740   8590.788125   -304.829383  3  4  4  55       
PG27   2056.150530 -17449.425852 -20138.085384    -11.017474  6  3  5  49       
PG28  10655.003270 -11215.485010  21586.823740   -616.480168  2  3  5  67       
PG29  23408.340432   -735.255745  12629.533771   -399.758199  5  3  3  82       
PG30 -17475.486192   5775.272189 -19057.296399     74.812181  3  2  4  62       
PG31   -106.410254 -17034.992536  20014.273237   -174.799195  4  1  3  61       
PG32  20037.948602 -16079.503360   6579.148779   -180.973492  4  5  4  58       
*  2026  1  2 13 45  0.00000000
PG01 -21907.792690 -15022.406509  -1283.552085    347.422458  2  6  7  79       
PG02 -17181.491689 -16405.135193 -11990.270949      7.873726  5  4  4  72       
PG03 -11944.076828 -15443.899083  17870.395440    608.916277  1  5  4  66       
PG04 -16572.634204  -6226.436677  19880.667015     35.592222  4  5  7  31       
PG05   5233.374632  25597.704881  -4836.484389   -226.596257  5  4  2  88       
PG06 -11038.584577  10368.701754  21910.224397   -597.894177 10  1  9   9       
PG07 -23930.135275  -4217.048486 -10595.677974   -129.720063  3  3  5  64       
PG08  -7206.422054 -13962.172318 -21563.261355    508.599205  5  3  5  77       
PG09 -22660.604793   3884.507562  13267.262410    769.556492  5  6  6  29       
PG10  10824.000014 -16761.077013 -17086.624026   -579.367115  6  3  5  51       
PG11   3736.472692  17863.227308  19380.025517   -488.333258  6  3  5  52       
PG12   9801.473274  19369.562516  15019.858283   -606.059552  6  1  1  79       
PG13  -1776.559888  16307.690261 -21100.995784    690.694431  5  1  5  54       
PG14 -13050.333375  13960.117321 -18246.832080    726.159362  6  3  6  51       
PG15   8993.185196  13174.617813 -21779.418983    372.913180  5  4  2  40       
PG16    124.136911 -26273.966043  -1896.462284    179.749508  6  5  4  62       
PG17 -22492.445462  14227.924366   2513.366304    -20.122801  8  2  1  62       
PG18  23059.315190   2718.539369 -13081.986281   -461.314112  8  4  5  81       
PG19 -18358.974170  16283.028992   9395.520857    683.597988  8  3  7  72       
PG20     23.323291  25472.355578   7778.299797    361.823882  5  3  4  77       
PG21  -2920.394987  25993.617866   4557.745950    371.362962  4  5  3  74       
PG22 -10789.426959  20025.749086 -13634.068629    -63.231117  2  2  2  55       
PG23  14499.100282  -2026.911098 -22079.595134    594.084145  7  4  4  59       
PG24  19981.003267  15469.106532  -9291.920192   -178.587891  5  3  6  75       
PG25  15106.527106   6694.915200  20460.939250    452.427875  6  4  4  64       
PG26   5373.602879 -23209.527609  11077.770260   -304.834972  3  4  4  60       
PG27   3997.865848 -18448.013462 -18855.606767    -11.023601  7  3  5  57       
PG28  12774.428520 -10008.193096  21024.582403   -616.475939  2  3  5  75       
PG29  22072.031052    113.124437  14841.854688   -399.752382  4  3  3  62       
PG30 -19254.441926   4587.310165 -17650.815117     74.823196  3  2  4  81       
PG31   1999.243816 -15866.443024  20873.502209   -174.797374  4  1  2  53       
PG32  20647.597433 -16158.696814   3780.211720   -180.958478  4  5  4  56       
*  2026  1  2 14  0  0.00000000
PG01 -21512.134004 -15085.623124  -4108.677063    347.419676  3  6  7  85       
PG02 -15679.338463 -16006.952573 -14244.008994      7.881224  5  4  4  72       
PG03 -11938.803174 -17407.601465  15999.641104    608.907673  1  5  4  60       
PG04 -14632.408763  -7504.770136  20920.350478     35.594483  4  5  6  39       
PG05   5072.972309  25988.094670  -1977.353083   -226.596660  5  4  2  85       
PG06 -13186.767277   9202.662485  21243.488450   -597.898303 10  2  9           
PG07 -24840.541177  -4934.892797  -8063.593198   -129.724652  3  4  5  60       
PG08  -5223.502872 -15345.733393 -21144.711583    508.595684  6  2  6  78       
PG09 -21414.631922   2783.207392  15416.292055    769.557377  5  7  6  56       
PG10  11055.853075 -14663.644405 -18787.274801   -579.369994  7  4  5  65       
PG11   1702.465903  16852.005477  20533.845959   -488.321195  5  4  5  55       
PG12   9586.370552  21007.528536  12843.138243   -606.059884  5  1  1  89       
PG13  -3894.810980  17212.358969 -20035.701266    690.693596  5  1  5  56       
PG14 -13314.589527  11777.347482 -19568.726639    726.161742  6  3  6   4       
PG15   7246.892950  14767.070146 -21390.110060    372.916327  4  4  1  52       
PG16    421.606650 -26278.727182    979.780506    179.756335  6  5  4  76       
PG17 -22683.672725  14067.148383   -323.475509    -20.133607  7  2  1  75       
PG18  24184.131615   3495.642937 -10675.934738   -461.305294  8  4  4  67       
PG19 -19324.771691  16479.042285   6719.828768    683.599719  9  4  6  67       
PG20   -446.371108  24536.373657  10369.554326    361.823878  5  3  4  73       
PG21  -3193.384935  25326.277029   7308.440396    371.370856  3  5  4  91       
PG22 -10928.826075  18300.177880 -15708.569005    -63.227236  1  2  2  56       
PG23  14721.696839    496.495011 -22043.089156    594.088756  7  4  4  75       
PG24  18836.715848  15317.275622 -11720.585853   -178.574714  5  4  6  60       
PG25  15216.013400   9055.876265  19488.684557    452.425813  6  5  4  69       
PG26   5918.512905 -21826.474020  13367.791369   -304.840549  3  3  4  78       
PG27   5756.932377 -19455.613289 -17253.041126    -11.029728  7  3  5  78       
PG28  14877.665155  -8949.041612  20100.524234   -616.471760  2  3  6  69       
PG29  20575.656346   1146.214970  16799.839732   -399.746547  3  3  3  76       
PG30 -20928.174462   3566.593477 -15939.208076     74.834181  3  2  5  79       
PG31   4226.934546 -14769.277443  21362.635391   -174.795741  4  1  2  70       
PG32  20986.782126 -16089.106234    915.717760   -180.943478  4  5  4  74       
*  2026  1  2 14 15  0.00000000
PG01 -20839.876139 -15024.938974  -6863.350032    347.416968  5  6  8  70       
PG02 -13922.359568 -15615.725066 -16252.317992      7.888613  6  4  3  78       
PG03 -12020.306836 -19138.767577  13851.246478    608.899074  2  5  4  65       
PG04 -12682.971911  -8942.449772  21602.066846     35.596797  4  5  6  61       
PG05   4877.643582  26065.416388    915.826473   -226.597252  4  4  2  81       
PG06 -15309.173858   8199.824946  20214.621529   -597.902405 11  2  9           
PG07 -25513.992350  -5485.056426  -5392.951039   -129.729636  2  4  5  67       
PG08  -3359.542553 -16786.214521 -20365.728121    508.592206  6  2  6  80       
PG09 -20049.094640   1474.154745  17299.197853    769.558273  6  7  6  76       
PG10  11424.589679 -12407.741623 -20153.918460   -579.372803  7  4  4  71       
PG11   -482.249430  15902.114007  21336.637164   -488.309151  5  4  6  34       
PG12   9443.353452  22391.777827  10441.911532   -606.060450  4  1  1  87       
PG13  -5841.575359  18166.301870 -18631.007888    690.692698  5  1  5  70       
PG14 -13697.844276   9482.036844 -20549.183229    726.164018  6  3  6  51       
PG15   5624.817974  16401.780760 -20649.760199    372.919613  3  4  1  80       
PG16    733.348929 -25970.198266   3838.614738    179.763453  5  5  4  51       
PG17 -22619.683433  13736.463714  -3154.791143    -20.144607  6  2  1  62       
PG18  25091.633678   4094.696284  -8088.304822   -461.296447  8  4  4  69       
PG19 -20011.322773  16561.115693   3924.634834    683.601752  8  4  6  64       
PG20  -1049.369938  23357.489071  12783.972082    361.823712  5  3  4  66       
PG21  -3531.668199  24371.255568   9933.241647    371.378863  4  5  4  79       
PG22 -11166.102459  16359.879609 -17510.197356    -63.223576  1  3  3  69       
PG23  15081.381420   2975.186154 -21625.225332    594.093350  7  4  4  65       
PG24  17441.793111  15145.826124 -13956.367105   -178.561559  5  4  6  65       
PG25  15422.941254  11274.925239  18172.273730    452.423750  6  5  3  70       
PG26   6579.460638 -20227.918280  15420.070973   -304.846176  3  3  4  69       
PG27   7311.937077 -20432.250106 -15356.035147    -11.035882  7  3  5  76       
PG28  16917.528169  -8046.516449  18830.599898   -616.467542  3  3  6  71       
PG29  18962.646622   2368.898522  18469.607531   -399.740940  2  3  3  73       
PG30 -22454.231792   2709.962049 -13952.889667     74.845180  3  3  5  54       
PG31   6535.589032 -13772.115870  21473.753203   -174.793588  4  1  2  64       
PG32  21071.669145 -15836.210339  -1964.692424   -180.928461  4  5  5  61       
*  2026  1  2 14 30  0.00000000
PG01 -19885.793341 -14877.801341  -9500.321150    347.414285  6  6  8  75       
PG02 -11934.933680 -15266.622288 -17978.744019      7.895989  6  4  3  57       
PG03 -12155.386455 -20606.300874  11463.034660    608.890486  2  5  4  59       
PG04 -10768.664090 -10519.130313  21913.678078     35.599018  4  5  6  67       
PG05   4608.927615  25834.843064   3793.180599   -226.598329  4  4  1  82       
PG06 -17357.039677   7366.505302  18841.423448   -597.906555 11  1  8           
PG07 -25924.909715  -5894.003196  -2630.340338   -129.734401  2  4  5  71       
PG08  -1643.125861 -18246.465105 -19238.083707    508.588671  6  2  6  64       
PG09 -18608.331093    -38.490545  18883.113131    769.559133  6  7  6  58       
PG10  11943.011582 -10042.867139 -21162.611563   -579.375666  7  4  4  52       
PG11  -2779.681055  15042.950021  21774.556197   -488.297123  5  5  6  61       
PG12   9339.856330  23497.897020   7858.701890   -606.061085  4  1  1  75       
PG13  -7587.862237  19131.941599 -16909.634104    690.691927  5  2  5  75       
PG14 -14207.239308   7120.837544 -21171.784149    726.166293  7  3  6  74       
PG15   4149.479635  18040.522159 -19569.783156    372.922688  3  4  1  63       
PG16   1095.876432 -25354.825040   6629.078215    179.770220  5  5  4  76       
PG17 -22323.709977  13206.941995  -5932.317956    -20.155608  5  3  3  64       
PG18  25749.015166   4538.897389  -5363.306997   -461.287643  7  4  4  67       
PG19 -20426.752974  16491.938247   1059.638773    683.603471  8  5  6  43       
PG20  -1807.656711  21970.030508  14980.540908    361.823615  5  3  4  31       
PG21  -3967.171971  23151.672024  12386.964364    371.386902  4  5  5  66       
PG22 -11522.962367  14243.237898 -19006.271293    -63.219961  2  3  3  50       
PG23  15564.946973   5359.856182 -20834.081622    594.097960  7  4  3  66       
PG24  15813.867217  14989.447872 -15963.211328   -178.548433  4  4  6  57       
PG25  15704.337693  13311.876734  16536.231978    452.421687  6  5  2  63       
PG26   7373.383459 -18451.914835  17198.193092   -304.851783  3  3  5  69       
PG27   8649.148592 -21335.788389 -13195.527985    -11.042025  6  3  4  59       
PG28  18847.084638  -7300.887754  17236.704267   -616.463359  3  3  6  62       
PG29  17278.073063   3777.753776  19822.132679   -399.735103  3  3  4  68       
PG30 -23793.160686   2006.650223 -11726.819156     74.856205  3  3  5  63       
PG31   8879.959589 -12896.606064  21205.826443   -174.791935  3  1  2  67       
PG32  20926.009957 -15370.588378  -4810.772309   -180.913444  4  5  5  62       
*  2026  1  2 14 45  0.00000000
PG01 -18653.273644 -14682.877011 -11974.337258    347.411663  7  6  8  95       
PG02  -9749.238968 -14990.647049 -19391.313514      7.903630  7  4  3  70       
PG03 -12306.625057 -21787.341845   8876.820892    608.881935  2  5  4  80       
PG04  -8930.278730 -12207.003809  21849.334123     35.601302  4  5  6  79       
PG05   4230.604685  25310.482710   6604.903525   -226.598923  4  4  2  79       
PG06 -19282.285083   6700.446802  17147.471615   -597.910710 11  1  8           
PG07 -26054.887990  -6192.991604    176.817749   -129.738950  1  4  5  67       
PG08    -96.070577 -19685.513987 -17779.620411    508.585159  6  3  6  47       
PG09 -17136.631325  -1742.037396  20140.288413    769.559960  6  7  6  63       
PG10  12615.357278  -7621.125751 -21796.015498   -579.378558  7  5  3  75       
PG11  -5146.924127  14297.412075  21839.951450   -488.285054  5  5  6  60       
PG12   9240.154531  24309.832292   5138.967642   -606.061546  3  1  2  81       
PG13  -9112.165808  20068.045994 -14899.795433    690.690861  5  3  4  59       
PG14 -14842.128915   4741.561662 -21426.468297    726.168592  7  3  6  72       
PG15   2836.455184  19642.169488 -18166.998268    372.925737  2  4  2  87       
PG16   1543.527541 -24448.189617   9301.064794    179.777044  4  5  4  89       
PG17 -21825.300766  12455.682403  -8608.240775    -20.165974  4  3  4  72       
PG18  26130.021957   4857.301514  -2547.332692   -461.278815  7  4  3  55       
PG19 -20587.713760  16238.043251  -1824.197509    683.604884  8  5  5  45       
PG20  -2736.404116  20413.335026  16921.978438    361.823202  5  3  4  55       
PG21  -4527.049510  21697.953263  14627.389213    371.394962  4  5  5  61       
PG22 -12014.151402  11993.727547 -20169.245661    -63.216252  2  3  4  58       
PG23  16151.381529   7604.863202 -19684.145441    594.102570  6  4  3  80       
PG24  13977.375632  14879.667474 -17708.840225   -178.535358  4  4  6  59       
PG25  16031.495626  15132.747427  14610.599528    452.419609  6  5  2  66       
PG26   8310.219788 -16540.850929  18670.810669   -304.857333  3  4  5  81       
PG27   9762.929224 -22123.548949 -10807.339415    -11.048173  6  3  4  73       
PG28  20621.329500  -6704.350929  15346.297443   -616.459150  4  3  6  85       
PG29  15566.986356   5360.979141  20833.764310   -399.729475  3  3  4  71       
PG30 -24909.927712   1438.936107  -9299.847578     74.867228  3  3  5  57       
PG31  11212.253596 -12156.670152  20564.669267   -174.790075  3  1  2  69       
PG32  20580.131050 -14669.283686  -7572.580221   -180.898392  5  5  5  69       
*  2026  1  2 15  0  0.00000000
PG01 -17154.334705 -14478.422902 -14242.912280    347.409067  7  6  8  94       
PG02  -7404.280587 -14813.277173 -20463.235310      7.911222  7  5  4  73       
PG03 -12434.002196 -22667.971706   6137.644640    608.873373  3  5  5  72       
PG04  -7203.623911 -13971.707272  21409.606309     35.603579  4  5  6  74       
PG05   3710.317742  24514.840713   9302.134390   -226.599969  3  4  2  60       
PG06 -21039.215371   6191.061933  15161.719697   -597.914912 12  1  7  40       
PG07 -25893.301679  -6416.628565   2981.064539   -129.743593  1  4  5  65       
PG08   1267.283533 -21060.049863 -16014.051443    508.581668  6  3  6  82       
PG09 -15676.561243  -3615.539326  21048.601964    769.560794  6  7  6  60       
PG10  13437.049117  -5195.304708 -22043.691033   -579.381422  7  5  3  56       
PG11  -7537.606352  13681.059990  21531.501916   -488.273075  6  6  6  60       
PG12   9106.955098  24820.349011   2330.251448   -606.061998  3  1  2  77       
PG13 -10401.144823  20931.293154 -12634.815698    690.690187  5  4  4  33       
PG14 -15594.055548   2391.497353 -21309.657573    726.170824  7  3  6  73       
PG15   1693.935746  21164.097043 -16463.453467    372.929258  3  4  3  62       
PG16   2106.835094 -23274.479784  11806.334411    179.784195  4  5  4  73       
PG17 -21159.163031  11466.934104 -11136.010599    -20.176787  3  4  4  44       
PG18  26215.936672   5083.510914    311.810243   -461.270066  7  4  3  64       
PG19 -20518.556002  15771.316660  -4675.646466    683.606494  8  5  5  46       
PG20  -3843.215075  18730.303196  18575.338502    361.823152  5  3  4  51       
PG21  -5232.442150  20046.726324  16615.989335    371.402998  5  5  5  56       
PG22 -12646.681587   9658.404149 -20977.310883    -63.212435  3  3  4  55       
PG23  16812.727375   9669.776081 -18196.005104    594.107173  6  4  3  63       
PG24  11962.798866  14843.623978 -19165.160684   -178.522160  4  4  6  60       
PG25  16371.237483  16710.847430  12430.283413    452.417538  6  5  1  73       
PG26   9392.338276 -14539.850363  19812.236880   -304.862933  3  3  5  75       
PG27  10655.841608 -22753.991093  -8231.652365    -11.054307  6  4  4  82       
PG28  22198.796488  -6241.487946  13191.930644   -616.454920  4  3  6  79       
PG29  13872.761769   7098.644210  21486.657993   -399.723715  3  2  4  77       
PG30 -25775.169231    983.055414  -6714.013844     74.878240  3  4  5  59       
PG31  13483.857714 -11558.085510  19562.752442   -174.788200  3  1  2  58       
PG32  20069.660474 -13716.929476 -10201.405488   -180.883363  5  5  6  71       
*  2026  1  2 15 15  0.00000000
PG01 -15409.317457 -14300.680912 -16267.052237    347.406433  8  6  7  71       
PG02  -4944.627096 -14753.313627 -21173.532640      7.918704  7  5  4  62       
PG03 -12496.603032 -23243.573083   3292.958886    608.864829  3  5  5  72       
PG04  -5618.278247 -15773.496187  20601.513982     35.605830  4  5  6  63       
PG05   3021.054759  23477.962080  11837.830837   -226.600220  4  4  3  62       
PG06 -22586.138176   5819.996183  12918.013321   -597.919068 12  1  6           
PG07 -25437.623188  -6601.339073   5735.652066   -129.748417  1  4  5  46       
PG08   2440.501172 -22326.028341 -13970.651460    508.578185  6  4  5  63       
PG09 -14267.361054  -5630.398180  21591.973248    769.561558  6  7  6  67       
PG10  14394.817152  -2816.940304 -21902.242547   -579.384231  7  5  3  78       
PG11  -9903.471039  13201.566126  20854.253164   -488.260981  6  6  7  58       
PG12   8903.037908  25031.151792   -518.686880   -606.062608  2  1  2  85       
PG13 -11450.000431  21677.949330 -10152.641758    690.689267  5  4  4  69       
PG14 -16447.045730    115.763038 -20824.261860    726.173076  7  4  6  68       
PG15    722.544021  22563.653895 -14486.180589    372.932270  3  4  4  72       
PG16   2811.039897 -21865.602082  14099.505287    179.791171  3  5  4  85       
PG17 -20363.799487  10232.967907 -13471.174267    -20.187393  4  4  4  89       
PG18  25996.290773   5254.200621   3165.676809   -461.261272  6  4  3  70       
PG19 -20250.196325  15070.287963  -7444.211452    683.607936  7  5  4  49       
PG20  -5127.655021  16965.834624  19912.546407    361.822929  5  3  4  66       
PG21  -6097.480000  18239.483377  18318.591460    371.411011  5  5  5  34       
PG22 -13419.372199   7286.235455 -21414.894314    -63.208744  3  3  4  78       
PG23  17515.214415  11520.709595 -16395.941954    594.111770  6  4  3  67       
PG24   9805.701819  14903.013752 -20308.623873   -178.508984  3  4  6  64       
PG25  16687.350586  18027.570255  10034.335677    452.415490  6  5  1  78       
PG26  10614.290926 -12495.081894  20602.909543   -304.868506  3  3  5  67       
PG27  11338.437096 -23188.395936  -5512.391098    -11.060470  6  4  3  58       
PG28  23543.042610  -5890.030333  10810.685110   -616.450752  5  3  6  67       
PG29  12235.514212   8963.262304  21769.111999   -399.717901  3  2  4  61       
PG30 -26366.225999    610.339879  -4013.804274     74.889184  3  4  5  52       
PG31  15647.083774 -11098.411610  18218.886685   -174.786652  3  2  2  51       
PG32  19434.039834 -12506.585453 -12650.689485   -180.868320  5  4  6  29       
*  2026  1  2 15 30  0.00000000
PG01 -13446.268262 -14182.358941 -18011.922870    347.403660  8  6  7  84       
PG02  -2418.897413 -14821.991159 -21507.582503      7.926327  7  5  4  56       
PG03 -12454.356108 -23518.838844    391.792864    608.856291  3  5  5  87       
PG04  -4196.589633 -17568.641553  19438.441475     35.608090  4  4  6  78       
PG05   2142.430411  22236.284285  14167.621913   -226.601007  4  5  4  60       
PG06 -23886.839059   5561.991234  10454.530061   -597.923288 11  1  5  46       
PG07 -24693.453039  -6783.809973   8395.238065   -129.753029  1  4  5  59       
PG08   3425.170215 -23440.345773 -11683.833455    508.574691  6  4  5  77       
PG09 -12943.481785  -7751.274591  21760.670042    769.562354  6  7  5  67       
PG10  15467.190560   -534.456718 -21375.312506   -579.387120  6  5  4  67       
PG11 -12196.039409  12858.479538  19819.548544   -488.248904  6  6  7  60       
PG12   8592.880664  24952.667047  -3358.736460   -606.062915  1  1  2  87       
PG13 -12262.532189  22265.598005  -7495.263770    690.688165  5  5  4  58       
PG14 -17378.210841  -2044.236559 -19979.566568    726.175392  7  4  6  58       
PG15    -84.575324  23799.671435 -12266.879247    372.935477  3  4  4  80       
PG16   3674.819212 -20259.972237  16138.998998    179.797729  3  5  4  94       
PG17 -19479.986518   8754.655224 -15572.199652    -20.198316  4  3  5  73       
PG18  25469.279522   5407.535729   5965.968260   -461.252463  6  4  3  67       
PG19 -19818.727962  14121.148229 -10081.097409    683.609876  7  4  4  58       
PG20  -6581.092768  15165.201903  20910.856045    361.823013  5  3  4  13       
PG21  -7128.560515  16321.071482  19705.960467    371.419084  5  5  6  41       
PG22 -14322.731368   4926.340263 -21473.046920    -63.205107  3  4  5  61       
PG23  18220.620629  13131.400671 -14315.433643    594.116319  5  4  3  55       
PG24   7545.610286  15073.236409 -21120.533581   -178.495788  3  4  6  79       
PG25  16942.131407  19072.858042   7465.178615    452.413443  6  5  2  67       
PG26  11962.898920 -10452.045408  21029.719325   -304.874055  4  2  5  63       
PG27  11828.725258 -23392.482845  -2696.499860    -11.066641  6  4  3  71       
PG28  24623.949436  -5621.893529   8243.533633   -616.446586  5  4  5  70       
PG29  10690.644755  10920.664957  21675.800267   -399.711979  3  2  4  53       
PG30 -26667.927129    288.533020  -1245.389171     74.900165  3  4  5  45       
PG31  17656.864665 -10767.259084  16557.789028   -174.784852  2  2  2  66       
PG32  18714.881285 -11040.245253 -14876.919830   -180.853292  5  4  6  62       
*  2026  1  2 15 45  0.00000000
PG01 -11300.032144 -14151.256911 -19447.448628    347.400957  8  6  7  71       
PG02    121.946281 -15022.398731 -21457.540201      7.933969  7  6  5  76       
PG03 -12269.731897 -23507.433999  -2516.096091    608.847767  3  6  6  80       
PG04  -2952.956812 -19310.998934  17939.944201     35.610342  4  4  6  73       
PG05   1061.712764  20831.243787  16250.622564   -226.602101  4  5  4  52       
PG06 -24911.861192   5386.014650   7813.151819   -597.927417 11  1  2  14       
PG07 -23674.271607  -6999.463021  10916.523984   -129.758096  2  4  5  78       
PG08   4230.701060 -24362.514609  -9192.613245    508.571193  6  5  5  73       
PG09 -11733.318364  -9937.271518  21551.501899    769.563095  5  7  5  66       
PG10  16625.331098   1608.546121 -20473.431393   -579.389976  6  5  4  79       
PG11 -14368.290207  12643.312796  18444.855529   -488.236868  6  7  7  70       
PG12   8144.203951  24603.503443  -6141.283854   -606.063579  2  1  2  77       
PG13 -12850.863735  22654.854110  -4708.045542    690.687264  6  6  4  77       
PG14 -18358.625386  -4052.194245 -18791.009069    726.177704  7  5  6  70       
PG15   -741.389490  24833.952764  -9841.525587    372.938586  3  5  4  75       
PG16   4709.291393 -18501.033297  17887.909476    179.804949  3  5  4  91       
PG17 -18549.150139   7041.722141 -17401.278867    -20.209183  5  3  5  73       
PG18  24641.865807   5581.538951   8665.309368   -461.243710  5  4  3  72       
PG19 -19263.838937  12918.453277 -12540.131418    683.611585  6  4  4  72       
PG20  -8186.856152  13372.423011  21553.222772    361.823036  5  3  4  42       
PG21  -8323.933187  14338.065467  20754.297614    371.427095  5  5  6  59       
PG22 -15339.191024   2626.207094 -21149.699819    -63.201412  4  4  5  74       
PG23  18887.804842  14483.988941 -11990.579913    594.120866  4  4  3  72       
PG24   5224.758130  15362.767808 -21587.304201   -178.482616  3  4  6  57       
PG25  17097.973903  19845.333131   4767.797024    452.411380  6  5  2  71       
PG26  13417.664622  -8453.908770  21086.197167   -304.879630  4  2  5  62       
PG27  12151.337373 -23337.890178    166.869094    -11.072790  6  4  2  73       
PG28  25418.791490  -5404.441825   5534.635686   -616.442431  5  4  5  53       
PG29   9267.575581  12931.147204  21207.895979   -399.706548  3  2  5  72       
PG30 -26673.098275    -16.769248   1544.150820     74.911163  3  4  5  66       
PG31  19472.332875 -10546.882695  14609.547568   -174.783059  2  2  2  66       
PG32  17954.237194  -9328.988360 -16840.475581   -180.838333  5  3  6  73       
*  2026  1  2 16  0  0.00000000
PG01  -9011.090594 -14229.091145 -20548.832850    347.398389  8  6  6  64       
PG02   2626.432246 -15349.244960 -21022.628645      7.941270  7  6  5  86       
PG03 -11909.337200 -23231.328655  -5381.066804    608.839250  3  6  6  87       
PG04  -1893.423287 -20953.690526  16131.444612     35.612657  4  3  6  78       
PG05   -225.449647  19307.690087  18050.192161   -226.602637  4  4  4  52       
PG06 -25639.542073   5256.613582   5038.778376   -597.931624 11  3  1  52       
PG07 -22400.929934  -7281.007920  13258.834860   -129.762647  2  3  5  75       
PG08   4873.807932 -25056.272103  -6539.966070    508.567706  6  5  5  91       
PG09 -10658.190223 -12143.345842  20967.894874    769.563858  5  6  5  61       
PG10  17834.168468   3574.787453 -19213.732360   -579.392864  6  5  5  60       
PG11 -16376.293526  12539.949160  16753.488689   -488.224852  6  7  7  87       
PG12   7529.377649  24009.617705  -8819.029548   -606.064013  2  1  2  66       
PG13 -13234.842371  22810.995348  -1838.972323    690.686381  6  6  4  87       
PG14 -19354.444940  -5878.073369 -17279.852184    726.180016  7  5  6  69       
PG15  -1268.341272  25632.692007  -7249.902909    372.941581  3  6  5  74       
PG16   5917.345092 -16635.566194  19314.769110    179.812005  3  5  4  78       
PG17 -17611.702719   5112.658295 -18925.090163    -20.219443  5  3  4  94       
PG18  23529.569735   5812.468601  11218.009618   -461.234938  5  4  3  74       
PG19 -18627.108119  11465.485055 -14778.611505    683.613218  5  3  4  71       
PG20  -9920.697281  11628.692038  21828.586974    361.823115  5  3  4  58       
PG21  -9673.606728  12337.086512  21445.644319    371.435203  5  5  6  53       
PG22 -16443.691872    429.968088 -20449.778426    -63.197897  4  4  5  62       
PG23  19474.351673  15569.476594  -9461.462673    594.125390  4  4  3  74       
PG24   2886.743938  15772.780107 -21700.667747   -178.469437  3  4  5  50       
PG25  17118.938145  20352.100777   1988.916038    452.409313  6  5  3  71       
PG26  14951.488572  -6539.964459  20772.561007   -304.885204  4  2  5  42       
PG27  12336.410774 -23003.453891   3027.244863    -11.078971  6  4  2  81       
PG28  25913.030935  -5201.934265   2730.578244   -616.438305  6  4  5  52       
PG29   7988.723541  14950.841521  20373.081444   -399.700561  2  2  5  76       
PG30 -26382.779354   -340.608808   4307.596795     74.922141  3  4  5  58       
PG31  21058.221443 -10413.066840  12409.001397   -174.781213  2  2  2  79       
PG32  17192.855234  -7392.765593 -18506.401861   -180.823345  6  2  7  57       
*  2026  1  2 16 15  0.00000000
PG01  -6624.187305 -14430.563053 -21296.990117    347.395808  8  6  6  27       
PG02   5044.462648 -15788.988736 -20209.275193      7.948648  6  6  5  76       
PG03 -11345.345822 -22719.831980  -8154.421023    608.830706  2  6  6  94       
PG04  -1015.601233 -22450.835914  14043.820850     35.614854  4  3  6  83       
PG05  -1714.633148  17712.169939  19534.620137   -226.603237  4  4  5  56       
PG06 -26056.768860   5135.441803   2178.591693   -597.935860 11  4  1  23       
PG07 -20900.903966  -7657.120702  15384.641723   -129.767343  3  3  4  84       
PG08   5377.687098 -25491.054231  -3772.083652    508.564181  6  5  5  82       
PG09  -9731.610586 -14321.893408  20019.844858    769.564635  4  5  5  73       
PG10  19053.785392   5334.526597 -17619.543246   -579.395810  6  5  5  68       
PG11 -18180.737027  12525.355617  14774.232349   -488.212788  6  7  7  67       
PG12   6726.637237  23203.223455 -11346.760013   -606.064375  2  1  2  65       
PG13 -13441.130121  22705.443305   1062.173525    690.685583  6  7  4  90       
PG14 -20328.217459  -7499.028678 -15472.764404    726.182284  7  5  5  60       
PG15  -1691.457675  26167.771224  -4535.052312    372.944693  3  6  5  77       
PG16   7293.325660 -14711.868467  20394.188632    179.818968  4  5  4  86       
PG17 -16705.407912   2994.273996 -20115.498119    -20.230432  5  3  4  79       
PG18  22155.951796   6133.266575  13580.798686   -461.226154  4  4  3  73       
PG19 -17950.253622   9774.260297 -16758.065469    683.614905  5  3  4  63       
PG20 -11751.551094   9970.925986  21732.064177    361.822502  5  3  4  18       
PG21 -11159.582549  10363.130910  21768.185017    371.443221  5  5  6  43       
PG22 -17604.598682  -1623.196975 -19385.166017    -63.194099  4  4  5  73       
PG23  19938.265480  16387.854808  -6771.452435    594.129913  3  4  3  86       
PG24    575.138544  16297.022370 -21457.828206   -178.456245  2  3  5  53       
PG25  16972.239057  20608.240438   -823.818812    452.407275  5  5  3  77       
PG26  16531.657257  -4744.267986  20095.626115   -304.890794  5  2  5  37       
PG27  12418.234713 -22376.223460   5833.787063    -11.085145  6  4  2  77       
PG28  26100.808325  -4977.094851   -120.424674   -616.434095  6  5  5  69       
PG29   6868.753613  16933.268745  19185.441991   -399.695039  2  2  6  64       
PG30 -25806.147800   -717.143163   6998.351457     74.933123  3  3  4  82       
PG31  22386.036436 -10336.261288   9995.053256   -174.779406  2  2  2  68       
PG32  16468.493334  -5259.823587 -19845.093768   -180.808328  6  2  7  53       
*  2026  1  2 16 30  0.00000000
PG01  -4186.793311 -14762.708820 -21678.883059    347.393375  8  6  6  65       
PG02   7329.164151 -16320.338066 -19031.083430      7.956326  6  6  5   6       
PG03 -10556.713267 -22008.367507 -10789.200355    608.822213  3  6  6  71       
PG04   -308.930276 -23759.264302  11712.893161     35.617131  4  3  6  88       
PG05  -3392.595892  16091.150451  20677.723087   -226.604043  4  4  5  45       
PG06 -26159.423899   4982.902990   -718.718819   -597.940114 11  6  3  20       
PG07 -19207.342097  -8151.286776  17260.028435   -129.772169  3  4  4  75       
PG08   5770.920860 -25643.269963   -937.544093    508.560651  5  5  5  87       
PG09  -8958.874043 -16424.445518  18723.749411    769.565425  4  5  5  62       
PG10  20240.991084   6866.466633 -15719.871093   -579.398733  5  4  5  66       
PG11 -19748.286217  12570.575489  12540.867712   -488.200739  6  7  6  80       
PG12   5721.067243  22221.489123 -13682.065220   -606.064813  3  1  2  73       
PG13 -13502.017259  22317.030749   3944.695363    690.684374  6  7  5  77       
PG14 -21240.335244  -8900.044247 -13401.317454    726.184696  7  5  5  58       
PG15  -2041.228189  26417.883806  -1742.643396    372.947744  3  7  5  83       
PG16   8823.093631 -12777.883594  21107.352341    179.826032  4  5  4  90       
PG17 -15863.842787    720.913979 -20950.171357    -20.240661  6  3  4  63       
PG18  20551.808022   6572.133414  15713.526841   -461.217441  3  4  4  59       
PG19 -17273.408142   7865.191443 -18444.905488    683.616881  5  4  4  62       
PG20 -13642.560315   8430.481271  21265.038540    361.822745  5  3  4  64       
PG21 -12756.405809   8457.972847  21716.444443    371.451285  5  5  6  67       
PG22 -18784.910151  -3500.456005 -17974.513278    -63.190549  4  4  5  76       
PG23  20239.649457  16947.896373  -3966.473072    594.134403  3  4  3  78       
PG24  -1667.913355  16921.968441 -20861.560293   -178.443026  3  3  5  63       
PG25  16629.600779  20636.013991  -3622.644915    452.405249  5  5  4  71       
PG26  18121.056470  -3094.510389  19068.587175   -304.896333  5  2  4  41       
PG27  12433.711048 -21452.164015   8536.273210    -11.091320  5  4  3  89       
PG28  25985.110840  -4692.745628  -2969.359958   -616.429948  6  5  5  80       
PG29   5914.142773  18831.006620  17665.243791   -399.689560  2  3  6  72       
PG30 -24960.153595  -1178.166914   9571.177187     74.944119  3  3  4  58       
PG31  23434.961051 -10282.916288   7409.932370   -174.777665  2  2  2  62       
PG32  15814.366878  -2965.790041 -20832.871769   -180.793337  6  3  7  78       
*  2026  1  2 16 45  0.00000000
PG01  -1747.469351 -15224.556160 -21687.757353    347.390763  7  6  6  59       
PG02   9438.621549 -16915.101811 -17508.633071      7.963904  5  6  5  56       
PG03  -9530.132176 -21137.038665 -13240.942467    608.813735  4  7  6  78       
PG04    244.737312 -24840.140757   9178.815507     35.619390  4  4  6  86       
PG05  -5237.591067  14489.253020  21459.339471   -226.604551  4  4  5  30       
PG06 -25952.503124   4759.848680  -3603.759100   -597.944355 11  7  5  42       
PG07 -17357.940291  -8780.841659  18855.105527   -129.776861  4  4  4  76       
PG08   6086.149374 -25497.317682   1913.589060    508.557025  5  5  5  88       
PG09  -8336.979068 -18403.409950  17102.120627    769.566168  3  4  6  43       
PG10  21351.015931   8158.312330 -13548.795968   -579.401688  4  3  5  72       
PG11 -21052.726281  12641.963369  10091.610940   -488.188677  6  6  6  74       
PG12   4505.318961  21105.077117 -15785.993529   -606.065477  3  2  2  74       
PG13 -13454.002091  21632.998275   6757.906975    690.683769  6  8  5  72       
PG14 -22050.570627 -10074.269028 -11101.412594    726.186982  7  5  5  58       
PG15  -2351.287385  26369.436392   1079.732438    372.950968  3  7  4  90       
PG16  10484.451620 -10879.365407  21442.355997    179.832758  4  5  4  76       
PG17 -15115.024576  -1666.648134 -21413.097656    -20.251544  6  3  4  67       
PG18  18754.105562   7151.283198  17579.821104   -461.208620  3  4  4  56       
PG19 -16633.492319   5766.419751 -19810.968449    683.618620  5  4  4  68       
PG20 -15552.330136   7032.087578  20435.157560    361.822515  5  3  4  42       
PG21 -14432.013039   6658.701992  21291.376410    371.459255  5  5  6  70       
PG22 -19943.712922  -5176.457078 -16242.895694    -63.186762  4  4  5  53       
PG23  20342.307638  17266.626150  -1094.236678    594.138988  2  5  3  80       
PG24  -3803.053154  17627.231632 -19920.248449   -178.429787  3  3  5  69       
PG25  16068.429540  20463.828313  -6360.457320    452.403242  5  5  4  75       
PG26  19679.556761  -1611.165348  17710.683260   -304.901926  5  2  4  41       
PG27  12420.693801 -20236.506351  11086.099415    -11.097519  5  4  3  82       
PG28  25577.611850  -4313.438843  -5767.256620   -616.425720  6  5  5  72       
PG29   5123.072694  20597.411250  15838.597861   -399.684109  2  4  6  49       
PG30 -23868.882180  -1751.730295  11982.903764     74.955081  4  3  4  39       
PG31  24192.463366 -10216.960301   4698.424275   -174.776002  2  2  2  66       
PG32  15257.794988   -552.457004 -21452.433921   -180.778274  5  4  7  77       
*  2026  1  2 17  0  0.00000000
PG01    645.812614 -15807.102451 -21323.270221    347.388049  7  6  6  59       
PG02  11337.413703 -17539.360606 -15669.107908      7.971267  5  6  5  59       
PG03  -8260.695391 -20149.040035 -15468.386993    608.805246  5  7  6  78       
PG04    670.246722 -25660.441510   6485.382100     35.621634  4  5  6  79       
PG05  -7220.025921  12947.570091  21865.710321   -226.605304  4  4  5  32       
PG06 -25449.901766   4429.266874  -6427.249773   -597.948600 11  5  6           
PG07 -15393.682378  -9556.235890  20144.373684   -129.781472  4  5  4  70       
PG08   6358.564190 -25046.295472   4730.718642    508.553486  5  5  5  81       
PG09  -7854.888442 -20213.787521  15183.184214    769.566949  3  4  6  38       
PG10  22339.257546   9206.969035 -11144.791684   -579.404590  4  3  4  62       
PG11 -22075.840826  12702.615388   7468.470452   -488.176694  6  6  6  60       
PG12   3080.040036  19896.580476 -17623.637858   -606.065643  3  2  2  84       
PG13 -13336.192267  20649.673309   9452.079765    690.682750  5  8  5  72       
PG14 -22719.636545 -11023.042228  -8612.647243    726.189249  8  5  5  61       
PG15  -2656.946137  26017.186688   3883.340447    372.953947  4  7  4  83       
PG16  12247.917846  -9058.159326  21394.381026    179.839833  4  4  3  88       
PG17 -14480.264339  -4122.595273 -21494.977967    -20.261822  6  4  4  73       
PG18  16804.696254   7885.924965  19147.688240   -461.199824  3  5  4  57       
PG19 -16062.750622   3512.853807 -20833.936119    683.620252  5  4  4  79       
PG20 -17436.367420   5793.039085  19256.226881    361.822404  4  4  4  57       
PG21 -16148.844029   4996.451322  20500.342992    371.467256  5  4  6  49       
PG22 -21037.817104  -6634.147535 -14221.325950    -63.183158  3  4  5  70       
PG23  20215.211215  17368.492256   1796.540031    594.143544  2  5  3  75       
PG24  -5794.985315  18386.238153 -18647.860834   -178.416576  2  3  5  81       
PG25  15272.766448  20124.996708  -8991.545279    452.401156  4  5  4  76       
PG26  21165.511980   -306.938535  16046.759147   -304.907514  6  2  3  59       
PG27  12416.279489 -18743.721998  13437.267126    -11.103721  5  4  4  94       
PG28  24898.188316  -3807.024399  -8466.025833   -616.421543  6  5  5  53       
PG29   4485.656524  22188.323917  13737.014995   -399.678129  3  6  7  58       
PG30 -22562.670231  -2460.904029  14193.098120     74.966076  4  3  4  59       
PG31  24654.592095 -10101.360271   1907.083254   -174.774095  3  3  3  52       
PG32  14819.103704   1933.686833 -21693.173977   -180.763341  5  4  7  72       
*  2026  1  2 17 15  0.00000000
PG01   2947.324965 -16493.616240 -20591.509408    347.385353  7  6  7  65       
PG02  12997.879312 -18154.906131 -13545.758898      7.979017  4  6  5  76       
PG03  -6752.244543 -19088.974237 -17434.122929    608.796789  6  6  6  61       
PG04    997.980350 -26194.218662   3679.260852     35.623847  3  6  5  82       
PG05  -9303.441444  11502.133531  21889.737104   -226.606127  4  4  5  56       
PG06 -24673.873956   3957.897194  -9140.849856   -597.952797 12  5  7 111       
PG07 -13357.485612 -10480.544051  21107.039212   -129.786159  4  5  4  71       
PG08   6624.287002 -24292.369841   7463.693701    508.549931  4  5  5  77       
PG09  -7494.116660 -21814.796019  13000.372480    769.567722  2  3  6  52       
PG10  23163.008861  10018.384041  -8549.991083   -579.407533  3  3  4  75       
PG11 -22807.992667  12713.939791   4716.533410   -488.164725  5  6  5  56       
PG12   1454.004226  18638.915156 -19164.648684   -606.066498  3  3  2  64       
PG13 -13188.592369  19372.797112  11979.390962    690.682091  5  7  5  73       
PG14 -23210.713387 -11755.612196  -5977.633660    726.191491  7  5  5  32       
PG15  -2993.624542  25364.582219   6619.143499    372.956850  4  7  4  84       
PG16  14077.808040  -7350.674865  20965.705034    179.846608  4  4  3  80       
PG17 -13973.301375  -6597.678552 -21193.483594    -20.272635  6  5  4  82       
PG18  14748.853744   8783.509708  20390.055827   -461.191004  3  5  4  37       
PG19 -15587.505017   1144.957665 -21497.633186    683.622241  5  4  4  68       
PG20 -19248.652077   4722.673923  17748.005255    361.822377  4  4  4  54       
PG21 -17865.175548   3495.363200  19356.984786    371.475346  5  3  6  64       
PG22 -22023.501477  -7865.243879 -11946.133800    -63.179395  3  4  5  41       
PG23  19833.776159  17284.271142   4656.926781    594.148110  2  6  3  82       
PG24  -7613.627596  19167.143389 -17063.852152   -178.403371  2  3  5  80       
PG25  14233.990816  19656.348711 -11472.283268    452.399114  4  5  4  79       
PG26  22537.309297    813.466637  14106.737923   -304.913109  6  2  3  30       
PG27  12455.124437 -16997.118085  15547.327609    -11.109928  4  4  4  81       
PG28  23974.134864  -3146.091373 -11019.285390   -616.417361  6  5  5  47       
PG29   3984.491523  23563.695668  11396.858786   -399.672694  3  6  7  75       
PG30 -21077.007316  -3322.734108  16164.689278     74.977064  4  3  3  60       
PG31  24825.956831  -9899.703539   -916.558471   -174.772146  2  3  3  65       
PG32  14510.832131   4443.112686 -21551.358603   -180.748384  5  4  6  71       
*  2026  1  2 17 30  0.00000000
PG01   5115.153914 -17260.251561 -19504.901420    347.382785  7  7  7  58       
PG02  14401.052833 -18720.883344 -11177.216589      7.986278  3  6  5  70       
PG03  -5017.393429 -18001.136720 -19105.170532    608.788309  7  6  5  73       
PG04   1262.472931 -26423.602566    809.167796     35.626067  3  7  5  92       
PG05 -11445.773832  10182.597129  21531.110849   -226.606508  4  4  5  41       
PG06 -23654.184843   3317.710561 -11697.972239   -597.957184 12  3  9 113       
PG07 -11292.793212 -11549.231328  21727.283041   -129.790924  4  5  4  64       
PG08   6918.703739 -23246.782646  10063.792357    508.546391  4  5  6  69       
PG09  -7229.619943 -23171.337033  10591.721330    769.568540  2  3  7  26       
PG10  23783.102148  10607.045845  -5809.412929   -579.410447  3  3  4  61       
PG11 -23248.383001  12637.306805   1883.193011   -488.152676  5  5  5  68       
PG12   -356.059729  17373.726029 -20383.670859   -606.066940  3  3  3  63       
PG13 -13050.349111  17817.479861  14294.849756    690.681027  4  7  5  68       
PG14 -23490.885853 -12288.563479  -3241.281174    726.193802  8  5  5  78       
PG15  -3395.247031  24423.775052   9238.692318    372.960413  4  7  4  78       
PG16  15933.573592  -5786.612809  20165.554648    179.853357  4  4  3  73       
PG17 -13599.760497  -9040.989289 -20513.364522    -20.283013  6  6  4  36       
PG18  12633.686328   9843.272990  21285.242912   -461.182158  3  6  5  53       
PG19 -15227.170680  -1292.658653 -21792.204613    683.623938  5  4  4  31       
PG20 -20943.282935   3822.162462  15935.900956    361.822354  4  3  4  50       
PG21 -19536.625995   2171.832471  17880.984647    371.483395  5  3  5  55       
PG22 -22858.291257  -8870.333188  -9458.230485    -63.175392  3  4  5  69       
PG23  19180.906314  17049.748616   7438.567710    594.152696  3  6  3  74       
PG24  -9235.092654  19933.966859 -15192.988618   -178.390172  3  3  5  81       
PG25  12951.254204  19096.740826 -13761.771043    452.397061  4  5  4  75       
PG26  23754.909187   1753.265942  11925.020537   -304.918671  6  3  2  65       
PG27  12567.865556 -15028.065205  17378.256212    -11.116125  4  3  3  78       
PG28  22839.105066  -2309.227255 -13383.154499   -616.413172  6  5  4  34       
PG29   3595.515939  24689.064860   8858.706359   -399.667303  3  7  7  77       
PG30 -19451.263170  -4347.423348  17864.542274     74.988057  5  4  3  40       
PG31  24719.400771  -9577.741965  -3724.772372   -174.770252  2  3  3  45       
PG32  14337.273604   6925.026854 -21030.161275   -180.733400  5  5  6  69       
*  2026  1  2 17 45  0.00000000
PG01   7112.622767 -18076.952315 -18082.009644    347.379913  7  7  7  67       
PG02  15537.227447 -19195.559392  -8606.673604      7.993920  2  6  5  60       
PG03  -3077.226930 -16927.830896 -20453.491755    608.779767  7  6  5  77       
PG04   1500.857457 -26339.500403  -2075.001730     35.628320  3  7  5  84       
PG05 -13600.846882   9011.186645  20796.309915   -226.607476  4  4  5  84       
PG06 -22426.985444   2487.195799 -14054.577983 999999.999999 12  1  9           
PG07  -9242.156605 -12750.184420  21994.483766   -129.795551  4  5  4  70       
PG08   7274.827331 -21929.492618  12484.681736    508.542831  3  5  6  66       
PG09  -7030.952071 -24255.247661   7999.183484    769.569323  2  3  7  70       
PG10  24165.408571  10995.169098  -2970.166360   -579.413349  3  3  3  54       
PG11 -23404.977774  12435.713038   -982.670320   -488.140676  5  5  4  60       
PG12  -2325.931089  16139.862838 -21260.702265   -606.067234  3  4  3  74       
PG13 -12958.029151  16007.780659  16357.177979    690.680282  3  6  5  82       
PG14 -23532.437696 -12644.976864   -450.053163    726.196046  7  5  6  62       
PG15  -3892.665491  23215.299935  11695.047843    372.963330  5  7  4  89       
PG16  17771.333284  -4387.996443  19009.811962    179.860286  4  4  2  62       
PG17 -13356.959924 -11401.816412 -19466.401517    -20.293725  6  6  4  80       
PG18  10506.482652  11056.093028  21817.352038   -461.173332  3  6  5  58       
PG19 -14993.565761  -3752.787854 -21714.176645    683.625637  5  5  4  52       
PG20 -22476.136948   3084.613720  13850.572354    361.821817  4  3  4           
PG21 -21117.773556   1034.054714  16097.729009    371.491485  5  3  5  39       
PG22 -23502.690105  -9658.604445  -6802.278718    -63.171894  2  4  5  69       
PG23  18247.764733  16704.226309  10094.456150    594.157233  2  7  4  68       
PG24 -10642.462425  20647.913424 -13065.088315   -178.376945  3  3  5  72       
PG25  11431.634836  18485.522091 -15822.418977    452.395044  3  4  5  60       
PG26  24781.316564   2523.205525   9539.828039   -304.924246  6  3  2  66       
PG27  12779.717089 -12874.889697  18897.230300    -11.122348  3  3  3  69       
PG28  21531.820851  -1282.045630 -15517.005413   -616.409006  6  5  4  68       
PG29   3289.135933  25536.828396   6166.628672   -399.661543  3  7  7  90       
PG30 -17727.285875  -5537.768744  19263.975304     74.999068  5  4  3  65       
PG31  24355.384474  -9104.842267  -6470.395421   -174.768548  2  3  3  77       
PG32  14294.368592   9329.189787 -20139.554709   -180.718441  4  4  5  80       
*  2026  1  2 18  0  0.00000000
PG01   8909.514224 -18908.612497 -16347.224927    347.377170  7  7  7  58       
PG02  16406.121194 -19538.136516  -5880.963259      8.001334  2  6  5  88       
PG03   -960.687390 -15907.774336 -21456.424240    608.771280  8  6  5  76       
PG04   1751.204680 -25941.961677  -4923.067944     35.630525  3  7  5  74       
PG05 -15720.034720   8001.959322  19698.466986   -226.607905  4  4  5  49       
PG06 -21033.451106   1452.402160 -16169.936264 999999.999999 13  1 10           
PG07  -7245.850367 -14064.007081  21903.393968   -129.800399  4  4  4  71       
PG08   7721.761864 -20368.465126  14683.329233    508.539271  3  4  6  75       
PG09  -6863.638431 -25046.287989   5267.871928    769.570139  2  4  7  73       
PG10  24282.140424  11211.603619    -80.647383   -579.416211  2  4  3  65       
PG11 -23294.102971  12075.394564  -3831.539475   -488.128694  5  5  3  69       
PG12  -4424.633354  14971.978844 -21781.373142   -606.067799  2  5  4  81       
PG13 -12944.004172  13975.926002  18129.622264    690.679364  3  5  5  91       
PG14 -23313.958075 -12853.356227   2348.790457    726.198336  7  6  6  68       
PG15  -4512.178787  21767.416953  13943.714574    372.966650  5  7  5  82       
PG16  19545.529213  -3168.540324  17520.590129    179.867128  4  4  2  83       
PG17 -13234.081243 -13631.508772 -18071.199892    -20.304563  6  6  4  87       
PG18   8413.050568  12404.673009  21976.574873   -461.164465  3  7  5  53       
PG19 -14890.534496  -6187.251748 -21266.408007    683.627384  5  5  4  62       
PG20 -23806.479345   2495.497450  11527.436873    361.821929  3  2  4  29       
PG21 -22563.826061     81.896064  14037.872504    371.499508  5  3  5  43       
PG22 -23921.791001 -10247.225634  -4025.792013    -63.168103  1  5  5  48       
PG23  17034.245667  16288.908732  12579.686529    594.161834  3  7  4  73       
PG24 -11826.321415  21268.840133 -10714.670708   -178.363749  3  3  5  59       
PG25   9690.011329  17861.007970 -17620.476120    452.393058  3  5  5  73       
PG26  25583.928997   3140.890134   6992.501746   -304.929744  6  4  2  62       
PG27  13109.307709 -10581.478529  20077.288049    -11.128569  2  2  2  68       
PG28  20094.599839    -57.941938 -17384.159153   -616.404788  6  5  4  69       
PG29   3031.577091  26087.255551   3367.404231   -399.656087  4  8  7  91       
PG30 -15947.920296  -6888.875099  20339.214682     75.010073  5  5  3  62       
PG31  23761.108492  -8455.291721  -9107.563120   -174.766788  3  3  3  50       
PG32  14369.950218  11607.703423 -18896.067737   -180.703444  4  4  5  71       
*  2026  1  2 18 15  0.00000000
PG01  10483.044460 -19716.447851 -14330.353132    347.374599  7  6  7  85       
PG02  17016.642943 -19710.524822  -3049.564240      8.008811  2  6  5  63       
PG03   1296.329032 -14974.652993 -22097.034600    608.762820  8  6  4 102       
PG04   2050.823755 -25240.194973  -7685.469455     35.632743  4  7  5  93       
PG05 -17754.027276   7160.401539  18257.109158   -226.608341  3  4  4  73       
PG06 -19518.233786    207.695381 -18007.336815 999999.999999 13  5 10           
PG07  -5340.562516 -15464.573932  21454.267568   -129.805110  4  4  3  76       
PG08   8283.336378 -18598.640463  16620.840826    508.535729  3  4  6  80       
PG09  -6690.711973 -25532.826156   2445.249018    769.570948  2  4  7  77       
PG10  24112.912286  11290.514354   2810.259782   -579.419121  3  4  2  71       
PG11 -22939.723753  11527.324325  -6614.127547   -488.116615  4  5  3  80       
PG12  -6615.416550  13899.300010 -21937.145415   -606.068317  2  5  4  73       
PG13 -13035.014044  11761.197014  19580.676173    690.678355  3  5  5  91       
PG14 -22821.220459 -12946.363640   5107.954973    726.200625  7  6  6  64       
PG15  -5274.216532  20115.135548  15943.560684    372.969778  5  8  5  92       
PG16  21210.634609  -2133.373440  15725.696687    179.873830  3  4  2  47       
PG17 -13212.695596 -15685.260606 -16352.828423    -20.315056  6  6  4  85       
PG18   6396.110599  13864.044737  21759.404235   -461.155620  3  7  5  64       
PG19 -14913.890305  -8548.543297 -20457.939427    683.629170  5  5  4  69       
PG20 -24898.463269   2033.367496   9006.094171    361.822169  3  3  4  75       
PG21 -23832.278765   -692.911292  11736.813183    371.507504  5  4  5  58       
PG22 -24086.697534 -10660.398804  -1178.188788    -63.164486  1  5  5  54       
PG23  15549.130083  15845.229993  14852.174112    594.166414  3  7  5  72       
PG24 -12785.021426  21756.820301  -8180.510349   -178.350612  3  3  4  78       
PG25   7748.663424  17259.014306 -19126.499325    452.390990  2  5  5  66       
PG26  26135.714533   3629.860865   4326.775588   -304.935289  6  4  2  69       
PG27  13567.810610  -8195.659161  20897.849712    -11.134749  2  2  1  64       
PG28  18571.757286   1361.452528 -18952.513634   -616.400535  6  5  4  74       
PG29   2786.405694  26329.203659    509.681770   -399.650470  4  8  7  84       
PG30 -14155.498782  -8388.156232  21071.782360     75.021093  5  5  4  49       
PG31  22969.410626  -7609.414821 -11592.406419   -174.764934  3  3  4  68       
PG32  14544.327752  13716.693924 -17322.416118   -180.688467  5  3  5  73       
*  2026  1  2 18 30  0.00000000
PG01  11818.551253 -20459.525989 -12066.106143    347.371650  6  6  7  81       
PG02  17386.275164 -19678.994243   -163.563309      8.016417  3  6  4  58       
PG03   3652.133731 -14155.875082 -22364.387383    608.754303  8  6  4 108       
PG04   2434.593410 -24252.234692 -10314.155610     35.635088  4  7  6  94       
PG05 -19654.626965   6483.378781  16497.777970   -226.608431  3  4  4  45       
PG06 -17927.786044  -1243.804803 -19534.741932 999999.999999 13  7 10           
PG07  -3558.201710 -16919.829407  20652.934513   -129.809804  4  4  3  74       
PG08   8976.968517 -16660.626044  18263.204726    508.532169  3  4  5  77       
PG09  -6474.348415 -25712.195324   -419.722371    769.571733  2  5  7  87       
PG10  23645.527312  11269.885551   5653.965468   -579.422027  3  4  2  79       
PG11 -22372.435009  10768.533625  -9282.245039   -488.104565  3  6  3  74       
PG12  -8856.950675  12944.606439 -21725.431624   -606.068457  1  6  4  64       
PG13 -13250.971288   9408.531245  20684.693248    690.677625  2  5  4  81       
PG14 -22047.803335 -12959.410399   7780.867021    726.202895  7  6  6  56       
PG15  -6192.250658  18298.952273  17657.698223    372.972696  5  8  5  74       
PG16  22722.842112  -1279.117189  13658.005094    179.880676  3  5  2  50       
PG17 -13267.623015 -17523.741532 -14342.312529    -20.325928  6  7  4  91       
PG18   4493.804505  15402.378784  21168.746127   -461.146785  3  7  5  60       
PG19 -15051.673501 -10791.424134 -19303.750566    683.631023  5  5  4  74       
PG20 -25722.460764   1670.860339   6329.671162    361.821823  2  3  4  72       
PG21 -24884.496606  -1306.256290   9234.087063    371.515470  5  5  5  56       
PG22 -23975.697270 -10928.139482   1690.173003    -63.160950  1  5  5  33       
PG23  13809.918536  15413.181170  16873.333579    594.171009  3  7  5  82       
PG24 -13524.658342  22073.749589  -5505.091817   -178.337426  3  3  4  81       
PG25   5636.615563  16711.500026 -20315.762218    452.388939  2  4  5  66       
PG26  26416.179497   4018.462774   1588.033697   -304.940841  6  4  3  72       
PG27  14158.404615  -5767.427357  21345.088349    -11.140942  2  3  1  69       
PG28  17007.944047   2966.136682 -20195.093626   -616.396344  6  4  3  59       
PG29   2516.157851  26260.507123  -2356.891349   -399.644817  4  8  7  94       
PG30 -12390.357254 -10015.625566  21448.810923     75.032133  5  5  4  61       
PG31  22017.479960  -6554.464012 -13883.706503   -174.763407  3  3  4  62       
PG32  14791.179105  15617.822905 -15447.019778   -180.673496  5  3  5  72       
*  2026  1  2 18 45  0.00000000
PG01  12909.869413 -21096.395458  -9593.504719    347.368969  6  6  7  67       
PG02  17540.109214 -19415.633102   2725.391849      8.023940  4  6  4  83       
PG03   6060.623759 -13471.569244 -22253.726658    608.745803  8  6  4  94       
PG04   2933.391890 -23004.271024 -12763.450055     35.637322  4  7  6  79       
PG05 -21376.504291   5959.437256  14451.538971   -226.609376  2  4  4  82       
PG06 -16308.620195  -2890.125899 -20725.365579 999999.999999 13  8 10           
PG07  -1924.861024 -18392.811836  19510.817617   -129.814262  4  4  3  82       
PG08   9812.807065 -14599.170523  19581.922216    508.528642  3  4  5  78       
PG09  -6177.534501 -25590.710302  -3277.448733    769.572527  2  6  7  93       
PG10  22876.465440  11189.906618   8402.932078   -579.424910  3  4  2  75       
PG11 -21628.202575   9783.204160 -11789.651039   -488.092476  3  6  3  64       
PG12 -11104.688870  12123.460565 -21149.633204   -606.068692  1  6  4  69       
PG13 -13604.059188   6966.898059  21422.375292    690.676751  2  5  4  90       
PG14 -20995.431157 -12929.156085  10322.415843    726.205179  7  6  6  54       
PG15  -7271.990303  16363.349915  19054.295644    372.975930  5  7  5  67       
PG16  24041.665194   -594.303364  11354.755556    179.887536  3  5  1  67       
PG17 -13368.085750 -19114.499831 -12075.996060    -20.336656  6  7  4  76       
PG18   2738.376243  16982.074546  20213.926462   -461.137986  4  7  5  74       
PG19 -15284.707084 -12874.421151 -17824.433929    683.632915  6  5  5  92       
PG20 -26256.172547   1375.931764   3544.098207    361.821757  1  3  4  64       
PG21 -25687.160351  -1780.839351   6572.692091    371.523473  5  6  4  47       
PG22 -23575.141723 -11084.838153   4528.955816    -63.157101  1  5  5  55       
PG23  11842.346320  15029.699393  18608.707769    594.175623  3  7  5  92       
PG24 -14058.751392  22184.933354  -2733.965842   -178.324297  3  3  3  72       
PG25   3388.746650  16245.363197 -21168.602977    452.386858  1  5  5  63       
PG26  26412.095474   4338.548680  -1177.435170   -304.946382  6  5  3  57       
PG27  14876.087777  -3347.102416  21412.142905    -11.147111  1  3  2  63       
PG28  15446.484337   4737.931729 -21090.513395   -616.392131  6  5  3  79       
PG29   2184.010178  25888.024643  -5182.557441   -399.638984  4  8  7  88       
PG30 -10689.429348 -11744.468200  21463.281031     75.043151  4  5  4  75       
PG31  20945.434724  -5285.255813 -15943.502575   -174.761295  3  3  4  56       
PG32  15078.710817  17279.569185 -13303.421307   -180.658508  5  2  5  64       
*  2026  1  2 19  0  0.00000000
PG01  13759.378948 -21586.750056  -6955.203358    347.366222  6  5  7  75       
PG02  17509.584736 -18899.552367   5566.119155      8.031328  4  6  4  60       
PG03   8472.828253 -12933.863291 -21766.567609    608.737247  8  6  4 101       
PG04   3572.689750 -21529.670307 -14990.867976     35.639664  5  6  6  85       
PG05 -22878.842437   5569.441797  12154.392819   -226.609518  1  4  4  81       
PG06 -14705.569374  -4710.690078 -21558.167879 999999.999999 13  9  9           
PG07   -459.975181 -19842.875696  18044.885100   -129.819182  4  5  3  82       
PG08  10793.188867 -12461.487239  20554.511795    508.525076  3  4  4  74       
PG09  -5765.702326 -25183.345364  -6078.579919    769.573350  3  6  7  90       
PG10  21811.061034  11091.299338  11011.398620   -579.427799  3  5  1  75       
PG11 -20746.904558   8563.485956 -14092.872107   -488.080446  3  6  4  41       
PG12 -13312.353562  11443.708557 -20219.097845   -606.069045  1  6  4  36       
PG13 -14098.162408   4487.517015  21781.124190    690.677027  1  5  3  70       
PG14 -19674.023681 -12891.970613  12689.670699    726.207472  7  6  6  47       
PG15  -8510.903829  14355.119463  20107.295254    372.979484  5  7  5  75       
PG16  25131.392273    -60.103909   8856.805881    179.894163  2  5  1  64       
PG17 -13479.102524 -20433.079035  -9594.790571    -20.347429  6  7  4  93       
PG18   1155.077249  18561.092425  18910.588506   -461.129183  4  7  5  69       
PG19 -15587.424302 -14761.171164 -16045.795281    683.634834  6  5  5  87       
PG20 -26485.471792   1113.284822    697.327625    361.821691  1  4  4  23       
PG21 -26213.521135  -2145.097811   3798.352818    371.531514  5  6  4  58       
PG22 -22880.001869 -11167.669469   7288.774041    -63.153667  2  5  5  80       
PG23   9679.596884  14727.177722  20028.538116    594.180223  4  7  5  71       
PG24 -14407.626643  22060.591012     84.989825   -178.311160  3  4  2  89       
PG25   1044.696001  15881.429894 -21670.709725    452.384769  2  5  5  75       
PG26  26117.963935   4624.069554  -3923.176228   -304.951928  6  5  4  65       
PG27  15707.847623   -983.491274  21099.172436    -11.153279  1  4  3  86       
PG28  13927.776980   6650.992763 -21623.344247   -616.387948  5  5  3  69       
PG29   1755.424176  25227.343589  -7918.335724   -399.633312  5  8  7  89       
PG30  -9084.969230 -13541.876956  21114.176397     75.054173  4  5  4  71       
PG31  19794.814384  -3804.532391 -17737.648562   -174.759565  3  3  5  50       
PG32  15371.033839  18678.234074 -10929.622104   -180.643522  5  2  5  75       
*  2026  1  2 19 15  0.00000000
PG01  14377.724260 -21893.062962  -4196.749022    347.363613  6  5  7  73       
PG02  17330.996998 -18117.789233   8308.880697      8.038952  4  6  4  65       
PG03  10838.568778 -12546.470368 -20910.696042    608.728680  8  6  5  79       
PG04   4371.362673 -19867.725697 -16957.870700     35.641890  5  5  6  90       
PG05 -24126.806327   5287.521013   9646.601751   -226.610360  1  5  4  54       
PG06 -13160.117985  -6676.901808 -22018.254329 999999.999999 13 10  9           
PG07    824.295803 -21227.077985  16277.531335   -129.824244  4  5  3  73       
PG08  11912.430564 -10295.500175  21164.877445    508.521520  3  4  2  63       
PG09  -5208.264720 -24513.088341  -8774.870655    769.574172  3  7  6  91       
PG10  20463.368014  11013.646340  13436.065829   -579.430646  3  5  2  74       
PG11 -19770.730372   7110.007395 -16151.973132   -488.068387  3  6  4  46       
PG12 -15433.494727  10905.272612 -18948.995691   -606.069454  1  6  4  47       
PG13 -14728.653510   2021.995363  21755.250005    690.677506  1  6  3  86       
PG14 -18101.451871 -12882.415239  14842.565867    726.209749  7  6  6  58       
PG15  -9898.096941  12321.576983  20797.010033    372.982453  5  7  5  80       
PG16  25962.342003    348.666885   6207.851799    179.901097  2  6  1  55       
PG17 -13563.059727 -21463.802117  -6943.334520    -20.358317  6  7  4  91       
PG18   -238.659604  20094.480189  17280.478789   -461.120338  5  7  5  75       
PG19 -15928.933190 -16421.569463 -13998.389849    683.636267  6  5  4  88       
PG20 -26404.946867    845.934043  -2161.492705    361.821628  2  4  4  42       
PG21 -26444.415149  -2431.908520    958.738113    371.539529  5  6  3  50       
PG22 -21894.083391 -11214.919222   9922.076907    -63.150186  2  5  5  65       
PG23   7361.240020  14532.151084  21108.268577    594.184821  4  7  5  75       
PG24 -14597.518965  21677.212202   2902.396866   -178.298050  3  4  2  90       
PG25  -1352.398599  15633.669493 -21813.341927    452.382724  3  5  5  65       
PG26  25536.206526   4909.604149  -6603.291600   -304.957475  5  6  4  36       
PG27  16633.175209   1277.859494  20413.256036    -11.159447  1  4  4  78       
PG28  12487.821350   8672.621130 -21784.380823   -616.383702  5  5  3  56       
PG29   1199.697802  24302.154481 -10516.890854   -399.627792  5  7  7  95       
PG30  -7603.450036 -15370.125584  20406.551649     75.065214  4  5  4  72       
PG31  18607.038258  -2123.037575 -19236.315201   -174.757822  3  4  5  44       
PG32  15629.695956  19798.635977  -8367.353447   -180.628471  5  2  5  72       
*  2026  1  2 19 30  0.00000000
PG01  14783.215655 -21982.126233  -1365.786976    347.361012  6  5  7  54       
PG02  17043.843997 -17065.879665  10906.290322      8.046262  5  5  3  71       
PG03  13108.174912 -12304.598898 -19700.074211    608.720112  8  5  5  72       
PG04   5340.772131 -18062.188906 -18630.543024     35.644121  5  4  6  80       
PG05 -25092.779622   5082.278408   6971.946715   -226.610721  1  5  4  65       
PG06 -11708.867114  -8753.056238 -22097.170447 999999.999999 13 10  9           
PG07   1923.428709 -22501.687831  14236.377756   -129.829164  4  5  3  80       
PG08  13156.959936  -8148.087429  21403.536631    508.517962  3  4  2  76       
PG09  -4479.991364 -23609.998744 -11320.013857    769.574980  4  7  6  91       
PG10  18855.720678  10993.779241  15636.736633   -579.433547  3  5  2  84       
PG11 -18742.500960   5432.055841 -17931.265302   -488.056409  3  6  5  47       
PG12 -17423.066819  10500.242436 -17360.114186   -606.070150  1  6  4  52       
PG13 -15482.542392   -379.536266  21346.032709    690.673426  1  6  3  75       
PG14 -16303.008540 -12931.797801  16744.544899    726.212023  6  6  6  77       
PG15 -11414.558705  10308.754954  21110.577821    372.985885  4  7  4  92       
PG16  26511.878554    662.325622   3453.634321    179.907962  2  6  2  75       
PG17 -13581.388289 -22200.194031  -4169.087173    -20.369501  6  7  3  93       
PG18  -1433.742527  21536.036876  15351.121207   -461.111542  5  7  6  91       
PG19 -16274.276443 -17832.685777 -11717.002997    683.637789  6  5  5  95       
PG20 -26018.119365    536.844712  -4982.876328    361.821544  2  4  4  61       
PG21 -26368.999349  -2677.118260  -1897.354881    371.547548  6  6  3  77       
PG22 -20629.900902 -11264.299944  12383.965870    -63.146350  2  5  5  66       
PG23   4931.931252  14464.207783  21828.975089    594.189396  4  7  5  81       
PG24 -14659.419947  21018.701605   5668.277489   -178.284933  3  4  1  88       
PG25  -3757.289798  15508.663266 -21593.485706    452.380685  3  5  5  68       
PG26  24677.078360   5228.881026  -9173.140181   -304.963000  5  6  5  71       
PG27  17624.894462   3396.251178  19368.147995    -11.165599  1  5  5  86       
PG28  11156.924385  10764.347243 -21570.801605   -616.379464  5  5  2  80       
PG29    491.361909  23143.321857 -12933.365967   -399.621980  5  7  6  92       
PG30  -6264.679632 -17187.843512  19351.508779     75.076241  4  5  4  82       
PG31  17421.883414   -259.305355 -20414.434230   -174.755860  3  4  5  84       
PG32  15815.307016  20634.473515  -5661.299932   -180.613420  5  3  5  89       
*  2026  1  2 19 45  0.00000000
PG01  15000.937068 -21826.434723   1488.771815    347.358238  6  4  6  96       
PG02  16689.088825 -15748.085986  13314.132229      8.053830  5  5  3  80       
PG03  15234.193781 -12195.191624 -18154.652039    608.711538  8  6  5  74       
PG04   6484.150408 -16159.642448 -19980.180726     35.646359  6  4  5  77       
PG05 -25757.323335   4918.218048   4176.931349   -226.611209  1  5  4  54       
PG06 -10382.195900 -10897.535956 -21793.084183 999999.999999 13 11  9           
PG07   2840.623600 -23623.771818  11953.985835   -129.833920  4  5  2  93       
PG08  14505.776307  -6063.395377  21267.708295    508.514420  3  4  3  76       
PG09  -3562.172290 -22510.008974 -13670.431137    769.575795  5  7  5  83       
PG10  17018.007949  11064.281780  17576.907467   -579.436441  3  5  2  85       
PG11 -17703.976898   3547.420538 -19399.937601   -488.044383  3  6  5  40       
PG12 -19238.969624  10213.264557 -15478.571568   -606.070591  1  6  3  75       
PG13 -16338.979164  -2670.211963  20561.639475    690.673448  2  5  4  78       
PG14 -14310.611666 -13066.854995  18363.156048    726.214320  6  5  6  68       
PG15 -13033.768735   8359.650482  21042.255875    372.989103  4  6  4  66       
PG16  26765.156756    914.922256    641.149382    179.914844  1  6  2  71       
PG17 -13496.271610 -22645.030843  -1321.383073    -20.380189  6  7  3 104       
PG18  -2429.616260  22840.050867  13155.381380   -461.102746  5  7  5  90       
PG19 -16585.839588 -18979.419664  -9240.083477    683.639876  7  6  4  94       
PG20 -25337.326355    150.582187  -7717.870242    361.821061  2  4  4  69       
PG21 -25985.179701  -2917.959354  -4720.836737    371.555535  6  6  3  76       
PG22 -19108.224574 -11351.323513  14632.933271    -63.142768  2  5  5  87       
PG23   2439.917634  14535.168725  22177.712939    594.194020  4  7  5  70       
PG24 -14627.712388  20077.254806   8333.012468   -178.271800  3  4  1  78       
PG25  -6124.091508  15505.345819 -21013.940331    452.378639  4  4  5  90       
PG26  23558.310771   5613.345044 -11590.008178   -304.968585  4  6  5  65       
PG27  18650.264832   5337.197182  17983.901941    -11.171768  1  5  5  90       
PG28   9958.638093  12883.243174 -20986.220782   -616.375243  4  5  2  85       
PG29   -388.634019  21787.689935 -15126.164531   -399.616129  5  6  6  94       
PG30  -5081.168590 -18951.448625  17966.078519     75.087263  4  4  4  86       
PG31  16276.033686   1760.832152 -21252.081432   -174.754209  3  4  5  45       
PG32  15889.191453  21188.350173  -2858.292310   -180.598382  5  3  5  89       
*  2026  1  2 20  0  0.00000000
PG01  15061.595592 -21405.359536   4317.606448    347.355450  6  5  6  84       
PG02  16307.412434 -14177.281390  15492.077870      8.061106  5  4  3  65       
PG03  17173.031649 -12197.487483 -16300.083601    608.702963  8  6  5  78       
PG04   7796.313753 -14207.777747 -20983.778018     35.648624  6  4  5  74       
PG05 -26109.821650   4757.325591   1309.949365   -226.611644  1  5  4  57       
PG06  -9203.172750 -13064.251759 -21110.850449 999999.999999 13 12  8           
PG07   3586.601313 -24552.801668   9467.474782   -129.838849  3  5  2  80       
PG08  15931.215326  -4081.291336  20761.265299    508.510905  3  3  3  68       
PG09  -2443.524399 -21253.517236 -15786.007338    769.576590  5  7  5  89       
PG10  14986.687493  11252.158820  19224.306552   -579.439406  4  5  3  85       
PG11 -16694.221543   1481.903058 -20532.599825   -488.032301  4  6  6  24       
PG12 -20843.498712  10022.218119 -13335.449369   -606.071058  2  6  2  70       
PG13 -17270.085399  -4808.069209  19416.903620    690.672446  3  5  4  67       
PG14 -12161.767586 -13308.610396  19670.590873    726.216575  5  5  6  60       
PG15 -14722.640294   6512.610972  20593.544844    372.992333  4  6  4  75       
PG16  26715.578242   1142.728940  -2182.127504    179.921821  1  6  2  50       
PG17 -13272.310508 -22810.021090   1549.527293    -20.390893  5  6  3  92       
PG18  -3234.119501  23963.044369  10730.925861   -461.093994  5  7  6  95       
PG19 -16824.856725 -19854.876230  -6609.136617    683.641436  7  6  4  93       
PG20 -24383.269153   -345.094954 -10318.925479    361.821023  2  5  4  50       
PG21 -25299.715221  -3191.412259  -7463.167429    371.563519  7  6  2  41       
PG22 -17357.325195 -11507.793895  16631.512722    -63.139071  2  5  4  82       
PG23    -64.597287  14748.567392  22147.774854    594.198634  4  7  5  71       
PG24 -14538.644337  18853.916741  10848.333737   -178.258692  2  5  1  69       
PG25  -8407.783515  15615.030907 -20083.332561    452.376600  5  5  5  93       
PG26  22204.498393   6090.817901 -13813.744932   -304.974127  4  6  5  76       
PG27  19672.304620   7073.513638  16286.380750    -11.177954  1  5  5  90       
PG28   8908.968123  14983.415443 -20040.630383   -616.371081  4  6  2  71       
PG29  -1451.993416  20276.671733 -17057.666905   -399.610820  5  6  6  69       
PG30  -4057.777004 -20616.687765  16273.003922     75.098352  3  4  4  74       
PG31  15201.749375   3905.001630 -21734.795087   -174.752020  3  5  6  59       
PG32  15815.003486  21471.466743     -6.485847   -180.583393  4  4  5  88       
*  2026  1  2 20 15  0.00000000
PG01  15000.158677 -20706.064418   7071.849175    347.352707  5  5  6  78       
PG02  15937.527960 -12374.507623  17404.293544      8.068583  5  4  3  71       
PG03  18886.467073 -12283.888502 -14167.349769    608.694393  7  6  5  70       
PG04   9263.713920 -12253.647631 -21624.407190     35.650835  6  4  5  56       
PG05 -26148.793454   4560.740334  -1579.568169   -226.612038  2  5  4  88       
PG06  -8186.760799 -15204.272718 -20061.954295 999999.999999 12 12  8           
PG07   4179.108027 -25252.226108   6818.038124   -129.843619  3  5  2  92       
PG08  17399.981069  -2236.014318  19894.559357    508.507402  3  3  4  80       
PG09  -1120.807204 -19883.828123 -17630.757550    769.577401  6  8  5  75       
PG10  12803.574004  11577.716329  20551.375470   -579.442326  3  5  3  71       
PG11 -15748.084090   -731.486060 -21309.726999   -488.020233  4  5  6  64       
PG12 -22204.653067   9899.155988 -10966.344970   -606.071382  2  6  2  75       
PG13 -18242.074728  -6757.473001  17932.975075    690.671578  3  4  4  86       
PG14  -9898.329721 -13671.451186  20644.158266    726.218855  4  5  6  72       
PG15 -16442.756741   4799.931182  19773.138108    372.995723  3  6  5  55       
PG16  26364.950705   1382.673497  -4968.991349    179.928553  1  6  3  50       
PG17 -12878.075435 -22715.141367   4393.426377    -20.401513  5  5  3  97       
PG18  -3863.006902  24865.454796   8119.583523   -461.085229  5  7  5  95       
PG19 -16952.960802 -20460.452283  -3868.084267    683.643105  7  6  4  97       
PG20 -23184.244376   -977.762626 -12740.749226    361.821534  3  5  4  71       
PG21 -24327.993535  -3532.579089 -10077.189330    371.571523  7  5  3  35       
PG22 -15411.954319 -11760.475520  18346.835194    -63.135381  3  5  5  89       
PG23  -2531.170707  15099.453330  21738.853249    594.203247  4  7  5  57       
PG24 -14428.706150  17358.786930  13168.325002   -178.245559  2  5  1  57       
PG25 -10565.699723  15821.724612 -18816.055023    452.374574  5  5  5 104       
PG26  20646.253347   6684.298521 -15807.359273   -304.979703  4  6  5  81       
PG27  20651.274855   8586.100041  14306.671066    -11.184133  1  5  5  91       
PG28   8015.883604  17017.621410 -18750.233361   -616.366843  3  6  2  80       
PG29  -2702.437278  18654.678453 -18694.869292   -399.604559  5  6  6  87       
PG30  -3191.657238 -22140.229258  14300.424666     75.109369  3  3  4  94       
PG31  14225.703716   6135.286367 -21853.826109   -174.750162  4  5  5  83       
PG32  15560.243874  21503.000235   2845.460938   -180.568431  4  4  5  87       
*  2026  1  2 20 30  0.00000000
PG01  14854.333301 -19724.128641   9703.939894    347.349907  5  5  5  70       
PG02  15614.620907 -10368.234353  19019.935772      8.076109  4  3  4  65       
PG03  20342.978556 -12421.102474 -11792.289169    608.685786  7  6  5  81       
PG04  10864.824559 -10341.961958 -21891.485240     35.653094  6  5  4  73       
PG05 -25881.861610   4290.451567  -4442.009675   -226.613034  3  6  4  49       
PG06  -7339.350565 -17267.582540 -18664.331759 999999.999999 11 12  8           
PG07   4642.133805 -25690.945604   4050.355853   -129.848143  3  4  2  82       
PG08  18874.398440   -555.072973  18684.129380    508.503887  4  3  5  88       
PG09    400.874407 -18445.501921 -19173.416804    769.578165  6  8  5  83       
PG10  10514.442754  12053.690716  21535.690422   -579.445175  3  5  3  80       
PG11 -14894.862409  -3053.613297 -21717.997128   -488.008238  5  5  6  25       
PG12 -23297.251171   9811.480323  -8410.846149   -606.071739  3  6  2  76       
PG13 -19216.612112  -8490.271257  16136.855229    690.671290  3  4  4  87       
PG14  -7565.095973 -14162.459379  21266.686201    726.221132  4  5  6  77       
PG15 -18151.843918   3246.724691  18596.699477    372.998901  3  6  5  56       
PG16  25723.352701   1670.774802  -7673.224710    179.935600  1  6  3  51       
PG17 -12287.483653 -22387.662491   7161.046084    -20.412509  5  5  4  89       
PG18  -4339.152091  25513.184769   5366.619221   -461.076498  5  6  5 100       
PG19 -16933.724691 -20805.632134  -1062.597740    683.644451  7  6  5  89       
PG20 -21775.086146  -1769.040207 -14941.121396    361.821228  3  5  4  64       
PG21 -23093.486258  -3973.131609 -12517.937224    371.579557  7  5  3  84       
PG22 -13312.104574 -12129.983604  19751.087886    -63.131977  3  4  5  79       
PG23  -4910.857280  15574.530315  20957.100866    594.207879  4  7  4  69       
PG24 -14332.981793  15610.851411  15250.400818   -178.232409  1  5  1  44       
PG25 -12558.949079  16102.719832 -17232.124557    452.372473  6  5  5  66       
PG26  18919.156259   7410.944183 -17537.572040   -304.985223  3  6  5  82       
PG27  21546.259374   9864.388299  12080.422109    -11.190320  1  5  5  97       
PG28   7279.146856  18938.947809 -17137.170069   -616.362625  3  6  2  85       
PG29  -4135.385682  16967.451621 -20009.934810   -399.598934  5  6  5  67       
PG30  -2472.499033 -23481.248249  12081.462264     75.120407  3  3  4  95       
PG31  13368.027316   8409.433155 -21606.315750   -174.748474  4  5  5  69       
PG32  15097.622645  21309.198945   5649.193870   -180.553407  3  5  5 102       
*  2026  1  2 20 45  0.00000000
PG01  14662.947617 -18463.851633  12168.456268    347.347139  4  5  5  59       
PG02  15368.970557  -8193.358672  20313.535473      8.083430  4  3  4  56       
PG03  21518.835237 -12571.521503  -9215.041107    608.677163  6  6  5  92       
PG04  12570.845632  -8513.492501 -21780.924793     35.655297  6  5  4  76       
PG05 -25325.385286   3910.952836  -7228.428917   -226.613348  4  6  4  59       
PG06  -6658.639645 -19204.893354 -16942.070062 999999.999999 10 13  8           
PG07   5004.863928 -25844.627598   1211.902269   -129.852920  3  4  2  86       
PG08  20313.831416    941.572217  17152.306173    508.500368  3  3  5  88       
PG09   2108.090376 -16982.676285 -20387.944418    769.578950  7  8  5  98       
PG10   8167.495236  12684.658107  22160.319357   -579.448040  3  5  3  88       
PG11 -14157.198142  -5440.548346 -21750.516466   -487.996167  5  5  7  47       
PG12 -24103.812190   9723.312760  -5711.930840   -606.072087  3  6  2  59       
PG13 -20152.352299  -9986.640177  14060.831360    690.670570  4  4  4  86       
PG14  -5208.294137 -14781.024845  21526.843847    726.223388  3  5  6  57       
PG15 -19805.409707   1870.118220  17086.479043    373.002115  3  6  5  74       
PG16  24808.715882   2040.634699 -10250.275880    179.942712  1  6  3  74       
PG17 -11480.949019 -21860.914427   9804.933117    -20.423278  6  5  4  89       
PG18  -4691.461711  25878.956605   2519.932523   -461.067743  5  6  5  88       
PG19 -16734.139991 -20907.501397   1760.590270    683.646184  7  6  5  92       
PG20 -20195.860321  -2733.534234 -16881.658949    361.820938  3  5  4  70       
PG21 -21626.904854  -4539.894438 -14743.411427    371.587605  7  5  4  69       
PG22 -11101.601229 -12629.932327  20821.875637    -63.127974  3  4  4  85       
PG23  -7157.900701  16152.628209  19815.085150    594.212428  3  6  4  84       
PG24 -14283.549841  13637.439251  17056.232983   -178.219274  1  5  2  41       
PG25 -14353.718826  16429.456715 -15356.956439    452.370417  6  5  5  60       
PG26  17062.539991   8281.267413 -18975.320516   -304.990745  3  5  5  89       
PG27  22316.775755  10906.453247   9647.128406    -11.196494  1  5  5 100       
PG28   6690.469298  20702.487344 -15229.142376   -616.358420  2  6  2  87       
PG29  -5737.967176  15260.363415 -20980.648531   -399.592964  5  6  5  65       
PG30  -1883.072052 -24602.944004   9653.708333     75.131430  3  2  4  93       
PG31  12641.595848  10682.229354 -20995.396426   -174.746784  4  5  5  81       
PG32  14406.219521  20922.232754   8357.445365   -180.538362  3  5  5  98       
*  2026  1  2 21  0  0.00000000
PG01  14464.299315 -16938.227202  14422.904336    347.344449  4  5  5  44       
PG02  15224.797631  -5889.990527  21265.275070      8.090903  4  3  4  64       
PG03  22398.906783 -12694.786758  -6479.405880    608.668582  6  5  5  69       
PG04  14346.696563  -6803.648057 -21295.169002     35.657515  6  5  4  70       
PG05 -24503.773459   3390.790589  -9891.365885   -226.613845  4  6  4  24       
PG06  -6133.865299 -20969.445103 -14924.991485 999999.999999  8 13  9           
PG07   5300.394475 -25696.801604  -1647.845992   -129.858087  3  4  2  81       
PG08  21676.208094   2242.018299  15326.727755    508.496842  4  3  5  87       
PG09   3979.426316 -15537.424081 -21253.936726    769.579705  7  8  6  89       
PG10   5811.738241  13466.745606  22414.110861   -579.450942  2  5  3  79       
PG11 -13550.246989  -7845.078598 -21406.928777   -487.984118  5  5  7  36       
PG12 -24615.166019   9597.011179  -2915.296913   -606.072453  3  6  2  62       
PG13 -21006.592149 -11235.592453  11741.827325    690.669797  4  5  4  88       
PG14  -2874.009407 -15518.757740  21419.376946    726.225686  2  5  6  75       
PG15 -21358.474804    678.800258  15270.783066    373.005574  3  6  5  88       
PG16  23646.144936   2522.037019 -12657.894243    179.949465  1  5  3  75       
PG17 -10446.263711 -21172.846948  12280.247823    -20.433546  5  5  4  92       
PG18  -4953.543107  25943.414379   -370.803192   -461.058981  5  5  5  93       
PG19 -16325.982567 -20789.995847   4554.389024    683.647950  6  6  5  95       
PG20 -18490.362081  -3878.061010 -18528.512147    361.820887  4  4  4  74       
PG21 -19965.089124  -5253.619054 -16715.300680    371.595716  8  4  4  76       
PG22  -8826.579941 -13266.365942  21542.486700    -63.124429  3  3  4  97       
PG23  -9231.315844  16805.494774  18331.633077    594.217023  3  6  4  85       
PG24 -14308.009576  11473.320663  18552.593241   -178.206131  1  5  3  44       
PG25 -15922.411792  16768.624132 -13221.050877    452.368351  6  5  5  65       
PG26  15118.147101   9298.576912 -20096.210468   -304.996286  3  5  5  82       
PG27  22924.353548  11718.791504   7049.375148    -11.202703  1  5  5  95       
PG28   6233.987260  22266.949196 -13058.941437   -616.354231  3  6  2  87       
PG29  -7489.354115  13576.751074 -21590.770478   -399.587524  5  6  5  35       
PG30  -1400.049126 -25473.929151   7058.620429     75.142430  3  1  4  88       
PG31  12051.588996  12907.004860 -20030.210953   -174.745084  4  4  5  73       
PG32  13472.402510  20378.845411  10924.781422   -180.523234  3  5  5  97       
*  2026  1  2 21 15  0.00000000
PG01  14294.536097 -15168.588297  16428.455365    347.341755  4  4  5  44       
PG02  15199.372207  -3502.074846  21861.164889      8.098176  3  3  4  54       
PG03  22977.158152 -12749.481566  -3632.129825    608.660027  5  5  5  72       
PG04  16152.257895  -5241.273177 -20443.112345     35.659745  6  5  4  83       
PG05 -23448.509323   2703.948908 -12385.630076   -226.614609  5  6  4  54       
PG06  -5746.381155 -22518.718670 -12648.128079 999999.999999  3 13  9           
PG07   5564.256260 -25239.678377  -4478.292106   -129.862470  3  4  2  68       
PG08  22919.591545   3342.609603  13239.780090    508.493285  4  4  5  85       
PG09   5986.130726 -14148.208990 -21756.943617    769.580496  7  7  6  91       
PG10   3495.330970  14387.657296  22291.910280   -579.453867  1  5  3  84       
PG11 -13081.155909 -10218.352735 -20693.407421   -487.972039  6  5  7  90       
PG12 -24830.764690   9394.778133    -68.628632   -606.073066  4  5  3  38       
PG13 -21736.968845 -12235.135854   9220.687960    690.668599  4  5  4  85       
PG14   -606.611083 -16359.707502  20945.249970    726.228013  2  5  6  87       
PG15 -22767.316077   -327.062849  13183.318670    373.008695  4  6  5  80       
PG16  22267.002821   3139.699120 -14856.720161    179.956191  1  5  3  57       
PG17  -9179.183936 -20364.448665  14545.484921    -20.444119  6  4  3  93       
PG18  -5162.179278  25695.926482  -3255.043876   -461.050217  5  5  5  86       
PG19 -15687.017244 -20482.910757   7272.062414    683.649575  6  6  5 103       
PG20 -16704.476491  -5201.181025 -19852.978297    361.820477  4  5  4  74       
PG21 -18149.670803  -6127.996808 -18399.642378    371.603718  8  5  5  82       
PG22  -6533.907196 -14037.486901  21902.066188    -63.120650  3  3  4  86       
PG23 -11096.299914  17498.881177  16531.564843    594.221622  3  6  4  70       
PG24 -14428.203125   9159.482767  19712.083302   -178.192965  1  5  4  78       
PG25 -17244.573178  17083.467922 -10859.589041    452.366309  6  5  5  73       
PG26  13128.706150  10458.683302 -20880.911184   -305.001778  3  5  5  84       
PG27  23334.020572  12315.788006   4332.063342    -11.208911  2  5  4  93       
PG28   5887.039022  23596.141586 -10663.886791   -616.350030  3  6  2  91       
PG29  -9361.409396  11956.348990 -21830.282663   -399.581556  5  6  5  60       
PG30   -995.081798 -26069.434020   4340.832550     75.153414  4  1  4  91       
PG31  11595.340408  15037.208479 -18725.845487   -174.743282  5  4  4  77       
PG32  12290.474459  19718.860788  13308.304878   -180.508096  3  6  5  99       
*  2026  1  2 21 30  0.00000000
PG01  14186.132134 -13183.936209  18150.615886    347.338946  4  3  5  59       
PG02  15302.404821  -1075.903766  22093.126556      8.105816  3  2  5  75       
PG03  23256.806197 -12694.888597   -722.124590    608.651482  5  5  5  71       
PG04  17943.812032  -3847.714489 -19239.911247     35.661956  5  5  4  62       
PG05 -22196.925520   1831.019196 -14669.034970   -226.614748  5  6  4  56       
PG06  -5470.555054 -23815.993996 -10151.096952 999999.999999  1 13  9           
PG07   5832.803149 -24474.645718  -7228.676167   -129.867599  4  5  2  83       
PG08  24003.736053   4247.809349  10927.977978    508.489744  4  4  5  96       
PG09   8093.043107 -12848.496084 -21888.685865    769.581253  7  7  7  76       
PG10   1263.956621  15427.017906  21794.698201   -579.456795  1  5  3  79       
PG11 -12748.866585 -12511.589378 -19622.531364   -487.959991  6  5  7  72       
PG12 -24758.677886   9080.300772   2779.191436   -606.073418  4  5  3  61       
PG13 -22303.136351 -12992.084145   6541.414672    690.667973  5  6  4  87       
PG14   1552.763236 -17280.884377  20111.689287    726.230438  2  5  6  74       
PG15 -23991.145658  -1155.548477  10862.437597    373.012002  4  6  5  81       
PG16  20707.794988   3912.215391 -16810.827669    179.963445  2  5  3  61       
PG17  -7683.704570 -19478.089690  16563.108055    -20.455295  5  4  3  96       
PG18  -5355.673516  25135.053850  -6082.301122   -461.041432  5  4  5  85       
PG19 -14801.998771 -20020.703859   9867.944781    683.650946  6  6  5 108       
PG20 -14884.467479  -6693.065329 -20832.020269    361.820440  4  4  5  75       
PG21 -16225.563388  -7168.950012 -19767.408732    371.611763  8  5  5  73       
PG22  -4269.599708 -14933.684475  21895.701526    -63.117164  3  2  4  87       
PG23 -12725.416331  18193.882788  14445.316906    594.226199  3  6  4  67       
PG24 -14659.195653   6741.636452  20513.727028   -178.179801  1  5  4  62       
PG25 -18307.567824  17335.262673  -8311.937364    452.364258  6  6  4  55       
PG26  11136.474892  11749.882341 -21315.488536   -305.007312  2  5  5  84       
PG27  23515.644317  12718.900212   1541.629939    -11.215140  2  5  4  90       
PG28   5621.212644  24660.269285  -8085.186136   -616.345775  3  5  2  87       
PG29 -11319.618276  10433.877505 -21695.528259   -399.575976  6  6  5  50       
PG30   -636.088662 -26372.274997   1547.390174     75.164392  4  1  4  83       
PG31  11262.489050  17028.004148 -17103.171644   -174.741390  5  4  4  82       
PG32  10863.027713  18983.599138  15468.308065   -180.492975  3  6  5  95       
*  2026  1  2 21 45  0.00000000
PG01  14166.520323 -11019.980426  19559.819332    347.336238  4  3  5  41       
PG02  15535.732918   1341.426911  21958.991726      8.113214  3  2  5  82       
PG03  23250.127634 -12492.742800   2200.367777    608.642975  5  5  5  65       
PG04  19675.626569  -2636.187665 -17706.690173     35.664178  5  5  5  70       
PG05 -20790.778508    760.112559 -16703.074006   -226.615367  5  5  5  77       
PG06  -5274.951585 -24831.690529  -7477.388315 999999.999999  5 13  9           
PG07   6141.531010 -23412.405383  -9849.086336   -129.872266  4  5  2  92       
PG08  24891.571187   4969.766304   8431.300276    508.486174  5  5  5  99       
PG09  10259.767431 -11665.568222 -21647.171716    769.581988  7  7  7  81       
PG10   -840.724743  16557.026798  20929.646101   -579.459751  1  5  3  67       
PG11 -12544.251369 -14677.784458 -18213.048446   -487.947923  6  6  6  77       
PG12 -24415.266801   8620.358811   5578.914024   -606.074108  4  5  4  64       
PG13 -22668.355552 -13521.535844   3750.369150    690.666905  5  6  4  83       
PG14   3567.608625 -18253.068068  18932.122657    726.232684  3  5  6  78       
PG15 -24993.654761  -1822.359145   8350.305282    373.015235  5  6  5  75       
PG16  19008.891384   4851.225543 -18488.218797    179.970229  2  5  3  60       
PG17  -5972.020227 -18555.852944  18300.093439    -20.466161  5  5  3  87       
PG18  -5572.132233  24268.663011  -8803.071559   -461.032664  6  4  5  87       
PG19 -13663.432076 -19441.132068  12298.153146    683.652617  5  6  5 104       
PG20 -13075.263676  -8335.700316 -21448.679247    361.819962  4  5  5  66       
PG21 -14239.335996  -8374.229444 -20795.008727    371.619782  8  4  5  77       
PG22  -2077.297036 -15937.857231  21524.424643    -63.113549  2  2  4  90       
PG23 -14099.502684  18848.485896  12108.457131    594.230746  4  6  4  65       
PG24 -15008.562793   4268.522381  20943.405055   -178.166603  2  5  5  71       
PG25 -19106.976270  17484.895653  -5621.060854    452.362193  7  6  4  67       
PG26   9181.800137  13153.219650 -21391.670677   -305.012860  3  4  5  77       
PG27  23445.083224  12955.598753  -1274.724080    -11.221384  3  5  4  94       
PG28   5403.623569  25436.995967  -5367.226584   -616.341541  3  5  2 100       
PG29 -13324.268411   9037.840698 -21189.242821   -399.570139  6  6  5  68       
PG30   -288.707102 -26373.544045  -1273.077525     75.175346  4  1  4  80       
PG31  11035.432162  18837.829955 -15188.593999   -174.739639  4  4  3  77       
PG32   9200.997075  18214.260804  17368.869111   -180.477918  3  6  5  84       
*  2026  1  2 22  0  0.00000000
PG01  14256.933752  -8717.926584  20631.929330    347.333473  5  2  5  57       
PG02  15893.304677   3703.563907  21462.424422      8.120748  4  2  5  83       
PG03  22977.921478 -12108.910244   5084.650142    608.634452  4  5  5  56       
PG04  21301.618959  -1611.466119 -15870.150422     35.666429  6  5  5  54       
PG05 -19274.676838   -512.517327 -18453.529786   -226.615811  6  5  5  75       
PG06  -5123.750963 -25544.436169  -4673.580670 999999.999999  8 13  9           
PG07   6523.401081 -22072.730769 -12291.497799   -129.877109  4  5  3  77       
PG08  25550.560848   5527.600196   5792.492648    508.482573  5  5  5 101       
PG09  12442.046765 -10619.591075 -21036.712477    769.582722  7  6  8  81       
PG10  -2782.486543  17743.404461  19710.083906   -579.462690  2  5  3  62       
PG11 -12450.574769 -16673.351410 -16489.531303   -487.935935  6  6  6  95       
PG12 -23824.542918   7986.336179   8281.784981   -606.074467  4  5  4  64       
PG13 -22800.938996 -13846.048522    895.461088    690.666099  6  6  5  77       
PG14   5407.284580 -19241.876824  17426.011751    726.234983  4  5  6  74       
PG15 -25744.360452  -2349.900874   5692.021861    373.018417  5  6  5  74       
PG16  17213.128927   5960.833449 -19861.268455    179.977130  3  4  2  64       
PG17  -4064.181978 -17637.916432  19728.380689    -20.476538  5  5  3  82       
PG18  -5847.757507  23113.678249 -11369.748896   -461.023896  6  4  5  87       
PG19 -12272.061999 -18783.768130  14521.288360    683.654433  5  5  5 100       
PG20 -11318.809632 -10103.423406 -21692.373573    361.820431  5  5  5  91       
PG21 -12237.533560  -9733.334753 -21464.697197    371.627760  8  4  6  85       
PG22      3.161701 -17026.013538  20795.135779    -63.110001  2  2  4  93       
PG23 -15208.264030  19419.261527   9561.097424    594.235306  5  5  4  60       
PG24 -15476.018595   1790.094753  20994.118758   -178.153421  3  5  5  62       
PG25 -19646.687083  17494.504667  -2832.848724    452.360131  7  6  4  62       
PG26   7301.744451  14643.031916 -21107.040525   -305.018412  3  4  4  60       
PG27  23105.111337  13058.109902  -4069.786977    -11.227677  4  5  4  92       
PG28   5198.371911  25912.230249  -2556.809562   -616.337353  3  5  3 102       
PG29 -15331.832291   7789.576880 -20320.479180   -399.564358  6  5  5  39       
PG30     82.149171 -26072.987060  -4071.232960     75.186323  5  2  5  82       
PG31  10890.069213  20429.862074 -13013.700144   -174.737828  4  4  3  90       
PG32   7323.411809  17450.335033  18978.387295   -180.462868  3  6  5  73       
*  2026  1  2 22 15  0.00000000
PG01  14471.501326  -6323.059544  21348.646477    347.330770  5  2  6  47       
PG02  16361.453004   5966.394537  20612.774721      8.128282  4  2  5  78       
PG03  22468.643008 -11514.924344   7880.470343    608.625963  4  5  5  55       
PG04  22777.038883   -769.900073 -13762.090027     35.668665  6  5  5  58       
PG05 -17694.422452  -1982.162141 -19891.009638   -226.616567  6  5  5  69       
PG06  -4978.346075 -25941.822094  -1788.499181 999999.999999  9 13  9           
PG07   7007.245528 -20483.842879 -14510.808946   -129.881496  4  5  3  79       
PG08  25953.890737   5946.438595   3056.349884    508.478978  5  5  5  99       
PG09  14593.287824  -9722.960192 -20067.838113    769.583495  7  6  8  82       
PG10  -4531.756729  18946.603178  18155.374383   -579.465664  2  5  2  82       
PG11 -12444.260696 -18459.631285 -14481.933232   -487.923881  6  5  6  72       
PG12 -23017.231109   7155.573662  10840.421812   -606.074880  4  5  4  64       
PG13 -22675.498616 -13994.546780  -1974.665579    690.665066  6  6  5  86       
PG14   7048.028399 -20209.059546  15618.576103    726.237239  4  6  5  78       
PG15 -26219.705303  -2766.107533   2934.720813    373.021953  5  7  6  83       
PG16  15364.340090   7237.294868 -20907.118620    179.984053  4  4  2  42       
PG17  -1987.469388 -16761.044049  20825.231247    -20.487328  5  5  3  81       
PG18  -6215.220601  21695.482591 -13737.498473   -461.015101  6  4  5  84       
PG19 -10637.070836 -18088.448331  16499.116841    683.656131  5  5  5  93       
PG20  -9652.548055 -11963.768458 -21559.078153    361.820424  5  5  6  83       
PG21 -10265.007689 -11227.761859 -21764.883840    371.635803  8  4  6  76       
PG22   1937.010780 -18168.125846  19720.453514    -63.106324  2  2  5  89       
PG23 -16050.524712  19863.140223   6847.211951    594.239802  5  5  5  60       
PG24 -16053.399446   -644.332816  20666.077823   -178.140202  3  5  5  91       
PG25 -19938.673740  17329.106560      4.641286    452.358031  6  6  4  60       
PG26   5528.828825  16187.750327 -20465.148934   -305.023969  4  4  4  66       
PG27  22486.089119  13062.009921  -6797.062366    -11.233941  4  6  4  91       
PG28   4968.122240  26080.604907    297.657362   -616.333161  4  5  3  92       
PG29 -17296.499119   6702.595525 -19104.429136   -399.558933  6  5  5  64       
PG30    510.690256 -25479.051141  -6797.935251     75.197307  5  3  5  96       
PG31  10796.815030  21773.327003 -10614.812175   -174.736175  4  4  2  89       
PG32   5256.857047  16728.089558  20270.053499   -180.447857  3  6  6  73       
*  2026  1  2 22 30  0.00000000
PG01  14816.632304  -3883.176358  21697.812302    347.328152  6  2  6  50       
PG02  16919.444153   8089.449338  19424.870613      8.135783  5  2  5  89       
PG03  21757.240059 -10689.315262  10538.928641    608.617432  4  5  5  45       
PG04  24060.104742    -99.762067 -11418.844278     35.670867  6  4  5  85       
PG05 -16095.326345  -3635.667574 -20991.401890   -226.617356  7  5  5  69       
PG06  -4799.052175 -26020.813919   1127.665335 999999.999999 11 13  8           
PG07   7616.332560 -18681.421616 -16465.841195   -129.886228  4  5  3  86       
PG08  26081.445131   6256.245374    268.988482    508.475377  6  5  4 100       
PG09  16666.179093  -8979.953057 -18757.114911    769.584281  6  5  9  88       
PG10  -6066.601871  20123.243361  16290.689877   -579.468599  2  5  2  62       
PG11 -12495.933846 -20004.215343 -12225.053021   -487.911813  6  6  6  83       
PG12 -22029.569116   6112.504273  13209.687545   -606.075536  4  5  4  57       
PG13 -22273.953722 -14001.010486  -4811.435038    690.664292  7  6  6  82       
PG14   8473.708348 -21113.963766  13540.409009    726.239531  5  6  5  83       
PG15 -26403.873205  -3103.068886    126.668781    373.024667  6  7  6  68       
PG16  13505.855148   8668.984699 -21608.020019    179.991206  4  4  2  32       
PG17    224.493451 -15957.236130  21573.496574    -20.498158  5  5  3  90       
PG18  -6702.184216  20046.992430 -15865.075290   -461.006289  7  4  5  80       
PG19  -8775.971236 -17393.705968  18197.223515    683.657791  5  5  4  94       
PG20  -8108.093068 -13878.587083 -21051.381638    361.820085  6  4  6  94       
PG21  -8363.322137 -12831.568709 -21690.336736    371.643788  8  4  6  82       
PG22   3695.639871 -19329.207251  18318.495191    -63.102800  3  2  5  92       
PG23 -16634.125322  20139.196899   4013.871819    594.244405  6  5  5  62       
PG24 -16725.000893  -2987.894228  19966.613142   -178.127010  4  5  5  79       
PG25 -20002.456556  16958.150255   2842.010108    452.355963  6  6  4  56       
PG26   3889.937903  17750.942713 -19475.542324   -305.029511  4  4  4  53       
PG27  21586.362623  13004.724054  -9411.461629    -11.240244  4  6  5  96       
PG28   4675.743753  25945.630624   3146.997550   -616.328994  4  5  3  94       
PG29 -19171.798112   5782.223346 -17562.146423   -399.553143  7  5  5  70       
PG30   1028.674581 -24608.594659  -9405.155638     75.208347  5  4  5  80       
PG31  10721.849188  22844.608794  -8032.440455   -174.734550  4  3  1  86       
PG32   3034.664317  16079.193281  21222.252342   -180.432849  3  6  6  73       
*  2026  1  2 22 45  0.00000000
PG01  15290.713084  -1446.929399  21673.606050    347.325538  7  2  6  44       
PG02  17540.278070  10037.166276  17918.753748      8.143510  6  1  5  80       
PG03  20883.735419  -9618.675440  13013.373961    608.608927  4  5  5  59       
PG04  25113.533037    418.097144  -8880.657121     35.673079  7  4  5  45       
PG05 -14520.560091  -5451.761195 -21736.248332   -226.617739  7  5  5  65       
PG06  -4546.859362 -25787.803887   4024.258703 999999.999999 12 13  8           
PG07   8367.163362 -16707.289327 -18120.267816   -129.890626  5  6  3  91       
PG08  25920.542145   6490.486540  -2522.881143    508.471771  6  5  4  99       
PG09  18614.342946  -8386.697955 -17126.868373    769.585037  6  5  9  75       
PG10  -7373.433415  21227.727486  14146.687937   -579.471599  3  5  3  79       
PG11 -12571.693042 -21282.030357  -9757.919172   -487.899802  6  5  5  59       
PG12 -20901.887425   4849.520311  15347.543032   -606.075566  3  5  4  66       
PG13 -21586.266529 -13902.996160  -7567.119364    690.663275  7  6  6  66       
PG14   9676.284068 -21915.124139  11226.988250    726.241757  5  6  6  84       
PG15 -26289.298510  -3395.525269  -2683.612844    373.027729  6  7  6  56       
PG16  11679.026495  10236.646527 -21951.618803    179.998200  5  4  3  51       
PG17   2532.841754 -15252.583426  21961.799408    -20.508872  5  5  4  82       
PG18  -7330.034611  18207.444357 -17715.568097   -460.997454  7  4  5  81       
PG19  -6714.192018 -16735.247369  19585.625580    683.659461  5  5  3  98       
PG20  -6710.146338 -15805.400846 -20178.421284    361.819949  7  4  6  91       
PG21  -6569.293984 -14512.238482 -21242.276654    371.651867  8  4  6  94       
PG22   5257.450882 -20470.572475  16612.591375    -63.098954  3  2  5  90       
PG23 -16975.465923  20210.373071   1110.409819    594.248948  6  5  5  66       
PG24 -17468.246565  -5197.849969  18909.923792   -178.113785  4  5  5  95       
PG25 -19864.263306  16356.928190   5629.402662    452.353868  6  6  5  61       
PG26   2405.430175  19292.561785 -18153.698787   -305.035075  5  4  4  78       
PG27  20412.382568  12923.983926 -11869.957795    -11.246529  4  5  5  83       
PG28   4285.946280  25519.518294   5942.116463   -616.324758  4  5  3 101       
PG29 -20912.252316   5025.570567 -15720.176632   -399.547238  6  4  6  82       
PG30   1663.924661 -23486.268584 -11846.882387     75.219322  6  4  5  88       
PG31  10628.558091  23628.103723  -5310.643203   -174.732728  4  3  1  94       
PG32    695.859532  15529.519736  21818.892911   -180.417846  4  6  6  61       
*  2026  1  2 23  0  0.00000000
PG01  15884.127336    937.856959  21276.631789    347.322913  7  2  6  46       
PG02  18191.711156  11779.978548  16119.363546      8.151247  6  1  5  75       
PG03  19891.610465  -8298.414255  15260.269676    608.600489  4  5  5  65       
PG04  25905.903976    809.309690  -6190.994368     35.675299  7  4  4  70       
PG05 -13009.602805  -7401.686855 -22113.029324   -226.618783  7  5  6  77       
PG06  -4185.156474 -25258.303684   6851.068588 999999.999999 12 13  7           
PG07   9268.563163 -14607.822265 -19443.438134   -129.895702  5  6  3  99       
PG08  25466.405432   6684.683257  -5272.674720    508.468241  6  6  4  95       
PG09  20393.961052  -7931.459956 -15204.815439    769.585850  6  5 10  75       
PG10  -8447.403805  22213.975065  11759.083918   -579.474592  3  4  3  84       
PG11 -12634.565676 -22276.146365  -7123.105226   -487.887713  6  5  5  62       
PG12 -19677.024094   3367.530947  17215.857856   -606.076159  3  5  4  82       
PG13 -20610.883026 -13740.048585 -10195.586170    690.662578  7  6  6  78       
PG14  10655.952704 -22571.909809   8718.087165    726.243994  5  6  6  91       
PG15 -25876.859461  -3679.293713  -5448.187490    373.030996  6  7  7  59       
PG16   9921.823353  11913.919214 -21931.184781    180.005073  6  4  3  48       
PG17   4894.751771 -14666.359857  21984.632097    -20.519503  5  4  5  86       
PG18  -8112.875408  16220.944818 -19257.054404   -460.988671  7  4  5  75       
PG19  -4484.365115 -16144.527593  20639.335728    683.661265  5  4  2  94       
PG20  -5475.697656 -17698.930160 -18955.698100    361.819916  7  4  7  72       
PG21  -4913.726380 -16231.807757 -20428.360278    371.659897  8  3  6  79       
PG22   6608.462599 -21551.240304  14630.937408    -63.095423  4  2  6  88       
PG23 -17098.711515  20045.065092  -1812.468714    594.253551  6  4  5  73       
PG24 -18254.652384  -7237.066395  17516.672991   -178.100604  4  5  6 102       
PG25 -19555.915771  15507.783016   8317.434297    452.351790  6  6  5  39       
PG26   1088.489731  20770.358345 -16520.867275   -305.040620  5  4  4  77       
PG27  18978.543818  12856.296606 -14132.197349    -11.252808  5  5  5  93       
PG28   3766.847658  24822.676807   8634.851829   -616.320513  4  5  4  96       
PG29 -22475.001262   4421.816506 -13610.100803   -399.541641  6  4  6  42       
PG30   2438.998001 -22143.592044 -14079.993874     75.230319  6  5  5  81       
PG31  10479.116590  24116.782887  -2496.298372   -174.731225  4  3  1  99       
PG32  -1716.095561  15098.172928  22049.665125   -180.402860  3  6  6  52       
*  2026  1  2 23 15  0.00000000
PG01  16579.597973   3225.831999  20513.895299    347.320263  7  3  6  56       
PG02  18837.466630  13295.193585  14056.172930      8.158480  6  1  5  76       
PG03  18826.054500  -6733.167050  17240.009525    608.592013  5  5  4  80       
PG04  26412.813158   1104.806289  -3395.810032     35.677517  8  4  4  64       
PG05 -11596.839358  -9450.122331 -22115.358830   -226.619005  8  5  6  77       
PG06  -3681.356843 -24456.292179   9559.214577 999999.999999 13 13  6           
PG07  10321.114519 -12432.161696 -20411.066795   -129.900169  5  6  3 106       
PG08  24722.359320   6874.904232  -7934.639467    508.464578  6  6  4  95       
PG09  21965.313291  -7595.232886 -13023.611177    769.586661  6  5 10  80       
PG10  -9292.470668  23037.215111   9168.120752   -579.477521  3  4  4  76       
PG11 -12646.085672 -22978.277592  -4365.988805   -487.875696  6  6  4  91       
PG12 -18398.637627   1676.181373  18781.159787   -606.076550  3  5  4  90       
PG13 -19354.867743 -13552.061787 -12653.006215    690.661490  8  6  6  61       
PG14  11420.971579 -23046.165076   6057.094403    726.246272  6  6  6  74       
PG15 -25175.759743  -3989.689252  -8120.490769    373.034064  7  7  7  35       
PG16   8267.543946  13668.127082 -21545.776822    180.012167  6  4  3  59       
PG17   7264.854160 -14210.380591  21642.376157    -20.530107  5  4  5  76       
PG18  -9056.823336  14134.842702 -20463.153886   -460.979883  7  4  5  81       
PG19  -2125.332813 -15647.481265  21338.862637    683.662755  5  3  2  87       
PG20  -4413.539651 -19512.738853 -17404.777370    361.819709  8  4  7  82       
PG21  -3420.381365 -17948.216785 -19262.552360    371.667987  8  3  6  82       
PG22   7742.643747 -22529.430343  12406.184661    -63.091595  4  2  6  89       
PG23 -17034.690286  19618.511647  -4703.610775    594.258117  7  4  6  90       
PG24 -19051.036200  -9075.235787  15813.452749   -178.087400  4  5  6 103       
PG25 -19113.482624  14401.052701  10858.138102    452.349723  5  6  5  60       
PG26    -55.251303  22141.410675 -14603.805546   -305.046170  6  5  4  63       
PG27  17306.754222  12835.476656 -16161.067421    -11.259150  4  5  5  87       
PG28   3091.410640  23882.905900  11178.807669   -616.316326  4  5  4  91       
PG29 -23821.332343   3952.801943 -11268.000392   -399.535693  6  5  6  83       
PG30   3370.070918 -20617.758896 -16065.078872     75.241311  6  6  4  94       
PG31  10236.148059  24312.433506    361.702367   -174.729221  4  3  1  98       
PG32  -4154.725776  14796.770013  21910.218773   -180.387905  3  6  6  13       
*  2026  1  2 23 30  0.00000000
PG01  17352.837090   5375.664343  19398.671951    347.317907  7  3  6  77       
PG02  19438.593033  14567.636872  11762.777848      8.166212  6  1  6  88       
PG03  17732.150844  -4936.838077  18917.664874    608.583525  5  5  4  75       
PG04  26617.767377   1339.432787   -542.777450     35.679748  8  4  4  76       
PG05 -10310.360112 -11556.347189 -21743.087421   -226.619821  8  5  6  77       
PG06  -3008.360910 -23413.246243  12102.005925 999999.999999 13 13  5           
PG07  11516.963170 -10230.308379 -21005.763069   -129.904880  6  6  4  96       
PG08  23699.743421   7096.250501 -10464.538638    508.460919  7  6  4  95       
PG09  23294.173378  -7352.614995 -10620.316034    769.587437  6  5 10  66       
PG10  -9921.119222  23655.767543   6417.938696   -579.480442  5  4  4  76       
PG11 -12567.933092 -23388.959225  -1533.967694   -487.863640  6  6  4  70       
PG12 -17109.486912   -206.281366  20015.303247   -606.077032  3  5  4  91       
PG13 -17833.731565 -13377.648672 -14898.514403    690.660468  9  6  6  62       
PG14  11987.161457 -23303.776605   3290.253507    726.248505  6  7  6  87       
PG15 -24203.113476  -4360.001567 -10656.055942    373.037517  7  7  8  79       
PG16   6743.689893  15461.312135 -20800.340098    180.019298  6  3  4  62       
PG17   9596.729920 -13888.642979  20941.247125    -20.541482  5  4  6  94       
PG18 -10159.633026  11997.991686 -21313.470591   -460.971108  7  4  5  70       
PG19    319.094473 -15263.460369  21670.636003    683.664471  6  3  2  95       
PG20  -3524.113381 -21200.929194 -15552.881923    361.819673  8  4  8  32       
PG21  -2105.232009 -19616.830347 -17764.888678    371.675998  8  2  6  75       
PG22   8661.963224 -23364.104091   9974.973734    -63.087802  4  3  6  79       
PG23 -16819.528667  18913.921483  -7512.356586    594.262602  7  4  6  76       
PG24 -19820.913331 -10689.792601  13832.140260   -178.074146  4  5  6 113       
PG25 -18575.751212  13035.706733  13205.910107    452.347637  5  6  6  76       
PG26  -1027.799573  23363.714851 -12434.414173   -305.051717  6  5  4  79       
PG27  15425.749627  12891.289452 -17923.216364    -11.265409  4  5  5  87       
PG28   2238.692604  22734.315588  13530.157395   -616.312086  4  5  5  71       
PG29 -24918.064313   3593.904488  -8733.852117   -399.530109  6  5  6  72       
PG30   4466.084069 -18950.224269 -17767.184169     75.252279  7  6  4  92       
PG31   9864.396059  24225.562025   3213.324306   -174.727495  4  4  2  75       
PG32  -6572.080538  14629.007109  21402.262231   -180.372931  3  5  5  71       
*  2026  1  2 23 45  0.00000000
PG01  18173.478145   7351.429431  17950.268610    347.315172  8  3  6  91       
PG02  19954.927559  15590.040685   9276.441822      8.173665  6  1  6  94       
PG03  16653.074210  -2932.272293  20263.645776    608.575052  6  6  4  71       
PG04  26512.792235   1550.420750   2319.503028     35.681996  8  5  4  59       
PG05  -9171.005310 -13675.619168 -21002.311983   -226.620072  8  5  6  91       
PG06  -2145.798036 -22166.895340  14435.751049 999999.999999 14 12  2           
PG07  12840.006925  -8051.191010 -21217.382248   -129.909586  6  7  4 100       
PG08  22417.551587   7381.384962 -12820.309900    508.457293  7  6  4  89       
PG09  24353.009355  -7172.935706  -8035.790786    769.588240  5  6 11  66       
PG10 -10353.746385  24032.742483   3555.850948   -579.483398  5  5  5  88       
PG11 -12363.571543 -23517.395252   1324.353307   -487.851617  7  6  4  72       
PG12 -15849.750085  -2253.495460  20896.038662   -606.077571  3  5  4  95       
PG13 -16070.961896 -13252.576907 -16894.818786    690.659695  9  6  5  74       
PG14  12377.107934 -23316.102117    465.836216    726.250769  6  7  7  75       
PG15 -22983.258848  -4820.081540 -13013.171164    373.040198  7  8  8  76       
PG16   5371.043935  17251.478644 -19705.729060    180.026100  7  3  4  63       
PG17  11844.438411 -13697.258838  19893.168317    -20.552285  5  4  7  94       
PG18 -11410.663877   9858.972779 -21793.917441   -460.962316  6  3  5  85       
PG19   2801.589099 -15004.424854  21627.343218    683.666304  6  2  3  89       
PG20  -2799.688060 -22719.820690 -13432.387545    361.820033  7  4  8  75       
PG21   -976.022338 -21192.070873 -15961.133596    371.683981  8  2  6  83       
PG22   9376.154789 -24016.498507   7377.411767    -63.084388  5  3  6  87       
PG23 -16493.078922  17923.292974 -10189.475866    594.267160  8  3  6  84       
PG24 -20526.012627 -12066.497603  11609.170816   -178.060929  4  5  6 105       
PG25 -17982.580927  11419.638654  15318.427560    452.345568  5  6  6  72       
PG26  -1838.586923  24397.776056 -10049.266069   -305.057287  6  5  4  73       
PG27  13370.179031  13048.250004 -19389.525918    -11.271665  4  4  5  93       
PG28   1194.858653  21416.014266  15648.401731   -616.307806  4  5  5  80       
PG29 -25738.731915   3315.163009  -6050.861987   -399.524367  6  6  6  75       
PG30   5728.187082 -17185.130009 -19156.471631     75.263258  7  7  4  94       
PG31   9332.337711  23874.955976   6008.308473   -174.725576  4  4  2  87       
PG32  -8920.335131  14590.525546  20533.577841   -180.357929  3  5  6  52       
EOF
