#cP2025 12 31  0  0  0.00000000      96 ORBIT IGb20 HLM  IGS
## 2399 259200.00000000   900.00000000 61040 0.0000000000000
+   32   G01G02G03G04G05G06G07G08G09G10G11G12G13G14G15G16G17
+        G18G19G20G21G22G23G24G25G26G27G28G29G30G31G32  0  0
+          0  0  0  0  0  0  0  0  0  0  0  0  0  0  0  0  0
+          0  0  0  0  0  0  0  0  0  0  0  0  0  0  0  0  0
+          0  0  0  0  0  0  0  0  0  0  0  0  0  0  0  0  0
++         2  2  1  2  1  2  1  2  2  1  2  1  2  2  2  2  2
++         2  2  2  2  1  2  1  2  2  2  1  2  1  1  2  0  0
++         0  0  0  0  0  0  0  0  0  0  0  0  0  0  0  0  0
++         0  0  0  0  0  0  0  0  0  0  0  0  0  0  0  0  0
++         0  0  0  0  0  0  0  0  0  0  0  0  0  0  0  0  0
%c G  cc GPS ccc cccc cccc cccc cccc ccccc ccccc ccccc ccccc
%c cc cc ccc ccc cccc cccc cccc cccc ccccc ccccc ccccc ccccc
%f  1.2500000  1.025000000  0.00000000000  0.000000000000000
%f  0.0000000  0.000000000  0.00000000000  0.000000000000000
%i    0    0    0    0      0      0      0      0         0
%i    0    0    0    0      0      0      0      0         0
/* FINAL ORBIT COMBINATION FROM WEIGHTED AVERAGE OF:        
/* cod emr esa gfz grg jgx jpl mit ngs sio                  
/* REFERENCED TO IGS TIME (IGST) AND TO WEIGHTED MEAN POLE: 
/* PCV:IGS20      OL/AL:FES2014b NONE     Y  ORB:CMB CLK:CMB
*  2025 12 31  0  0  0.00000000
PG01  18322.282546   7670.612530  17664.139563    348.074140  6  4  4  92       
PG02  20040.698847  15728.851102   8831.778580      6.027195  6  8  6 106       
PG03  16460.992785  -2550.595362  20471.219432    611.009881  5  6  5  78       
PG04  26454.139474   1615.199984   2879.062253     35.036958  8  4  7  72       
PG05  -8977.867153 -14061.496361 -20828.787213   -226.450673  6  8  6  69       
PG06  -1949.360229 -21913.516893  14849.344805   -596.847592  5  5  4  98       
PG07  13079.348135  -7684.796467 -21213.844051   -128.548277  9  6  4  76       
PG08  22159.532084   7439.558912 -13224.856127    509.467544  7  6  6  90       
PG09  24496.156275  -7171.514692  -7584.842617    769.345142  8  6  6  75       
PG10 -10408.778721  24073.501051   3031.670705   -578.636058  6  3  7  89       
PG11 -12278.060965 -23525.027691   1888.823167   -491.307709  6  1  5  84       
PG12 -15647.866869  -2583.868086  21008.549826   -605.951004  5  4  4  93       
PG13 -15725.365417 -13238.823759 -17228.177646    690.903629 10  5  9  82       
PG14  12420.192750 -23296.468711    -32.862229    725.590656  8  5  7  67       
PG15 -22737.711882  -4915.799003 -13418.558215    372.124492  6  8  5  78       
PG16   5160.910701  17550.439057 -19485.577371    178.035046  6  7  4  87       
PG17  12185.049567 -13692.674595  19689.912883    -17.457953  9  7  6 113       
PG18 -11646.906477   9483.231737 -21839.453018   -463.488957  5  5  6  86       
PG19   3276.746935 -14968.448056  21576.760368    683.174388  8  5  5  86       
PG20  -2687.919700 -22971.431210 -13027.267674    361.851187  7  7  8  78       
PG21   -763.623832 -21481.798153 -15581.806924    369.351727 10 10  7  88       
PG22   9468.152830 -24113.760351   6911.981550    -64.130505  8  5  7  71       
PG23 -16428.392792  17699.509030 -10674.394343    592.950983  7  6  4  80       
PG24 -20645.484964 -12273.819753  11197.603217   -181.832419  6  5  7 111       
PG25 -17870.852815  11067.820272  15698.141236    452.935098  7  6  7  69       
PG26  -1971.238507  24561.626414  -9597.972772   -303.456918  7  4  3  97       
PG27  12980.535765  13087.709188 -19622.250455     -9.511345  5  5  5  88       
PG28    955.849470  21147.670905  16025.422003   -617.503247  5  6  6  43       
PG29 -25874.944459   3229.204497  -5489.561994   -401.157279  7  6  8  76       
PG30   6016.680572 -16822.776921 -19390.827670     72.112289  8  4  6  90       
PG31   9191.255652  23785.979980   6536.156280   -175.244042  6  3  6 105       
PG32  -9356.594043  14596.004610  20327.825372   -184.659600  2  6  4  50       
*  2025 12 31  0 15  0.00000000
PG01  19153.765771   9404.607954  15856.613891    348.071465  6  3  4  84       
PG02  20407.184161  16459.606134   6170.932322      6.034718  6  7  6  92       
PG03  15450.149019   -340.573297  21395.321554    611.001438  5  5  4  92       
PG04  25980.010346   1847.781794   5688.159748     35.039192  8  3  7  82       
PG05  -8028.540537 -16135.092850 -19668.355688   -226.451269  6  7  6  75       
PG06   -846.312243 -20480.574802  16882.899738   -596.851915  6  4  4 106       
PG07  14521.813238  -5591.572240 -20972.794065   -128.553449  9  6  4 101       
PG08  20604.640178   7836.937727 -15324.768743    509.463975  7  6  6  92       
PG09  25215.022428  -7021.699567  -4844.704393    769.346068  7  6  6  74       
PG10 -10645.711343  24126.727855    101.367111   -578.639087  6  3  7  71       
PG11 -11879.373562 -23338.476501   4714.129024   -491.295857  6  1  4  95       
PG12 -14469.887940  -4781.634148  21458.146072   -605.951559  5  4  3  93       
PG13 -13717.041709 -13212.749897 -18887.097144    690.902934 10  5  9  88       
PG14  12639.146035 -22993.259937  -2862.032768    725.592936  7  5  7  69       
PG15 -21265.800047  -5514.199602 -15515.437324    372.127567  6  8  5  64       
PG16   3983.255516  19281.307637 -18003.221940    178.042189  6  7  4  87       
PG17  14279.647985 -13640.538331  18260.291453    -17.468781  9  7  6 115       
PG18 -13048.310077   7401.412611 -21874.911840   -463.480096  6  5  6  76       
PG19   5740.406521 -14861.601036  21087.076188    683.176202  8  5  5  92       
PG20  -2138.098443 -24239.863841 -10637.753101    361.851039  7  7  8  80       
PG21    146.168577 -22886.587000 -13453.969600    369.359953 10  9  8  80       
PG22   9963.054535 -24508.347440   4173.849097    -64.126750  7  5  7  39       
PG23 -16023.657391  16371.709480 -13134.599457    592.955556  7  6  5  76       
PG24 -21225.561401 -13364.298832   8742.482280   -181.819313  6  5  7 115       
PG25 -17261.005152   9175.665976  17480.606209    452.933067  6  6  7  51       
PG26  -2612.165445  25328.245798  -7010.325140   -303.462504  7  4  3  95       
PG27  10769.629762  13387.331712 -20707.790405     -9.517438  5  5  4  89       
PG28   -322.099693  19682.146092  17818.266515   -617.499112  5  5  6  64       
PG29 -26338.783472   3001.054018  -2688.211296   -401.151782  7  6  8  78       
PG30   7465.960002 -14998.781170 -20374.138230     72.123255  8  4  5  91       
PG31   8434.428666  23155.325450   9198.809664   -175.242320  6  3  6  89       
PG32 -11562.978269  14693.716179  19048.805105   -184.644648  3  6  4  56       
*  2025 12 31  0 30  0.00000000
PG01  19951.469297  10910.391096  13776.961345    348.068902  6  3  4  83       
PG02  20604.617468  16952.077387   3408.255107      6.042430  5  7  6  91       
PG03  14533.644809   2000.634265  21944.257965    610.992987  4  5  4  88       
PG04  25209.327075   2138.634827   8400.444452     35.041459  8  3  7  80       
PG05  -7243.826783 -18117.692107 -18173.884924   -226.451710  6  6  5  79       
PG06    463.048218 -18941.234811  18625.783467   -596.856171  6  5  4 103       
PG07  16031.102699  -3615.035715 -20352.159179   -128.558138  9  6  4  84       
PG08  18854.778217   8354.479514 -17169.314319    509.460387  7  6  5  97       
PG09  25631.415081  -6856.509518  -2021.736610    769.347049  6  6  6  75       
PG10 -10753.616541  23881.664710  -2830.692413   -578.642026  6  3  7  83       
PG11 -11288.254149 -22917.393906   7458.744456   -491.283801  6  1  4  96       
PG12 -13392.399916  -7063.550887  21528.309705   -605.952153  6  4  3  94       
PG13 -11542.108465 -13297.416538 -20230.432685    690.902372 10  6  8  43       
PG14  12748.998231 -22406.817914  -5640.999492    725.595205  7  5  7  76       
PG15 -19620.118201  -6249.733818 -17355.168531    372.130719  5  8  4  88       
PG16   2975.911624  20910.894587 -16215.186060    178.049129  6  6  4  99       
PG17  16199.269414 -13684.585829  16528.050678    -17.479842  9  7  7 104       
PG18 -14547.610092   5414.042503 -21532.465682   -463.471269  6  5  6  83       
PG19   8134.292477 -14878.091378  20229.138530    683.177884  8  5  4  78       
PG20  -1710.956253 -25258.976624  -8065.090546    361.851041  7  6  8  77       
PG21    881.788093 -24103.104929 -11094.287286    369.368188  9  9  8  81       
PG22  10298.046147 -24651.019013   1365.682659    -64.123484  7  4  6  61       
PG23 -15599.277201  14772.807662 -15364.809420    592.960144  7  6  5  77       
PG24 -21658.884424 -14215.475218   6136.878777   -181.806215  6  5  7 104       
PG25 -16678.534454   7080.400696  18950.574732    452.931001  6  6  7  73       
PG26  -3134.744139  25836.357048  -4299.986593   -303.468093  7  3  3  94       
PG27   8474.660647  13818.844392 -21450.589188     -9.523507  4  4  3  85       
PG28  -1793.388092  18142.541665  19304.188332   -617.495009  4  5  5  41       
PG29 -26496.186014   2775.424913    158.963556   -401.146064  6  6  8  91       
PG30   9055.797521 -13175.268346 -20999.586004     72.134193  8  4  5  96       
PG31   7468.385943  22326.786737  11698.479016   -175.240486  6  2  6  94       
PG32 -13603.844749  14884.359644  17446.826800   -184.629706  3  5  4  69       
*  2025 12 31  0 45  0.00000000
PG01  20674.417361  12175.754340  11460.941061    348.066312  5  4  4  93       
PG02  20599.050966  17223.582400    589.130503      6.049683  5  7  6  95       
PG03  13738.014415   4427.869720  22108.571539    610.984530  4  5  3  92       
PG04  24161.739622   2521.737277  10969.730516     35.043699  8  2  7  92       
PG05  -6618.482813 -19962.397356 -16370.338668   -226.452459  5  6  5  87       
PG06   1972.683023 -17342.631826  20048.476577   -596.860450  6  5  4 101       
PG07  17570.224659  -1789.170189 -19364.981995   -128.562895  8  5  4  81       
PG08  16948.028525   9008.692779 -18727.331300    509.456847  7  6  5  97       
PG09  25744.033480  -6638.091479    835.829713    769.347962  6  5  6  79       
PG10 -10770.501239  23325.795454  -5712.799736   -578.645051  5  3  8  82       
PG11 -10483.685470 -22294.066951  10075.753929   -491.271769  6  1  4  92       
PG12 -12437.940790  -9384.356889  21217.821460   -605.952464  6  4  2  92       
PG13  -9243.284205 -13510.803668 -21235.646277    690.901559  9  6  7  95       
PG14  12785.716046 -21532.771731  -8320.983887    725.597541  7  4  7  86       
PG15 -17840.931512  -7133.949092 -18908.353765    372.133738  5  7  4  81       
PG16   2135.119422  22394.327601 -14150.258945    178.056047  6  6  5  95       
PG17  17909.071383 -13798.720385  14521.580515    -17.490439  8  7  7 111       
PG18 -16111.050487   3557.802597 -20818.845797   -463.462446  7  5  6  90       
PG19  10410.987073 -15004.434500  19016.604039    683.179625  8  5  4  88       
PG20  -1377.526812 -26001.983164  -5353.766260    361.850978  7  4  8  99       
PG21   1460.920172 -25093.843652  -8543.412629    369.376398  9  8  8  91       
PG22  10502.883631 -24519.404391  -1465.459413    -64.119749  7  4  6  76       
PG23 -15195.308491  12924.207331 -17326.181079    592.964785  7  6  6  80       
PG24 -21911.772899 -14839.538179   3426.354996   -181.793122  5  5  7 103       
PG25 -16155.646641   4816.149990  20081.581448    452.928971  6  6  7  65       
PG26  -3567.297339  26063.927350  -1514.133184   -303.473699  7  3  2  98       
PG27   6140.955573  14384.500633 -21837.545113     -9.529520  4  4  2  91       
PG28  -3445.782788  16573.433199  20457.631298   -617.490901  4  5  5  63       
PG29 -26347.088624   2514.895226   3003.421219   -401.140312  5  6  7  91       
PG30  10762.548269 -11393.767976 -21256.798534     72.145166  7  4  5  69       
PG31   6282.406121  21339.021722  13990.528334   -175.238603  6  2  6  98       
PG32 -15442.192439  15140.542782  15548.132396   -184.614778  3  5  4  67       
*  2025 12 31  1  0  0.00000000
PG01  21281.539308  13196.981082   8948.335332    348.063688  5  5  4 101       
PG02  20361.506755  17298.053272  -2239.763425      6.057157  5  7  6  92       
PG03  13082.050640   6891.917856  21885.672508    610.976092  4  5  3  95       
PG04  22864.542678   3026.797301  13352.220346     35.045968  7  2  7  96       
PG05  -6139.266894 -21625.122867 -14287.955576   -226.452808  5  5  4  81       
PG06   3667.890999 -15731.213418  21127.039161   -596.864714  7  5  4  96       
PG07  19098.315020   -140.459407 -18031.026021   -128.567623  8  5  4  72       
PG08  14926.069326   9809.040640 -19972.193167    509.453381  7  6  4  91       
PG09  25560.331212  -6329.676816   3679.065590    769.348847  5  5  6  94       
PG10 -10736.681799  22456.122244  -8493.851653   -578.648016  5  3  7  91       
PG11  -9451.920942 -21505.616782  12520.456890   -491.259778  6  1  4  90       
PG12 -11621.360954 -11695.894318  20532.366518   -605.952559  7  4  1  91       
PG13  -6866.638448 -13863.342311 -21885.665744    690.900831  9  6  7  91       
PG14  12786.311765 -20375.502811 -10854.953615    725.599833  7  4  8  83       
PG15 -15970.753690  -8171.153055 -20150.320859    372.137257  5  7  4 107       
PG16   1449.426456  23689.229964 -11842.287619    178.062889  6  5  5  85       
PG17  19380.312369 -13951.659445  12273.746430    -17.501516  8  7  7 108       
PG18 -17699.777548   1862.757986 -19747.146892   -463.453650  7  5  6 106       
PG19  12526.630683 -15219.760064  17469.579482    683.180981  8  5  5  88       
PG20  -1104.599331 -26449.783612  -2550.520044    361.850318  7  3  8  99       
PG21   1907.832822 -25826.986862  -5845.301619    369.384635  9  7  8  82       
PG22  10611.308665 -24098.596808  -4271.774825    -64.116110  7  4  6  60       
PG23 -14848.241330  10855.661939 -18984.719591    592.969381  7  6  6  91       
PG24 -21954.939158 -15255.850069    657.624856   -181.780016  5  5  7 102       
PG25 -15719.047435   2423.312984  20853.441543    452.926915  6  6  7  72       
PG26  -3941.689865  25996.721035   1298.379946   -303.479291  7  3  2  93       
PG27   3814.210903  15078.732594 -21861.190120     -9.535530  4  3  3  84       
PG28  -5258.970334  15017.636154  21258.775111   -617.486792  4  4  5  64       
PG29 -25900.130775   2183.049451   5796.620486   -401.134716  4  5  7  88       
PG30  12555.987304  -9691.670588 -21142.004397     72.156175  7  4  4  68       
PG31   4874.151226  20233.951692  16033.995135   -175.236677  6  1  6  98       
PG32 -17047.288560  15429.507556  13384.137430   -184.599830  4  5  4  70       
*  2025 12 31  1 15  0.00000000
PG01  21733.306870  13978.791468   6282.270255    348.061152  5  5  4  95       
PG02  19869.211353  17205.064094  -5031.133131      6.064634  5  7  6  89       
PG03  12576.126772   9341.259826  21279.865696    610.967604  4  5  2  90       
PG04  21351.694700   3677.928859  15507.230536     35.048206  7  2  7 106       
PG05  -5785.577597 -23066.168223 -11961.783407   -226.453325  5  4  4  71       
PG06   5525.712385 -14151.020408  21843.484874   -596.868992  7  5  4  95       
PG07  20572.257399   1312.901273 -16376.231550   -128.572478  7  5  4  76       
PG08  12832.766292  10757.416196 -20882.251811    509.449841  7  5  4  86       
PG09  25096.198134  -5897.190914   6459.169683    769.349753  5  4  6  93       
PG10 -10692.995870  21279.444622 -11124.335485   -578.650988  5  4  7  94       
PG11  -8187.196631 -20592.515919  14751.114839   -491.247733  6  1  4  73       
PG12 -10949.336188 -13948.851902  19484.412373   -605.953079  7  4  1  93       
PG13  -4460.056638 -14357.436957 -22169.162206    690.899976  9  6  6  83       
PG14  12787.205824 -18948.102165 -13198.496490    725.602167  6  4  8  90       
PG15 -14052.892490  -9358.147644 -21061.415916    372.140368  4  7  4  91       
PG16    900.229610  24757.317129  -9329.715149    178.069962  6  4  5  87       
PG17  20591.282150 -14108.181284   9821.432643    -17.512194  8  7  7 106       
PG18 -19271.269638    351.406718 -18336.546716   -463.444830  8  5  6 102       
PG19  14442.494612 -15496.662089  15614.332995    683.183016  9  5  5  89       
PG20   -856.207095 -26591.639435    296.464653    361.850669  6  1  8  90       
PG21   2252.235962 -26277.615181  -3046.452792    369.392785  8  7  8  84       
PG22  10659.626176 -23381.856840  -7005.475539    -64.112275  7  3  5  89       
PG23 -14589.476799   8604.267520 -20311.879263    592.974028  6  6  6  96       
PG24 -21764.628694 -15489.937506  -2122.244374   -181.766924  5  5  7 112       
PG25 -15388.828921    -52.866816  21252.649114    452.924868  6  6  7  65       
PG26  -4291.862377  25628.940036   4087.921862   -303.484859  7  3  3  80       
PG27   1538.984034  15888.243640 -21519.867859     -9.541527  4  3  3  88       
PG28  -7205.156613  13514.627150  21693.873818   -617.482708  4  4  5  88       
PG29 -25172.320891   1746.069719   8490.829077   -401.128990  3  5  7  83       
PG30  14400.371159  -8100.907870 -20658.050904     72.167157  7  5  4  64       
PG31   3249.996775  19055.061171  17792.404022   -175.234985  6  1  6  90       
PG32 -18395.712218  15714.443936  10990.977060   -184.584857  5  5  3  86       
*  2025 12 31  1 30  0.00000000
PG01  21993.323693  14533.968812   3508.481225    348.058659  4  6  5  84       
PG02  19106.636337  16978.645511  -7737.786088      6.072102  5  6  6  88       
PG03  12221.871305  11723.918186  20302.243174    610.959117  4  5  2  75       
PG04  19662.596293   4492.541009  17397.870616     35.050498  7  2  7  86       
PG05  -5530.382469 -24251.646120  -9431.129904   -226.453664  5  3  4  68       
PG06   7515.652601 -12642.080539  22186.050643   -596.873267  8  5  4  87       
PG07  21948.377643   2561.425940 -14432.054583   -128.577291  6  5  4  86       
PG08  10712.683668  11847.897236 -21441.221905    509.446318  6  5  4  84       
PG09  24375.329929  -5310.769061   9128.299736    769.350738  5  4  6  90       
PG10 -10678.984924  19812.248012 -13557.298761   -578.653934  5  4  7  78       
PG11  -6692.141382 -19596.992465  16729.647373   -491.235712  6  1  4  83       
PG12 -10420.228587 -16094.557735  18092.946704   -605.953703  7  4  1  91       
PG13  -2071.639110 -14987.288868 -22080.752890    690.899272  9  5  5  75       
PG14  12822.622622 -17271.986596 -15310.641396    725.604452  7  4  8  86       
PG15 -12129.990409 -10684.233997 -21627.231817    372.143656  4  7  4  64       
PG16    462.611441  25565.879378  -6655.013590    178.076884  7  4  5  77       
PG17  21527.993911 -14230.531502   7205.025533    -17.522838  8  7  8 101       
PG18 -20780.909557   -961.967927 -16611.926961   -463.436019  8  5  6  87       
PG19  16126.367129 -15802.338602  13482.870878    683.184532  9  5  5  67       
PG20   -595.216739 -26425.537230   3138.386297    361.850533  7  1  8  93       
PG21   2527.928247 -26428.656839   -195.101752    369.401032  8  6  8  76       
PG22  10685.170650 -22371.031768  -9619.572315    -64.108881  7  3  5  93       
PG23 -14444.026131   6213.172051 -21285.053604    592.978657  6  6  6  76       
PG24 -21323.540623 -15572.283772  -4866.593832   -181.753863  4  5  7 109       
PG25 -15177.650256  -2563.930823  21272.624087    452.922843  6  6  7  81       
PG26  -4652.266511  24963.538879   6805.026077   -303.490475  6  3  3  90       
PG27   -642.785201  16792.391313 -20817.841105     -9.547521  5  3  3  72       
PG28  -9249.961181  12099.107441  21755.489061   -617.478585  4  3  4  82       
PG29 -24188.396680   1174.232107  11039.923234   -401.123190  2  5  7  94       
PG30  16255.722072  -6646.870607 -19814.293245     72.178149  7  5  4  78       
PG31   1425.001164  17845.641737  19234.487830   -175.233073  6  1  5  78       
PG32 -19472.137716  15955.985144   8408.961248   -184.569941  6  5  3  98       
*  2025 12 31  1 45  0.00000000
PG01  22029.806170  14882.681983    674.535413    348.055965  4  6  5  89       
PG02  18066.302570  16655.922379 -10313.379388      6.079798  6  6  6  92       
PG03  12012.206412  13989.317781  18970.446654    610.950655  4  5  2  87       
PG04  17840.672505   5480.483341  18991.664348     35.052772  6  3  6  92       
PG05  -5341.403813 -25154.709131  -6738.936097   -226.454206  5  2  4  69       
PG06   9600.695967 -11238.974991  22149.360188   -596.877531  8  5  4  90       
PG07  23184.137127   3604.387009 -12234.716378   -128.582401  5  5  4  81       
PG08   8609.565518  13066.793373 -21638.499387    509.442822  6  5  4  89       
PG09  23428.307522  -4546.119091  11640.396057    769.351790  5  4  6  94       
PG10 -10731.126424  18080.201140 -15749.277601   -578.656849  4  4  7 100       
PG11  -4977.869438 -18561.381858  18422.266732   -491.223697  6  1  4  80       
PG12 -10024.298918 -18086.746599  16383.083283   -605.954096  6  4  1  97       
PG13    251.911328 -15739.028846 -21621.125497    690.898368  9  5  5  93       
PG14  12923.086803 -15376.189824 -17154.607903    725.606738  7  4  8  83       
PG15 -10242.607020 -12131.484700 -21838.775334    372.146939  4  7  4  80       
PG16    106.446531  26089.088136  -3864.013837    178.084276  7  3  5  89       
PG17  22184.611718 -14279.943001   4467.838768    -17.533658  8  7  8 101       
PG18 -22183.638105  -2071.621729 -14603.405142   -463.427248  8  5  5  97       
PG19  17553.691341 -16099.976972  11112.384491    683.186086  9  5  6  80       
PG20   -284.956103 -25958.230150   5926.652466    361.850564  6  1  7  75       
PG21   2771.284828 -26271.547064   2659.614721    369.409255  8  6  7  84       
PG22  10724.716195 -21076.668028 -12068.675155    -64.105206  7  4  4  91       
PG23 -14429.483344   3730.055147 -21887.946526    592.983266  6  6  5  87       
PG24 -20621.503215 -15536.973546  -7529.889720   -181.740777  4  5  7 106       
PG25 -15090.247522  -5059.962768  20913.802589    452.920763  6  6  7  82       
PG26  -5056.267767  24012.195361   9401.345420   -303.496096  7  3  4  81       
PG27  -2693.172643  17763.853735 -19765.322255     -9.553547  5  3  3  83       
PG28 -11353.572064  10799.763658  21442.614413   -617.474468  4  3  4  79       
PG29 -22979.902733    443.250620  13400.165745   -401.117671  2  5  6  90       
PG30  18079.280578  -5347.604659 -18626.361562     72.189157  6  5  4  71       
PG31   -577.486387  16647.056120  20334.796991   -175.231219  6  2  5  84       
PG32 -20269.823241  16113.830440   5681.943014   -184.554958  6  5  2  92       
*  2025 12 31  2  0  0.00000000
PG01  21816.898738  15051.530551  -2170.976008    348.053217  4  6  6  92       
PG02  16749.311038  16275.618400 -12713.192671      6.087220  6  5  6  90       
PG03  11931.745524  16090.087422  17308.307034    610.942195  4  5  2  88       
PG04  15931.811033   6643.481140  20261.103879     35.054994  6  4  6  97       
PG05  -5182.518832 -25756.527230  -3931.079335   -226.454772  5  2  4  65       
PG06  11738.569582  -9969.630120  21734.481225   -596.881781  8  5  5  95       
PG07  24239.753444   4449.505066  -9824.391509   -128.586642  4  5  4  74       
PG08   6564.839860  14392.989410 -21469.406603    509.439368  6  5  5  82       
PG09  22291.419710  -3585.676360  13951.982750    769.352812  5  4  5  96       
PG10 -10881.193584  16117.280037 -17661.158777   -578.659844  4  5  6  86       
PG11  -3063.751703 -17526.488542  19800.041352   -491.211652  5  2  5  88       
PG12  -9744.258196 -19883.228368  14385.547616   -605.954485  6  4  1  93       
PG13   2466.857497 -16591.158045 -20797.080232    690.897587  8  5  5  78       
PG14  13114.082573 -13296.358427 -18698.468566    725.609016  7  4  8  84       
PG15  -8427.887346 -13675.272637 -21692.574583    372.150246  3  6  4  91       
PG16   -202.258908  26309.067172  -1005.138493    178.091163  7  3  6  87       
PG17  22563.594822 -14218.218281   1655.482530    -17.544628  8  7  8  89       
PG18 -23435.625547  -2980.342774 -12345.787985   -463.418423  8  5  5  91       
PG19  18708.403117 -16350.328693   8544.576364    683.187902  9  5  6  87       
PG20    109.182215 -25204.957712   8613.695281    361.850323  6  1  7  81       
PG21   3019.645776 -25806.570541   5468.510079    369.417462  8  6  7  76       
PG22  10812.889779 -19517.804214 -14309.797091    -64.101446  7  4  4  90       
PG23 -14555.310750   1205.440746 -22110.819828    592.987891  6  6  5  89       
PG24 -19655.888628 -15420.243003 -10068.389150   -181.727677  3  5  6  98       
PG25 -15123.291620  -7491.396919  20183.571312    452.918746  6  6  6  77       
PG26  -5534.585575  22794.933439  11830.597474   -303.501673  7  3  4  88       
PG27  -4579.537347  18769.562867 -18378.420242     -9.559560  6  2  4  82       
PG28 -13472.116969   9638.273070  20760.688952   -617.470320  4  3  4  78       
PG29 -21584.018980   -464.583369  15530.950032   -401.111974  2  5  6  97       
PG30  19827.066236  -4213.312786 -17115.815091     72.200156  6  5  4  83       
PG31  -2726.563168  15497.098100  21074.181422   -175.229223  6  3  5  69       
PG32 -20790.780691  16148.434764   2856.606000   -184.540000  7  5  3  96       
*  2025 12 31  2 15  0.00000000
PG01  21335.773090  15072.349947  -4979.262624    348.050704  4  6  6  81       
PG02  15165.570803  15876.478815 -14894.914969      6.094563  6  5  5  86       
PG03  11957.530382  17983.730674  15345.371317    610.933737  4  5  2  93       
PG04  13982.713849   7974.883444  21184.127664     35.057271  5  4  5  93       
PG05  -5015.322458 -26046.976283  -1055.615109   -226.455450  5  2  4  66       
PG06  13883.208773  -8854.377763  20948.877759   -596.886055  8  4  5  91       
PG07  25079.684664   5112.308157  -7244.361039   -128.591675  3  5  4  84       
PG08   4616.199240  15798.578819 -20935.356356    509.435890  6  4  5  70       
PG09  21005.272881  -2419.504038  16022.932362    769.353815  6  4  5  99       
PG10 -11154.815637  13964.553947 -19258.952056   -578.662695  4  5  6  85       
PG11   -976.873699 -16530.019346  20839.380001   -491.199620  5  2  5  85       
PG12  -9556.131381 -21447.389414  12136.057143   -605.955137  5  4  1  92       
PG13   4533.896412 -17515.285246 -19621.485578    690.896677  8  4  5  91       
PG14  13414.931062 -11073.494955 -19915.710561    725.611336  7  3  7  88       
PG15  -6718.357761 -15285.038815 -21190.727695    372.153512  2  6  3  88       
PG16   -499.843076  26216.676668   1871.451819    178.098211  7  3  6  87       
PG17  22675.548382 -14009.318962  -1184.819889    -17.555283  7  7  8  81       
PG18 -24495.898128  -3699.118505  -9877.957423   -463.409633  7  5  4  95       
PG19  19583.429901 -16513.407282   5824.879206    683.189657  9  5  7  52       
PG20    618.222835 -24188.856811  11153.762347    361.849828  6  2  7  89       
PG21   3309.668764 -25042.873634   8183.199756    369.425660  7  6  7  86       
PG22  10980.649546 -17721.443606 -16303.146688    -64.097944  7  4  4  85       
PG23 -14822.463076  -1309.088716 -21950.615304    592.992494  5  6  5  85       
PG24 -18431.760228 -15258.988321 -12440.752001   -181.714691  3  5  6 115       
PG25 -15265.596316  -9810.798645  19096.051715    452.916669  6  7  6  87       
PG26  -6113.839510  21339.410922  14049.475817   -303.507264  7  4  4  92       
PG27  -6275.610724  19771.878376 -16678.997222     -9.565577  6  2  3  80       
PG28 -15559.198531   8628.591078  19721.500109   -617.466173  3  3  4  80       
PG29 -20042.183060  -1559.511219  17395.498107   -401.106308  3  5  6  94       
PG30  21455.483194  -3246.176772 -15309.694684     72.211161  5  5  4  75       
PG31  -4984.823441  14428.518969  21440.133585   -175.227659  6  3  4  88       
PG32 -21045.614088  16022.699736    -18.319669   -184.525038  7  5  3  75       
*  2025 12 31  2 30  0.00000000
PG01  20575.468907  14980.822944  -7702.163021    348.048084  4  6  6  77       
PG02  13333.703829  15495.668289 -16819.432217      6.102160  6  5  5  75       
PG03  12060.073983  19634.100568  13116.329417    610.925295  4  4  3  84       
PG04  12039.223360   9459.735843  21744.513797     35.059583  5  5  5  81       
PG05  -4800.793977 -26025.007858   1838.031526   -226.456116  5  2  4  67       
PG06  15986.368639  -7905.317011  19806.260204   -596.890355  8  4  6  97       
PG07  25673.923283   5615.201336  -4540.154905   -128.596401  3  5  4  75       
PG08   2796.310416  17249.770911 -20043.926948    509.432464  5  4  6  64       
PG09  19613.240378  -1045.901035  17817.179666    769.354756  6  4  5 100       
PG10 -11570.302603  11668.684492 -20514.452144   -578.665671  4  5  5  87       
PG11   1248.800164 -15605.147590  21522.429184   -491.187554  4  2  5  76       
PG12  -9430.392928 -22749.467417   9674.613199   -605.955684  5  4  1  88       
PG13   6419.475141 -18477.138771 -18113.144055    690.895912  8  4  5  87       
PG14  13837.930828  -8752.500838 -20785.686360    725.613644  7  4  7  88       
PG15  -5140.887290 -16925.275148 -20340.892542    372.156508  2  5  3  79       
PG16   -823.339888  25811.968046   4714.783681    178.105072  7  3  5  99       
PG17  22538.780399 -13620.905470  -4004.962975    -17.566497  7  7  8  94       
PG18 -25327.859528  -4246.493253  -7242.200526   -463.400807  7  5  4 103       
PG19  20180.826320 -16550.236157   3001.585749    683.191420  9  6  7  89       
PG20   1268.232424 -22940.087954  13503.671401    361.849798  5  3  6  89       
PG21   3675.710918 -23998.145981  10756.938114    369.433926  7  6  6  77       
PG22  11253.890289 -15721.717691 -18012.892762    -64.094303  7  4  3  96       
PG23 -15223.361600  -3762.705334 -21410.952762    592.997064  5  6  4  89       
PG24 -16961.754624 -15089.284132 -14608.597500   -181.701611  3  5  6 103       
PG25 -15498.662205 -11974.541863  17671.744770    452.914634  6  7  6  83       
PG26  -6815.266522  19679.900378  16018.502783   -303.512826  7  4  5  68       
PG27  -7762.363523  20729.966231 -14694.428874     -9.571589  6  2  3  94       
PG28 -17567.534916   7776.547669  18342.977663   -617.462047  3  3  4  84       
PG29 -18398.557708  -2843.702642  18961.500502   -401.100675  4  4  5  81       
PG30  22922.906982  -2440.501018 -13239.986628     72.222163  5  4  4  79       
PG31  -7309.675628  13467.782958  21426.986124   -175.225835  6  4  4  78       
PG32 -21053.026873  15703.598170  -2892.901497   -184.510078  7  5  3  85       
*  2025 12 31  2 45  0.00000000
PG01  19533.443456  14814.951106 -10292.962924    348.045480  4  6  7  67       
PG02  11280.617529  15167.205602 -18451.599326      6.109541  7  5  5  81       
PG03  12204.663846  21012.622196  10660.355126    610.916840  5  4  3  90       
PG04  10144.685609  11075.177975  21932.181225     35.061877  5  5  4  86       
PG05  -4501.003292 -25698.682399   4699.912343   -226.457141  5  2  4  85       
PG06  17999.321423  -7125.998980  18326.337243   -596.894687  7  4  6  85       
PG07  25999.057421   5986.296488  -1758.704260   -128.601215  2  5  4  78       
PG08   1131.703106  18708.044886 -18808.840662    509.429017  5  4  6  81       
PG09  18159.810987    528.309033  19303.370856    769.355634  6  4  5  90       
PG10 -12137.786258   9280.202951 -21405.773183   -578.668603  4  5  4  80       
PG11   3573.525555 -14779.262055  21837.377662   -491.175462  5  2  5  85       
PG12  -9333.322929 -23767.550908   7044.723542   -605.956023  4  4  2  89       
PG13   8096.904632 -19437.821142 -16296.564732    690.895224  7  4  5  94       
PG14  14387.794792  -6380.579448 -21293.946359    725.615980  7  3  7  93       
PG15  -3715.847838 -18556.692209 -19156.216344    372.160111  1  5  3  98       
PG16  -1208.773797  25104.280319   7474.048146    178.112015  7  3  5  94       
PG17  22178.574267 -13025.768999  -6756.730629    -17.577397  7  7  8  84       
PG18 -25900.651888  -4647.643946  -4483.494807   -463.392003  7  5  4  86       
PG19  20511.538897 -16424.569834    124.910827    683.193010  8  6  7  79       
PG20   2079.138914 -21494.711021  15623.517825    361.849752  5  4  6  91       
PG21   4148.303589 -22697.983976  13145.425746    369.442151  6  6  6  81       
PG22  11652.235810 -13558.765029 -19407.883293    -64.090256  7  4  3 106       
PG23 -15742.215262  -6107.104992 -20502.007948    593.001626  5  6  4  85       
PG24 -15265.708354 -14944.960678 -16537.005679   -181.688527  3  5  5  98       
PG25 -15797.527201 -13944.314574  15937.050905    452.912562  6  7  5  85       
PG26  -7653.666611  17856.006224  17702.800940   -303.518408  7  4  5  76       
PG27  -9028.612710  21601.336907 -12457.263263     -9.577600  6  3  2  87       
PG28 -19450.643092   7079.767591  16648.882581   -617.457937  4  4  3  81       
PG29 -16698.400524  -4310.962476  20201.686806   -401.094775  4  4  5  88       
PG30  24191.191294  -1783.165870 -10943.011649     72.233131  4  4  4  84       
PG31  -9654.868223  12634.102710  21035.962353   -175.223788  6  5  4  73       
PG32 -20839.011977  15163.664652  -5716.894123   -184.495058  7  6  3  55       
*  2025 12 31  3  0  0.00000000
PG01  18215.808432  14613.445179 -12707.189764    348.042741  4  6  7  66       
PG02   9040.748517  14920.499083 -19760.978099      6.117188  7  5  5  82       
PG03  12352.870165  22099.218332   8020.376786    610.908371  5  3  3  96       
PG04   8338.412284  12791.153517  21743.392349     35.064087  5  5  4  85       
PG05  -4080.789811 -25084.860565   7480.425920   -226.458003  4  2  4  90       
PG06  19874.576816  -6511.444170  16534.474402   -596.898916  7  3  6  94       
PG07  26039.068807   6258.058395   1052.479327   -128.605775  1  5  4  82       
PG08   -358.116828  20131.513708 -17249.838860    509.425588  5  4  5  84       
PG09  16688.900395   2287.822273  20455.435038    769.356526  6  4  5  93       
PG10 -12858.714043   6851.640532 -21917.743201   -578.671525  4  5  2  85       
PG11   5953.100194 -14072.948123  21778.663118   -491.163375  5  2  5  77       
PG12  -9228.524450 -24488.267765   4292.575058   -605.956677  4  3  2  74       
PG13   9547.227782 -20355.265061 -14201.640100    690.894048  7  4  5  99       
PG14  15061.403928  -4005.564536 -21432.449651    725.618320  7  4  7  98       
PG15  -2456.501788 -20137.536536 -17655.202927    372.163142  2  4  4  93       
PG16  -1689.472089  24111.964098  10099.606553    178.119142  7  3  5  91       
PG17  21626.197075 -12203.099235  -9392.599546    -17.588505  7  7  8  76       
PG18 -26190.307624  -4933.211333  -1648.760211   -463.383151  6  5  3  85       
PG19  20594.809715 -16104.512549  -2753.990117    683.194469  8  6  7  90       
PG20   3063.788973 -19893.353629  17477.325190    361.849591  4  5  5  76       
PG21   4752.779995 -21174.960985  15307.572982    369.450493  5  6  5  81       
PG22  12188.072693 -11277.362638 -20462.299576    -64.086519  7  4  3  93       
PG23 -16355.671911  -8298.165001 -19240.276646    593.006189  5  6  4  79       
PG24 -13370.046177 -14856.284701 -18194.964716   -181.675444  3  5  5  98       
PG25 -16131.881240 -15688.393578  13923.682867    452.910520  6  7  4  81       
PG26  -8636.623798  15911.173444  19072.763203   -303.523968  7  4  5  75       
PG27 -10071.338093  22343.489659 -10004.775005     -9.583633  7  3  2  91       
PG28 -21164.500404   6527.916465  14668.396112   -617.453828  4  4  3  89       
PG29 -14986.397702  -5946.762620  21094.316160   -401.089303  4  3  4  89       
PG30  25227.038196  -1254.367170  -8458.753506     72.244121  4  4  4  55       
PG31 -11972.157952  11938.792163  20275.082568   -175.222055  6  5  4  80       
PG32 -20435.752252  14382.288198  -8440.657102   -184.480043  7  6  3  63       
*  2025 12 31  3 15  0.00000000
PG01  16637.244176  14414.096483 -14903.370591    348.040137  5  6  7  76       
PG02   6654.994903  14779.046418 -20722.520146      6.124720  7  6  5  94       
PG03  12464.196307  22882.906044   5242.293885    610.899909  5  3  4  90       
PG04   6654.300197  14571.408633  21180.851660     35.066416  5  5  4  98       
PG05  -3509.346678 -24208.560986  10131.195543   -226.458475  4  3  4  83       
PG06  21567.561828  -6048.489897  14461.265218   -596.903234  7  3  7  90       
PG07  25785.849068   6465.825958   3846.084873   -128.610694  1  5  4  91       
PG08  -1661.291056  21476.451240 -15392.448198    509.422175  5  4  5  90       
PG09  15242.191735   4209.233652  21253.066122    769.357426  7  4  5  97       
PG10 -13725.715951   4435.592663 -22042.150735   -578.674480  4  5  1  96       
PG11   8340.360240 -13499.239837  21347.077272   -491.151308  5  3  5  84       
PG12  -9078.537379 -24907.140734   1466.176238   -605.957197  4  4  3  73       
PG13  10759.805393 -21185.840612 -11863.226193    690.893057  7  4  6  85       
PG14  15847.884476  -1674.241141 -21199.652234    725.620670  6  4  7  89       
PG15  -1368.639591 -21625.017091 -15861.514648    372.166287  2  4  4  92       
PG16  -2294.470655  22861.736609  12543.998157    178.126223  8  2  5  86       
PG17  20917.674380 -11139.534773 -11866.562986    -17.598827  7  7  8  82       
PG18 -26180.651294  -5137.932267   1213.911104   -463.374373  6  5  3  93       
PG19  20457.246037 -15563.963236  -5584.020195    683.196170  8  6  8  99       
PG20   4227.278627 -18179.722334  19033.630077    361.849436  4  6  5  95       
PG21   5508.109623 -19467.440505  17206.206309    369.458733  5  6  5  78       
PG22  12865.872014  -8925.359102 -21156.226355    -64.083218  6  4  4  83       
PG23 -17033.770165 -10297.428106 -17648.233146    593.010877  5  6  3  94       
PG24 -11306.954048 -14848.784604 -19555.765572   -181.662380  3  5  5  99       
PG25 -16467.392575 -17182.641594  11667.991163    452.908521  6  7  4  75       
PG26  -9764.036263  13891.052923  20104.604973   -303.529563  7  4  6  89       
PG27 -10895.688174  22915.602257  -7378.413918     -9.589665  7  2  2  94       
PG28 -22669.120937   6103.262479  12435.616245   -617.449733  4  4  3  86       
PG29 -13305.025257  -7728.600912  21623.577970   -401.083465  4  3  4  85       
PG30  26003.181949   -828.608115  -5830.141601     72.255093  4  4  4  81       
PG31 -14213.048779  11384.959159  19158.933453   -175.220394  5  5  4  68       
PG32 -19880.272008  13346.749503 -11016.081561   -184.465102  6  5  2  95       
*  2025 12 31  3 30  0.00000000
PG01  14820.593655  14252.192165 -16843.740730    348.037601  5  6  7  70       
PG02   4169.368926  14759.359226 -21317.172548      6.132170  7  6  6  88       
PG03  12497.804690  23362.045891   2374.155970    610.891478  5  3  4  94       
PG04   5119.661687  16374.743538  20253.696444     35.068658  5  5  4  83       
PG05  -2761.645557 -23102.006211  12605.938259   -226.459192  4  3  4  81       
PG06  23038.198633  -5716.453379  12142.021744   -596.907602  7  3  7  84       
PG07  25239.427094   6646.267823   6575.734020   -128.615541  1  5  4  81       
PG08  -2773.939220  22698.927587 -13267.634423    509.418621  5  4  5  77       
PG09  13857.570715   6261.738785  21682.104665    769.358303  6  4  4  95       
PG10 -14722.847012   2082.800169 -21777.840898   -578.677394  4  5  1  97       
PG11  10686.795841 -13063.171665  20549.767063   -491.139251  5  4  5  74       
PG12  -8846.481997 -25028.602405  -1385.511653   -605.957443  3  3  3  77       
PG13  11732.592790 -21886.056152  -9320.626614    690.892388  7  5  6  84       
PG14  16729.002044    569.274976 -20600.474850    725.623012  6  4  7  95       
PG15   -450.483337 -22976.796213 -13803.705392    372.169253  3  4  4  80       
PG16  -3047.087278  21387.689048  14762.920830    178.133041  8  2  5  88       
PG17  20092.372486  -9829.948922 -14134.961177    -17.609544  7  7  8  87       
PG18 -25863.920080  -5299.125108   4056.036396   -463.365601  6  5  4  93       
PG19  20131.598075 -14783.823903  -8315.131745    683.198057  7  6  7  88       
PG20   5566.581757 -16399.012244  20265.993426    361.849353  4  6  5  83       
PG21   6425.985109 -17618.178337  18808.705620    369.466961  4  7  5  77       
PG22  13681.834808  -6551.969179 -21476.119309    -64.079406  6  4  4  89       
PG23 -17741.151233 -12073.358838 -15753.892750    593.015498  5  6  3 100       
PG24  -9113.365136 -14942.255430 -20597.345210   -181.649238  3  5  4 102       
PG25 -16767.185858 -18411.193798   9210.222642    452.906463  5  7  3  67       
PG26 -11027.974925  11841.794478  20780.785906   -303.535136  7  4  6  77       
PG27 -11514.666081  23280.200361  -4623.150541     -9.595697  7  2  2  89       
PG28 -23929.986402   5781.531152   9988.970170   -617.445644  5  5  3  78       
PG29 -11693.000852  -9626.676155  21779.894265   -401.077671  4  3  4  89       
PG30  26499.344932   -475.900913  -3102.301603     72.266041  3  4  4  77       
PG31 -16330.529016  10967.544427  17708.311518   -175.218490  4  6  4  90       
PG32 -19212.892257  12052.954825 -13397.504729   -184.450126  6  5  2  90       
*  2025 12 31  3 45  0.00000000
PG01  12796.150701  14159.035562 -18494.891375    348.035058  5  5  7  63       
PG02   1633.416081  14870.166154 -21532.383634      6.139660  7  6  6  87       
PG03  12414.249568  23544.239264   -534.679996    610.883080  5  3  4  93       
PG04   3754.311936  18156.471696  18977.377188     35.070931  5  5  5  83       
PG05  -1819.642509 -21803.391665  14861.307550   -226.459856  4  4  4  82       
PG06  24252.322597  -5488.084733   9616.191911   -596.911991  7  3  7  78       
PG07  24407.910548   6835.829814   9196.658413   -128.620138  1  5  4  90       
PG08  -3700.176491  23756.490811 -10911.342732    509.415243  5  4  4  85       
PG09  12567.717617   8408.133292  21734.810923    769.359136  6  4  4  87       
PG10 -15826.190859   -159.672109 -21130.663007   -578.680278  4  5  1  89       
PG11  12944.225890 -12761.647639  19400.130877   -491.127195  6  5  5  75       
PG12  -8497.666261 -24865.675931  -4213.437089   -605.958052  4  4  3  71       
PG13  12472.090584 -22414.289581  -6616.983278    690.891365  7  5  6  76       
PG14  17679.853238   2685.037074 -19646.155222    725.625324  6  5  7  84       
PG15    307.135121 -24152.496829 -11514.880867    372.172453  3  4  5  78       
PG16  -3963.730285  19729.985325  16716.155465    178.140044  8  2  4  76       
PG17  19191.438686  -8277.931677 -16157.302240    -17.620225  7  7  8  74       
PG18 -25241.081565  -5455.084909   6829.524878   -463.356844  5  5  4  79       
PG19  19655.300500 -13752.920140 -10899.283089    683.199627  7  6  7  83       
PG20   7070.490358 -14596.273938  21153.431705    361.849072  4  6  4  92       
PG21   7510.197355 -15672.767851  20087.561534    369.475134  4  7  5  79       
PG22  14623.883986  -4205.998047 -21415.152792    -64.075888  6  4  4  78       
PG23 -18438.480958 -13602.328003 -13590.289102    593.020133  5  6  3 101       
PG24  -6829.791761 -15149.973678 -21302.579285   -181.636137  3  4  4 102       
PG25 -16993.408146 -19366.815119   6593.732747    452.904409  5  7  3  75       
PG26 -12412.874352   9808.341081  21090.293557   -303.540735  7  4  6  69       
PG27 -11948.499217  23404.737946  -1786.724621     -9.601725  7  2  3  87       
PG28 -24919.276855   5533.019287   7370.552821   -617.441528  5  5  3  90       
PG29 -10183.886494 -11604.856100  21560.116538   -401.072205  4  4  3  84       
PG30  26702.933678   -163.129095   -321.787460     72.277006  3  4  4  71       
PG31 -18280.735953  10673.698368  15949.754391   -175.216497  4  6  4  75       
PG32 -18475.552126  10505.830682 -15542.590390   -184.435133  6  5  2  90       
*  2025 12 31  4  0  0.00000000
PG01  10600.668631  14160.629037 -19828.345140    348.032457  5  5  7  63       
PG02   -901.539817  15111.938343 -21362.487115      6.147230  6  6  6  81       
PG03  12177.149479  23445.883028  -3434.398394    610.874622  5  3  4  92       
PG04   2569.949962  19870.032437  17373.427084     35.073241  4  4  5  74       
PG05   -673.213470 -20355.424345  16857.691934   -226.460583  3  4  4  89       
PG06  25182.888484  -5330.773765   6926.712043   -596.916246  6  4  7  81       
PG07  23307.153641   7069.228053  11666.319549   -128.624894  1  4  4  96       
PG08  -4451.810665  24609.828508  -8363.926832    509.411797  5  4  3  86       
PG09  11398.912541  10606.072368  21410.022468    769.360039  6  4  3  95       
PG10 -17004.793950  -2250.084907 -20113.276359   -578.683272  4  5  2  97       
PG11  15066.469402 -12583.633748  17917.610291   -491.115105  6  5  4  75       
PG12  -8001.094307 -24439.340822  -6969.298577   -605.958490  4  4  3  82       
PG13  12992.965056 -22732.483074  -3798.579320    690.890516  6  6  6  79       
PG14  18669.823972   4638.590224 -18353.991585    725.627628  6  6  7  78       
PG15    920.321098 -25115.175108  -9032.282686    372.175543  3  4  5  81       
PG16  -5053.000086  17933.307355  18368.405652    178.146863  8  3  4  76       
PG17  18256.158015  -6495.939107 -17897.055472    -17.631013  7  7  8  89       
PG18 -24321.838215  -5643.447805   9487.451020   -463.348066  5  5  4  83       
PG19  19068.843392 -12468.596421 -13291.337892    683.201174  6  5  7  83       
PG20   8719.869138 -12814.797875  21680.762149    361.848899  4  7  4  94       
PG21   8756.323392 -13677.988299  21020.843576    369.483361  4  7  5  82       
PG22  15672.010386  -1934.068805 -20973.433250    -64.072425  6  4  4  82       
PG23 -19084.025315 -14869.292247 -11194.877790    593.024699  5  6  4  93       
PG24  -4499.039886 -15478.146138 -21659.524366   -181.622996  4  4  3  89       
PG25 -17108.818051 -20050.923923   3864.170981    452.902349  5  7  2  58       
PG26 -13896.044689   7832.796331  21028.785805   -303.546314  7  4  6  68       
PG27 -12223.709962  23263.020374   1081.193155     -9.607781  7  2  4  80       
PG28 -25616.854232   5323.924322   4625.402846   -617.437413  5  5  2  91       
PG29  -8804.897081 -13621.903479  20967.611531   -401.066316  4  4  3  73       
PG30  26609.453250    144.483277   2464.192808     72.287985  3  5  4  83       
PG31 -20024.482696  10483.472850  13914.975904   -175.214946  4  6  3  74       
PG32 -17710.066077   8719.357892 -17413.153232   -184.420200  5  5  3  91       
*  2025 12 31  4 15  0.00000000
PG01   8276.126039  14276.570531 -20821.049748    348.029883  5  4  7  75       
PG02  -3384.254807  15476.768008 -20808.945018      6.154568  5  6  6  80       
PG03  11754.735847  23091.403431  -6275.565369    610.866216  5  4  4  95       
PG04   1569.859048  21468.696025  15469.122030     35.075503  4  4  5  96       
PG05    679.221734 -18803.688184  18559.952018   -226.461512  3  5  4  91       
PG06  25810.920389  -5207.965273   4119.303546   -596.920631  6  4  7  77       
PG07  21960.170953   7378.036880  13944.970591   -128.629729  1  4  4 102       
PG08  -5047.724425  25224.340771  -5669.472437    509.408367  5  4  3  86       
PG09  10370.102053  12809.542383  20713.191977    769.360878  6  4  4  98       
PG10 -18221.886224  -4153.437553 -18744.824589   -578.686265  4  5  3  98       
PG11  17010.950627 -12510.667232  16127.379339   -491.103078  6  6  4  86       
PG12  -7330.819495 -23777.614613  -9606.348870   -605.959004  4  4  3  70       
PG13  13317.346660 -22807.733143   -914.062521    690.889744  6  6  6  97       
PG14  19663.773804   6402.069260 -16746.986172    725.629939  5  6  7  77       
PG15   1411.397656 -25832.706352  -6396.793524    372.178740  3  4  4  86       
PG16  -6315.127386  16045.115514  19690.026736    178.153941  7  3  5  79       
PG17  17326.291144  -4505.093842 -19322.397241    -17.641869  7  7  8  84       
PG18 -23124.318902  -5899.584788  11984.808764   -463.339238  5  4  5  88       
PG19  18414.044826 -10936.964382 -15449.886534    683.202936  6  5  7  84       
PG20  10488.215746 -11094.575737  21838.857316    361.848861  3  7  4  99       
PG21  10151.739326 -11680.119642  21592.571623    369.491582  3  7  5  83       
PG22  16798.964569    221.071071 -20158.067215    -64.068589  6  4  5  83       
PG23 -19635.318044 -15868.147569  -8608.878136    593.029278  5  6  4  98       
PG24  -2164.845857 -15925.610719 -21661.608785   -181.609877  4  4  3  98       
PG25 -17078.335139 -20473.291120   1068.657629    452.900280  5  7  2  74       
PG26 -15448.479075   5952.932346  20598.593546   -303.551890  7  4  6  73       
PG27 -12371.918797  22836.405203   3929.911537     -9.613850  7  3  4  92       
PG28 -26010.961182   5117.836897   1800.728434   -617.433327  5  5  2  85       
PG29  -7575.962275 -15632.914608  20012.232292   -401.060845  4  4  3  72       
PG30  26222.628788    481.851733   5208.546121     72.298967  3  5  3  78       
PG31 -21528.589826  10370.792877  11640.222084   -175.213075  3  6  3  84       
PG32 -16956.390609   6716.239277 -18975.905900   -184.405277  5  5  3  97       
*  2025 12 31  4 30  0.00000000
PG01   5868.295880  14519.207092 -21455.781195    348.027191  5  4  7  75       
PG02  -5765.447082  15948.615100 -19880.433573      6.162161  4  6  7  83       
PG03  11121.220286  22512.202707  -9009.947658    610.857808  4  4  4  87       
PG04    748.940193  22907.295607  13297.034720     35.077721  4  4  5  84       
PG05   2230.415435 -17194.900979  19938.079487   -226.462329  3  5  4  87       
PG06  26126.170069  -5080.729930   1241.723511   -596.924937  6  4  7  72       
PG07  20396.323541   7789.415075  15996.161238   -128.634217  1  4  4  95       
PG08  -5512.962227  25571.557089  -2875.024848    509.404935  5  4  2  81       
PG09   9492.264966  14970.487365  19656.303277    769.361745  5  4  4  89       
PG10 -19436.332774  -5842.591809 -17050.492111   -578.689262  4  5  3  96       
PG11  18740.176989 -12517.664393  14059.934937   -491.090996  6  6  4  84       
PG12  -6467.093085 -22914.390947 -12080.151398   -605.959779  4  4  2  63       
PG13  13473.828528 -22613.709621   1986.399287    690.888508  6  7  7  93       
PG14  20623.397706   7955.033711 -14853.398647    725.632236  5  6  6  79       
PG15   1807.937886 -26279.031966  -3652.362070    372.181985  3  5  5  81       
PG16  -7741.775278  14113.802573  20657.622393    178.160823  7  3  5  80       
PG17  16438.461703  -2334.634595 -20406.888825    -17.652476  7  7  7  68       
PG18 -21674.468656  -6255.083874  14279.237089   -463.330447  5  4  5  78       
PG19  17732.299994  -9172.798311 -17337.972535    683.204811  5  5  6  79       
PG20  12342.506929  -9470.895314  21624.805117    361.848801  3  6  3  91       
PG21  11675.958112  -9723.288405  21792.984769    369.499798  3  6  5  88       
PG22  17971.269483   2222.090345 -18983.077101    -64.064832  5  4  5  67       
PG23 -20050.856761 -16601.748038  -5876.565150    593.033853  5  6  4  94       
PG24    129.522566 -16483.800686 -21307.769993   -181.596702  4  4  2  97       
PG25 -16870.491018 -20651.435866  -1745.032340    452.898221  5  7  3  87       
PG26 -17035.918591   4200.897260  19808.589276   -303.557488  7  4  6  75       
PG27 -12428.424700  22114.722848   6708.682299     -9.619944  7  4  5  77       
PG28 -26098.608635   4877.338229  -1054.903685   -617.429218  5  5  2  85       
PG29  -6509.079622 -17590.916104  18710.172949   -401.055429  4  4  4  81       
PG30  25554.233583    882.517618   7865.047878     72.309876  3  5  4  87       
PG31 -22766.974408  10304.662767   9165.565661   -175.211409  3  6  3  64       
PG32 -16250.974579   4527.211747 -20203.109317   -184.390410  5  5  3  93       
*  2025 12 31  4 45  0.00000000
PG01   3425.171595  14893.078833 -21721.449130    348.024503  4  4  7  85       
PG02  -7999.619804  16503.919363 -18592.761193      6.169677  3  6  7  88       
PG03  10257.931024  21745.361681 -11591.297929    610.849412  4  4  4  92       
PG04     94.079117  24143.918423  10894.488663     35.079935  3  5  5  96       
PG05   3964.362885 -15575.132974  20967.762861   -226.462894  3  6  4  86       
PG06  26127.458678  -4909.432021  -1657.020299   -596.929292  5  5  7  64       
PG07  18650.308672   8325.007762  17787.187837   -128.638998  2  4  4 102       
PG08  -5877.554994  25630.334113    -29.734324    509.401486  5  4  3  94       
PG09   8768.102971  17040.526539  18257.666346    769.362575  5  4  4  89       
PG10 -20604.253047  -7299.067896 -15060.958375   -578.692301  4  5  3  92       
PG11  20223.033204 -12573.996907  11750.593787   -491.078976  5  6  3  83       
PG12  -5397.268731 -21888.082258 -14349.279431   -605.959963  4  4  2 102       
PG13  13496.200181 -22131.841826   4852.016226    690.887867  5  7  7  92       
PG14  21508.711012   9285.012444 -12706.220346    725.634528  5  7  6  82       
PG15   2141.576834 -26435.217193   -845.348547    372.184835  3  5  5  87       
PG16  -9316.214327  12186.824719  21254.491967    178.167906  7  4  5  79       
PG17  15624.661935    -21.027898 -21130.065491    -17.663269  7  7  7  67       
PG18 -20005.158288  -6736.376557  16331.707601   -463.321657  5  4  5  88       
PG19  17062.880681  -7199.087761 -18923.711100    683.206548  5  5  6  85       
PG20  14244.300495  -7973.120888  21041.971481    361.848614  3  6  3  90       
PG21  13301.279407  -7847.907671  21618.703508    369.508042  3  6  5  81       
PG22  19150.513478   4038.393398 -17469.162946    -64.061291  5  4  5  66       
PG23 -20291.763997 -17081.593208  -3044.523573    593.038458  5  6  4  96       
PG24   2342.657215 -17136.976793 -20602.535133   -181.583582  4  3  1 103       
PG25 -16458.729831 -20609.749379  -4529.264552    452.896164  5  7  3  94       
PG26 -18620.126633   2602.171030  18673.930681   -303.563070  7  4  6  79       
PG27 -12430.619817  21096.869783   9367.694338     -9.626010  7  4  6  87       
PG28 -25885.637490   4565.639814  -3892.402144   -617.425104  5  5  2  28       
PG29  -5607.985588 -19448.558298  17083.707873   -401.049554  4  5  4  89       
PG30  24623.633208   1377.195726  10389.070797     72.320841  3  5  4  90       
PG31 -23721.460279  10250.553789   6534.156374   -175.209228  3  6  3  71       
PG32 -15625.264083   2190.029697 -21073.109433   -184.375443  5  5  3  91       
*  2025 12 31  5  0  0.00000000
PG01    995.309657  15394.675794 -21613.298689    348.021860  4  4  7  87       
PG02 -10046.740881  17112.556591 -16968.613848      6.176964  3  5  7  96       
PG03   9154.178307  20832.149614 -13976.096120    610.841002  4  4  4  92       
PG04   -415.166013  25141.489345   8302.920338     35.082205  3  6  4 100       
PG05   5856.727552 -13988.059416  21630.846898   -226.463062  2  6  4  87       
PG06  25822.688297  -4655.431424  -4527.478962   -596.933667  5  5  7  53       
PG07  16760.988606   9000.054988  19289.491344   -128.643621  2  4  4  88       
PG08  -6175.128674  25387.778950   2816.063260    509.398023  5  5  3  97       
PG09   8192.068585  18972.695035  16541.594587    769.363444  5  4  5  80       
PG10 -21680.739240  -8513.489051 -12811.767033   -578.695313  3  4  3  98       
PG11  21435.841460 -12644.796094   9238.902847   -491.066934  5  5  3  66       
PG12  -4116.433143 -20740.120746 -16375.950534   -605.960468  4  4  2  90       
PG13  13421.964086 -21352.217949   7632.310238    690.886772  5  7  7  91       
PG14  22279.599745  10387.742176 -10342.580796    725.636834  5  7  6  79       
PG15   2446.640850 -26290.273085   1976.205709    372.188126  3  5  5  82       
PG16 -11013.861204  10308.893782  21470.917877    178.175058  7  4  5  85       
PG17  14910.942916   2393.229073 -21477.916983    -17.673986  7  6  7  57       
PG18 -18155.045311  -7363.559605  18107.165048   -463.312851  5  5  5  96       
PG19  16441.354366  -5046.271692 -20180.791111    683.208242  4  5  6  84       
PG20  16151.053646  -6623.704498  20099.963795    361.848733  2  6  2  91       
PG21  14993.726761  -6089.270479  21072.782910    369.516272  3  6  4  79       
PG22  20294.869089   5647.159414 -15643.313590    -64.057918  4  4  5  79       
PG23 -20323.351862 -17327.199554   -160.875664    593.043058  5  6  5  86       
PG24   4436.348051 -17862.724509 -19556.040287   -181.570428  4  3  1  91       
PG25 -15822.513732 -20378.386819  -7237.308510    452.894143  5  7  3  79       
PG26 -20160.317131   1174.806111  17215.691230   -303.568666  7  4  6  79       
PG27 -12416.305282  19791.040637  11859.072528     -9.632105  7  4  6  90       
PG28 -25386.452388   4148.201384  -6662.993383   -617.421041  5  5  2  23       
PG29  -4868.158675 -21159.839410  15160.818348   -401.043910  5  6  4  79       
PG30  23457.064794   1992.435593  12738.280828     72.331748  2  5  4  94       
PG31 -24382.285627  10171.915162   3791.443544   -175.207535  3  6  2  81       
PG32 -15104.426134   -251.838418 -21570.746885   -184.360534  4  5  3  84       
*  2025 12 31  5 15  0.00000000
PG01  -1373.848679  16012.518173 -21133.004639    348.019339  4  4  7  60       
PG02 -11873.701098  17739.099785 -15037.130033      6.184392  3  5  7  82       
PG03   7807.819082  19816.398463 -16124.237649    610.832601  3  4  4  90       
PG04   -805.582075  25869.183216   5567.160027     35.084424  2  6  4 102       
PG05   7875.605741 -12473.318396  21915.674882   -226.463860  2  6  4  78       
PG06  25228.521541  -4282.755558  -7320.584648   -596.938034  4  5  7  77       
PG07  14770.096892   9822.731396  20479.005766   -128.648459  2  4  4  89       
PG08  -6441.353893  24839.853557   5611.809478    509.394543  5  5  5  98       
PG09   7750.729048  20723.138733  14537.970360    769.364332  5  4  5  96       
PG10 -22621.603921  -9485.666090 -10342.627665   -578.698349  2  5  3  72       
PG11  22363.146034 -12692.435309   6567.972152   -491.054932  5  5  3  64       
PG12  -2627.743805 -19513.374714 -18126.590765   -605.960822  4  3  1  91       
PG13  13290.693594 -20274.154440  10278.064714    690.885888  4  7  7 100       
PG14  22897.377319  11267.095688  -7803.098164    725.639140  5  7  5  70       
PG15   2758.641577 -25841.702328   4763.377837    372.191411  3  5  5  79       
PG16 -12803.153702   8520.310576  21304.288720    178.181727  7  5  5  78       
PG17  14316.349441   4861.070573 -21443.241649    -17.684845  7  6  7  76       
PG18 -16167.226412  -8149.456637  19575.111840   -463.304049  5  5  5  82       
PG19  15898.184717  -2751.191125 -21088.855935    683.210062  4  5  5  78       
PG20  18017.610016  -5437.465359  18814.494351    361.847977  3  6  2  86       
PG21  16714.236416  -4476.349883  20164.656268    369.524546  3  5  4  86       
PG22  21360.771662   7034.055188 -13538.276153    -64.054188  4  5  5  62       
PG23 -20116.533315 -17365.182217   2725.505976    593.047594  4  6  5  74       
PG24   6376.824821 -18632.705832 -18183.982855   -181.557273  4  4  2  98       
PG25 -14948.197632 -19991.973610  -9824.059997    452.892041  4  6  4  91       
PG26 -21614.676497    -71.023651  15460.391728   -303.574281  7  4  6  67       
PG27 -12421.981855  18214.581823  14137.853644     -9.638199  6  5  6  85       
PG28 -24623.438098   3594.263919  -9319.058199   -617.416963  4  5  3  88       
PG29  -4277.155405 -22681.792577  12974.712288   -401.038300  5  7  5  72       
PG30  22086.679148   2749.443975  14873.292793     72.342665  2  5  4  99       
PG31 -24748.296189  10031.747813    984.386074   -175.205951  3  6  2  85       
PG32 -14706.345430  -2750.745462 -21687.629977   -184.345623  4  5  2  89       
*  2025 12 31  5 30  0.00000000
PG01  -3637.612551  16727.557932 -20288.655384    348.016748  3  5  7  73       
PG02 -13455.481728  18344.329459 -12833.314723      6.191888  3  5  7  82       
PG03   6225.502496  18742.802462 -17999.660684    610.824222  3  4  3  85       
PG04  -1109.061944  26303.608663   2734.644008     35.086659  2  7  2  88       
PG05   9982.600880 -11065.041065  21817.305888   -226.464541  2  6  4  82       
PG06  24369.739708  -3759.677577  -9988.473292   -596.942405  3  6  6  63       
PG07  12720.862851  10793.734920  21336.459145   -128.653086  2  4  4  91       
PG08  -6712.302634  23991.629465   8307.706544    509.391055  5  5  5  79       
PG09   7423.451003  22252.695871  12281.707225    769.365212  5  5  5  94       
PG10 -23385.088295 -10224.328008  -7696.667547   -578.701407  2  5  3  84       
PG11  22998.190989 -12678.133277   3783.740498   -491.042879  5  4  3  68       
PG12   -942.465393 -18250.538592 -19572.324660   -605.961318  4  3  1  90       
PG13  13142.299425 -18906.405477  12742.267824    690.884869  4  6  7  89       
PG14  23326.289490  11934.706910  -5131.185310    725.641429  5  8  5  74       
PG15   3112.690206 -25095.736844   7467.221698    372.194476  4  6  6  77       
PG16 -14646.719227   6855.510718  20759.059990    178.188768  6  5  5  75       
PG17  13852.150133   7332.531516 -21025.859443    -17.695404  6  6  7  78       
PG18 -14087.729285  -9098.955826  20710.127902   -463.295212  5  6  5  82       
PG19  15457.565370   -355.807594 -21633.762247    683.212042  4  5  5  70       
PG20  19797.801233  -4421.165208  17207.144206    361.848393  3  6  2  80       
PG21  18420.052368  -3030.850858  18909.970421    369.532789  3  5  4  83       
PG22  22304.683872   8193.590712 -11191.897750    -64.050522  4  5  5  45       
PG23 -19649.029170 -17228.083210   5565.789665    593.052127  4  7  5  85       
PG24   8135.858517 -19413.647208 -16507.500673   -181.544145  5  3  2  95       
PG25 -13829.646972 -19488.176912 -12246.715934    452.889972  4  6  4  44       
PG26 -22941.917395  -1133.155988  13439.448082   -303.579887  7  4  6  67       
PG27 -12481.192111  16393.467286  16162.911024     -9.644274  6  5  6  65       
PG28 -23626.081286   2878.237804 -11814.948056   -617.412892  4  5  3  71       
PG29  -3815.266514 -23976.068763  10563.245057   -401.032649  5  7  5  71       
PG30  20549.381036   3663.110057  16758.279140     72.353651  2  6  4  92       
PG31 -24826.824381   9794.180256  -1839.336547   -175.203974  3  6  2  83       
PG32 -14440.935923  -5256.567865 -21422.265565   -184.330691  3  5  2  91       
*  2025 12 31  5 45  0.00000000
PG01  -5755.571149  17513.887325 -19094.626250    348.014202  3  5  7  58       
PG02 -14775.976859  18886.923871 -10397.308701      6.199307  3  4  7  70       
PG03   4422.589148  17655.205618 -19570.905819    610.815880  3  4  3  89       
PG04  -1361.158033  26429.714788   -145.427172     35.088889  2  7  2  93       
PG05  12134.164600  -9790.614130  21337.602181   -226.465091  2  6  4  76       
PG06  23278.301862  -3060.139956 -12485.294939   -596.946761  2  6  6  54       
PG07  10656.596353  11906.135821  21847.628380   -128.657786  3  5  4  88       
PG08  -7022.783508  22857.177831  10855.695222    509.387569  5  5  6  81       
PG09   7183.377567  23528.302683   9812.119687    769.366089  5  4  5  84       
PG10 -23933.466612 -10746.518112  -4919.650161   -578.704438  1  5  3  75       
PG11  23343.071275 -12563.615843    934.186089   -491.030843  5  3  4  58       
PG12    920.292997 -16992.554379 -20689.388354   -605.961880  5  3  1  86       
PG13  13015.277569 -17266.997918  14981.026361    690.884374  3  6  6  98       
PG14  23534.912386  12409.310843  -2372.322860    725.643715  5  8  4  78       
PG15   3541.894420 -24067.246051  10039.670335    372.197686  4  6  6  86       
PG16 -16502.780953   5341.882205  19846.560168    178.195733  5  5  5  77       
PG17  13521.400747   9756.554797 -20232.673127    -17.705983  6  6  7  64       
PG18 -11963.897782 -10208.650670  21492.317413   -463.286361  5  6  5  81       
PG19  15136.527424   2094.257784 -21807.719268    683.213755  3  5  4  71       
PG20  21446.103987  -3573.396650  15305.029156    361.848307  3  6  2  77       
PG21  20066.274470  -1766.549544  17330.315700    369.541058  3  5  4  76       
PG22  23084.868137   9129.103738  -8646.357877    -64.046739  3  5  5  64       
PG23 -18906.327586 -16952.990690   8311.969561    593.056711  3  7  5  74       
PG24   9691.681653 -20168.536797 -14552.971147   -181.531026  5  3  2 105       
PG25 -12468.581759 -18906.195459 -14465.396835    452.887916  3  6  4  77       
PG26 -24102.803438  -2017.258193  11188.551010   -303.585488  7  4  6  86       
PG27 -12622.989808  14361.415426  17897.800495     -9.650350  5  5  6  54       
PG28 -22429.831687   1980.891854 -14107.767238   -617.408803  4  5  4  77       
PG29  -3456.467431 -25010.352252   7968.251759   -401.027274  6  8  5  82       
PG30  18885.509326   4741.267772  18361.525743     72.364604  3  6  5  94       
PG31 -24633.265889   9425.988065  -4632.100391   -175.202553  4  6  2  75       
PG32 -14309.794409  -7718.502723 -20780.046824   -184.315765  2  5  2  89       
*  2025 12 31  6  0  0.00000000
PG01  -7692.959173  18339.727856 -17571.343303    348.011543  3  6  7  68       
PG02 -15828.433213  19325.250398  -7773.535755      6.206888  3  3  7  69       
PG03   2422.748480  16594.939235 -20811.602542    610.807496  3  4  3  88       
PG04  -1599.486519  26241.383086  -3022.968054     35.091068  2  8  2  88       
PG05  14283.150362  -8669.724588  20485.185134   -226.465681  2  6  4  80       
PG06  21992.138618  -2164.967737 -14767.998676   -596.951082  2  5  5  71       
PG07   8619.275778  13145.490873  22003.547983   -128.662405  2  4  4  88       
PG08  -7404.729107  21459.096700  13210.401511    509.384069  5  5  6  81       
PG09   6998.657457  24524.167549   7172.213284    769.366965  5  4  5  89       
PG10 -24234.488496 -11076.687021  -2059.175938   -578.707462  1  5  3  69       
PG11  23408.550187 -12312.770795  -1931.504348   -491.018862  4  3  4  48       
PG12   2934.127721 -15777.119800 -21459.464158   -605.962128  4  3  1  94       
PG13  12945.013819 -15382.693781  16954.426673    690.883297  3  5  6  94       
PG14  23497.393122  12715.826074    426.689620    725.645977  5  8  4  77       
PG15   4075.804980 -22779.307328  12434.464130    372.200782  5  6  6  86       
PG16 -18326.736455   3998.899306  18584.654866    178.202762  5  5  5  80       
PG17  13318.863550  12082.859519 -19077.571848    -17.716988  6  6  7  78       
PG18  -9842.728769 -11466.800246  21907.674345   -463.277564  6  7  5  81       
PG19  14944.348581   4551.304861 -21609.313543    683.215369  3  5  4  64       
PG20  22919.290825  -2884.790200  13140.370961    361.847974  2  5  3  86       
PG21  21607.500478   -688.944279  15452.855095    369.549275  3  5  4  81       
PG22  23663.089056   9852.377258  -5947.313477    -64.043185  3  5  5  74       
PG23 -17882.361808 -16580.000812  10917.634263    593.061294  3  7  5  77       
PG24  11029.690082 -20857.996049 -12351.723724   -181.517798  5  3  3 107       
PG25 -10874.639614 -18285.221706 -16443.713554    452.885905  3  6  4  92       
PG26 -25061.587245  -2736.345396   8746.993310   -303.591098  7  4  6  74       
PG27 -12870.606769  12158.684172  19311.502396     -9.656425  5  5  5  80       
PG28 -21074.746699    890.296643 -16158.107563   -617.404673  3  5  4  85       
PG29  -3169.624968 -25759.551899   5234.803575   -401.021251  6  8  5  76       
PG30  17137.403727   5984.221556  19655.929140     72.375547  2  6  5  94       
PG31 -24190.375420   8898.002479  -7347.090311   -175.200723  4  6  2  85       
PG32 -14306.207769 -10086.884354 -19773.101080   -184.300834  1  4  2  89       
*  2025 12 31  6 15  0.00000000
PG01  -9421.805510  19168.662088 -15744.940907    348.009000  2  6  7  82       
PG02 -16615.490004  19619.174423  -5009.755225      6.214407  3  3  6  77       
PG03    257.249700  15599.269183 -21700.877766    610.799100  3  4  2  92       
PG04  -1862.046899  25741.679673  -5847.907707     35.093333  3  8  3  94       
PG05  16380.516550  -7713.724563  19275.261314   -226.466013  2  6  4  81       
PG06  20553.724663  -1062.822968 -16797.078940   -596.955340  2  5  5  55       
PG07   6648.182122  14490.220879  21800.671555   -128.667559  3  4  5  89       
PG08  -7885.707136  19827.694543  15330.026732    509.380558  5  5  6  77       
PG09   6833.875604  25222.667762   4407.909503    769.367848  5  4  4  88       
PG10 -24262.609117 -11245.523788    836.120805   -578.710501  2  6  4  70       
PG11  23213.549216 -11893.230056  -4763.793238   -491.006852  4  4  4  73       
PG12   5066.156229 -14637.334551 -21869.935621   -605.962641  4  3  2  96       
PG13  12962.218770 -13288.099231  18627.320067    690.882676  3  5  6  89       
PG14  23194.488848  12884.216277   3218.493723    725.648301  5  8  4  75       
PG15   4738.980530 -21262.444752  14608.082521    372.203895  5  6  7  79       
PG16 -20072.838102   2837.601089  16997.285638    178.209301  4  6  6  61       
PG17  13231.288934  14263.788732 -17581.176694    -17.727723  5  6  7  70       
PG18  -7769.221569 -12853.614041  21948.359193   -463.268729  6  7  5  80       
PG19  14882.279144   6967.192688 -21043.426357    683.217258  2  4  4  77       
PG20  24178.012284  -2338.533773  10749.978516    361.848215  2  5  3  75       
PG21  22999.499341    204.769089  13309.858873    369.557460  3  6  4  87       
PG22  24006.172224  10382.911055  -3142.981135    -64.039437  2  5  5  72       
PG23 -16579.881848 -16150.578761  13338.709504    593.065886  3  8  5  74       
PG24  12142.894332 -21441.782456  -9939.659804   -181.504685  5  3  3 107       
PG25  -9065.159660 -17662.929358 -18149.276106    452.883840  2  5  4  80       
PG26 -25787.309707  -3310.025173   6156.959660   -303.596754  6  4  6  78       
PG27 -13240.378252   9830.597177  20379.038167     -9.662504  4  6  4  76       
PG28 -19603.971635   -397.514971 -17930.723230   -617.400527  3  5  4  92       
PG29  -2919.911417 -26206.720422   2410.402672   -401.015603  6  8  5  63       
PG30  15347.908525   7384.553085  20619.429815     72.386490  2  6  6  91       
PG31 -23527.312152   8186.359228  -9939.021844   -175.198901  4  5  3  89       
PG32 -14415.509647 -12314.945211 -18420.004812   -184.285872  1  4  3  77       
*  2025 12 31  6 30  0.00000000
PG01 -10921.820731  19961.061007 -13646.818198    348.006403  2  6  7  51       
PG02 -17148.821989  19731.802232  -2156.050606      6.221789  3  3  6  67       
PG03  -2036.027994  14700.008375 -22223.682426    610.790667  4  3  2  98       
PG04  -2185.525343  24942.756845  -8571.090986     35.095577  3  8  3  91       
PG05  18377.109842  -6925.340401  17729.323543   -226.466944  3  6  4  82       
PG06  19008.482923    249.138937 -18537.270059   -596.959620  3  5  4  64       
PG07   4778.621626  15912.243057  21240.983295   -128.672079  2  4  5  88       
PG08  -8487.621349  17999.865358  17177.157482    509.377035  5  5  6  62       
PG09   6651.626684  25614.934494   1567.221339    769.368737  5  3  4  94       
PG10 -23999.966465 -11288.574267   3717.366509   -578.713523  2  6  4  82       
PG11  22784.329396 -11277.815964  -7513.661025   -490.994814  3  5  5  72       
PG12   7278.068756 -13600.530723 -21914.062498   -605.962712  4  4  3  92       
PG13  13091.561998 -11024.455501  19970.011887    690.881836  3  5  6  93       
PG14  22614.367628  12948.174287   5955.933440    725.650624  5  8  4  89       
PG15   5549.737482 -19553.557929  16520.654199    372.207110  5  6  7  86       
PG16 -21695.902787   1860.426241  15113.902724    178.216397  3  6  6  74       
PG17  13238.048014  16256.055370 -15770.433502    -17.738355  4  6  7  81       
PG18  -5784.801410 -14341.854696  21612.879947   -463.259837  6  7  5  82       
PG19  14943.587569   9294.973763 -20121.052291    683.219231  2  4  4  68       
PG20  25188.249685  -1911.186511   8174.645360    361.847865  2  5  4  72       
PG21  24200.851741    925.397499  10938.152375    369.565647  3  6  4  86       
PG22  24087.353785  10746.884264   -283.182096    -64.035984  2  5  5  83       
PG23 -15010.506452 -15705.878898  15534.165726    593.070489  3  8  5  74       
PG24  13032.095353 -21880.372828  -7356.775683   -181.491581  5  3  4 107       
PG25  -7064.697667 -17074.037175 -19554.143111    452.881828  2  5  4 101       
PG26 -26254.915319  -3763.503669   3462.792846   -303.602353  6  4  5  73       
PG27 -13740.975069   7425.867277  21081.944797     -9.668576  3  6  4  75       
PG28 -18062.114122  -1878.196317 -19395.134468   -617.396417  3  5  4  90       
PG29  -2670.368648 -26343.664535   -455.868455   -401.010188  5  8  5  55       
PG30  13558.865833   8927.217224  21235.376359     72.397470  2  6  6  80       
PG31 -22678.472882   7273.545538 -12364.824910   -175.197163  4  5  3  91       
PG32 -14615.767174 -14360.449882 -16745.376342   -184.270969  2  4  4  84       
*  2025 12 31  6 45  0.00000000
PG01 -12180.988999  20675.651705 -11313.101529    348.003874  2  6  7  35       
PG02 -17448.408801  19631.079361    736.213643      6.229143  4  3  6  61       
PG03  -4413.830697  13922.343978 -22371.032718    610.782247  4  3  3  78       
PG04  -2603.651187  23865.407481 -11145.163167     35.097784  4  7  3  89       
PG05  20225.456751  -6298.735487  15874.734682   -226.467243  2  5  4  87       
PG06  17403.080325   1764.939294 -19958.176173   -596.963888  4  5  4  66       
PG07   3040.778014  17377.843023  20332.055349   -128.676812  2  4  5  86       
PG08  -9225.659216  16017.705002  18719.474837    509.373533  4  5  6  48       
PG09   6414.167527  25701.104387  -1300.603893    769.369663  5  3  4  88       
PG10 -23437.075251 -11244.701516   6536.224058   -578.716437  2  6  4  86       
PG11  22153.395643 -10445.793303 -10133.470004   -490.982781  2  5  5  72       
PG12   9527.379072 -12687.326954 -21591.075303   -605.963218  4  4  3  84       
PG13  13350.565485  -8638.161980  20958.836211    690.881331  2  5  5  91       
PG14  21753.143225  12943.677997   8592.807867    725.652903  5  8  3  72       
PG15   6519.146386 -17694.578134  18136.818590    372.210385  5  6  7  87       
PG16 -23152.980501   1061.399690  12968.812510    178.223182  3  6  6  68       
PG17  13312.087950  18022.309572 -13678.063716    -17.748932  3  6  6  86       
PG18  -3925.876598 -15897.740037  20906.171244   -463.251024  6  8  5  83       
PG19  15113.916463  11490.465072 -18859.028225    683.220746  1  5  4  75       
PG20  25922.581909  -1573.757295   5458.471636    361.847457  2  5  4  71       
PG21  25174.495092   1491.138915   8378.486199    369.573844  4  6  4  72       
PG22  23887.366178  10975.859254   2581.624269    -64.032541  2  5  5  83       
PG23 -13194.452756 -15285.085252  17466.681642    593.075061  4  8  5  71       
PG24  13705.768221 -22136.569954  -4646.586403   -181.478488  6  3  4 105       
PG25  -4904.290815 -16548.996530 -20635.210756    452.879762  2  5  4  84       
PG26 -26446.146668  -4126.395692    710.249044   -303.607992  6  5  5  75       
PG27 -14372.975350   4994.792673  21408.595927     -9.674636  3  6  3  56       
PG28 -16493.575065  -3539.058718 -20526.149845   -617.392288  3  5  4  71       
PG29  -2383.558499 -26171.221919  -3314.226086   -401.004498  5  8  6  63       
PG30  11809.651531  10589.925846  21492.815408     72.408439  2  6  6  87       
PG31 -21682.156763   6149.211007 -14584.283688   -175.195323  4  4  3  80       
PG32 -14878.764505 -16187.137892 -14779.359528   -184.256021  3  3  4  80       
*  2025 12 31  7  0  0.00000000
PG01 -13195.841418  21271.164288  -8784.021880    348.001205  3  6  7  63       
PG02 -17541.471597  19291.175158   3615.435340      6.236680  4  3  6  75       
PG03  -6828.967061  13283.921471 -22140.163103    610.773829  4  3  4  86       
PG04  -3145.673723  22538.290204 -13525.419871     35.100052  4  7  4  96       
PG05  21881.491444  -5819.921386  13744.204506   -226.467864  2  4  4  86       
PG06  15783.679955   3469.788912 -21034.824260   -596.968134  4  5  3  74       
PG07   1458.733225  18848.764192  19087.045410   -128.681591  2  5  5  72       
PG08 -10107.531260  13926.930095  19930.345954    509.370037  4  5  5  64       
PG09   6085.081643  25490.229835  -4145.957515    769.370581  5  3  4  79       
PG10 -22573.217599 -11154.446631   9245.640696   -578.719352  2  6  4  78       
PG11  21358.166827  -9383.876204 -12577.806780   -490.970701  2  5  5  70       
PG12  11768.831066 -11910.938457 -20906.189160   -605.963695  3  4  3  81       
PG13  13748.804578  -6179.094119  21576.601691    690.880386  2  5  5  96       
PG14  20615.125205  12907.471317  11084.606180    725.655154  6  7  3  82       
PG15   7650.326924 -15730.904212  19426.510923    372.213199  5  6  7  89       
PG16 -24404.916283    426.651800  10600.460745    178.229774  2  6  6  56       
PG17  13421.166236  19532.459231 -11341.889190    -17.759841  3  6  6  90       
PG18  -2222.585227 -17482.114176  19839.566812   -463.242197  6  8  5  77       
PG19  15371.929244  13513.701116 -17279.682365    683.222861  2  5  4  74       
PG20  26361.215786  -1293.007629   2648.120462    361.847590  1  5  4  65       
PG21  25889.113764   1926.682799   5674.839249    369.582038  4  6  4  81       
PG22  23395.218962  11105.287455   5401.294098    -64.028968  2  5  5  78       
PG23 -11159.952154 -14923.832993  19103.255164    593.079638  4  8  5  84       
PG24  14179.647642 -22177.070604  -1855.451502   -181.465377  5  3  4 106       
PG25  -2620.497649 -16112.845728 -21374.540227    452.877791  1  4  4  85       
PG26 -26350.190143  -4431.386592  -2054.246715   -303.613584  6  5  5  62       
PG27 -15128.791959   2587.406400  21354.364366     -9.680686  2  6  4  72       
PG28 -14940.900217  -5359.368565 -21304.298535   -617.388242  3  5  4  81       
PG29  -2023.232353 -25699.194621  -6115.075073   -400.998801  4  8  6  71       
PG30  10135.806052  12343.808461  21386.702362     72.419404  2  6  6  86       
PG31 -20579.109901   4810.716476 -16560.628112   -175.193752  4  4  4  85       
PG32 -15171.238118 -17765.920644 -12557.013852   -184.241059  3  3  4  75       
*  2025 12 31  7 15  0.00000000
PG01 -13971.400263  21707.993554  -6103.217898    347.998564  3  6  6  81       
PG02 -17461.132829  18693.597008   6430.788296      6.244151  4  4  5  64       
PG03  -9231.897078  12794.218922 -21534.588659    610.765347  5  3  4  80       
PG04  -3835.021379  20996.856786 -15670.605106     35.102342  4  7  4  91       
PG05  23306.151325  -5467.497479  11375.172278   -226.467951  2  4  4  81       
PG06  14194.216929   5340.446627 -21748.128847   -596.972372  5  5  3  87       
PG07     49.692408  20283.485401  17524.627753   -128.686436  2  5  5  86       
PG08 -11133.032892  11775.169100  20789.285688    509.366539  4  5  4  74       
PG09   5630.889226  24999.853788  -6919.741318    769.371522  5  3  4  89       
PG10 -21416.521398 -11058.349937  11800.560821   -578.722378  3  6  4  67       
PG11  20439.463927  -8086.948588 -14804.287169   -490.958648  2  6  5  69       
PG12  13955.913004 -11276.766715 -19870.536692   -605.964103  3  4  3  91       
PG13  14287.450545  -3698.788055  21812.898196    690.879482  2  5  5  98       
PG14  19212.775657  12875.525673  13389.216035    725.657476  5  7  3  95       
PG15   8938.080923 -13709.683190  20365.643826    372.216403  5  5  6  86       
PG16 -25417.747686    -64.761817   8050.671938    178.236896  2  6  6  52       
PG17  13529.307099  20764.687922  -8804.051064    -17.770948  3  7  6  84       
PG18   -697.781195 -19051.846547  18430.661762   -463.233342  6  8  5  80       
PG19  15690.218210  15330.219960 -15410.412812    683.224626  3  6  4  67       
PG20  26492.738144  -1032.929264   -207.979629    361.847632  2  4  4  62       
PG21  26320.321091   2262.058166   2873.666326    369.590281  4  6  4  73       
PG22  22608.648430  11172.884579   8126.917591    -64.025433  2  5  5  83       
PG23  -8942.371801 -14652.768988  20415.753310    593.084221  4  7  5  73       
PG24  14476.020842 -21973.930008    968.192453   -181.452296  5  4  4 105       
PG25   -254.245232 -15784.268776 -21759.622307    452.875742  1  4  4  97       
PG26 -25964.054364  -4712.797282  -4784.335185   -303.619159  6  5  5  63       
PG27 -15992.954251    251.660190  20921.626698     -9.686688  2  6  4  62       
PG28 -13443.215480  -7310.959099 -21716.165291   -617.384126  3  6  4  87       
PG29  -1555.952158 -24945.942321  -8809.891649   -400.993558  4  7  6  84       
PG30   8567.809636  14154.329075  20918.028061     72.430408  2  5  6  78       
PG31 -19411.001011   3263.403808 -18261.073087   -175.191553  4  4  4  88       
PG32 -15456.309480 -19075.789514 -10117.627685   -184.226057  4  3  4  88       
*  2025 12 31  7 30  0.00000000
PG01 -14520.796502  21949.810031  -3316.976851    347.995961  3  6  6  88       
PG02 -17244.865895  17827.992744   9133.180461      6.251594  3  5  5  87       
PG03 -11572.416432  12454.235056 -20564.074838    610.756889  5  3  5  77       
PG04  -4688.197625  19282.025487 -17543.641649     35.104570  4  6  4  90       
PG05  24466.778094  -5213.685960   8809.109371   -226.468591  3  3  4  60       
PG06  12674.765160   7345.913265 -22085.258152   -596.976662  5  5  3  65       
PG07  -1176.555318  21638.650559  15668.849987   -128.691136  2  4  5  65       
PG08 -12293.944200   9610.199702  21282.280549    509.363134  3  6  4  61       
PG09   5022.538822  24255.268235  -9574.221948    769.372428  5  4  3  89       
PG10 -19983.727635 -10995.292166  14158.597638   -578.725417  3  5  3  64       
PG11  19439.876074  -6558.468237 -16774.308032   -490.946580  3  5  5  65       
PG12  16042.427669 -10782.283686 -18501.019688   -605.964594  3  4  4  66       
PG13  14959.172977  -1248.569429  21664.258460    690.878743  2  5  4  91       
PG14  17566.373856  12881.538016  15467.596907    725.659755  5  7  4  71       
PG15  10368.887120 -11678.010552  20936.660929    372.219802  5  5  6  77       
PG16 -26163.889305   -439.782164   5363.863847    178.243776  1  6  6  51       
PG17  13598.413357  21706.129444  -6110.146038    -17.782048  3  7  5  85       
PG18    633.698987 -20561.408000  16703.063102   -463.224531  6  8  5  86       
PG19  16036.436875  16912.140510 -13283.204780    683.226047  3  7  5  74       
PG20  26314.557883   -756.339317  -3060.472829    361.847426  2  4  5  39       
PG21  26451.587681   2531.274267     23.102914    369.598473  5  5  4  48       
PG22  21534.224989  11216.945963  10711.683203    -64.021535  3  5  5  63       
PG23  -6583.071579 -14496.305035  21381.392989    593.088812  4  7  4  54       
PG24  14622.746190 -21505.857954   3774.683193   -181.439128  5  4  4 110       
PG25   2150.478853 -15574.890072 -21783.577425    452.873702  1  4  4  76       
PG26 -25292.672337  -5005.105381  -7434.439385   -303.624714  6  5  5  75       
PG27 -16942.726148  -1968.279862  20119.616137     -9.692689  1  6  5  65       
PG28 -12034.805829  -9359.134319 -21754.622469   -617.380034  3  5  4  57       
PG29   -952.597488 -23937.652991 -11352.081850   -400.987620  3  7  6  84       
PG30   7130.047459  15982.429495  20093.856826     72.441390  2  5  6  63       
PG31 -18218.880692   1520.578515 -19657.302010   -175.189736  4  4  5  67       
PG32 -15695.054132 -20104.405113  -7503.972096   -184.211107  4  3  4  76       
*  2025 12 31  7 45  0.00000000
PG01 -14864.575898  21965.056783   -473.427147    347.993376  4  6  6  72       
PG02 -16932.808040  16692.616058  11676.135032      6.258974  3  5  4  86       
PG03 -13801.376739  12256.504012 -19244.513251    610.748417  5  3  5  81       
PG04  -5713.957909  17438.654154 -19112.279807     35.106819  4  5  3  84       
PG05  25338.270765  -5025.617466   6090.757559   -226.469168  3  3  4  65       
PG06  11260.059433   9448.437282 -22039.892860   -596.980878  5  5  3  60       
PG07  -2217.914383  22870.607281  13548.907405   -128.695833  2  4  5  71       
PG08 -13574.267587   7478.207280  21401.972107    509.359683  2  6  4  57       
PG09   4236.722304  23288.487814 -12063.852414    769.373340  4  4  3  73       
PG10 -18299.658015 -11000.913205  16280.658661   -578.728376  4  5  3  60       
PG11  18402.069292  -4810.537193 -18453.731524   -490.934575  3  5  5  59       
PG12  17984.064356 -10417.215898 -16820.079370   -605.964869  3  4  3  57       
PG13  15748.403762   1122.294491  21134.173523    690.877925  2  5  4  75       
PG14  15703.400178  12955.520052  17284.410093    725.662101  5  6  4  66       
PG15  11921.263659  -9681.131094  21128.941879    372.223175  5  5  6  75       
PG16 -26623.066576   -730.060407   2586.253950    178.250686  1  6  6  69       
PG17  13589.960974  22353.175118  -3308.305339    -17.792287  3  7  5  88       
PG18   1765.457142 -21964.564985  14686.028917   -463.215747  6  8  5  86       
PG19  16374.612998  18238.997202 -10934.094973    683.228138  4  7  5  70       
PG20  25833.018259   -426.530154  -5859.940037    361.847115  2  3  5  56       
PG21  26274.880141   2770.807030  -2827.859368    369.606668  5  5  4  42       
PG22  20187.122155  11274.672444  13111.671751    -64.018000  3  4  5  78       
PG23  -4128.035873 -14471.611116  21983.144799    593.093368  4  7  4  61       
PG24  14652.029240 -20759.284704   6514.053657   -181.426042  5  4  5 102       
PG25   4548.047323 -15488.829624 -21445.288810    452.871680  2  4  4  63       
PG26 -24348.727607  -5341.475480  -9960.455887   -303.630275  5  5  4  80       
PG27 -17949.027497  -4033.556064  18964.134612     -9.698741  2  6  5  73       
PG28 -10743.892195 -11463.831185 -21418.955142   -617.375912  3  6  4  56       
PG29   -189.698258 -22707.321358 -13697.799080   -400.981872  3  7  6  77       
PG30   5840.004294  17785.860797  18927.271782     72.452404  2  5  5  67       
PG31 -17041.676937   -396.793832 -20725.891357   -175.187792  4  4  5  89       
PG32 -15848.142503 -20848.351400  -4761.512613   -184.196166  5  4  5  69       
*  2025 12 31  8  0  0.00000000
PG01 -15029.721390  21728.272710   2378.302914    347.990737  4  6  5  55       
PG02 -16566.012259  15294.446016  14016.578172      6.266358  4  5  4  81       
PG03 -15872.380012  12185.438443 -17597.702791    610.739848  5  3  5  72       
PG04  -6912.800064  15513.874739 -20349.652769     35.109086  4  5  3  90       
PG05  25903.947930  -4866.813152   3267.319337   -226.469871  3  2  4  44       
PG06   9978.231784  11604.795671 -21612.370539   -596.985126  5  5  4  56       
PG07  -3079.979558  23937.005093  11198.826971   -128.700898  1  4  5  57       
PG08 -14950.788049   5422.136250  21147.701482    509.356255  2  6  4  67       
PG09   3256.962397  22136.980814 -14346.046557    769.374209  4  4  3  88       
PG10 -16396.403468 -11106.162504  18131.520786   -578.731424  4  5  3  48       
PG11  17367.105150  -2863.634628 -19813.488639   -490.922539  3  5  5  55       
PG12  19739.917917 -10164.023985 -14855.385340   -605.965420  3  4  3  72       
PG13  16631.948063   3368.342492  20232.965251    690.877246  3  4  4  80       
PG14  13657.660197  13122.530409  18808.597344    725.664449  4  6  4  80       
PG15  13566.485672  -7760.722664  20939.043594    372.226459  4  4  6  68       
PG16 -26782.972220   -970.518225   -234.927614    178.257442  1  6  6  67       
PG17  13466.701468  22711.407562   -448.242307    -17.803527  3  6  4  95       
PG18   2699.622486 -23216.126842  12413.999058   -463.206903  6  7  5  89       
PG19  16666.593913  19298.306954  -8402.591014    683.229341  5  7  4  77       
PG20  25063.172478     -8.908347  -8557.772711    361.847272  3  3  5  57       
PG21  25790.985431   3017.990287  -5630.212629    369.614897  5  4  4  65       
PG22  18590.564786  11380.573838  15286.568361    -64.014518  3  4  5  82       
PG23  -1626.327980 -14587.888043  22210.052376    593.098023  4  7  4  72       
PG24  14599.000783 -19729.141643   9137.003334   -181.412965  5  4  5 103       
PG25   6892.680669 -15522.535800 -20749.465850    452.869628  2  4  4  65       
PG26 -23152.213627  -5752.349985 -12320.414933   -303.635853  5  6  4  86       
PG27 -18977.613025  -5911.901219  17477.138882     -9.704764  2  6  5  51       
PG28  -9591.653045 -13580.996354 -20714.877006   -617.371785  3  5  4  69       
PG29    749.459748 -21293.477166 -15806.705625   -400.976208  2  6  6  70       
PG30   4707.721048  19520.657062  17437.224075     72.463390  2  5  5  66       
PG31 -15914.778125  -2460.667580 -21448.673009   -175.186510  4  4  5  79       
PG32 -15877.486973 -21313.051982  -1937.595722   -184.181204  5  4  5  70       
*  2025 12 31  8 15  0.00000000
PG01 -15048.430720  21221.189817   5188.944655    347.988003  4  6  4  44       
PG02 -16184.712405  13648.967211  16115.522267      6.273566  3  5  3  87       
PG03 -17743.385702  12217.991005 -15651.036240    610.731353  4  3  5  75       
PG04  -8276.787626  13555.355911 -21234.729103     35.111374  4  4  3  89       
PG05  26156.088848  -4698.802077    387.616876   -226.470196  4  3  5  52       
PG06   8849.813232  13767.802208 -20809.710733   -596.989384  5  4  4  80       
PG07  -3775.741465  24798.398185   8657.053992   -128.705516  1  4  5  61       
PG08 -16393.927298   3480.199755  20525.420545    509.352786  2  6  5  57       
PG09   2074.431596  20842.208671 -16381.893823    769.375095  3  5  3  92       
PG10 -14312.262572 -11336.030294  19680.351143   -578.734462  4  5  3  73       
PG11  16372.836038   -746.021874 -20830.090622   -490.910480  3  4  5  56       
PG12  21273.900946  -9998.663289 -12639.443726   -605.965821  3  3  3  61       
PG13  17579.912560   5449.495950  18977.523268    690.876255  3  4  4  73       
PG14  11468.178932  13401.596816  20013.900187    725.666740  4  5  4  78       
PG15  15269.626983  -5953.341766  20370.768916    372.229905  4  4  5  77       
PG16 -26639.629944  -1197.812726  -3052.206659    178.264514  2  6  5  75       
PG17  13194.299082  22795.171857   2419.706081    -17.814385  3  6  4 100       
PG18   3446.602067 -24273.677586   9926.022767   -463.198105  6  7  4  76       
PG19  16873.572516  20085.852236  -5731.053104    683.231513  5  7  4  85       
PG20  24028.229203    527.443400 -11107.039880    361.847297  3  3  5  60       
PG21  25009.508100   3309.374630  -8335.773524    369.623124  5  4  4  66       
PG22  16774.986155  11565.010954  17200.283834    -64.010878  3  4  5  78       
PG23    871.578051 -14845.949391  22057.460286    593.102617  3  6  3  75       
PG24  14500.153449 -18419.311827  11595.896230   -181.399864  4  4  5 104       
PG25   9139.952367 -15664.904438 -19706.634110    452.867575  3  4  4  63       
PG26 -21729.743832  -6264.149038 -14475.104235   -303.641467  5  5  4  72       
PG27 -19990.453532  -7578.634014  15686.218228     -9.710784  2  6  6  51       
PG28  -8591.528020 -15664.125395 -19654.436589   -617.367563  3  6  4  76       
PG29   1873.999736 -19738.714863 -17642.664574   -400.970220  2  6  6  75       
PG30   3735.536824  21142.699138  15648.283621     72.474386  2  5  5  60       
PG31 -14868.752052  -4636.754968 -21813.030828   -175.184436  4  4  5  89       
PG32 -15747.831454 -21512.358988    919.374151   -184.166248  5  4  5  79       
*  2025 12 31  8 30  0.00000000
PG01 -14956.698004  20433.560870   7909.950962    347.985401  4  6  3  67       
PG02 -15826.670734  11779.630862  17938.638647      6.281334  3  5  3  74       
PG03 -19378.170713  12324.612759 -13437.093622    610.722878  4  3  5  73       
PG04  -9789.711779  11609.562622 -21752.655519     35.113617  5  4  2  66       
PG05  26096.136142  -4482.808482  -2498.763995   -226.470987  5  3  5  34       
PG06   7887.041782  15887.985394 -19645.518105   -596.993665  6  4  4  78       
PG07  -4325.000110  25419.793359   5965.936307   -128.710450  1  4  5  61       
PG08 -17868.851252   1684.604174  19547.478843    509.349327  3  6  5  34       
PG09    688.472163  19448.031787 -18136.803324    769.376009  3  5  3  86       
PG10 -12090.466484 -11708.502745  20901.170105   -578.737449  4  5  3  57       
PG11  15452.440616   1507.157502 -21486.038773   -490.898340  4  4  6  77       
PG12  22555.997586  -9891.601325 -10209.125800   -605.966431  3  3  3  66       
PG13  18556.907980   7332.402327  17390.917166    690.875720  3  4  4  85       
PG14   9177.903419  13804.869182  20879.312213    725.669075  4  5  5  78       
PG15  16990.878350  -4289.101902  19435.060812    372.232785  3  4  5  72       
PG16 -26197.460827  -1448.764081  -5818.605655    178.271209  2  6  5  60       
PG17  12742.835004  22626.810806   5245.520123    -17.825178  3  6  4 103       
PG18   4024.499559 -25099.222817   7265.091438   -463.189300  5  7  4  74       
PG19  16957.640486  20605.673296  -2964.044529    683.233134  5  7  4  80       
PG20  22758.687980   1208.344986 -13463.331169    361.847316  3  3  5  45       
PG21  23948.540225   3679.117983 -10898.010616    369.631362  5  5  4  65       
PG22  14776.933468  11852.928944  18821.480463    -64.007325  3  4  5  65       
PG23   3315.527979 -15238.131831  21527.144141    593.107204  3  6  3  61       
PG24  14391.703056 -16842.719272  13845.757885   -181.386807  4  5  5 100       
PG25  11248.261267 -15897.684429 -18333.048086    452.865533  4  4  4  68       
PG26 -20113.637499  -6898.123902 -16388.651835   -303.647043  5  5  4  74       
PG27 -20947.257498  -9017.335946  13623.982941     -9.716819  3  6  6  40       
PG28  -7748.830148 -17665.906047 -18255.814997   -617.363428  3  6  3  79       
PG29   3184.921122 -18088.083636 -19174.350492   -400.964875  2  6  5  83       
PG30   2918.130219  22609.311377  13590.290443     72.485366  2  4  4  47       
PG31 -13928.245653  -6885.595502 -21812.127581   -175.182686  4  4  5  88       
PG32 -15428.223941 -21467.836913   3760.752792   -184.151285  5  4  6  65       
*  2025 12 31  8 45  0.00000000
PG01 -14792.755725  19363.684502  10494.344706    347.982796  4  6  1  50       
PG02 -15525.669603   9717.028693  19456.718110      6.288654  3  4  3  76       
PG03 -20747.586881  12470.475764 -10993.144881    610.714388  3  3  4  79       
PG04 -11427.584011   9720.080812 -21894.985493     35.115910  5  4  2  67       
PG05  25734.556385  -4181.442039  -5342.329005   -226.471187  5  3  5  59       
PG06   7093.505527  17915.370884 -18139.763545   -596.997843  6  3  4  84       
PG07  -4753.497000  25772.081285   3171.103658   -128.715342  1  3  5  76       
PG08 -19336.781224     60.533862  18232.297875    509.345862  3  6  6  63       
PG09   -893.201188  17999.043747 -19581.067952    769.376861  3  5  4  85       
PG10  -9777.733402 -12233.777030  21773.252806   -578.740482  4  5  3  59       
PG11  14633.157161   3855.047523 -21770.125313   -490.886270  5  5  6  65       
PG12  23563.311727  -9809.058410  -7605.119364   -605.966660  3  3  3  65       
PG13  19523.472092   8991.495325  15501.897704    690.875011  3  4  4  84       
PG14   6832.258836  14337.036821  21389.456728    725.671434  3  5  5  55       
PG15  18687.080808  -2790.643383  18149.727315    372.236149  3  3  5  61       
PG16 -25469.057885  -1758.802535  -8488.349330    178.278127  3  5  5  60       
PG17  12088.119180  22235.604646   7980.399773    -17.836199  3  6  3 106       
PG18   4458.223193 -25660.684461   4477.387408   -463.180527  5  6  4  73       
PG19  16883.315078  20869.771755   -147.657162    683.234681  5  6  4  83       
PG20  21291.197459   2053.296808 -15585.558793    361.847180  3  4  6  82       
PG21  22634.016445   4157.470832 -13272.844033    369.639508  5  5  4  64       
PG22  12637.769033  12262.825097  20124.000284    -64.003714  3  4  5  60       
PG23   5657.416790 -15748.541233  20627.337493    593.111827  2  5  3  60       
PG24  14307.947674 -15021.042349  15845.241210   -181.373747  3  5  5  93       
PG25  13180.220236 -16196.160752 -16650.522551    452.863486  4  4  4  68       
PG26 -18340.813197  -7669.402928 -18029.063763   -303.652633  5  5  4  62       
PG27 -21807.068122 -10220.192911  11327.383366     -9.722888  3  6  6  60       
PG28  -7060.681337 -19539.902961 -16543.018282   -617.359318  3  6  3  66       
PG29   4674.888740 -16387.401568 -20375.769254   -400.958895  2  6  5  80       
PG30   2242.862651  23880.831344  11297.907380     72.496288  2  4  4  47       
PG31 -13111.104834  -9163.822562 -21445.058019   -175.181038  4  4  5  79       
PG32 -14893.318669 -21207.774319   6538.456695   -184.136283  5  4  6  80       
*  2025 12 31  9  0  0.00000000
PG01 -14595.439096  18018.606882  12897.538070    347.980312  4  5  2  62       
PG02 -15310.199510   7497.820605  20646.021359      6.296402  4  4  3  63       
PG03 -21830.566687  12616.916727  -8360.566023    610.705857  2  3  4  82       
PG04 -13159.438452   7926.071931 -21659.791866     35.118176  5  4  1  68       
PG05  25090.368076  -3760.325290  -8094.515064   -226.471797  5  3  5  51       
PG06   6464.136251  19801.298290 -16318.445775   -597.002023  6  3  4  84       
PG07  -5091.788574  25833.288925    320.743638   -128.720011  1  3  5  85       
PG08 -20756.452648  -1374.570817  16603.946133    509.342420  4  7  6  65       
PG09  -2654.622077  16538.897878 -20690.341076    769.377737  3  5  4  79       
PG10  -7422.700965 -12913.764304  22281.465273   -578.743483  3  5  3  64       
PG11  13935.264383   6252.473753 -21677.620274   -490.874210  5  5  6  80       
PG12  24280.868202  -9714.428940  -4871.306586   -605.967196  3  2  3  68       
PG13  20437.651506  10409.734856  13344.302719    690.874052  3  4  3  86       
PG14   4477.609236  14995.034198  21534.882466    725.673738  3  4  5  73       
PG15  20313.402587  -1472.437885  16539.009035    372.239408  3  3  5  68       
PG16 -24474.683465  -2160.488282 -11017.529998    178.285216  3  5  5  58       
PG17  11212.760874  21656.466422  10577.610727    -17.847084  2  5  3  99       
PG18   4778.316933 -25933.181219   1611.462391   -463.171719  5  6  3  65       
PG19  16618.986931  20897.536750   2671.182171    683.236485  5  6  4  83       
PG20  19667.180830   3074.507598 -17436.702032    361.846619  4  4  6  62       
PG21  21098.778628   4769.415442 -15419.403678    369.647678  5  6  4  44       
PG22  10402.219683  12805.983622  21087.196229    -64.000162  3  4  5  58       
PG23   7852.852195 -16353.629477  19372.651252    593.116419  2  5  3  77       
PG24  14279.700285 -12984.055107  17557.529866   -181.360689  3  5  4  91       
PG25  14903.911172 -16530.096480 -14686.178506    452.861427  4  4  4  86       
PG26 -16451.527479  -8586.263064 -19368.712226   -303.658196  5  5  3  64       
PG27 -22529.870707 -11187.998982   8836.978914     -9.728972  4  6  5  75       
PG28  -6516.273355 -21242.219566 -14545.469237   -617.355224  4  6  3  64       
PG29   6328.350780 -14681.559808 -21226.679575   -400.952783  2  6  5  95       
PG30   1690.414939  24922.091666   8810.077085     72.507213  2  4  4  53       
PG31 -12427.747448 -11425.586134 -20716.923532   -175.179101  4  3  5  68       
PG32 -14124.462289 -20765.965157   9205.734814   -184.121304  5  5  6  76       
*  2025 12 31  9 15  0.00000000
PG01 -14402.537638  16413.991860  15078.107849    347.977868  4  5  2  68       
PG02 -15202.385128   5163.463708  21488.524203      6.303744  4  4  3  61       
PG03 -22614.836155  12723.049278  -5584.174747    610.697373  2  2  3  79       
PG04 -14948.410883   6260.915984 -21051.663843     35.120387  4  3  2  90       
PG05  24190.358983  -3189.596174 -10708.500677   -226.472919  6  3  5  59       
PG06   5985.554653  21500.200201 -14213.138784   -597.006282  5  4  4  58       
PG07  -5373.896398  25589.593642  -2535.219751   -128.724774  1  3  4  68       
PG08 -22085.661352  -2611.422107  14691.629410    509.338987  4  7  6  61       
PG09  -4572.010625  15108.689476 -21446.020091    769.378583  3  5  4  80       
PG10  -5074.289094 -13741.899743  22416.530958   -578.746555  3  5  4  66       
PG11  13371.349139   8651.506813 -21210.341675   -490.862139  6  5  6  66       
PG12  24702.133265  -9569.833013  -2054.073604   -605.967286  3  2  2  68       
PG13  21256.675765  11579.004305  10956.384791    690.873187  3  4  3  82       
PG14   2159.678095  15768.049604  21312.270473    725.676072  4  4  6  63       
PG15  21825.082287   -340.453453  14633.006762    372.242914  3  3  5  70       
PG16 -23241.512182  -2682.153297 -13364.729081    178.292009  4  5  4  76       
PG17  10106.961203  20928.452094  12993.260084    -17.857615  1  5  3  92       
PG18   5019.561171 -25900.040624  -1282.638511   -463.162923  5  5  3  74       
PG19  16138.238861  20714.913446   5445.418663    683.238307  4  6  4  84       
PG20  17931.282754   4276.212971 -18984.478749    361.846678  5  5  6  78       
PG21  19381.385879   5533.512481 -17300.732899    369.655933  5  7  5  79       
PG22   8116.830066  13485.999036  21696.168568    -63.996440  3  4  5  63       
PG23   9862.688532 -17023.084186  17783.882835    593.121015  2  4  3  73       
PG24  14332.869509 -10768.619588  18951.148597   -181.347567  2  5  4  90       
PG25  16393.959089 -16864.905827 -12472.100334    452.859382  5  4  3  64       
PG26 -14488.001245  -9649.652894 -20384.769981   -303.663736  5  5  3  92       
PG27 -23078.147970 -11929.833370   6196.175331     -9.735029  5  6  5  55       
PG28  -6097.443952 -22733.073383 -12297.505192   -617.351092  4  6  3  64       
PG29   8121.979297 -13012.882163 -21712.910927   -400.947314  3  5  5  74       
PG30   1235.696565  25703.754765   6169.388640     72.518161  2  4  3  62       
PG31 -11880.814887 -13624.084609 -19638.823663   -175.177455  4  3  5  46       
PG32 -13110.527511 -20180.308365  11717.902162   -184.106206  5  5  6  82       
*  2025 12 31  9 30  0.00000000
PG01 -14249.199193  14573.664624  16998.512821    347.975319  4  4  3  70       
PG02 -15217.179861   2758.794530  21972.064397      6.311063  4  4  4  66       
PG03 -23097.304035  12747.484734  -2711.493516    610.688916  3  2  3  76       
PG04 -16753.050987   4751.093609 -20081.590977     35.122677  4  3  2  83       
PG05  23068.026025  -2445.229383 -13139.974958   -226.473045  6  4  5  62       
PG06   5636.753770  22971.272257 -11860.433057   -597.010565  5  4  4  65       
PG07  -5635.782110  25036.045471  -5346.033593   -128.729628  2  3  4  43       
PG08 -23282.836347  -3648.972998  12529.111196    509.335510  5  7  5  50       
PG09  -6614.511148  13745.454140 -21835.532729    769.379439  3  5  4  73       
PG10  -2780.048601 -14703.269372  22175.223021   -578.749603  3  5  4  82       
PG11  12945.888836  11003.134396 -20376.608626   -490.850131  6  6  6  68       
PG12  24829.229872  -9337.741637    798.440770   -605.968165  3  2  2  63       
PG13  21938.655554  12500.157310   8380.078171    690.872525  3  4  3  78       
PG14    -78.013586  16637.840432  20724.545838    725.678390  4  4  6  64       
PG15  23179.159776    607.812746  12466.991264    372.246053  4  3  4  72       
PG16 -21802.649046  -3346.708743 -15491.592509    178.298946  4  5  4  70       
PG17   8769.003682  20093.149115  15186.991089    -17.868689  1  5  3  87       
PG18   5219.399590 -25553.499262  -4154.289236   -463.154162  5  4  3  72       
PG19  15420.989436  20353.341901   8128.583877    683.240047  4  5  4  83       
PG20  16129.699565   5654.313670 -20201.930025    361.846542  5  5  6  92       
PG21  17524.715406   6461.000490 -18884.425518    369.664113  5  7  5  59       
PG22   5828.376460  14298.598817  21941.910325    -63.992745  4  4  4  67       
PG23  11654.370928 -17721.001155  15887.714068    593.125644  1  4  3  87       
PG24  14487.256968  -8417.370868  20000.652546   -181.334438  2  5  4  87       
PG25  17632.382301 -17163.020946 -10044.901855    452.857334  5  4  3  85       
PG26 -12492.979955 -10852.985454 -21059.586180   -303.669315  4  4  3  82       
PG27 -23418.325839 -12462.433497   3450.446784     -9.741178  6  6  5  45       
PG28  -5779.545515 -23978.224241  -9837.790074   -617.346992  4  6  2  75       
PG29  10025.414750 -11419.602495 -21826.574576   -400.941447  4  5  5  80       
PG30    848.995490  26203.445217   3421.361817     72.529102  1  4  3  76       
PG31 -11465.119094 -15713.153668 -18227.759779   -175.175615  4  3  5  63       
PG32 -11848.467248 -19491.279206  14033.027314   -184.091154  4  5  7  72       
*  2025 12 31  9 45  0.00000000
PG01 -14166.449227  12528.846704  18625.740533    347.972703  3  3  4  67       
PG02 -15361.848445    330.518231  22090.398063      6.318544  4  4  4  73       
PG03 -23284.108063  12650.095549    208.049742    610.680437  3  2  3  70       
PG04 -18528.815871   3415.347731 -18766.738652     35.124899  4  2  3  75       
PG05  21762.280528  -1510.128122 -15347.854500   -226.473821  6  4  5  53       
PG06   5390.093131  24179.967230  -9301.281207   -597.014834  5  5  4  76       
PG07  -5913.706559  24176.953459  -8061.092583   -128.734552  2  2  3  69       
PG08 -24308.579363  -4494.190186  10154.077781    509.332019  6  6  5  42       
PG09  -8745.200655  12480.837612 -21852.523585    769.380351  3  4  4  66       
PG10   -584.552292 -15775.053397  21560.477373   -578.752644  3  5  4  70       
PG11  12655.163565  13258.976674 -19191.079228   -490.838071  7  6  6  80       
PG12  24672.833907  -8982.614081   3637.147810   -605.968572  4  1  2  64       
PG13  22444.238076  13182.720438   5660.222392    690.871664  4  4  3  84       
PG14  -2195.633443  17579.347462  19780.888830    725.680720  5  4  6  74       
PG15  24336.119394   1382.944657  10080.620298    372.249392  5  3  4  66       
PG16 -20195.958192  -4170.655403 -17363.358501    178.305902  4  4  4  76       
PG17   7205.431689  19193.008931  17122.590009    -17.879283  1  5  3  91       
PG18   5416.256816 -24895.060542  -6953.212218   -463.145380  5  4  3  83       
PG19  14454.420212  19848.501758  10675.511144    683.241721  4  5  4  87       
PG20  14308.459517   7196.349341 -21067.905865    361.846215  5  6  6  75       
PG21  15574.407799   7555.183898 -20143.185218    369.672320  5  7  5  75       
PG22   3582.296917  15231.765585  21821.366189    -63.989161  3  5  4  58       
PG23  13203.035614 -18407.297410  13716.299003    593.130210  2  4  3  64       
PG24  14755.629658  -5977.153213  20687.171939   -181.321332  3  6  4  70       
PG25  18609.181839 -17385.406502  -7445.200574    452.855297  5  4  2  81       
PG26 -10508.276435 -12182.210800 -21380.998615   -303.674868  4  4  2  82       
PG27 -23522.059108 -12809.297192    646.557273     -9.747290  6  6  4  65       
PG28  -5532.572267 -24950.200343  -7208.650540   -617.342902  5  6  2  74       
PG29  12002.284619  -9934.516959 -21566.166456   -400.935999  5  5  5  80       
PG30    497.325608  26406.631107    613.659754     72.540025  1  4  2  61       
PG31 -11167.892180 -17648.856707 -16506.446591   -175.173927  4  3  4  73       
PG32 -10343.572640 -18740.329001  16112.567318   -184.076152  4  5  7  67       
*  2025 12 31 10  0  0.00000000
PG01 -14179.883476  10317.112232  19931.872396    347.970136  4  3  4  60       
PG02 -15635.746508  -2074.341197  21843.174071      6.325987  5  4  4  73       
PG03 -23190.312053  12393.752328   3123.971028    610.672017  3  2  3  49       
PG04 -20229.686569   2264.154009 -17130.121247     35.127079  5  2  3  64       
PG05  20315.969496   -374.947075 -17294.938857   -226.474346  6  4  5  60       
PG06   5212.563169  25099.253034  -6580.260898   -597.019187  4  5  4  80       
PG07  -6242.542101  23025.905000 -10630.961942   -128.739359  2  2  3  57       
PG08 -25127.114883  -5161.528495   7607.461938    509.328523  6  6  5  56       
PG09 -10922.329768  11339.985633 -21496.939714    769.381176  4  4  3  76       
PG10   1472.114871 -16927.275408  20581.421222   -578.755658  2  5  4  78       
PG11  12487.499905  15372.978642 -17674.477337   -490.826010  7  5  6  79       
PG12  24251.749350  -8472.483378   6412.851351   -605.968975  4  2  2  71       
PG13  22738.156561  13644.271328   2843.759176    690.870621  4  4  3  47       
PG14  -4158.391459  18561.589156  18496.641151    725.683026  5  4  6  53       
PG15  25261.377057   2002.887738   7517.089416    372.252680  5  2  4  53       
PG16 -18462.742385  -5163.327780 -18949.336641    178.312855  5  4  3  65       
PG17   5430.914097  18269.687783  18768.501330    -17.890142  2  5  3  98       
PG18   5647.816649 -23935.493851  -9630.404573   -463.136587  5  4  3  86       
PG19  13233.651840  19238.904948  13043.045051    683.243274  3  4  4  94       
PG20  12511.721850   8881.809821 -21567.442223    361.845802  5  6  6  74       
PG21  13577.216283   8811.134156 -21055.297630    369.680542  5  7  4  77       
PG22   1421.191063  16266.149151  21337.409747    -63.985060  3  5  4  68       
PG23  14492.320662 -19039.312265  11306.745226    593.134801  2  4  3  75       
PG24  15143.111768  -3497.279174  20998.794377   -181.308209  3  6  4  77       
PG25  19322.641147 -17493.168206  -4717.001677    452.853275  5  4  2  76       
PG26  -8573.346309 -13616.169513 -21342.576812   -303.680459  4  4  2  66       
PG27 -23367.314370 -12999.555074  -2168.206400     -9.753428  6  6  3  73       
PG28  -5322.501843 -25629.274775  -4455.347475   -617.338735  5  6  2  80       
PG29  14011.456037  -8583.860739 -20936.562363   -400.929850  6  5  5  74       
PG30    145.919577  26307.214721  -2204.756376     72.550973  1  4  2  70       
PG31 -10969.335401 -19391.019283 -14503.027968   -175.172154  5  3  4  79       
PG32  -8609.428617 -17968.271029  17921.944756   -184.061123  3  5  6  74       
*  2025 12 31 10 15  0.00000000
PG01 -14308.584900   7981.106077  20894.557660    347.967623  4  3  5  68       
PG02 -16030.396163  -4409.977232  21235.834537      6.333460  5  4  4  82       
PG03 -22839.261315  11945.964626   5985.615335    610.663609  3  2  3  74       
PG04 -21809.845250   1299.517169 -15200.180613     35.129294  5  3  3  76       
PG05  18774.269288    961.382180 -18948.496833   -226.474698  6  4  5  56       
PG06   5067.268141  25710.584267  -3744.770030   -597.023439  3  6  4  87       
PG07  -6654.113485  21605.403170 -13008.419013   -128.744065  3  2  3  70       
PG08 -25707.599661  -5672.133496   4932.738071    509.324995  7  6  4  72       
PG09 -13100.749489  10340.693820 -20775.015446    769.382014  4  3  3  77       
PG10   3355.711789 -18123.836309  19253.311888   -578.758746  2  5  4  92       
PG11  12423.835125  17303.014200 -15853.214273   -490.813984  7  5  5  80       
PG12  23592.172904  -7780.425813   9077.115980   -605.969323  4  2  2  58       
PG13  22790.617032  13909.523543    -21.081829    690.869756  4  3  3  52       
PG14  -5937.708285  19548.805803  16893.104482    725.685342  5  4  5  58       
PG15  25926.552987   2491.940789   4822.243038    372.255696  6  2  4  52       
PG16 -16646.317011  -6326.395345 -20223.337159    178.319922  5  4  3  73       
PG17   3467.811627  17362.456831  20098.250154    -17.900966  4  5  2  75       
PG18   5949.332666 -22694.474187 -12139.040608   -463.127784  5  4  3  91       
PG19  11762.141715  18564.384314  15190.737297    683.245391  2  4  4  69       
PG20  10780.162615  10682.772004 -21692.022047    361.845893  5  6  5  80       
PG21  11579.323158  10215.716482 -21605.006977    369.688758  5  6  4  77       
PG22   -616.560909  17375.749871  20498.743847    -63.982028  3  4  4  67       
PG23  15514.852015 -19573.534955   8700.494864    593.139353  3  4  2  81       
PG24  15646.923792  -1027.692558  20930.773884   -181.295065  4  5  4  61       
PG25  19779.316867 -17449.195209  -1906.996034    452.851214  6  4  2  79       
PG26  -6723.946066 -15127.219231 -20943.790033   -303.686027  4  4  2  67       
PG27 -22939.216675 -13066.660227  -4946.780114     -9.759594  7  5  3  82       
PG28  -5112.798641 -26004.154638  -1625.295385   -617.334623  5  6  2  82       
PG29  16008.474050  -7386.449858 -19948.907627   -400.923769  6  4  5  82       
PG30   -240.192786  25907.804137  -4984.514585     72.561880  1  4  1  74       
PG31 -10843.453272 -20904.649879 -12250.694752   -175.170220  5  3  3  73       
PG32  -6667.570855 -17213.709703  19431.062547   -184.046119  3  5  6  75       
*  2025 12 31 10 30  0.00000000
PG01 -14564.306869   5567.073567  21497.388667    347.965014  4  4  5  47       
PG02 -16529.847719  -6633.273816  20279.448898      6.340870  6  5  4  74       
PG03 -22261.617900  11280.358087   8743.061128    610.655193  3  3  4  63       
PG04 -23225.349219    515.097711 -13010.278654     35.131529  6  3  3  71       
PG05  17183.011803   2491.441004 -20280.777117   -226.475002  6  4  5  62       
PG06   4915.066723  26004.548711   -844.170683   -597.027754  1  6  4  76       
PG07  -7175.645494  19946.125588 -15149.481824   -128.748790  3  2  3  78       
PG08 -26025.247403  -6052.807554   2175.200415    509.321458  7  5  3  66       
PG09 -15233.470835   9492.847804 -19699.157717    769.382843  4  2  2  84       
PG10   5038.992247 -19323.801379  17597.380899   -578.761853  3  5  4  86       
PG11  12438.578034  19012.340644 -13758.913360   -490.801935  7  5  5  67       
PG12  22726.671437  -6885.852755  11583.144821   -605.969999  4  1  3  64       
PG13  22578.473402  14009.159194  -2885.594507    690.868902  4  3  3  66       
PG14  -7512.151058  20501.812889  14997.230361    725.687659  5  4  5  64       
PG15  26310.484124   2879.511381   2043.670953    372.258980  6  2  4  39       
PG16 -14790.524929  -7653.636861 -21164.049041    178.326687  5  4  3  79       
PG17   1345.466540  16506.737345  21090.772811    -17.911293  5  6  2  84       
PG18   6352.041722 -21199.876834 -14435.330752   -463.119008  5  4  3  81       
PG19  10051.784350  17864.530547  17081.520234    683.246990  2  4  3  41       
PG20   9149.511383  12564.836955 -21439.715724    361.845755  5  6  5  86       
PG21   9624.687940  11747.942127 -21782.790671    369.696963  4  6  4  66       
PG22  -2498.015483  18528.846662  19319.728568    -63.978267  3  4  3  33       
PG23  16272.382128 -19967.390848   5942.614318    593.143965  4  4  3  84       
PG24  16256.478537   1382.879588  20485.563331   -181.281922  4  5  4  59       
PG25  19993.712804 -17219.771848    936.220318    452.849180  6  4  2  82       
PG26  -4990.922247 -16682.116988 -20190.094037   -303.691577  5  4  3  73       
PG27 -22230.635622 -13046.946276  -7643.038528     -9.765742  7  5  3  71       
PG28  -4866.019923 -26072.356005   1232.756706   -617.330533  5  6  2  76       
PG29  17947.130592  -6353.118271 -18620.404853   -400.918396  7  4  5  54       
PG30   -694.585389  25219.650171  -7676.742822     72.572802  1  4  1  75       
PG31 -10759.147362 -22161.191194  -9787.204019   -175.168500  5  2  3  83       
PG32  -4546.857505 -16511.567758  20614.752742   -184.031132  3  6  6  76       
*  2025 12 31 10 45  0.00000000
PG01 -14950.953850   3123.258565  21730.171681    347.962467  5  4  5  44       
PG02 -17111.309580  -8705.169015  18990.488105      6.348220  6  5  5  60       
PG03 -21494.110703  10377.925638  11348.026400    610.646783  3  3  4  64       
PG04 -24435.738690   -103.338916 -10598.113814     35.133763  6  3  3  72       
PG05  15587.004803   4199.435000 -21269.438015   -226.475885  6  5  4  38       
PG06   4716.303088  25981.163756   2071.100499   -597.032048  1  6  4  81       
PG07  -7828.393591  18085.828103 -17014.390490   -128.753650  4  2  3  63       
PG08 -26062.232056  -6334.781386   -618.765431    509.317903  7  5  3  77       
PG09 -17273.299742   8798.173201 -18287.734342    769.383727  5  2  2  69       
PG10   6502.605189 -20482.898851  15640.579147   -578.764926  3  4  4  88       
PG11  12500.731192  20470.848429 -11427.846825   -490.789832  6  4  5  76       
PG12  21692.908133  -5775.568510  13886.649014   -605.970059  4  1  3  80       
PG13  22086.151334  13978.458151  -5701.392547    690.868199  4  2  4  73       
PG14  -8868.097604  21379.513767  12841.202601    725.689951  5  4  5  67       
PG15  26399.943913   3198.694636   -770.187078    372.262033  6  3  3  66       
PG16 -12938.240099  -9130.996016 -21755.364985    178.333397  5  3  3  77       
PG17   -900.753213  15732.809909  21730.658246    -17.922292  5  6  2  97       
PG18   6881.746309 -19486.756358 -16479.318285   -463.110210  5  4  3  86       
PG19   8122.705168  17177.133031  18682.348409    683.248831  2  4  3  55       
PG20   7649.296485  14488.329673 -20815.199055    361.845602  5  6  4  80       
PG21   7753.490443  13379.633488 -21585.527034    369.705223  4  5  4  73       
PG22  -4196.680613  19689.136074  17820.140819    -63.974570  3  4  3  66       
PG23  16775.572401 -20181.014390   3081.004467    593.148554  4  5  3  80       
PG24  16953.825303   3688.701797  19672.674215   -181.268788  5  5  5  70       
PG25  19987.641749 -16776.092280   3762.994243    452.847111  6  4  2  73       
PG26  -3399.177195 -18243.130931 -19092.930373   -303.697192  4  5  3  78       
PG27 -21242.496113 -12978.107129 -10212.475823     -9.771947  7  5  4  94       
PG28  -4545.461497 -25840.250149   4069.568455   -617.326409  5  6  2  84       
PG29  19781.104932  -5486.469143 -16974.004659   -400.912561  7  4  5  72       
PG30  -1247.883109  24262.247301 -10233.983233     72.583773  1  5  1  77       
PG31 -10681.533332 -23139.550260  -7154.301475   -175.166835  5  2  3  76       
PG32  -2282.578290 -15891.762448  21453.156030   -184.016193  2  5  5  74       
*  2025 12 31 11  0  0.00000000
PG01 -15464.379169    698.231406  21589.089521    347.959918  6  4  5  43       
PG02 -17746.021347 -10591.867856  17390.544228      6.355919  6  5  5  56       
PG03 -20578.048032   9227.998625  13754.757428    610.638420  4  3  4  79       
PG04 -25405.518322   -577.170548  -8005.071954     35.136015  7  3  4  71       
PG05  14028.407470   6061.621658 -21897.892105   -226.476423  6  5  4  77       
PG06   4432.557763  25649.812214   4950.437272   -597.036368  1  6  4  84       
PG07  -8626.527225  16067.936302 -18568.506894   -128.758408  4  2  3  60       
PG08 -25808.341595  -6552.338395  -3402.408690    509.314357  7  5  3  86       
PG09 -19174.487122   8250.303644 -16564.768631    769.384593  5  1  3  59       
PG10   7735.705862 -21555.179085  13415.220043   -578.767995  3  4  3  83       
PG11  12575.229306  21656.059396  -8900.295944   -490.777804  6  4  4  75       
PG12  20532.164794  -4444.545914  15946.689633   -605.970871  4  1  3  72       
PG13  21306.291431  13855.778309  -8421.179893    690.867311  4  2  4  72       
PG14 -10000.099757  22140.514025  10461.915930    725.692282  5  4  4  63       
PG15  26190.051088   3484.739237  -3570.909056    372.265201  6  3  4  70       
PG16 -11129.908478 -10736.918614 -21986.650412    178.340776  5  3  3  70       
PG17  -3230.617283  15064.738821  22008.303740    -17.933363  5  6  2  99       
PG18   7557.624292 -17596.052553 -18235.597100   -463.101401  5  4  4  71       
PG19   6002.748603  16536.681665  19964.797367    683.250282  3  4  3  60       
PG20   6301.847525  16409.713369 -19829.649545    361.845697  6  6  4  81       
PG21   6000.728438  15076.377276 -21016.553062    369.713417  3  5  4  67       
PG22  -5693.296061  20817.042826  16024.868972    -63.971067  3  4  3  61       
PG23  17043.425287 -20178.936133    165.545831    593.153156  5  5  3  75       
PG24  17714.416098   5848.653423  18508.374595   -181.255639  5  4  5  72       
PG25  19789.293232 -16095.612460   6523.516496    452.845070  6  4  3  70       
PG26  -1966.852109 -19769.346038 -17669.632368   -303.702781  5  5  3  62       
PG27 -19983.808143 -12897.652161 -12612.846711     -9.778125  7  5  4  90       
PG28  -4116.778190 -25322.779216   6836.260587   -617.322329  5  6  3  83       
PG29  21465.614151  -4780.947403 -15038.005464   -400.906713  8  4  4  45       
PG30  -1926.321651  23062.611802 -12611.088871     72.594727  1  5  1  56       
PG31 -10573.434384 -23826.862196  -4397.051452   -175.165166  6  2  3  66       
PG32     84.668159 -15378.076589  21932.028913   -184.001270  3  5  5  85       
*  2025 12 31 11 15  0.00000000
PG01 -16092.506972  -1660.789387  21076.754147    347.957367  6  5  5  51       
PG02 -18400.339011 -12265.868060  15505.999584      6.363229  6  5  5  69       
PG03 -19557.651035   7828.894541  15920.880818    610.630092  3  4  4  58       
PG04 -26105.457809   -933.894818  -5275.522740     35.138189  7  4  4  63       
PG05  12545.219772   8047.038179 -22155.562580   -226.476891  6  4  4  74       
PG06   4028.347215  25028.821865   7743.965811   -597.040683  1  6  4  69       
PG07  -9576.324071  13939.885898 -19783.099809   -128.763012  4  2  3  72       
PG08 -25261.363118  -6741.342523  -6129.329586    509.310751  7  5  3  71       
PG09 -20894.333420   7835.163637 -14559.544800    769.385473  6  1  3  68       
PG10   8736.248653 -22494.775367  10958.519353   -578.771041  3  3  3  75       
PG11  12624.440482  22553.836691  -6219.846431   -490.765703  5  4  4  88       
PG12  19287.717775  -2896.382037  17726.472074   -605.971026  4  1  3  78       
PG13  20240.093025  13680.944849 -10999.486383    690.866425  4  2  4  77       
PG14 -10910.928034  22744.774379   7900.357251    725.694559  6  4  4  86       
PG15  25684.362671   3773.465450  -6310.914947    372.268197  6  3  4  69       
PG16  -9402.174249 -12442.963516 -21852.952822    178.347744  6  3  3  81       
PG17  -5600.360246  14519.544360  21919.989035    -17.943930  6  6  2  80       
PG18   8391.314379 -15573.077218 -19673.936087   -463.092608  5  4  4  88       
PG19   3726.672233  15972.986489  20905.608056    683.252065  4  3  3  42       
PG20   5121.593110  18283.161640 -18500.524480    361.845816  6  6  3  72       
PG21   4395.023556  16798.729732 -20085.611005    369.721597  3  5  4  61       
PG22  -6976.354547  21871.157420  13963.545462    -63.967339  3  4  3  67       
PG23  17102.386805 -19931.613562  -2752.804542    593.157706  5  5  3  50       
PG24  18508.152693   7827.632003  17015.241747   -181.242535  5  4  5  86       
PG25  19432.038785 -15163.177991   9168.757528    452.842988  6  3  3  75       
PG26   -704.761827 -21218.120163 -15943.232673   -303.708386  5  5  3  77       
PG27 -18471.418907 -12841.389622 -14804.764534     -9.784311  7  5  4  80       
PG28  -3549.515243 -24542.852451   9485.161312   -617.318197  5  6  3  73       
PG29  22959.012239  -4223.228827 -12845.569423   -400.900961  8  4  4  36       
PG30  -2750.482233  21654.264716 -14766.081558     72.605680  1  5  2  57       
PG31 -10396.995197 -24218.951168  -1563.082028   -175.163190  6  2  3  71       
PG32   2510.290465 -14987.263881  22042.975561   -183.986352  3  5  4  86       
*  2025 12 31 11 30  0.00000000
PG01 -16815.772958  -3909.557811  20202.149198    347.954820  7  5  5  39       
PG02 -19036.995914 -13706.768113  13367.648283      6.370935  5  5  4  68       
PG03 -18478.274856   6188.211000  17808.199568    610.621749  3  4  4  40       
PG04 -26513.663857  -1205.874525  -2456.072970     35.140415  7  4  5  60       
PG05  11169.939861  10118.502961 -22038.048841   -226.477568  6  4  4  76       
PG06   3472.703745  24144.707599  10403.425996   -597.044959  2  6  4  83       
PG07 -10675.718022  11751.287997 -20635.986575   -128.767931  5  3  4  52       
PG08 -24427.189093  -6937.722227  -8754.178854    509.307195  7  5  4  93       
PG09 -22394.688615   7531.651576 -12306.129571    769.386369  6  2  4  70       
PG10   9510.943405 -23257.700922   8312.032665   -578.774072  4  3  2  75       
PG11  12609.771150  23158.780913  -3432.631955   -490.753616  5  4  3  86       
PG12  18003.132783  -1143.409218  19194.072918   -605.971635  4  1  3  82       
PG13  18897.350518  13493.607897 -13393.361104    690.865733  4  1  4  58       
PG14 -11611.292587  23155.235808   5200.898748    725.696838  5  4  3  82       
PG15  24894.658837   4099.697980  -8944.235145    372.271687  6  3  4  47       
PG16  -7786.637832 -14214.671382 -21355.146802    178.354608  6  3  3  79       
PG17  -7964.125659  14106.646693  21467.873017    -17.954730  6  6  3  77       
PG18   9386.313609 -13465.844365 -20769.798504   -463.083806  5  4  5  63       
PG19   1335.069680  15509.969666  21487.164423    683.253685  4  3  3  54       
PG20   4114.679422  20062.225940 -16851.226601    361.845721  5  6  3  70       
PG21   2957.681080  18503.628057 -18808.684382    369.729828  3  4  4  56       
PG22  -8042.346866  22809.752657  11670.119767    -63.963932  3  4  3  56       
PG23  16985.154503 -19416.741113  -5622.945680    593.162296  6  5  4  56       
PG24  19300.661197   9597.681733  15221.590453   -181.229415  5  3  5  77       
PG25  18953.019282 -13971.873724  11651.416865    452.840899  6  3  4  80       
PG26    383.892240 -22546.639389 -13942.168500   -303.713960  5  5  3  77       
PG27 -16729.498691 -12841.988757 -16752.254091     -9.790481  6  4  5  79       
PG28  -2818.490194 -23530.446515  11970.631735   -617.314060  4  6  3  79       
PG29  24224.278613  -3792.909253 -10434.162524   -400.895367  8  4  3  59       
PG30  -3734.256242  20075.960619 -16660.950208     72.616566  1  5  2  51       
PG31 -10115.353111 -24320.463153   1298.243775   -175.161826  6  1  3  74       
PG32   4947.169583 -14728.420443  21783.601380   -183.971414  3  5  3  82       
*  2025 12 31 11 45  0.00000000
PG01 -17607.866198  -6008.302246  18980.464339    347.952265  7  5  5  42       
PG02 -19616.498729 -14901.833286  11010.272007      6.378453  5  5  4  62       
PG03 -17384.590066   4322.750309  19383.414667    610.613346  3  4  4  48       
PG04 -26616.384640  -1428.900593    405.211393     35.142645  8  4  5  54       
PG05   9928.437618  12233.854824 -21547.199637   -226.478403  6  4  3  80       
PG06   2740.572803  23031.108504  12883.015125   -597.049282  2  5  4  72       
PG07 -11914.225213   9552.005692 -21112.008384   -128.772365  5  3  4  74       
PG08 -23319.643621  -7175.963585 -11233.334745    509.303625  7  5  5  94       
PG09 -23643.292195   7312.597336  -9842.816392    769.387252  6  2  4  71       
PG10  10074.869470 -23803.612459   5520.994234   -578.777111  4  3  2  73       
PG11  12493.311863  23474.299275   -586.539229   -490.741579  4  4  3  78       
PG12  16720.548787    793.548831  20323.080106   -605.972104  4  2  3  80       
PG13  17296.184742  13331.627476 -15563.017325    690.864983  4  2  3  69       
PG14 -12119.248717  23339.350369   2410.514887    725.699155  5  4  2  70       
PG15  23840.438345   4495.772238 -11427.214654    372.274476  6  2  4  69       
PG16  -6308.789455 -16012.667068 -20500.009068    178.361570  6  3  3  70       
PG17 -10275.477242  13827.596171  20659.916865    -17.965680  6  6  4  87       
PG18  10537.709562 -11323.312172 -21504.747700   -463.074962  5  3  5  60       
PG19  -1126.944012  15164.679942  21697.891336    683.255608  5  3  3  49       
PG20   3278.922088  21701.532392 -14910.665444    361.845661  5  6  3  89       
PG21   1702.039513  20145.954113 -17207.725962    369.738012  4  4  4  86       
PG22  -8895.722337  23592.328330   9182.373984    -63.960350  3  3  3  60       
PG23  16729.238911 -18620.283466  -8394.574680    593.166874  6  4  4  51       
PG24  20054.732418  11138.807523  13160.800693   -181.216424  5  3  5  87       
PG25  18391.570475 -12523.551571  13926.862362    452.838877  6  2  4  81       
PG26   1303.514123 -23713.515752 -11699.882441   -303.719553  5  5  3  72       
PG27 -14788.779734 -12927.667772 -18423.257310     -9.796626  6  4  4  91       
PG28  -1904.970677 -22321.444996  14249.855619   -617.309956  4  6  4  80       
PG29  25230.341102  -3463.466693  -7844.927647   -400.889874  8  4  3  61       
PG30  -4884.085151  18370.214682 -18262.370288     72.627514  1  4  2  58       
PG31  -9694.298418 -24144.657939   4136.716406   -175.159835  6  2  2  62       
PG32   7347.223090 -14602.646071  21157.585227   -183.956469  4  4  3  86       
*  2025 12 31 12  0  0.00000000
PG01 -18436.742831  -7923.052019  17432.824933    347.949606  7  6  5  42       
PG02 -20098.614148 -15846.301784   8472.171035      6.385580  5  5  4  52       
PG03 -16318.799331   2258.074660  20618.755247    610.604910  3  4  4  22       
PG04 -26408.517783  -1640.627676   3259.602684     35.144835  8  4  6  73       
PG05   8839.084914  14347.385814 -20691.092719   -226.478816  6  5  3  63       
PG06   1813.972880  21727.464157  15140.178614   -597.053605  3  5  4  72       
PG07 -13273.252058   7390.233558 -21203.323633   -128.777146  5  3  3  79       
PG08 -21960.036298  -7487.664417 -13525.552295    509.300034  7  5  5  91       
PG09 -24614.903177   7145.958769  -7211.499730    769.388132  6  2  5  59       
PG10  10450.755350 -24097.468925   2633.564156   -578.780137  5  3  2  70       
PG11  12239.460055  23512.347058   2269.611549   -490.729521  4  4  2  93       
PG12  15479.023145   2885.770611  21093.128857   -605.972496  4  2  2  82       
PG13  15462.481742  13229.542454 -17472.423933    690.864193  5  2  3  80       
PG14 -12459.308710  23270.453737   -422.061994    725.701414  5  4  2  85       
PG15  22548.152445   4990.166463 -13719.147653    372.277746  6  2  4  62       
PG16  -4987.158009 -17793.963554 -19300.217228    178.368534  6  3  3  78       
PG17 -12488.926501  13676.095757  19509.737127    -17.976396  6  6  4  90       
PG18  11832.255788  -9193.607651 -21866.733612   -463.066161  5  3  5  78       
PG19  -3611.240445  14946.573130  21532.559986    683.257622  5  3  3  32       
PG20   2604.090353  23158.441429 -12712.724279    361.845359  5  5  3  83       
PG21    633.134573  21680.190390 -15310.282090    369.746198  4  3  4  65       
PG22  -9548.564592  24181.132003   6541.383161    -63.956841  3  3  3  72       
PG23  16375.337530 -17537.187620 -11019.117241    593.171460  7  4  4  79       
PG24  20731.861581  12439.451532  10870.569760   -181.203296  6  3  5  93       
PG25  17787.552209 -10829.006381  15954.034112    452.836808  6  2  5  87       
PG26   2065.804173 -24680.366274  -9254.319116   -303.725131  5  5  3  66       
PG27 -12685.574115 -13121.050399 -19790.089940     -9.802770  6  4  4  78       
PG28   -797.601534 -20956.262317  16283.579544   -617.305782  3  6  4  73       
PG29  25953.184639  -3203.459189  -5122.000159   -400.883980  8  4  2  66       
PG30  -6198.508914  16581.689624 -19542.327344     72.638441  1  4  2  72       
PG31  -9103.853533 -23712.862072   6902.210167   -175.158103  6  2  3  66       
PG32   9663.015136 -14603.009450  20174.667260   -183.941557  3  4  3  81       
*  2025 12 31 12 15  0.00000000
PG01 -19265.872131  -9626.739114  15585.922247    347.947001  7  6  5  48       
PG02 -20443.899222 -16543.420198   5794.650920      6.393157  5  5  4  45       
PG03 -15318.963317     27.707865  21492.502408    610.596489  3  4  4  50       
PG04 -25893.803823  -1878.941787   6058.516629     35.147081  7  3  6  51       
PG05   7912.174290  16411.416587 -19483.920615   -226.478897  6  4  2  70       
PG06    682.873334  20277.484243  17136.333945   -597.057871  3  4  4  56       
PG07 -14726.768787   5310.670920 -20909.512221   -128.782034  5  4  3  80       
PG08 -20376.459664  -7900.198935 -15592.579965    509.296449  6  5  5  89       
PG09 -25292.177604   6996.212491  -4456.987910    769.388991  6  3  5  60       
PG10  10667.945937 -24111.015478   -300.005638   -578.783142  5  3  2  66       
PG11  11816.457183  23292.853113   5086.897026   -490.717475  4  4  3  81       
PG12  14313.008405   5097.559162  21490.318183   -605.973109  4  2  2  82       
PG13  13429.060675  13217.176415 -19089.839110    690.863195  5  2  3  69       
PG14 -12661.294600  22928.921205  -3247.230438    725.703716  5  4  2  59       
PG15  21050.212577   5606.304806 -15782.839904    372.281129  5  2  3  72       
PG16  -3832.709583 -19513.427488 -17774.265463    178.375399  6  3  3  59       
PG17 -14561.426399  13638.312488  18036.391578    -17.987236  6  5  5  77       
PG18  13248.784674  -7122.304525 -21850.257530   -463.057316  6  2  6  40       
PG19  -6068.325896  14857.093340  20992.488477    683.259204  4  3  4  48       
PG20   2072.509302  24394.605836 -10295.644152    361.845379  5  5  3  73       
PG21   -252.309861  23062.104497 -13149.019554    369.754326  4  2  4  71       
PG22 -10019.991470  24542.603682   3790.922814    -63.953073  3  3  3  69       
PG23  15965.588790 -16171.742908 -13450.625931    593.176003  7  4  4  57       
PG24  21293.820083  13496.625335   8392.113635   -181.190197  5  3  5  86       
PG25  17179.653189  -8907.785401  17696.287416    452.834748  5  2  5  87       
PG26   2689.154614 -25413.310328  -6647.320730   -303.730701  5  5  3  51       
PG27 -10460.602957 -13438.228589 -20829.847234     -9.808893  5  3  4  85       
PG28    506.955514 -19478.305607  18036.790503   -617.301636  3  5  4  79       
PG29  26376.704756  -2977.912748  -2311.776223   -400.878441  8  4  2  65       
PG30  -7668.042319  14755.510282 -20478.630301     72.649432  2  3  2  74       
PG31  -8319.702089 -23053.599432   9545.635117   -175.156174  6  2  3  69       
PG32  11849.356161 -14714.821689  18850.549496   -183.926630  3  4  3  88       
*  2025 12 31 12 30  0.00000000
PG01 -20055.666662 -11100.034239  13471.550838    347.944389  7  6  5  43       
PG02 -20615.226331 -17004.204759   3021.465057      6.400595  5  5  5  70       
PG03 -14417.505424  -2327.985096  21989.394498    610.588068  2  4  3  52       
PG04 -25084.698560  -2180.321569   8754.313322     35.149298  7  3  7  47       
PG05   7149.647784  18377.958109 -17945.782908   -226.479988  5  4  2  81       
PG06   -654.242739  18727.473016  18837.516074   -597.062115  4  4  4  66       
PG07 -16242.312851   3352.873353 -20237.492240   -128.786771  4  4  3  88       
PG08 -18602.854016  -8435.538821 -17399.738850    509.292842  6  5  5  93       
PG09 -25666.259843   6825.886883  -1626.264060    769.389878  5  3  6  80       
PG10  10761.093508 -23824.027297  -3228.272483   -578.786103  5  3  2  73       
PG11  11197.781287  22842.853002   7817.118098   -490.705443  5  4  3  87       
PG12  13251.026231   7387.457164  21507.496017   -605.973191  5  2  2  79       
PG13  11234.600865  13318.428185 -20388.282536    690.862385  5  3  2  72       
PG14 -12758.978078  22303.057273  -6015.434059    725.706010  5  4  2  70       
PG15  19383.812698   6361.568344 -17585.098666    372.283957  4  2  3  70       
PG16  -2848.523265 -21125.359301 -15946.290325    178.382665  6  3  3  65       
PG17 -16453.782096  13693.466306  16264.100113    -17.998342  6  5  5  63       
PG18  14758.938326  -5150.821322 -21456.415448   -463.048509  7  2  6  74       
PG19  -8449.068029  14889.578858  20085.626477    683.260804  3  2  4  50       
PG20   1659.953513  25377.367488  -7701.337799    361.845263  5  5  3  70       
PG21   -965.564077  24250.397156 -10761.162957    369.762584  4  2  4  64       
PG22 -10335.296715  24648.693445    976.826671    -63.949612  3  3  3  77       
PG23  15541.778747 -14537.573178 -15646.626143    593.180606  7  4  4  72       
PG24  21704.194260  14315.706109   5769.341037   -181.177094  5  3  5  91       
PG25  16603.746039  -6787.633909  19122.150006    452.832697  5  1  6  76       
PG26   3197.767973 -25884.323046  -3923.927880   -303.736340  5  4  3  75       
PG27  -8157.674653 -13888.062880 -21524.756093     -9.815036  5  3  4  61       
PG28   2003.695168 -17932.334280  19479.319155   -617.297509  3  5  5  86       
PG29  26493.274259  -2749.846774    537.855368   -400.872769  8  4  2  61       
PG30  -9275.384208  12935.576382 -21055.303617     72.660435  2  3  2  62       
PG31  -7324.403646 -22201.431074  12019.887764   -175.154663  6  1  3  86       
PG32  13864.835707 -14916.212143  17206.706518   -183.911694  3  4  3  84       
*  2025 12 31 12 45  0.00000000
PG01 -20765.041339 -12331.886643  11126.061225    347.941740  6  7  5  53       
PG02 -20579.252839 -17246.932613    198.213530      6.408258  4  5  5  62       
PG03 -13639.957339  -4763.195516  22100.904741    610.579599  2  4  3  77       
PG04 -24001.929433  -2578.254845  11301.082553     35.151566  7  4  7  61       
PG05   6545.146924  20200.399917 -16102.386115   -226.480121  4  4  1  66       
PG06  -2190.150633  17124.574901  20214.934622   -597.066352  4  4  3  42       
PG07 -17782.270154   1549.855517 -19201.258664   -128.791594  4  4  3  79       
PG08 -16677.870603  -9109.271805 -18916.459491    509.289293  5  4  5  67       
PG09 -25737.064304   6597.179535   1232.294236    769.390723  4  3  6  55       
PG10  10768.621916 -23225.255815  -6099.553564   -578.789053  5  3  3  69       
PG11  10363.341877  22195.364199  10413.611027   -490.693420  5  4  4  72       
PG12  12314.595468   9709.705270  21144.404680   -605.973458  5  1  2  64       
PG13   8922.365419  13550.288442 -21345.942708    690.861894  5  3  2  62       
PG14 -12788.563508  21389.679964  -8678.080980    725.708268  5  4  2  77       
PG15  17589.610929   7266.542423 -19097.151356    372.287312  4  2  3  76       
PG16  -2029.763517 -22585.134475 -13845.800381    178.389653  6  3  3  40       
PG17 -18131.932351  13814.676422  14221.902381    -18.009263  7  5  5  81       
PG18  16328.185616  -3315.000634 -20692.822970   -463.039674  7  3  6  80       
PG19 -10706.434300  15029.503996  18826.514765    683.262382  3  2  5  56       
PG20   1336.794402  26080.939995  -4974.647039    361.845290  6  4  4  74       
PG21  -1525.261044  25208.249886  -8187.852209    369.770864  4  2  4  84       
PG22 -10524.859945  24478.003886  -1853.701400    -63.945974  3  3  3  84       
PG23  15143.575225 -12657.261283 -17568.891164    593.185208  7  3  4  44       
PG24  21929.831368  14909.918605   3048.021212   -181.164079  5  3  5  74       
PG25  16091.366277  -4503.597081  20205.970914    452.830629  5  1  6  77       
PG26   3620.529016 -26072.386013  -1131.595542   -303.741935  5  4  4  76       
PG27  -5822.254391 -14471.745280 -21862.470429     -9.821115  5  3  5  68       
PG28   3679.268119 -16362.780913  20586.358399   -617.293351  3  5  5  90       
PG29  26304.001871  -2481.879339   3378.306563   -400.867145  8  3  3  57       
PG30 -10995.949762  11162.943564 -21262.851046     72.671417  3  3  3  74       
PG31  -6108.337793 -21195.549984  14280.776496   -175.152596  5  1  3  86       
PG32  15673.232569 -15178.989932  15270.104368   -183.896747  4  5  4  80       
*  2025 12 31 13  0  0.00000000
PG01 -21353.041419 -13319.748385   8589.737170    347.939114  6  7  5  70       
PG02 -20307.785474 -17296.375367  -2628.300700      6.415669  4  5  5  58       
PG03 -13003.996878  -7228.288240  21825.385477    610.571100  2  5  3  66       
PG04 -22673.752224  -3101.770042  13655.402104     35.153765  7  4  7  58       
PG05   6084.383586  21835.163574 -13984.653307   -226.480719  4  4  2  81       
PG06  -3908.997874  15515.009566  21245.435257   -597.070587  3  4  3  73       
PG07 -19305.369455    -72.996991 -17821.460690   -128.796673  4  4  2  97       
PG08 -14643.570615  -9929.852984 -20116.770991    509.285739  5  4  5  88       
PG09 -25513.235421   6273.597668   4069.725013    769.391585  3  3  7  29       
PG10  10731.025143 -22313.031194  -8862.905253   -578.792079  5  3  3  69       
PG11   9300.431735  21388.047231  12832.029479   -490.681384  5  4  4  77       
PG12  11517.460186  12015.882956  20407.682547   -605.973998  5  1  1  72       
PG13   6538.765070  13922.116419 -21946.516043    690.860887  5  4  3  76       
PG14 -12787.077206  20194.373897 -11188.447768    725.710568  5  3  3  87       
PG15  15710.317455   8324.520144 -20294.995242    372.290573  4  2  3  74       
PG16  -1363.958765 -23850.847464 -11507.304540    178.396634  6  3  3  62       
PG17 -19568.058832  13970.037586  11943.253437    -18.020165  7  4  5  74       
PG18  17917.082769  -1643.922017 -19573.426959   -463.030845  7  3  5  78       
PG19 -12797.171926  15255.054342  17236.113099    683.264580  3  2  5  34       
PG20   1069.354104  26487.333419  -2162.557838    361.845053  6  4  4  78       
PG21  -1956.476314  25904.712371  -5473.431236    369.779092  4  3  3  68       
PG22 -10622.859840  24016.713413  -4652.816019    -63.942385  3  2  3  85       
PG23  14806.862629 -10561.621774 -19184.129892    593.189883  7  3  4  79       
PG24  21942.140216  15299.535850    274.963508   -181.150963  4  3  6  86       
PG25  15668.383803  -2096.814951  20928.441676    452.828567  5  2  6  82       
PG26   3989.672632 -25964.382938   1680.662233   -303.747537  5  4  4  62       
PG27  -3499.971011 -15182.642068 -21836.305709     -9.827154  5  2  5  62       
PG28   5512.307502 -14812.098359  21338.888484   -617.289196  3  5  5  71       
PG29  25818.672835  -2137.851611   6161.096903   -400.861544  7  3  3  58       
PG30 -12798.702077   9474.338876 -21098.387534     72.682416  3  2  3  74       
PG31  -4670.332734 -20078.188657  16287.897295   -175.150837  5  1  3  89       
PG32  17244.749338 -15469.764020  13072.826623   -183.881802  5  5  4  82       
*  2025 12 31 13 15  0.00000000
PG01 -21780.476897 -14069.475744   5906.108020    347.936514  5  7  6  62       
PG02 -19778.990806 -17182.795396  -5410.756155      6.423312  4  5  5  65       
PG03 -12518.816817  -9671.572409  21168.076864    610.562604  2  5  3  72       
PG04 -21134.935308  -3774.137963  15777.057993     35.156039  6  5  7  47       
PG05   5745.819943  23243.260372 -11628.246625   -226.481233  4  3  2  65       
PG06  -5786.753276  13942.364120  21911.859839   -597.074760  3  4  3  61       
PG07 -20768.317137  -1498.666978 -16124.839917   -128.801308  4  4  2  67       
PG08 -12544.002967 -10898.117236 -20979.736647    509.282239  5  4  5  85       
PG09 -25011.785622   5821.558551   6837.309191    769.392493  3  4  7  65       
PG10  10689.070606 -21095.488909 -11469.107989   -578.795010  6  2  4  78       
PG11   8004.399597  20461.704342  15031.085369   -490.669339  5  3  5  59       
PG12  10865.149928  14256.662780  19310.722101   -605.974710  5  1  1  72       
PG13   4131.810946  14435.202462 -22179.474373    690.860197  5  3  3  67       
PG14 -12790.730555  18731.400438 -13502.547305    725.712878  5  3  3  78       
PG15  13789.236505   9531.273366 -21159.680905    372.293654  3  2  3  64       
PG16   -831.584878 -24884.896329  -8969.835844    178.403611  6  3  3  75       
PG17 -20741.485348  14123.891464   9465.558542    -18.031307  8  4  6  74       
PG18  19482.726138   -158.990854 -18118.211101   -463.022013  8  4  5  71       
PG19 -14683.359249  15538.018209  15341.493230    683.266236  5  2  5  52       
PG20    821.411393  26586.987646    686.612612    361.844654  6  4  4  76       
PG21  -2289.555771  26315.875572  -2664.680358    369.787316  4  3  3  75       
PG22 -10665.833439  23259.242392  -7372.792650    -63.938725  3  2  3  64       
PG23  14562.245807  -8288.652602 -20464.573367    593.194494  7  3  4  48       
PG24  21718.202666  15510.840135  -2502.776515   -181.137884  4  3  6  79       
PG25  15353.926583    386.937657  21276.974900    452.826518  5  3  6  84       
PG26   4339.300536 -25555.697395   4463.181833   -303.753156  5  4  4  72       
PG27  -1235.109953 -16006.425927 -21445.407763     -9.833162  5  2  5  57       
PG28   7474.070127 -13319.196824  21724.001584   -617.285067  3  5  5  80       
PG29  25055.373050  -1684.409802   8838.661812   -400.855906  7  3  4  58       
PG30 -14647.246611   7900.870121 -20565.639484     72.693411  3  2  3  75       
PG31  -3017.947300 -18892.907013  18005.436080   -175.149063  5  1  2  85       
PG32  18557.023061 -15751.284554  10651.607970   -183.866868  6  5  4  84       
*  2025 12 31 13 30  0.00000000
PG01 -22011.500622 -14594.912712   3121.207550    347.933922  4  7  6  44       
PG02 -18978.405729 -16940.733763  -8102.034049      6.430835  5  5  5  67       
PG03 -12184.848911 -12041.153115  20140.981389    610.554083  2  5  2  64       
PG04 -19425.508748  -4611.793252  17629.716129     35.158279  6  5  7  47       
PG05   5501.634319  24391.694825  -9073.007194   -226.482037  4  3  3  80       
PG06  -7791.971995  12446.006860  22203.301862   -597.078992  3  4  2  29       
PG07 -22127.496008  -2718.875507 -14143.555260   -128.806205  3  4  3  92       
PG08 -10423.708396 -12007.073251 -21489.829691    509.278725  5  3  5  85       
PG09 -24257.423301   5211.887773   9487.401816    769.393520  3  4  7  39       
PG10  10681.983828 -19590.404630 -13871.631834   -578.797959  6  2  4  78       
PG11   6479.018198  19458.673068  16973.237242   -490.657295  5  3  5  62       
PG12  10354.889308  16383.604083  17873.388877   -605.975227  5  1  1  69       
PG13   1749.508693  15082.633226 -22040.257252    690.859288  5  3  4  55       
PG14 -12833.325734  17023.268129 -15579.940995    725.715176  5  3  4  78       
PG15  11868.809961  10875.094492 -21677.532210    372.296908  3  2  2  82       
PG16   -406.940215 -25655.444792  -6276.370041    178.410461  6  3  2  92       
PG17 -21639.334757  14238.251741   6829.648308    -18.042002  8  4  6  56       
PG18  20980.339400   1126.666050 -16352.804002   -463.013202  8  4  5  68       
PG19 -16333.761564  15844.962468  13175.397827    683.267587  6  2  6  61       
PG20    555.799959  26379.092523   3524.042493    361.844731  6  4  4  75       
PG21  -2558.737647  26425.784968    189.994142    369.795515  4  4  3  72       
PG22 -10691.131426  22208.631532  -9966.814985    -63.935216  3  2  3  65       
PG23  14433.783458  -5882.209961 -21388.449234    593.199095  7  3  3  76       
PG24  21241.661791  15574.892083  -5238.653078   -181.124775  4  3  6 101       
PG25  15159.604087   2898.902048  21245.930371    452.824467  5  3  6  76       
PG26   4703.808073 -24850.481692   7166.593669   -303.758795  5  4  4  78       
PG27    930.857292 -16921.498169 -20694.850135     -9.839209  5  2  5  69       
PG28   9529.368258 -11918.030977  21735.120556   -617.280895  3  4  6  81       
PG29  24039.809937  -1092.484332  11365.150058   -400.850295  6  2  4  64       
PG30 -16501.141457   6466.979094 -19674.817170     72.704380  3  1  3  84       
PG31  -1167.391156 -17682.834504  19402.875830   -175.147408  4  1  2  92       
PG32  19595.870416 -15983.958783   8047.277374   -183.851879  6  6  4  76       
*  2025 12 31 13 45  0.00000000
PG01 -22015.069610 -14917.173464    282.791516    347.931269  4  7  6  59       
PG02 -17899.706086 -16607.626835 -10655.970638      6.438485  5  5  6  37       
PG03 -11993.851932 -14286.788576  18762.608932    610.545591  3  5  2  74       
PG04 -17589.323947  -5623.517102  19181.535168     35.160550  5  6  7  64       
PG05   5318.938906  25254.660129  -6362.318364   -226.482301  4  2  4  91       
PG06  -9886.845733  11059.681416  22115.255586   -597.083224  2  4  2  53       
PG07 -23340.652757  -3734.080348 -11914.422338   -128.811188  3  4  3  78       
PG08  -8326.200783 -13241.991056 -21637.242187    509.275188  5  3  5  71       
PG09 -23281.594517   4421.156399  11974.253364    769.394558  4  5  7  37       
PG10  10745.693481 -17824.639373 -16027.557295   -578.800909  6  3  4  77       
PG11   4736.533611  18421.175716  18625.315838   -490.645318  4  3  5  68       
PG12   9975.858286  18350.910857  16121.609850   -605.975507  5  1  1  63       
PG13   -561.751207  15849.466722 -21530.385316    690.858426  5  3  5  84       
PG14 -12944.770819  15099.981338 -17384.477327    725.717511  5  2  4  75       
PG15   9989.208823  12337.104548 -21840.305154    372.300340  3  2  2  66       
PG16    -59.286380 -26137.699604  -3473.141689    178.417507  6  3  3  84       
PG17 -22256.918184  14274.335897   4079.195834    -18.052808  8  4  5  48       
PG18  22364.933346   2208.479647 -14307.999655   -463.004332  8  4  5  79       
PG19 -17724.931152  16138.647151  10775.670431    683.269266  7  3  6  51       
PG20    236.036653  25871.584990   6301.231734    361.844435  6  3  4  76       
PG21  -2800.623232  26227.058338   3041.398868    369.803595  5  4  3  67       
PG22 -10735.325104  20876.611026 -12389.776625    -63.931521  2  2  3  80       
PG23  14438.001129  -3390.461467 -21940.336497    593.203771  7  3  3  79       
PG24  20503.362371  15526.159227  -7887.340121   -181.111688  4  4  6  98       
PG25  15089.063379   5389.104489  20836.684333    452.822397  5  4  5  78       
PG26   5116.288134 -23861.580041   9742.777185   -303.764398  5  4  4  91       
PG27   2960.656365 -17899.692679 -19595.653636     -9.845236  5  2  5  66       
PG28  11637.756430 -10636.391204  21372.108414   -617.276744  3  4  6  76       
PG29  22804.354486   -338.609294  13697.197985   -400.844495  6  2  4  53       
PG30 -18317.368156   5189.677370 -18442.366120     72.715361  3  1  3  55       
PG31    856.915202 -16488.942859  20455.589608   -175.145528  4  1  2  87       
PG32  20355.734329 -16127.486649   5304.114978   -183.836895  7  6  4  75       
*  2025 12 31 14  0  0.00000000
PG01 -21766.233467 -15063.652126  -2560.473210    347.928630  4  6  6  80       
PG02 -16545.197397 -16222.296504 -13028.132627      6.445675  5  5  6  73       
PG03 -11929.357026 -16361.678032  17057.600257    610.537087  3  5  1  88       
PG04 -15672.476644  -6809.913448  20405.710968     35.162838  4  6  6  58       
PG05   5161.205289  25814.478427  -3542.399830   -226.483215  3  2  4  91       
PG06 -12028.497003   9810.332572  21649.658963   -597.087478  2  4  2  44       
PG07 -24368.503518  -4553.118457  -9478.095128   -128.816083  3  4  3  70       
PG08  -6292.478656 -14580.785515 -21418.119588    509.271703  5  3  5  69       
PG09 -22121.273384   3432.803489  14254.806817    769.395548  4  6  7  49       
PG10  10911.214339 -15833.215010 -17898.426547   -578.803816  6  3  3  65       
PG11   2797.393630  17389.687147  19959.077486   -490.633346  4  3  5  53       
PG12   9709.788753  20117.080893  14086.843462   -605.976239  5  1  1  80       
PG13  -2758.751219  16713.214435 -20657.490775    690.857678  5  3  5  72       
PG14 -13149.765957  12997.998830 -18884.941125    725.719872  5  2  5  74       
PG15   8187.016570  13891.815875 -21645.287216    372.303447  2  2  2  86       
PG16    245.783796 -26314.945221   -608.864420    178.424488  6  3  2  84       
PG17 -22597.839030  14194.151825   1260.078301    -18.063908  8  5  5  70       
PG18  23592.974883   3090.386720 -12019.200905   -462.995503  7  5  5  77       
PG19 -18842.001264  16379.621028   8184.566214    683.271140  7  3  6  90       
PG20   -172.083094  25080.825660   8970.814811    361.844320  5  3  4  71       
PG21  -3052.556669  25721.184081   5840.405656    369.811673  5  5  3  68       
PG22 -10832.624948  19283.349389 -14599.084200    -63.927710  2  2  2  84       
PG23  14583.221409   -864.181323 -22111.396134    593.208379  6  2  3  83       
PG24  19501.729133  15401.057287 -10405.389870   -181.098578  3  4  6  99       
PG25  15137.894497   7808.165233  20057.543235    452.820310  5  4  5  68       
PG26   5606.981763 -22610.104718  12145.803100   -303.770068  5  4  4  95       
PG27   4822.455963 -18907.243713 -18164.721423     -9.851279  5  2  5  59       
PG28  13754.928049  -9494.945077  20641.266953   -617.272587  3  4  6  82       
PG29  21386.839404    593.969107  15794.668193   -400.838640  5  1  4  75       
PG30 -20051.902252   4078.090662 -16890.606956     72.726385  3  1  4  61       
PG31   3023.122303 -15348.424554  21145.304312   -175.143560  5  2  2  95       
PG32  20839.809315 -16142.554591   2469.129396   -183.821925  8  6  4  72       
*  2025 12 31 14 15  0.00000000
PG01 -21247.200396 -15066.798422  -5359.834634    347.925896  5  6  6  75       
PG02 -14925.999349 -15823.366006 -15176.604831      6.453181  6  5  6  59       
PG03 -11967.448708 -18224.109406  15056.239463    610.528587  4  4  1  75       
PG04 -13721.651425  -8163.200347  21280.943632     35.165084  3  6  6  56       
PG05   4989.845022  26062.247359   -661.541928   -226.483680  3  2  4  80       
PG06 -14170.467804   8717.205749  20814.831921   -597.091696  2  4  2  57       
PG07 -25176.194971  -5192.522809  -6878.216216   -128.820731  3  3  3  59       
PG08  -4359.620402 -15994.688295 -20834.713124    509.268224  5  3  5  64       
PG09 -20817.546279   2237.998110  16289.456134    769.396490  5  6  7  53       
PG10  11203.240054 -13658.057761 -19451.001947   -578.806709  6  3  3  69       
PG11    689.664824  16401.382422  20951.677059   -490.621261  5  4  5  41       
PG12   9531.868415  21646.379131  11805.446457   -605.976638  4  1  1  62       
PG13  -4802.897583  17644.617548 -19435.261129    690.856652  5  2  5  74       
PG14 -13466.714387  10758.946164 -20055.600514    725.722207  5  2  5  72       
PG15   6494.045463  15507.930867 -21095.337973    372.306707  3  2  2  63       
PG16    544.801506 -26179.284926   2266.133562    178.431316  5  3  2  89       
PG17 -22673.802880  13962.083916  -1580.313382    -18.074310  7  5  5  99       
PG18  24624.002643   3784.453325  -9525.797047   -462.986676  7  5  5  37       
PG19 -19679.136783  16527.930733   5447.957768    683.272963  7  4  5  89       
PG20   -698.983478  24030.969236  11487.347400    361.843921  6  3  4  66       
PG21  -3350.977764  24918.488485   8538.802205    369.819850  5  5  3  65       
PG22 -11013.372769  17456.882670 -16555.447055    -63.924134  2  3  2  78       
PG23  14869.235142   1645.043485 -21899.476308    593.213036  6  3  3  64       
PG24  18242.877394  15236.457046 -12751.837125   -181.085436  4  4  6  95       
PG25  15293.885015  10109.069460  18923.508470    452.818213  5  5  5  49       
PG26   6201.844033 -21124.679996  14332.838124   -303.775676  5  4  5  83       
PG27   6490.929162 -19905.989989 -16424.682957     -9.857350  5  3  5  59       
PG28  15834.268404  -8506.565321  19555.224803   -617.268426  3  4  6  68       
PG29  19829.157578   1714.439024  17621.340459   -400.833002  4  1  4  75       
PG30 -21661.320071   3133.324438 -15047.275262     72.737376  3  1  4  70       
PG31   5293.041182 -14293.246817  21460.424455   -175.141990  4  2  3  90       
PG32  21059.834670 -15992.521585   -408.735299   -183.806959  8  6  5  80       
*  2025 12 31 14 30  0.00000000
PG01 -20448.139631 -14962.706619  -8067.283236    347.923380  5  5  7  74       
PG02 -13061.905251 -15447.659193 -17062.776457      6.460627  7  5  6  74       
PG03 -12077.846223 -19838.902666  12793.868187    610.520118  4  4  1  90       
PG04 -11782.449158  -9667.326807  21791.818893     35.167366  3  6  5  84       
PG05   4765.885517  25998.164790   2230.708846   -226.484686  2  1  4  74       
PG06 -16264.346458   7791.251561  19625.312937   -597.095976  3  4  2  27       
PG07 -25734.568593  -5675.555882  -4160.559334   -128.825288  2  3  3  78       
PG08  -2559.515576 -17449.190477 -19895.442180    509.264773  5  3  5  48       
PG09 -19414.043527    836.204610  18042.751917    769.397426  5  6  7  64       
PG10  11639.008272 -11346.463030 -20657.911599   -578.809611  6  3  3  71       
PG11  -1551.840620  15488.722786  21586.053316   -490.609201  5  4  5  33       
PG12   9411.910025  22910.076989   9317.955047   -605.977154  4  1  1  76       
PG13  -6661.511458  18608.694029 -17883.292425    690.855924  4  2  5  77       
PG14 -13906.901888   8428.135753 -20876.641757    725.724575  6  2  5  70       
PG15   4936.323112  17149.351926 -20198.870682    372.310100  3  2  3  61       
PG16    874.761386 -25732.047888   5100.843102    178.438448  4  3  3  88       
PG17 -22504.134233  13546.421249  -4393.811624    -18.085156  7  5  6  98       
PG18  25422.129621   4310.191903  -6870.486932   -462.977877  7  5  4  68       
PG19 -20239.619670  16544.869597   2614.454451    683.274592  7  5  5  76       
PG20  -1369.956844  22753.054273  13808.055194    361.844051  5  4  4  36       
PG21  -3729.812719  23837.773315  11090.125885    369.828079  5  5  3  49       
PG22 -11302.669450  15432.237232 -18223.636725    -63.920407  2  3  2  65       
PG23  15287.323098   4086.624489 -21309.093866    593.217661  5  3  3  70       
PG24  16740.459329  15068.208036 -14888.748228   -181.072340  4  4  6  91       
PG25  15537.607373  12248.825332  17455.903410    452.816157  5  5  4  55       
PG26   6921.289300 -19440.384324  16264.987949   -303.781260  5  4  5  86       
PG27   7948.087029 -20854.777876 -14403.640823     -9.863386  5  3  4  77       
PG28  17828.504757  -7675.969458  18132.717013   -617.264265  3  4  6  75       
PG29  18175.712944   3023.859050  19145.543098   -400.826956  3  1  4  69       
PG30 -23104.378300   2348.650162 -12944.974526     72.748375  4  1  4  74       
PG31   7623.492363 -13348.942240  21396.210006   -175.139962  4  3  2  87       
PG32  21035.557608 -15645.029459  -3279.450734   -183.792000  8  6  5  73       
*  2025 12 31 14 45  0.00000000
PG01 -19367.689128 -14789.572290 -10636.367577    347.920734  6  5  6  72       
PG02 -10980.908928 -15128.645305 -18652.109526      6.468145  7  5  5  70       
PG03 -12225.238154 -21178.594240  10310.216070    610.511640  5  3  1  92       
PG04  -9897.759888 -11298.413373  21929.096458     35.169646  3  7  4  80       
PG05   4451.676559  25631.515429   5084.400279   -226.484870  2  1  4  80       
PG06 -18261.471854   7034.855393  18101.597945   -597.100228  3  4  2  59       
PG07 -26021.187250  -6031.010816  -1372.184412   -128.830254  1  3  4  61       
PG08   -917.781767 -18905.227581 -18614.859127    509.261393  6  3  5  53       
PG09 -17955.278801   -764.573827  19484.040590    769.398345  5  6  7  57       
PG10  12227.487886  -8949.348023 -21498.165481   -578.812567  6  3  3  68       
PG11  -3886.696420  14678.233312  21851.220628   -490.597080  6  4  5  52       
PG12   9315.733422  23887.410699   6668.299329   -605.977578  4  1  1  84       
PG13  -8308.911709  19566.023381 -16026.848877    690.854909  4  3  4  71       
PG14 -14473.976229   6052.955801 -21334.485315    725.726879  6  2  5  69       
PG15   3533.282178  18776.371848 -18969.773481    372.313023  3  2  3  60       
PG16   1271.414347 -24983.834886   7844.556777    178.445465  4  4  3  75       
PG17 -22115.010998  12920.770108  -7132.248801    -18.096414  6  5  6  83       
PG18  25957.378268   4693.601107  -4098.559016   -462.969074  6  5  4  82       
PG19 -20535.563774  16394.689368   -265.542957    683.276201  7  5  4  58       
PG20  -2204.013055  21283.847867  15893.534168    361.843968  5  4  4  68       
PG21  -4218.966162  22505.637932  13450.465969    369.836285  6  5  4  56       
PG22 -11719.197393  13250.272251 -19573.198064    -63.916872  2  3  2  34       
PG23  15820.623141   6412.729822 -20351.296434    593.222279  5  4  3  56       
PG24  15015.256825  14929.727355 -16781.715015   -181.059233  4  4  7 100       
PG25  15843.307737  14189.941558  15681.877855    452.814113  5  5  3  66       
PG26   7779.171934 -17597.435579  17908.056091   -303.786855  4  4  5  89       
PG27   9183.847534 -21711.017388 -12134.815533     -9.869436  5  3  3  70       
PG28  19691.390427  -6999.684194  16398.260120   -617.260111  3  4  6  82       
PG29  16471.781781   4514.907995  20340.713468   -400.821581  3  1  4  67       
PG30 -24343.505591   1709.998789 -10620.556188     72.759371  4  1  4  77       
PG31   9967.855023 -12533.685294  20954.807223   -175.138267  4  3  2  91       
PG32  20793.882114 -15073.470332  -6092.798646   -183.776995  8  6  5  68       
*  2025 12 31 15  0  0.00000000
PG01 -18013.148436 -14586.076406 -13022.984522    347.918211  7  5  6  81       
PG02  -8718.404406 -14894.993308 -19914.870422      6.475796  8  5  5  89       
PG03 -12370.813768 -22224.319337   7648.663120    610.503173  5  3  1  90       
PG04  -8106.242689 -13025.502684  21689.898939     35.171957  2  7  4  86       
PG05   4012.560233  24980.315949   7850.046413   -226.485646  2  2  5  78       
PG06 -20114.651995   6441.899941  16269.786698   -597.104516  4  4  3  52       
PG07 -26021.095323  -6291.836783   1439.378483   -128.835202  1  3  4  52       
PG08    547.088423 -20320.568619 -17013.509950    509.257950  6  4  4  92       
PG09 -16484.960538  -2547.886001  20588.024135    769.399227  5  6  6  75       
PG10  12968.922981  -6519.368105 -21957.530154   -578.815434  6  3  3  70       
PG11  -6270.210653  13989.518454  21742.462290   -490.584996  7  4  5  34       
PG12   9206.700054  24566.224734   3902.970639   -605.978064  3  1  2  73       
PG13  -9727.246508  20474.226392 -13896.526633    690.854098  4  4  4  82       
PG14 -15163.745086   3681.193766 -21421.979748    725.729199  6  2  5  81       
PG15   2297.180900  20347.008529 -17427.267921    372.316144  4  2  3  71       
PG16   1767.588252 -23954.191123  10447.876609    178.452128  4  3  3  91       
PG17 -21538.438360  12065.294626  -9748.264174    -18.106842  6  5  6  70       
PG18  26206.800284   4965.966943  -1257.139640   -462.960306  6  5  4  58       
PG19 -20587.271270  16046.199351  -3140.827731    683.277356  7  5  4  71       
PG20  -3212.972477  19664.489420  17708.392642    361.843509  6  3  4  68       
PG21  -4842.973748  20955.512405  15579.220214    369.844485  6  5  4  36       
PG22 -12274.291288  10956.280790 -20579.092940    -63.912948  3  3  2  66       
PG23  16444.824265   8579.921875 -19043.411658    593.226832  4  4  3  62       
PG24  13094.538762  14850.698042 -18400.294836   -181.046105  4  3  6  96       
PG25  16180.052487  15901.667060  13633.807950    452.812081  5  5  2  63       
PG26   8782.047779 -15639.676299  19233.198853   -303.792422  4  4  5  81       
PG27  10196.310822 -22432.336379  -9656.085333     -9.875487  5  4  2  80       
PG28  21379.358505  -6466.335067  14381.728329   -617.256006  4  4  6  75       
PG29  14761.846422   6171.960810  21185.877071   -400.815843  4  1  4  71       
PG30 -25346.150458   1196.736487  -8114.441196     72.770340  4  1  3  52       
PG31  12277.748958 -11857.690177  20145.136065   -175.136297  3  4  3  82       
PG32  20367.732922 -14258.247874  -8799.291043   -183.762049  8  6  5  67       
*  2025 12 31 15 15  0.00000000
PG01 -16400.348581 -14389.759063 -15186.131028    347.915622  7  4  6  56       
PG02  -6316.077654 -14769.299153 -20826.803468      6.483286  8  5  5  71       
PG03 -12473.927753 -22966.361940   4855.450254    610.494669  5  3  1  79       
PG04  -6440.970554 -14811.594341  21077.796210     35.174241  2  6  4  74       
PG05   3418.437159  24070.628709  10479.505229   -226.486821  2  2  5  76       
PG06 -21779.833599   5998.156571  14161.142575   -597.108769  4  4  3  71       
PG07 -25727.295488  -6493.647680   4226.903910   -128.839790  1  3  4  53       
PG08   1824.312623 -21651.361377 -15117.685391    509.254422  6  4  4  79       
PG09 -15044.341579  -4489.257377  21335.228690    769.400114  5  7  6  72       
PG10  13854.751180  -4108.978442 -22028.754966   -578.818399  5  4  4  74       
PG11  -8654.941549  13434.553018  21261.421878   -490.572906  7  5  5  55       
PG12   9047.334850  24943.280391   1070.161364   -605.978626  3  1  2  81       
PG13 -10907.038555  21289.588682 -11527.820774    690.853182  4  4  4  75       
PG14 -15964.297354   1359.361471 -21138.473183    725.731557  6  3  5  69       
PG15   1232.776212  21818.442962 -15595.701690    372.319184  5  3  4  77       
PG16   2391.612448 -22670.911886  12863.719752    178.459300  3  3  3  93       
PG17 -20810.994208  10967.733200 -12196.129421    -18.117692  5  4  6  65       
PG18  26155.341594   5162.471755   1605.579380   -462.951510  5  5  3  59       
PG19 -20422.259886  15474.182793  -5960.386809    683.279124  7  4  3  46       
PG20  -4400.836100  17938.984575  19221.826480    361.843551  6  4  4  50       
PG21  -5619.868230  19226.439242  17439.792670    369.852712  6  5  5  29       
PG22 -12971.302405   8598.400242 -21222.257294    -63.909553  3  2  3  50       
PG23  17129.156343  10550.613460 -17408.692039    593.231477  4  4  3  68       
PG24  11011.206562  14855.916919 -19718.398063   -181.032995  4  3  6  94       
PG25  16513.078571  17360.947765  11348.611425    452.810027  5  5  1  72       
PG26   9928.748275 -13612.924930  20217.460382   -303.798017  4  4  5  79       
PG27  10991.721757 -22978.271491  -7009.420628     -9.881541  5  4  2  77       
PG28  22853.081959  -6057.249345  12117.838134   -617.251847  4  4  6  58       
PG29  13087.965000   7971.490715  21666.035664   -400.810063  4  1  4  61       
PG30 -26085.936646    782.687415  -5469.897477     72.781305  4  1  4  53       
PG31  14504.777575 -11322.950189  18982.641958   -175.134912  3  4  3  83       
PG32  19794.677067 -13187.776039 -11351.096509   -183.747095  8  6  5  39       
*  2025 12 31 15 30  0.00000000
PG01 -14553.203011 -14235.445628 -17088.605031    347.912872  7  4  6  56       
PG02  -3820.524193 -14767.045647 -21369.724166      6.490861  8  6  5  67       
PG03 -12493.831040 -23404.355991   1978.854393    610.486192  6  4  2  77       
PG04  -4928.292874 -16614.927363  20102.781427     35.176541  1  6  4  83       
PG05   2645.164825  22935.567676  12926.845120   -226.487563  3  3  5  68       
PG06 -23217.661557   5681.989482  11811.572698   -597.113099  5  4  3  43       
PG07 -25140.936407  -6673.173274   6944.195871   -128.844465  1  3  4  68       
PG08   2911.107380 -22853.777857 -12959.059356    509.250963  6  4  3  91       
PG09 -13670.672260  -6556.934726  21712.371739    769.400949  5  6  5  78       
PG10  14867.896598  -1768.523720 -21711.647675   -578.821421  5  4  4  80       
PG11 -10992.324618  13017.275861  20416.090442   -490.560843  7  5  5  53       
PG12   8800.968582  25024.223899  -1781.104013   -605.979279  2  1  2  89       
PG13 -11847.418045  21968.769631  -8960.596443    690.852505  4  5  4  74       
PG14 -16856.439408   -868.912424 -20489.764916    725.733885  6  3  5  71       
PG15    337.264465  23148.515338 -13504.271930    372.322335  5  4  4  73       
PG16   3165.919570 -21169.004899  15048.293224    178.466227  3  3  4  89       
PG17 -19972.388526   9624.144302 -14432.578647    -18.128536  5  4  6  86       
PG18  25796.422398   5320.663842   4441.123107   -462.942729  5  5  2  65       
PG19 -20074.005077  14660.568947  -8674.388395    683.281055  7  4  3  68       
PG20  -5763.456108  16152.605450  20408.119840    361.843227  6  4  4  40       
PG21  -6560.303459  17361.651009  19000.220767    369.860906  6  5  5  56       
PG22 -13805.290558   6225.893182 -21490.053095    -63.906202  4  2  3  44       
PG23  17837.633595  12294.289681 -15475.865186    593.236098  4  4  3  76       
PG24   8802.757038  14964.326687 -20714.624339   -181.019881  3  3  6  98       
PG25  16805.287183  18553.069452   8866.998754    452.807972  5  5  1  70       
PG26  11210.284471 -11563.264736  20844.176014   -303.803603  4  4  6  67       
PG27  11584.112256 -23311.929509  -4240.215830     -9.887583  5  4  1 100       
PG28  24078.880491  -5747.348011   9645.550214   -617.247745  5  4  6  65       
PG29  11488.240102   9882.785086  21772.455984   -400.804436  4  1  4  49       
PG30 -26543.585717    437.360034  -2732.287267     72.792270  4  1  3  37       
PG31  16602.259262 -10923.323190  17488.923298   -175.133123  3  4  2  75       
PG32  19115.357075 -11859.168771 -13702.951442   -183.732081  8  6  6  29       
*  2025 12 31 15 45  0.00000000
PG01 -12502.955734 -14153.786142 -18697.643707    347.910237  7  4  6  54       
PG02  -1281.640583 -14895.847497 -21532.009532      6.498249  8  6  5  82       
PG03 -12391.399239 -23547.135197   -931.655839    610.477784  5  4  2  67       
PG04  -3586.960396 -18390.463424  18781.136554     35.178818  2  6  5  89       
PG05   1675.729456  21614.033041  15149.182617   -226.488424  3  4  5  49       
PG06 -24394.871117   5465.345485   9261.035989   -597.117444  5  4  4  32       
PG07 -24271.215710  -6866.709791   9546.757386   -128.848822  1  3  3  52       
PG08   3812.662213 -23885.697250 -10574.213975    509.247481  6  5  2  83       
PG09 -12395.818544  -8712.923890  21712.619477    769.401764  5  6  5  70       
PG10  15983.420667    455.564108 -21013.002243   -578.824442  6  5  5  80       
PG11 -13234.350658  12733.502491  19220.688723   -490.548802  7  6  5  48       
PG12   8433.335040  24823.222231  -4601.829215   -605.979874  2  1  2  70       
PG13 -12556.028428  22470.532754  -6238.467287    690.851461  4  6  4  70       
PG14 -17814.425295  -2964.361016 -19487.942221    725.736230  6  4  5  70       
PG15   -399.502737  24297.230603 -11186.675341    372.325515  5  4  4  83       
PG16   4105.891295 -19489.350704  16962.008327    178.473309  3  3  4  90       
PG17 -19063.888421   8039.343836 -16417.626492    -18.139247  5  4  6  81       
PG18  25132.212448   5478.844889   7201.515317   -462.933916  5  5  2  41       
PG19 -19580.454320  13595.311324 -11235.132318    683.282956  6  4  3  59       
PG20  -7288.519234  14350.256375  21247.064889    361.843842  6  4  5  43       
PG21  -7666.970642  15406.998862  20233.721151    369.869106  6  6  5   3       
PG22 -14763.064461   3887.367705 -21376.598362    -63.902283  4  2  4  68       
PG23  18530.500931  13788.452766 -13278.600399    593.240697  3  5  3  67       
PG24   6510.095970  15188.261536 -21372.548364   -181.006731  3  3  6  99       
PG25  17018.816600  19471.969954   6232.680696    452.805929  5  5  1  56       
PG26  12610.082691  -9535.343865  21103.236781   -303.809179  4  4  6  73       
PG27  11994.628878 -23401.550362  -1396.525321     -9.893665  5  4  1  88       
PG28  25029.920389  -5506.291603   7007.398886   -617.243585  5  4  6  61       
PG29   9995.446005  11868.950273  21502.852118   -400.798757  4  2  5  57       
PG30 -26707.576173    127.327050     51.702471     72.803224  4  1  3  42       
PG31  18526.877080 -10644.952576  15691.248857   -175.131293  2  4  2  88       
PG32  18371.799394 -10278.586735 -15813.034225   -183.717131  7  5  6  57       
*  2025 12 31 16  0  0.00000000
PG01 -10287.154287 -14169.964612 -19985.488305    347.907661  7  3  6  70       
PG02   1249.149034 -15155.023797 -21308.963951      6.505805  8  6  5  78       
PG03 -12130.791809 -23412.242422  -3826.268508    610.469339  6  5  2  85       
PG04  -2427.547988 -20091.515678  17135.187064     35.181096  2  5  5  79       
PG05    501.141233  20149.222769  17107.473618   -226.489163  3  4  6  75       
PG06 -25285.461725   5314.991936   6552.887564   -597.121791  5  4  4  55       
PG07 -23135.011544  -7108.623254  11992.402336   -128.853640  1  2  3  55       
PG08   4541.793163 -24708.359516  -8004.053901    509.244027  6  5  2  98       
PG09 -11245.100624 -10914.281725  21335.727986    769.402589  5  6  4  76       
PG10  17169.498359   2522.386810 -19946.385970   -578.827425  5  5  5  58       
PG11 -15335.231894  12571.160753  17695.445032   -490.536744  7  6  5  46       
PG12   7914.061222  24362.287611  -7343.882221   -605.980398  1  1  2  77       
PG13 -13048.602172  22757.430267  -3408.086980    690.850478  4  6  4  70       
PG14 -18806.948568  -4893.373720 -18151.109566    725.738507  6  4  5  82       
PG15   -994.528395  25228.222392  -8680.681667    372.328669  5  5  4  76       
PG16   5219.003878 -17677.118298  18570.306597    178.480111  3  3  4  92       
PG17 -18126.668300   6227.006866 -18115.355915    -18.150091  4  3  6  97       
PG18  24173.592430   5674.434835   9840.049726   -462.925098  4  5  2  62       
PG19 -18982.380343  12276.936829 -13597.939995    683.284383  6  3  3  54       
PG20  -8955.843932  12574.865345  21724.294869    361.843256  6  4  4  50       
PG21  -8934.329732  13409.292532  21119.145230    369.877328  6  6  5  51       
PG22 -15823.576024   1629.011384 -20882.961120    -63.898482  4  2  4  67       
PG23  19165.825646  15019.258357 -10854.903137    593.245287  3  5  3  72       
PG24   4176.239509  15532.929619 -21680.955142   -180.993594  3  3  6  86       
PG25  17116.629507  20120.218204   3491.551585    452.803879  5  5  1  78       
PG26  14104.538545  -7570.758178  20991.212637   -303.814811  4  4  6  74       
PG27  12250.564913 -23221.903642   1471.785632     -9.899737  5  4  1  87       
PG28  25687.161528  -5299.834806   4248.760582   -617.239504  5  4  5  65       
PG29   8635.868618  13888.168960  20861.456230   -400.793200  4  3  5  73       
PG30 -26574.518782   -182.295222   2834.834231     72.814189  3  1  3   9       
PG31  20240.182402 -10466.999195  13621.981207   -175.129386  2  4  2  79       
PG32  17605.668471  -8461.221645 -17643.780353   -183.702198  7  5  6  66       
*  2025 12 31 16 15  0.00000000
PG01  -7948.385698 -14302.628483 -20929.865874    347.905071  7  3  6  64       
PG02   3720.759228 -15535.526649 -20703.041441      6.513165  7  6  5  73       
PG03 -11680.979178 -23025.122279  -6655.666540    610.460905  6  5  3  78       
PG04  -1452.199425 -21671.461398  15192.947488     35.183341  3  5  5  68       
PG05   -878.986626  18586.979250  18767.240783   -226.489870  3  4  5  51       
PG06 -25871.609228   5193.956388   3733.168591   -597.126151  6  3  3  49       
PG07 -21756.263422  -7429.953947  14241.809314   -128.858274  1  2  3  67       
PG08   5118.283358 -25287.921026  -5293.116093    509.240538  5  5  2  81       
PG09 -10236.398781 -13114.612688  20588.064161    769.403422  4  6  4  88       
PG10  18388.673889   4397.956335 -18531.796844   -578.830421  5  5  6  64       
PG11 -17252.993487  12510.841675  15866.271049   -490.524696  7  6  5  50       
PG12   7217.994815  23670.322989  -9960.793473   -605.981024  1  1  2  65       
PG13 -13348.216802  22797.373797   -518.362631    690.849409  4  6  4  54       
PG14 -19798.353882  -6629.060138 -16503.019090    725.740803  6  5  5  69       
PG15  -1470.915508  25910.123052  -6027.627972    372.331573  5  5  4  70       
PG16   6504.315107 -15780.006181  19844.371865    178.487158  3  4  4  89       
PG17 -17200.150522   4209.419320 -19494.655740    -18.160769  5  3  6 101       
PG18  22939.803308   5942.374306  12312.040798   -462.916250  4  5  2  64       
PG19 -18321.646074  10712.746141 -15721.963874    683.286120  5  2  3  64       
PG20 -10737.981127  10865.860354  21831.525879    361.843265  5  4  4  56       
PG21 -10348.666619  11414.615565  21641.337094    369.885508  5  5  5  63       
PG22 -16958.657900   -507.085505 -20017.206745    -63.894830  5  3  4  56       
PG23  19701.172680  15981.823825  -8246.449291    593.249906  3  5  3  50       
PG24   1844.943461  15996.149470 -21634.023635   -180.980476  3  3  6  83       
PG25  17064.052357  20508.670916    690.866156    452.801817  5  5  2  71       
PG26  15663.861936  -5706.583108  20511.336466   -303.820410  4  4  6  69       
PG27  12384.130216 -22755.454464   4313.959740     -9.905798  5  4  2  73       
PG28  26040.015421  -5091.336703   1417.073957   -617.235344  5  5  5  39       
PG29   7428.404415  15895.163283  19858.974227   -400.787416  4  4  5  67       
PG30 -26149.238364   -526.324486   5570.087516     72.825126  3  1  2  49       
PG31  21709.896323 -10362.647543  11317.923419   -175.127448  2  4  2  72       
PG32  16856.540398  -6430.914713 -19162.617502   -183.687252  7  4  6  81       
*  2025 12 31 16 30  0.00000000
PG01  -5532.822709 -14563.080247 -21514.379408    347.902414  7  3  6  74       
PG02   6084.322414 -16020.238578 -19723.909048      6.520599  7  7  5  77       
PG03 -11017.081300 -22418.031774  -9371.842614    610.452502  5  5  3  74       
PG04   -654.706047 -23085.472462  12987.661706     35.185569  3  5  5  78       
PG05  -2456.201694  16974.036786  20099.220691   -226.490228  3  5  6  49       
PG06 -26144.282444   5063.114178    849.851450   -597.130497  6  3  3  55       
PG07 -20165.129393  -7857.164690  16259.018783   -128.862562  1  2  2  50       
PG08   5567.931910 -25596.845215  -2488.785301    509.237060  5  5  3  77       
PG09  -9379.562706 -15265.711840  19482.504842    769.404265  4  5  4  73       
PG10  19599.339194   6056.275932 -16795.204992   -578.833482  5  5  6  67       
PG11 -18950.929914  12526.645424  13764.339363   -490.512641  7  6  4  48       
PG12   6326.321252  22781.930192 -12408.504864   -605.981509  1  1  2  65       
PG13 -13484.254949  22565.025245   2380.398048    690.848537  4  7  5  59       
PG14 -20750.018873  -8152.046532 -14572.612471    725.743105  6  5  5  69       
PG15  -1856.867395  26317.787737  -3271.832697    372.334800  5  6  4  66       
PG16   7952.317496 -13846.388159  20761.707170    178.494234  3  4  4  75       
PG17 -16320.405035   2016.879647 -20529.887276    -18.171101  5  3  6  91       
PG18  21457.796257   6313.623314  14575.544617   -462.907495  3  5  2  69       
PG19 -17639.456288   8918.661737 -17570.899914    683.288062  5  2  3  67       
PG20 -12601.097349   9257.786712  21566.703679    361.843073  5  4  4  55       
PG21 -11888.474148   9466.680258  21791.388175    369.893687  5  5  5  58       
PG22 -18134.077237  -2484.444032 -18794.292563    -63.891325  5  3  4  71       
PG23  20095.299677  16680.201521  -5497.871267    593.254460  3  5  2  65       
PG24   -440.697228  16568.350886 -21231.456543   -180.967331  3  3  5  88       
PG25  16830.208955  20655.829551  -2121.574478    452.799777  5  5  3  60       
PG26  17253.173575  -3974.112399  19673.355008   -303.825983  5  5  5  54       
PG27  12431.005395 -21993.242035   7079.316911     -9.911897  5  5  3  64       
PG28  26086.689314  -4843.367564  -1438.974998   -617.231236  5  5  5  54       
PG29   6383.954883  17842.808183  18512.425112   -400.782031  4  4  6  66       
PG30 -25444.562793   -938.003776   8211.409599     72.836062  3  2  2  51       
PG31  22910.962870 -10300.339695   8819.606622   -175.125695  2  4  2  72       
PG32  16160.270080  -4219.422191 -20342.601406   -183.672305  6  4  6  74       
*  2025 12 31 16 45  0.00000000
PG01  -3088.634874 -14954.763252 -21728.799356    347.899816  7  3  6  43       
PG02   8294.996942 -16584.633538 -18388.341303      6.528370  6  7  5  57       
PG03 -10121.469311 -21628.713529 -11928.879063    610.444070  5  6  3  65       
PG04    -20.918035 -24292.195993  10557.244124     35.187847  3  5  5  69       
PG05  -4213.331758  15356.240534  21079.915859   -226.491273  3  4  5  36       
PG06 -26103.540605   4882.864532  -2047.949245   -597.134849  5  2  3  40       
PG07 -18396.951499  -8411.069443  18011.875803   -128.867145  1  3  2  75       
PG08   5921.346160 -25615.066028    359.570535    509.233592  5  5  3  58       
PG09  -8676.148198 -17319.289714  18038.215212    769.405107  4  5  4  82       
PG10  20757.370818   7480.089314 -14767.994197   -578.836472  4  5  6  68       
PG11 -20398.870364  12587.290933  11425.568351   -490.500636  6  5  4  42       
PG12   5227.431894  21736.029810 -14646.060312   -605.981521  1  1  3  68       
PG13 -13491.105381  22042.946939   5237.390783    690.847613  4  7  5  62       
PG14 -21621.851443  -9450.979147 -12393.485183    725.745405  6  5  4  75       
PG15  -2184.472227  26433.322650   -459.930563    372.337995  4  6  4  71       
PG16   9545.164249 -11923.447847  21306.560605    178.501008  4  3  4  77       
PG17 -15518.676763   -313.234222 -21201.459335    -18.181678  5  3  6  90       
PG18  19761.306222   6813.811558  16592.040534   -462.898652  2  5  3  61       
PG19 -16974.669367   6918.735535 -19113.590748    683.289838  4  3  2  70       
PG20 -14506.108811   7779.116492  20934.052794    361.843335  4  4  3  43       
PG21 -13525.142544   7605.285031  21566.784788    369.901886  5  5  5  51       
PG22 -19310.863030  -4273.480717 -17235.808572    -63.887295  5  4  4  77       
PG23  20309.808465  17127.022135  -2656.007783    593.259031  3  5  2  58       
PG24  -2639.634947  17232.843750 -20478.552735   -180.954173  4  3  5  83       
PG25  16389.296989  20586.930362  -4898.214387    452.797736  4  5  4  53       
PG26  18833.803705  -2397.850912  18493.256275   -303.831596  5  5  5  75       
PG27  12428.738867 -20935.425277   9718.250623     -9.918013  5  5  4  65       
PG28  25834.203406  -4519.349343  -4270.288821   -617.227063  5  5  4  60       
PG29   5505.141517  19683.832861  16844.864991   -400.776103  4  5  6  72       
PG30 -24480.830091  -1447.561447  10714.440417     72.846999  3  3  2  60       
PG31  23826.319514 -10245.183088   6170.535636   -175.123758  2  4  2  64       
PG32  15547.522143  -1865.357040 -21162.936112   -183.657372  6  4  6  85       
*  2025 12 31 17  0  0.00000000
PG01   -664.324526 -15473.062561 -21569.250925    347.897218  7  4  6  79       
PG02  10313.620992 -17197.777785 -16719.941921      6.535738  6  7  6  75       
PG03  -8984.591474 -20698.883717 -14283.682460    610.435643  5  6  3  78       
PG04    470.526323 -25255.318496   7943.630270     35.190058  4  5  5  82       
PG05  -6124.957568  13776.809257  21692.038762   -226.491409  2  4  5  42       
PG06 -25758.499663   4614.832243  -4910.788547   -597.139207  5  2  3  62       
PG07 -16491.065411  -9105.972315  19472.420987   -128.872050  1  3  2  73       
PG08   6212.524967 -25330.870116   3201.526930    509.230124  5  5  4  69       
PG09  -8119.491832 -19228.710856  16280.310145    769.405972  4  4  5  71       
PG10  21817.856467   8661.276258 -12486.320714   -578.839507  4  4  5  64       
PG11 -21574.204024  12657.447245   8890.021683   -490.488605  6  5  4  45       
PG12   3917.515109  20574.347126 -16636.230752   -605.982114  2  1  3  68       
PG13 -13406.654206  21222.458408   8002.252065    690.846914  3  7  6  71       
PG14 -22373.844355 -10522.720183 -10003.284623    725.747728  6  6  4  60       
PG15  -2488.310894  26246.871614   2359.867747    372.340828  4  6  4  78       
PG16  11257.256062 -10055.385703  21470.190217    178.508050  3  4  4  75       
PG17 -14820.106301  -2737.701576 -21496.292092    -18.192455  5  3  6 100       
PG18  17889.681804   7462.090552  18327.064512   -462.889836  1  4  4  61       
PG19 -16362.237565   4744.342401 -20324.511437    683.291405  4  3  2  58       
PG20 -16410.025748   6451.294477  19944.026230    361.843187  4  4  3  51       
PG21 -15223.932951   5864.932837  20971.446493    369.910026  5  4  5           
PG22 -20446.850815  -5852.504317 -15369.568542    -63.883752  4  4  4  53       
PG23  20310.692119  17342.825010    230.871030    593.263555  3  5  2  64       
PG24  -4714.197322  17966.350986 -19386.217658   -180.941022  4  3  5  85       
PG25  15721.664183  20332.808455  -7592.501047    452.795720  4  5  4  55       
PG26  20364.736682   -994.796250  16992.885757   -303.837192  5  5  5  69       
PG27  12415.054768 -19591.463963  12183.225376     -9.924122  4  5  4  74       
PG28  25298.080841  -4085.165794  -7028.201044   -617.222948  5  5  4  37       
PG29   4786.353781  21372.543933  14884.999180   -400.770442  4  6  7  59       
PG30 -23285.133907  -2080.891533  13037.203489     72.857955  3  4  2  26       
PG31  24447.362676 -10160.473553   3416.408999   -175.122026  1  4  2  83       
PG32  15042.528673    587.149493 -21609.365600   -183.642403  5  5  6  73       
*  2025 12 31 17 15  0.00000000
PG01   1692.949321 -16105.429646 -21038.293267    347.894573  6  5  6  60       
PG02  12108.134678 -17823.628918 -14748.695940      6.543152  5  6  6  53       
PG03  -7605.495243 -19672.592542 -16396.663959    610.427257  4  6  3  81       
PG04    847.181035 -25944.950667   5192.047637     35.192257  4  6  5  83       
PG05  -8158.221727  12274.712814  21924.837488   -226.491979  2  4  5  43       
PG06 -25126.967387   4223.530577  -7689.714179   -597.143571  5  3  3  52       
PG07 -14489.493061  -9949.040534  20617.232248   -128.876524  1  4  3  81       
PG08   6477.291626 -24741.455056   5986.570193    509.226617  4  5  5  71       
PG09  -7695.120316 -20950.677021  14239.404853    769.406820  4  4  5  90       
PG10  22736.841269   9600.888177  -9990.407056   -578.842448  3  4  5  70       
PG11 -22462.624941  12699.235686   6201.231498   -490.476656  6  4  3  64       
PG12   2400.852623  19339.821413 -18346.068238   -605.982542  2  1  3  71       
PG13 -13270.626164  20104.158210  10626.009331    690.845870  3  7  6  69       
PG14 -22967.628138 -11372.233788  -7443.053790    725.750029  6  6  4  60       
PG15  -2803.936620  25757.121551   5138.583893    372.344004  3  6  4  77       
PG16  13056.159291  -8281.777568  21250.964486    178.514798  3  3  4  83       
PG17 -14242.702913  -5208.953312 -21408.152344    -18.203593  5  4  6  96       
PG18  15886.512794   8270.231019  19750.785299   -462.880982  1  5  4  64       
PG19 -15831.836339   2433.098042 -21184.133708    683.293429  4  3  2  62       
PG20 -18267.458406   5288.056665  18613.155178    361.843085  3  4  3  76       
PG21 -16945.196947   4273.662847  20015.654988    369.918279  4  4  5  42       
PG22 -21498.377436  -7208.381081 -13229.061039    -63.880523  4  4  4  52       
PG23  20069.721337  17355.103133   3113.851964    593.268104  3  6  2  73       
PG24  -6631.312196  18739.794050 -17970.906017   -180.927882  4  4  4  79       
PG25  14814.649648  19928.582925 -10159.601700    452.793656  4  5  5  70       
PG26  21804.140859    225.969239  15199.465601   -303.842739  5  5  4  63       
PG27  12426.146060 -17979.920368  14429.747342     -9.930250  4  5  5  79       
PG28  24501.722722  -3510.679296  -9665.310816   -617.218833  5  5  3  65       
PG29   4214.129036  22866.502384  12666.688282   -400.764831  3  7  7  79       
PG30 -21890.336202  -2858.401278  15140.755631     72.868908  3  4  2  57       
PG31  24774.098205 -10009.272871    604.328348   -175.120601  1  5  2  76       
PG32  14662.126498   3090.009964 -21674.427726   -183.627480  4  5  6  71       
*  2025 12 31 17 30  0.00000000
PG01   3938.995324 -16831.827216 -20144.888340    347.891969  6  5  7  53       
PG02  13654.703194 -18422.575301 -12510.362659      6.550659  4  6  6  86       
PG03  -5992.028496 -18594.518511 -18232.357724    610.418826  4  6  3  78       
PG04   1141.522272 -26338.776557   2350.219747     35.194488  4  7  5  77       
PG05 -10273.942126  10883.230680  21774.295498   -226.493049  2  3  5  46       
PG06 -24234.759352   3677.921958 -10337.088233   -597.147929  4  3  3  61       
PG07 -12435.559180 -10939.928356  21427.719343   -128.881311  1  5  3  71       
PG08   6751.643304 -23853.134873   8665.081483    509.223069  4  5  5  69       
PG09  -7381.477481 -22446.788165  11951.063600    769.407709  4  4  5  81       
PG10  23473.025562  10308.831598  -7323.788179   -578.845424  3  4  5  56       
PG11 -23058.566597  12673.844809   3405.455979   -490.464653  5  4  3  61       
PG12    689.814269  18074.996976 -19747.385385   -605.983104  3  1  4  70       
PG13 -13122.844090  18698.082878  13062.021745    690.844974  3  7  6  74       
PG14 -23367.964477 -12012.170805  -4756.532163    725.752310  6  6  3  69       
PG15  -3166.282985  24971.496166   7827.337105    372.347162  3  6  4  74       
PG16  14903.810606  -6636.154608  20654.301154    178.521884  3  3  4  86       
PG17 -13796.618792  -7676.764506 -20937.845937    -18.214145  5  5  6 102       
PG18  13798.104148   9242.000674  20838.514768   -462.872152  1  5  5  71       
PG19 -15406.733174     27.549745 -21679.168359    683.295049  4  4  2  63       
PG20 -20032.229679   4295.047663  16963.799310    361.842790  3  4  3  18       
PG21 -18645.795535   2852.139402  18715.874974    369.926434  4  4  5  49       
PG22 -22422.051162  -8336.839876 -10852.775004    -63.876716  4  5  4  83       
PG23  19565.620203  17197.100181   5944.169712    593.272648  3  6  3  84       
PG24  -8363.586615  19519.311347 -16254.490310   -180.914713  4  4  4  90       
PG25  13663.165435  19412.214231 -12557.071404    452.791613  3  5  5  70       
PG26  23110.921876   1263.368008  13145.032128   -303.848349  6  5  4  73       
PG27  12495.029648 -16127.884523  16417.279931     -9.936365  3  4  5  82       
PG28  23475.492464  -2771.095122 -12136.295404   -617.214761  4  5  3  59       
PG29   3767.849938  24128.087632  10228.356594   -400.759152  3  8  7  94       
PG30 -20333.883372  -3794.066465  16989.788920     72.879880  3  5  2  58       
PG31  24814.978707  -9755.980368  -2217.989492   -175.118522  1  5  3  74       
PG32  14415.113868   5592.900253 -21357.565676   -183.612558  4  5  5  62       
*  2025 12 31 17 45  0.00000000
PG01   6034.100343 -17625.478034 -18904.259089    347.889414  6  6  7  76       
PG02  14938.488446 -18953.145059 -10045.726654      6.558354  4  5  6  86       
PG03  -4160.714459 -17508.259136 -19759.970965    610.410344  4  6  3  89       
PG04   1389.478169 -26422.919848   -532.481622     35.196765  4  7  5  74       
PG05 -12427.985399   9628.750199  21243.201107   -226.493469  2  2  5  50       
PG06 -23114.719838   2952.816139 -12807.394792   -597.152248  4  4  3  47       
PG07 -10372.473993 -12070.662381  21890.372332   -128.886174  1  5  4  79       
PG08   7070.089051 -22681.180101  11189.312086    509.219575  4  5  6  67       
PG09  -7150.938797 -23684.919312   9455.157607    769.408575  4  4  5  79       
PG10  23989.350452  10803.220782  -4532.526623   -578.848414  3  4  4  48       
PG11 -23365.308190  12543.195065    550.883616   -490.452569  5  3  3  60       
PG12  -1195.445364  16820.453413 -20817.157660   -605.983575  3  1  4  74       
PG13 -13001.479995  17023.490600  15266.888278    690.844146  2  6  6  80       
PG14 -23544.125454 -12462.171611  -1989.425150    725.754604  6  7  4  60       
PG15  -3608.063583  23906.018342  10378.251368    372.350167  4  5  4  77       
PG16  16757.950826  -5144.862057  19692.452867    178.528738  2  3  4  85       
PG17 -13483.760611 -10090.074809 -20093.257310    -18.225048  5  5  5 103       
PG18  11671.851019  10372.847962  21571.144027   -462.863331  1  5  5  69       
PG19 -15102.934637  -2426.304361 -21802.688646    683.296545  4  4  2  48       
PG20 -21659.034923   3469.752564  15023.799539    361.842465  3  4  3  31       
PG21 -20280.663448   1613.032285  17094.470193    369.934564  4  4  5  46       
PG22 -23176.518948  -9242.405839  -8283.418843    -63.872951  3  5  4  64       
PG23  18784.989241  16906.405281   8673.990123    593.277228  3  6  3  77       
PG24  -9890.199277  20267.481699 -14264.048409   -180.901553  4  4  4  90       
PG25  12270.002848  18822.987223 -14745.468172    452.789550  2  5  5  75       
PG26  24246.238763   2124.103267  10865.807459   -303.853950  6  5  3  65       
PG27  12650.038687 -14070.044663  18110.077010     -9.942460  2  4  5  66       
PG28  22255.544964  -1848.119807 -14398.686713   -617.210659  4  5  3  58       
PG29   3420.731709  25125.886160   7612.313531   -400.753660  3  8  7  93       
PG30 -18656.468286  -4894.727890  18553.178951     72.890853  3  5  2  51       
PG31  24586.440708  -9367.840474  -5002.986117   -175.116852  2  5  3  59       
PG32  14301.951674   8045.063824 -20665.096494   -183.597607  3  5  4  72       
*  2025 12 31 18  0  0.00000000
PG01   7944.368161 -18453.889644 -17337.638474    347.886817  6  6  7  78       
PG02  15954.034535 -19373.804913  -7399.730175      6.565790  3  5  6  64       
PG03  -2136.306221 -16454.679978 -20953.860070    610.401970  3  6  2  85       
PG04   1628.817685 -26192.491212  -3405.919554     35.199021  4  7  6  81       
PG05 -14572.844783   8529.852988  20341.085501   -226.493896  2  2  4  44       
PG06 -21805.482808   2030.050993 -15058.020347   -597.156547  3  4  4  66       
PG07  -8341.925003 -13325.792135  21996.963903   -128.890925  2  5  4  74       
PG08   7464.049874 -21249.296636  13514.323930    509.216038  4  5  6  80       
PG09  -6971.071542 -24640.358989   6795.145195    769.409442  5  3  5  73       
PG10  24254.413925  11109.432297  -1664.411908   -578.851412  3  4  4  62       
PG11 -23394.747298  12271.587643  -2313.202122   -490.440521  5  4  3  70       
PG12  -3227.574959  15613.329949 -21537.846948   -605.983817  3  3  4  75       
PG13 -12941.373001  15108.273958  17201.299708    690.843088  2  6  6  70       
PG14 -23471.108929 -12747.916085    811.346874    725.756895  6  7  3  66       
PG15  -4158.230630  22584.834630  12745.385482    372.353486  3  5  4  93       
PG16  18573.721758  -3826.239144  18384.152957    178.535517  2  2  4  90       
PG17 -13297.759001 -12398.858668 -18889.231050    -18.236129  5  6  5 105       
PG18   9554.573706  11649.906654  21935.497261   -462.854497  1  6  5  69       
PG19 -14928.637913  -4880.607347 -21554.140059    683.298518  4  4  2  53       
PG20 -23105.086918   2801.747339  12826.036616    361.842591  2  3  3  51       
PG21 -21804.459069    560.711164  15179.319451    369.942751  4  5  5  53       
PG22 -23724.153293  -9937.968855  -5567.055438    -63.869275  2  5  3  59       
PG23  17722.942825  16523.397756  11257.175819    593.281777  3  7  4  80       
PG24 -11197.569768  20944.716670 -12031.563626   -180.888445  5  4  4  97       
PG25  10645.857489  18199.973716 -16688.912057    452.787497  2  5  5  75       
PG26  25174.925920   2822.138189   8401.520787   -303.859551  6  5  2  67       
PG27  12913.521351 -11847.442135  19477.909011     -9.948594  2  4  4  81       
PG28  20882.445803   -730.868209 -16413.598650   -617.206489  3  5  3  79       
PG29   3141.059666  25835.848884   4864.000891   -400.747853  1  8  6  93       
PG30 -16900.585540  -6159.654166  19804.473770     72.901842  3  6  3  51       
PG31  24112.164603  -8816.332445  -7704.010991   -175.114849  1  6  3  59       
PG32  14314.818691  10397.125148 -19610.040405   -183.582692  2  5  3  73       
*  2025 12 31 18 15  0.00000000
PG01   9642.834815 -19280.116019 -15471.912805    347.884216  5  6  7  78       
PG02  16705.252475 -19644.764923  -4620.514940      6.573115  3  5  7  82       
PG03     48.962302 -15470.381276 -21793.928238    610.393570  3  6  2  75       
PG04   1897.463846 -25651.793651  -6220.092779     35.201257  4  8  6  80       
PG05 -16659.358282   7596.725586  19084.031401   -226.494135  1  2  4  33       
PG06 -20350.018370    899.408599 -17049.993813   -597.160793  3  4  4  57       
PG07  -6382.720787 -14682.803229  21744.704140   -128.895510  2  5  5  65       
PG08   7960.392020 -19588.764726  15598.870141    509.212533  4  5  6  75       
PG09  -6806.088811 -25296.664811   4017.288895    769.410311  5  2  5  81       
PG10  24243.668662  11258.904002   1231.842079   -578.854415  3  4  3  63       
PG11 -23166.846773  11827.271964  -5137.282880   -490.428458  4  4  3  63       
PG12  -5372.876623  14485.994573 -21897.645491   -605.984448  3  4  5  63       
PG13 -12972.487491  12988.023061  18830.812110    690.842353  2  5  6  87       
PG14 -23130.646889 -12899.958145   3598.409379    725.759214  6  7  4  60       
PG15  -4840.561112  21039.410036  14885.663427    372.356488  4  5  5  88       
PG16  20305.354836  -2690.146247  16754.138385    178.542482  2  2  5  85       
PG17 -13224.299744 -14555.963712 -17347.295852    -18.246396  5  6  5 100       
PG18   7490.873599  13052.324834  21924.595783   -462.845703  2  6  5  65       
PG19 -14884.000274  -7287.284753 -20939.243837    683.300290  4  4  3  82       
PG20 -24331.683746   2273.259894  10407.900479    361.842331  1  3  3           
PG21 -23173.236949   -308.734927  13003.339076    369.950859  4  5  5  59       
PG22 -24032.585969 -10444.010328  -2752.177771    -63.865991  2  5  3  48       
PG23  16383.438043  16089.599061  13650.024638    593.286384  3  7  5  69       
PG24 -12279.773415  21510.777558  -9593.531502   -180.875327  5  4  3  96       
PG25   8809.076079  17580.527475 -18355.586082    452.785454  1  5  5  78       
PG26  25866.769719   3377.905759   5794.694156   -303.865115  6  5  2  62       
PG27  13300.805505  -9505.965759  20496.661036     -9.954658  1  4  4  76       
PG28  19399.633695    583.516421 -18146.393053   -617.202337  3  5  3  86       
PG29   2893.626909  26242.170970   2031.180747   -400.742182  1  8  6  96       
PG30 -15109.030704  -7580.387151  20722.318185     72.912835  3  6  3  68       
PG31  23422.089068  -8078.394209 -10276.038579   -175.113163  1  6  4  83       
PG32  14438.014502  12602.837520 -18211.818573   -183.567729  2  4  3  81       
*  2025 12 31 18 30  0.00000000
PG01  11110.317387 -20064.207614 -13339.164823    347.881566  5  6  7  77       
PG02  17205.010084 -19729.706054  -1758.404348      6.580860  3  4  7  62       
PG03   2356.401856 -14586.336901 -22265.940662    610.385161  3  5  2  60       
PG04   2231.800156 -24814.176757  -8926.035819     35.203489  5  8  6 100       
PG05 -18638.497379   6830.916512  17494.357599   -226.495060  1  2  4  57       
PG06 -18794.018632   -440.771249 -18748.673025   -597.165034  3  4  4  33       
PG07  -4529.529053 -16112.783686  21136.344838   -128.900304  2  5  5  75       
PG08   8580.158434 -17737.275481  17406.192460    509.209019  4  4  6  76       
PG09  -6618.437894 -25646.203490   1169.825455    769.411201  5  2  5  82       
PG10  23940.362175  11287.728474   4107.389716   -578.857399  3  4  3  58       
PG11 -22708.776671  11183.869058  -7872.474520   -490.416395  4  5  4  72       
PG12  -7592.387386  13464.903195 -21890.639669   -605.984610  3  5  5  62       
PG13 -13118.579237  10704.776586  20126.521351    690.841711  1  5  6  79       
PG14 -22511.971287 -12952.389327   6324.694273    725.761470  6  8  4  42       
PG15  -5672.436796  19307.417074  16759.779590    372.359798  4  5  5  84       
PG16  21907.879229  -1737.848655  14832.569448    178.549292  1  2  5  67       
PG17 -13241.803012 -16518.836390 -15495.236900    -18.257436  5  6  5  93       
PG18   5521.571438  14551.909948  21537.825429   -462.836883  3  6  6  72       
PG19 -14961.227538  -9599.673655 -19969.802857    683.302158  4  4  3  65       
PG20 -25305.639281   1860.022056   7810.676960    361.842744  1  4  3  47       
PG21 -24346.078963  -1007.154701  10603.919742    369.959005  4  6  5  30       
PG22 -24076.024314 -10787.527136    111.249088    -63.862416  2  5  3  61       
PG23  14779.282843  15645.992095  15811.971754    593.290953  3  7  5  74       
PG24 -13138.677744  21926.365424  -6990.469172   -180.862222  5  4  3  90       
PG25   6785.136569  16998.862109 -19718.177633    452.783426  1  5  5  80       
PG26  26297.595620   3817.285555   3089.906490   -303.870690  6  5  2  49       
PG27  13819.475569  -7094.653279  21148.786914     -9.960748  1  3  3  78       
PG28  17851.785316   2089.554020 -19567.272979   -617.198194  3  5  3  80       
PG29   2641.313788  26337.858412   -836.920042   -400.736725  1  8  5  93       
PG30 -13323.396258  -9140.876972  21290.808247     72.923822  3  6  4  66       
PG31  22551.218766  -7137.439286 -12676.346442   -175.111145  2  6  4  76       
PG32  14648.688759  14620.694760 -16495.830186   -183.552792  3  4  3  88       
*  2025 12 31 18 45  0.00000000
PG01  12335.963352 -20764.793648 -10976.123873    347.879013  6  6  7  57       
PG02  17474.352780 -19597.353014   1135.141651      6.588193  3  4  6  76       
PG03   4742.133397 -13826.754258 -22361.753946    610.376717  4  5  3  79       
PG04   2665.039372 -23701.545383 -11476.700045     35.205748  5  7  6  87       
PG05 -20463.154016   6225.447186  15600.187500   -226.495146  1  3  4  41       
PG06 -17184.183732  -1983.306916 -20124.364938   -597.169306  3  4  4  37       
PG07  -2811.749773 -17581.327227  20180.228974   -128.904808  2  4  5  80       
PG08   9337.553867 -15737.516369  18904.715331    509.205508  4  4  5  81       
PG09  -6370.458424 -25690.355545  -1697.894575    769.412098  5  3  5  96       
PG10  23336.190228  11235.096295   6914.026017   -578.860327  3  4  3  74       
PG11 -22053.784307  10321.593351 -10471.389015   -490.404363  3  6  4  78       
PG12  -9843.154111  12569.687449 -21516.893322   -605.985048  3  5  5  70       
PG13 -13396.128129   8305.512852  21065.620985    690.840748  2  5  5  76       
PG14 -21612.310684 -12941.381290   8944.190684    725.763789  6  8  4  78       
PG15  -6663.878491  17431.358363  18333.051492    372.362738  4  5  5  73       
PG16  23338.779425   -962.250317  12654.367073    178.556071  1  3  5  65       
PG17 -13322.420172 -18251.058984 -13366.528238    -18.267814  4  6  4  95       
PG18   3682.287191  16114.069700  20781.001385   -462.828027  3  7  6  64       
PG19 -15144.970902 -11774.080802 -18663.419254    683.303894  4  4  4  74       
PG20 -26000.520384   1532.381303   5078.860246    361.842491  1  4  4   5       
PG21 -25286.621669  -1553.682287   8022.287045    369.967135  4  6  5  31       
PG22 -23836.297275 -11000.704702   2972.754114    -63.858708  1  5  3  48       
PG23  12931.822366  15231.369171  17706.246607    593.295600  4  7  5  72       
PG24 -13783.785394  22154.726246  -4266.325566   -180.849106  5  4  2  94       
PG25   4605.880915  16484.758784 -20754.259225    452.781395  1  5  6  70       
PG26  26450.130105   4170.390746    333.048279   -303.876242  6  5  3  70       
PG27  14468.992232  -4663.876329  21423.608860     -9.966848  1  3  2  76       
PG28  16283.145315   3773.443624 -20651.793422   -617.194081  3  5  3  87       
PG29   2346.744799  26124.959306  -3690.491395   -400.731068  1  8  4  84       
PG30 -11582.617335 -10817.903976  21499.770863     72.934767  3  6  4  71       
PG31  21538.269953  -5984.133582 -14865.148868   -175.109588  2  6  4  80       
PG32  14917.861778  16415.343678 -14492.922538   -183.537803  4  4  3  83       
*  2025 12 31 19  0  0.00000000
PG01  13317.479145 -21340.734924  -8423.532370    347.876404  6  6  7  79       
PG02  17541.398524 -19222.824717   4008.567501      6.595757  3  4  6  70       
PG03   7158.549123 -13208.196105 -22079.456917    610.368301  4  5  4  79       
PG04   3225.721328 -22343.542511 -13827.797644     35.207970  5  7  6  87       
PG05 -22089.854259   5765.269297  13434.912374   -226.495609  1  4  4  54       
PG06 -15566.473296  -3712.234654 -21152.867344   -597.173523  3  4  4  80       
PG07  -1252.561932 -19049.650383  18890.279569   -128.909761  3  5  5  83       
PG08  10239.226740 -13635.568367  20068.620428    509.202011  4  4  5  79       
PG09  -6026.043392 -25439.378675  -4536.280660    769.412963  5  4  5  96       
PG10  22431.645181  11141.647900   9604.930125   -578.863262  3  4  3  76       
PG11 -21239.836605   9228.223157 -12888.972763   -490.392255  3  6  4  73       
PG12 -12079.657843  11812.502148 -20782.450322   -605.985574  3  5  5  74       
PG13 -13813.583982   5840.445041  21631.829597    690.840002  2  5  5  60       
PG14 -20437.100463 -12903.660888  11412.676764    725.766134  6  8  4  61       
PG15  -7816.885138  15456.977168  19576.192308    372.366087  4  4  5  77       
PG16  24559.537737   -348.456473  10258.488777    178.563074  1  4  5  83       
PG17 -13433.302400 -19723.631350 -10999.641626    -18.278823  3  6  4  94       
PG18   2002.216699  17699.017028  19666.325730   -462.819169  4  7  6  78       
PG19 -15413.010968 -13771.215713 -17043.133381    683.305509  4  4  5  89       
PG20 -26397.641470   1256.630603   2259.401246    361.842293  1  5  3  66       
PG21 -25964.421296  -1973.801304   5302.796470    369.975305  4  7  4  39       
PG22 -23303.592065 -11119.400920   5782.310372    -63.855093  1  5  2  60       
PG23  10870.313489  14880.769052  19300.476040    593.300200  4  7  5  70       
PG24 -14231.778863  22163.208622  -1467.793940   -180.836008  5  3  2  91       
PG25   2308.527031  16062.446131 -21446.607582    452.779332  1  5  6  82       
PG26  26314.610770   4470.213742  -2429.422115   -303.881804  6  5  4  70       
PG27  15240.668677  -2263.489826  21317.458267     -9.972899  1  2  2  89       
PG28  14735.885540   5613.403849 -21381.280907   -617.189902  3  5  4  72       
PG29   1973.955559  25614.451140  -6480.029924   -400.725539  1  8  4  91       
PG30  -9921.619186 -12581.775275  21344.963530     72.945795  2  6  4  75       
PG31  20424.202730  -4616.907345 -16806.181550   -175.107700  2  6  5  64       
PG32  15211.690032  17958.744119 -12238.769720   -183.522856  4  4  3  89       
*  2025 12 31 19 15  0.00000000
PG01  14061.029146 -21752.782428  -5725.439506    347.873725  5  6  7  84       
PG02  17439.964512 -18588.707755   6811.229618      6.603206  3  4  6  86       
PG03   9555.917710 -12738.996412 -21423.420478    610.359793  4  4  4  85       
PG04   3936.400976 -20776.439570 -15938.591500     35.210198  5  7  6  83       
PG05 -23480.330801   5428.046880  11036.562189   -226.496418  1  4  4  46       
PG06 -13984.390781  -5603.213490 -21815.920854   -597.177772  3  4  3  88       
PG07    131.820866 -20475.893276  17285.920960   -128.914478  3  5  5  82       
PG08  11283.876545 -11479.185221  20878.289832    509.198527  4  4  4  79       
PG09  -5552.236607 -24911.937502  -7296.372690    769.413849  5  5  5  92       
PG10  21236.051565  11047.794001  12135.372804   -578.866178  3  4  3  81       
PG11 -20308.088196   7899.780003 -15083.305237   -490.380148  3  6  4  79       
PG12 -14255.338848  11197.654989 -19699.256165   -605.985933  3  5  5  70       
PG13 -14370.957401   3361.193468  21815.677884    690.839097  2  5  5  58       
PG14 -18999.899255 -12874.973461  13688.423749    725.768421  5  8  4  53       
PG15  -9125.115154  13431.522364  20465.976389    372.369081  4  4  5  77       
PG16  25537.005074    125.368362   7687.163516    178.569890  1  4  6  76       
PG17 -13538.082720 -20915.943466  -8437.252531    -18.289754  3  6  3 104       
PG18    503.153825  19263.196605  18212.234476   -462.810400  5  7  6  89       
PG19 -15737.198596 -15557.450689 -15136.993566    683.307292  4  6  5  97       
PG20 -26486.775793    996.505556   -599.096215    361.842013  1  5  4  62       
PG21 -26356.103893  -2298.162087   2492.174561    369.983457  4  7  4  63       
PG22 -22476.857211 -11181.509060   8491.247156    -63.851679  1  5  2  73       
PG23   8631.008465  14624.060629  20567.225323    593.304818  4  6  5  77       
PG24 -14505.774370  21924.708984   1356.467814   -180.822919  4  3  2  94       
PG25    -65.507280  15749.689209 -21783.459665    452.777287  1  5  6  79       
PG26  25889.127361   4751.182150  -5151.211069   -303.887394  6  5  4  73       
PG27  16117.999636     58.973363  20833.659125     -9.978940  1  2  3  89       
PG28  13248.556323   7580.325739 -21743.154945   -617.185774  3  4  4  79       
PG29   1490.002266  24825.789526  -9157.219490   -400.719865  1  7  3  82       
PG30  -8370.115506 -14397.274015  20828.189407     72.956814  2  6  4  58       
PG31  19250.691382  -3042.186416 -18467.233527   -175.105825  2  6  5  73       
PG32  15492.921077  19231.035307  -9773.176815   -183.507915  4  4  3  87       
*  2025 12 31 19 30  0.00000000
PG01  14580.809292 -21965.176387  -2928.434671    347.871098  5  6  6  77       
PG02  17207.993524 -17685.813612   9494.345139      6.610812  4  4  5  94       
PG03  11884.077169 -12418.992421 -20404.254630    610.351348  4  4  5  91       
PG04   4812.579786 -19041.779360 -17772.615402     35.212440  4  6  6  88       
PG05 -24602.893113   5185.228300   8447.098580   -226.496747  1  4  4  73       
PG06 -12477.367661  -7624.263083 -22101.561032   -597.181992  4  4  3  84       
PG07   1332.655110 -21816.566902  15391.924701   -128.919113  3  5  5  73       
PG08  12462.200118  -9316.029272  21320.610862    509.195032  3  3  3  91       
PG09  -4920.703396 -24134.320597  -9930.691728    769.414742  5  5  4  90       
PG10  19767.291603  10992.064013  14463.382043   -578.869164  4  4  3  89       
PG11 -19301.235910   6340.888498 -17016.342548   -490.368091  3  5  4  79       
PG12 -16324.170179  10721.532086 -18284.998296   -605.986276  2  5  5  81       
PG13 -15059.771750    918.912816  21614.650281    690.838517  3  5  4  60       
PG14 -17322.014296 -12888.590245  15732.863806    725.770685  5  7  4  64       
PG15 -10573.931442  11401.943839  20985.773670    372.372737  4  3  5  93       
PG16  26244.552948    486.890567   4985.104100    178.576544  1  5  6  92       
PG17 -13598.503724 -21816.400280  -5725.366917    -18.300285  3  6  3 102       
PG18   -801.201655  20760.880774  16443.132747   -462.801624  5  7  6  94       
PG19 -16084.614431 -17105.866988 -12977.565706    683.309011  4  6  6  98       
PG20 -26266.553362    714.790722  -3447.217871    361.842291  1  5  3  64       
PG21 -26446.256358  -2561.198330   -361.280931    369.991649  4  7  4  74       
PG22 -21363.863052 -11225.270525  11053.105416    -63.848150  1  5  2  64       
PG23   6255.978801  14484.726127  21484.468949    593.309422  4  6  5  90       
PG24 -14634.305005  21418.939668   4156.699041   -180.809837  4  3  2  87       
PG25  -2471.930079  15557.118125 -21758.703864    452.775237  3  5  6  61       
PG26  25179.686059   5047.678128  -7786.903099   -303.892941  5  6  4  70       
PG27  17077.323112   2259.985914  19982.360921     -9.984966  1  3  3  89       
PG28  11854.689111   9638.713796 -21731.145903   -617.181582  3  4  4  85       
PG29    866.448748  23786.137652 -11675.785122   -400.714065  2  7  3  85       
PG30  -6951.602343 -16224.830408  19957.323180     72.967787  2  5  4  70       
PG31  18058.585499  -1274.335923 -19820.622981   -175.104157  2  6  5  68       
PG32  15722.476255  20221.080323  -7139.327011   -183.492971  5  5  4  84       
*  2025 12 31 19 45  0.00000000
PG01  14898.312337 -21947.122652    -80.834393    347.868529  5  6  6  91       
PG02  16885.853884 -16513.596686  12011.861057      6.618331  4  4  5  84       
PG03  14094.155271 -12239.584297 -19038.671369    610.342882  4  4  5 102       
PG04   5861.923264 -17184.826667 -19298.310918     35.214710  4  6  5  70       
PG05 -25433.543066   5003.361977   5711.645706   -226.497432  1  4  4  54       
PG06 -11079.311276  -9736.809064 -22004.362139   -597.186215  4  4  3  82       
PG07   2348.907332 -23028.102995  13238.171929   -128.923662  3  5  5  87       
PG08  13757.174559  -7191.938443  21389.140320    509.191565  3  3  3  81       
PG09  -4109.017085 -23139.377848 -12394.055838    769.415602  5  6  4 105       
PG10  18051.233311  11009.539695  16550.361893   -578.872090  4  4  3  96       
PG11 -18261.824959   4564.801230 -18654.591608   -490.356091  4  5  4  63       
PG12 -18242.225514  10372.823331 -16562.865059   -605.986678  2  5  4  67       
PG13 -15863.375636  -1437.546598  21033.180579    690.837794  4  5  4  55       
PG14 -15431.848364 -12973.914282  17511.213441    725.773000  5  7  5  84       
PG15 -12140.813518   9413.099740  21125.933075    372.375798  4  3  5  80       
PG16  26662.970422    768.296624   2198.713742    178.583531  1  5  6  87       
PG17 -13576.117695 -22422.677393  -2912.394288    -18.311247  3  6  2 104       
PG18  -1905.620487  22145.874988  14389.018852   -462.792839  5  7  5  91       
PG19 -16418.902824 -18397.054481 -10601.391128    683.310615  4  7  6  99       
PG20 -25744.527381    374.971876  -6235.605189    361.842065  1  5  4  40       
PG21 -26228.023897  -2799.597130  -3208.528391    369.999855  5  6  4  55       
PG22 -19980.925504 -11287.607578  13424.421234    -63.844224  1  5  3  66       
PG23   3791.719991  14478.890169  22035.983407    593.314039  4  6  5  84       
PG24 -14650.066647  20633.458770   6882.965450   -180.796757  4  3  2  87       
PG25  -4865.007809  15487.819923 -21372.003942    452.773162  3  4  6  68       
PG26  24199.998524   5392.573999 -10292.648208   -303.898536  5  6  5  73       
PG27  18088.779838   4301.519194  18780.232564     -9.990999  1  3  4  81       
PG28  10581.603837  11747.879968 -21345.405529   -617.177383  3  4  4  79       
PG29     80.671593  22529.308559 -13992.303947   -400.708401  1  7  3  89       
PG30  -5682.586340 -18021.875169  18746.243711     72.978794  2  5  4  75       
PG31  16886.414338    664.681430 -20843.613670   -175.102069  2  5  5  81       
PG32  15861.096270  20926.674277  -4382.988989   -183.478022  5  5  4  96       
*  2025 12 31 20  0  0.00000000
PG01  15041.314090 -21674.087900   2768.162362    347.865969  5  6  5  89       
PG02  16514.588801 -15080.226427  14321.228114      6.625520  3  3  5  74       
PG03  16140.255736 -12184.122454 -17349.252866    610.334415  3  3  5  77       
PG04   7083.795384 -15252.889022 -20489.569424     35.217033  4  6  4  77       
PG05 -25956.794938   4845.600568   2877.675393   -226.497675  1  4  4  57       
PG06  -9817.374403 -11896.997786 -21525.565729   -597.190522  4  4  4  87       
PG07   3187.211346 -24068.456198  10859.324353   -128.928511  3  5  5  93       
PG08  15144.659625  -5149.295481  21084.130336    509.188124  3  2  3  90       
PG09  -3101.711763 -21965.221763 -14644.347016    769.416487  4  6  4  84       
PG10  16120.882941  11130.427467  18361.660333   -578.875015  4  4  3  95       
PG11 -17230.574091   2593.086656 -19969.701962   -490.344044  4  4  4  49       
PG12 -19969.186545  10133.041798 -14561.223359   -605.987440  2  4  4  53       
PG13 -16757.599242  -3663.367255  20082.505381    690.837195  4  5  4  63       
PG14 -13363.990496 -13155.236020  18993.044436    725.775334  5  7  5  75       
PG15 -13796.121564   7506.057716  20884.000549    372.379272  5  3  5  81       
PG16  26781.080961   1004.836945   -624.699098    178.590465  2  5  6  88       
PG17 -13433.984285 -22741.603714    -48.192900    -18.322243  3  6  2  96       
PG18  -2813.386769  23373.267116  12085.000440   -462.784044  5  7  5  87       
PG19 -16701.731198 -19419.640841  -8048.400493    683.312304  4  7  7 100       
PG20 -24936.904130    -57.131733  -8915.829215    361.842104  1  5  4  61       
PG21 -25703.390690  -3050.682171  -6000.623087    370.008061  5  6  3  67       
PG22 -18352.312460 -11402.542428  15565.425759    -63.840424  1  5  3  75       
PG23   1287.585930  14614.632876  22211.654518    593.318691  4  5  5  89       
PG24 -14588.472986  19564.407875   9486.135629   -180.783648  3  3  2  86       
PG25  -7199.057985  15537.209674 -20628.852723    452.771124  4  5  5  69       
PG26  22971.006086   5815.835269 -12626.817330   -303.904063  5  6  5  78       
PG27  19117.523273   6152.288661  17250.032613     -9.997032  1  4  4  90       
PG28   9449.466639  13863.345580 -20592.508111   -617.173183  3  4  4  90       
PG29   -883.068285  21094.463615 -16066.958181   -400.702573  2  6  3  71       
PG30  -4572.078581 -19744.328515  17214.670197     72.989741  2  4  4  79       
PG31  15768.985425   2745.921480 -21518.768641   -175.100523  3  5  5  88       
PG32  15870.984187  21354.415312  -1551.701237   -183.463069  5  6  4  95       
*  2025 12 31 20 15  0.00000000
PG01  15042.621054 -21128.862262   5569.335007    347.863339  5  6  4  88       
PG02  16134.188802 -13402.322130  16384.069096      6.633080  3  3  4  88       
PG03  17981.048709 -12228.611031 -15364.125224    610.325913  3  3  4  63       
PG04   8469.127504 -13293.574794 -21326.170218     35.219283  4  6  4  65       
PG05 -26166.171138   4673.331747     -5.836820   -226.498178  1  4  4  85       
PG06  -8710.996368 -14057.231152 -20673.089414   -597.194696  4  4  4  62       
PG07   3861.533505 -24898.702875   8294.397090   -128.933333  4  5  5  90       
PG08  16594.289092  -3225.563851  20412.421975    509.184676  3  2  4  85       
PG09  -1891.061540 -20653.744888 -16643.216781    769.417361  4  7  4  89       
PG10  14015.291940  11378.817834  19867.082416   -578.877998  4  4  3  91       
PG11 -16244.786173    454.991493 -20938.964122   -490.331958  4  3  4  65       
PG12 -21469.736187   9977.321434 -12313.215679   -605.987881  2  4  3  72       
PG13 -17711.722793  -5719.312658  18780.383272    690.836156  5  4  4  67       
PG14 -11158.081635 -13450.684913  20152.794428    725.777667  4  6  5  81       
PG15 -15504.179038   5716.568265  20264.763814    372.382287  5  4  5  57       
PG16  26596.065293   1233.282313  -3437.685976    178.597108  3  5  6  77       
PG17 -13138.293227 -22788.684279   2816.887700    -18.333141  3  6  2 100       
PG18  -3536.002278  24401.151725   9570.708544   -462.775303  5  7  5  85       
PG19 -16894.322890 -20170.535367  -5361.290866    683.313950  4  7  7  95       
PG20 -23867.944725   -611.821030 -11441.255249    361.841783  1  5  4  45       
PG21 -24883.132710  -3350.773157  -8689.556950    370.016211  6  5  3  64       
PG22 -16509.363915 -11599.762593  17440.653726    -63.837042  1  5  3  75       
PG23  -1205.891321  14891.615500  22007.692402    593.323282  4  5  5  71       
PG24 -14486.077650  18216.914516  11918.880619   -180.770566  3  3  3  95       
PG25  -9429.952853  15693.188446 -19540.551945    452.769076  5  4  5  55       
PG26  21520.157647   6343.239032 -14750.620797   -303.909643  5  6  6  82       
PG27  20125.123720   7788.707341  15420.073611    -10.003089  1  5  4  87       
PG28   8470.633880  15938.398184 -19485.341970   -617.169015  3  4  4  80       
PG29  -2032.829439  19524.619948 -17864.216843   -400.696885  2  6  3  77       
PG30  -3621.376388 -21348.171753  15387.899661     73.000738  2  4  4  85       
PG31  14736.125483   4934.329591 -21834.237677   -175.098917  3  5  5  83       
PG32  15717.382581  21519.250543   1306.051117   -183.448125  5  6  5  90       
*  2025 12 31 20 30  0.00000000
PG01  14938.629336 -20302.347147   8274.302339    347.860741  5  6  4  86       
PG02  15781.955595 -11504.372406  18166.736104      6.640323  3  2  4  84       
PG03  19581.206325 -12342.704472 -13116.539247    610.317432  3  2  4  62       
PG04  10000.625654 -11353.057537 -21794.108144     35.221560  5  6  3  71       
PG05 -26064.358266   4447.869792  -2889.268432   -226.498955  2  4  4  79       
PG06  -7771.255055 -16167.862685 -19461.413536   -597.198930  4  4  4  94       
PG07   4392.546734 -25484.576725   5586.228519   -128.937978  4  5  5  80       
PG08  18070.609177  -1452.045353  19387.216018    509.181194  2  2  5 100       
PG09   -477.557638 -19249.011903 -18356.719658    769.418213  4  7  4  80       
PG10  11778.255910  11771.674085  21041.345071   -578.880951  4  4  3  95       
PG11 -15336.907109  -1813.497815 -21545.705206   -490.319923  5  3  5  78       
PG12 -22714.786645   9875.467502  -9856.277812   -605.988251  2  3  2  83       
PG13 -18689.712566  -7573.034921  17150.690997    690.835338  5  3  4  65       
PG14  -8857.494405 -13871.416934  20970.209385    725.779987  4  6  5  86       
PG15 -17224.624187   4073.779675  19280.122969    372.385584  5  3  5  72       
PG16  26113.487161   1490.350940  -6193.394686    178.604181  4  6  7  87       
PG17 -12659.845301 -22587.291968   5632.943498    -18.343847  3  5  2  97       
PG18  -4092.561181  25192.260070   6889.618080   -462.766524  4  6  5  77       
PG19 -16959.009938 -20654.881732  -2584.872468    683.315593  4  7  7  97       
PG20 -22569.060569  -1314.119752 -13767.881231    361.841484  1  4  4  70       
PG21 -23786.444189  -3733.585570 -11229.082990    370.024488  6  5  3  65       
PG22 -14489.366612 -11903.384090  19019.455956    -63.833314  1  5  4  78       
PG23  -3638.735704  15301.036165  21426.747862    593.327852  4  4  5  88       
PG24 -14378.930773  16605.130326  14136.668477   -180.757463  3  3  3  90       
PG25 -11516.583333  15936.587049 -18124.114306    452.767044  5  4  5  65       
PG26  19880.467335   6995.251505 -16628.685291   -303.915229  5  6  6  86       
PG27  21071.104097   9195.517684  13323.599904    -10.009164  1  5  4  96       
PG28   7649.307452  17925.744194 -18042.892803   -617.164863  2  4  4  86       
PG29  -3368.499400  17865.026561 -19353.434835   -400.690950  3  6  3  62       
PG30  -2824.145390 -22791.043884  13296.445020     73.011692  1  3  4  75       
PG31  13811.607719   7189.838861 -21783.974562   -175.096942  4  5  5  90       
PG32  15370.026032  21443.720829   4141.652790   -183.433190  5  6  5  89       
*  2025 12 31 20 45  0.00000000
PG01  14767.752218 -19194.036923  10836.367870    347.858204  5  5  3  81       
PG02  15491.017847  -9417.872598  19640.755719      6.647832  2  2  4  86       
PG03  20912.628616 -12490.963006 -10644.360997    610.308947  2  2  3  67       
PG04  11653.306451  -9474.414450 -21885.806688     35.223842  5  6  3  80       
PG05 -25663.021599   4132.141070  -5723.203854   -226.499451  3  4  4  46       
PG06  -7000.556916 -18178.988847 -17911.345947   -597.203121  3  4  4  93       
PG07   4806.725540 -25797.879131   2780.845267   -128.942737  5  5  5  84       
PG08  19534.413330    147.096757  18027.732818    509.177752  2  3  5  90       
PG09   1129.933439 -17795.588884 -19755.865561    769.419020  4  7  4  91       
PG10   9456.849432  12318.085243  21864.469887   -578.883956  3  4  3  92       
PG11 -14533.289843  -4170.857960 -21779.574848   -490.307855  5  4  5  17       
PG12 -23682.495756   9793.224799  -7231.579809   -605.988617  1  3  2  66       
PG13 -19651.669359  -9200.093162  15222.910674    690.834463  4  3  4  69       
PG14  -6507.873135 -14421.070111  21430.710447    725.782316  3  6  5  81       
PG15 -18913.967409   2599.251312  17948.793089    372.389011  5  3  5  77       
PG16  25347.028772   1811.162471  -8846.269549    178.610812  4  5  7  84       
PG17 -11975.333470 -22167.570144   8351.411641    -18.355008  3  5  3  92       
PG18  -4508.817757  25715.429020   4088.286112   -462.757787  4  6  4  82       
PG19 -16860.752195 -20885.723072    234.608771    683.317143  4  7  7  91       
PG20 -21077.637011  -2182.583682 -15855.132819    361.841156  1  4  4  35       
PG21 -22440.251814  -4228.733354 -13575.510153    370.032645  6  5  4  56       
PG22 -12334.231280 -12330.954146  20276.414235    -63.829735  1  5  4  79       
PG23  -5963.251392  15825.921419  20477.924912    593.332437  3  4  4  82       
PG24 -14300.943613  14751.892683  16098.723385   -180.744374  2  3  4  87       
PG25 -13422.232389  16241.885273 -16402.083546    452.764999  6  4  5  66       
PG26  18089.384573   7786.103007 -18229.585015   -303.920829  5  6  5  93       
PG27  21914.542200  10366.086892  10998.098691    -10.015245  2  5  4  93       
PG28   6981.514407  19779.194356 -16289.922168   -617.160706  3  5  3  81       
PG29  -4881.627822  16161.473337 -20509.360056   -400.685200  3  5  4  68       
PG30  -2166.803109 -24033.802997  10975.574790     73.022660  1  3  4  73       
PG31  13012.304075   9468.660394 -21367.879880   -175.095026  4  5  5  86       
PG32  14804.416513  21156.938571   6907.155570   -183.418194  5  6  5 102       
*  2025 12 31 21  0  0.00000000
PG01  14568.778883 -17812.175292  13211.333941    347.855446  4  4  2  85       
PG02  15289.049708  -7180.222170  20783.164583      6.655290  2  2  4  85       
PG03  21955.411498 -12634.322562  -7989.476537    610.300424  2  1  3  81       
PG04  13395.338929  -7696.102999 -21600.214982     35.226085  5  6  3  92       
PG05 -24982.289280   3692.297998  -8459.270783   -226.500026  3  4  4  76       
PG06  -6392.678489 -20042.265002 -16049.667851   -597.207326  3  4  4 100       
PG07   5135.186440 -25817.702298    -73.275672   -128.947392  5  5  4  79       
PG08  20944.216510   1555.517839  16358.774865    509.174288  3  3  5  94       
PG09   2914.335102 -16336.873732 -20817.083849    769.419868  5  7  4  88       
PG10   7099.845786  13018.810061  22322.109952   -578.886988  4  4  3 100       
PG11 -13853.211760  -6571.448884 -21636.716632   -490.295786  6  5  5  72       
PG12 -24359.031223   9693.720027  -4483.393988   -605.989165  2  3  2  75       
PG13 -20555.426920 -10584.647753  13031.523995    690.833555  4  4  4  90       
PG14  -4155.585828 -15095.511145  21525.677851    725.784770  3  5  5  88       
PG15 -20527.281872   1306.306247  16295.851476    372.392438  5  2  5  68       
PG16  24317.951760   2227.771897 -11352.710863    178.618042  5  5  7  97       
PG17 -11068.376921 -21565.098714  10925.907576    -18.365528  3  4  3 103       
PG18  -4815.983030  25946.847741   1215.521795   -462.748993  4  5  4  93       
PG19 -16568.570493 -20883.391825   3050.167013    683.318960  4  6  6 100       
PG20 -19435.631105  -3228.366002 -17666.598801    361.840847  3  4  4  51       
PG21 -20878.242758  -4860.393186 -15688.454943    370.040898  6  5  4  63       
PG22 -10089.025591 -12892.724523  21191.659317    -63.826112  1  5  4  88       
PG23  -8135.672330  16441.746806  19176.685347    593.337056  2  3  4  74       
PG24 -14282.337172  12688.016315  17768.917998   -180.731296  2  4  4  81       
PG25 -15115.808191  16578.186872 -14402.268666    452.762965  6  4  4  67       
PG26  16187.514911   8723.092459 -19526.322809   -303.926394  5  6  5  97       
PG27  22615.674569  11302.365170   8484.563623    -10.021341  3  6  4  98       
PG28   6455.411418  21455.317640 -14256.546179   -617.156573  3  5  3  94       
PG29  -6555.588267  14458.598910 -21312.541406   -400.679622  3  5  4  62       
PG30  -1629.193719 -25041.991686   8464.757649     73.033697  1  2  4  86       
PG31  12347.594559  11724.723665 -20591.864754   -175.093071  4  5  4  95       
PG32  14002.877319  20693.341372   9556.045455   -183.403124  5  6  5  93       
*  2025 12 31 21 15  0.00000000
PG01  14379.229350 -16173.580066  15358.269846    347.852946  4  4  3  76       
PG02  15197.232176  -4833.430397  21576.740596      6.662808  2  2  4  86       
PG03  22698.517106 -12731.725514  -5197.117136    610.291928  3  2  2  89       
PG04  15189.157761  -6050.633386 -20942.789436     35.228383  5  6  4  97       
PG05 -24049.929758   3099.200045 -11050.945639   -226.500706  4  3  4  77       
PG06  -5933.158557 -21712.673820 -13908.666360   -597.211571  3  5  3  87       
PG07   5412.311004 -25531.406314  -2926.040992   -128.952198  6  5  4  86       
PG08  22257.808692   2765.056852  14410.206618    509.170819  3  4  5  97       
PG09   4850.841472 -14913.490841 -21522.593577    769.420694  5  6  4  90       
PG10   4756.074543  13866.129984  22405.806462   -578.890002  4  4  3  92       
PG11 -13308.183423  -8967.095590 -21119.822642   -490.283721  6  6  5  76       
PG12 -24739.050172   9539.026989  -1658.395628   -605.989552  2  3  3  55       
PG13 -21358.233408 -11719.809956  10615.330568    690.832748  4  4  4  83       
PG14  -1846.143751 -15882.886101  21252.645123    725.787067  3  5  5  87       
PG15 -22019.949656    199.746428  14352.147811    372.395466  5  1  5  86       
PG16  23054.307404   2767.831730 -13671.690165    178.624795  5  5  7  96       
PG17  -9930.272973 -20819.383504  13312.990081    -18.376619  2  4  3  91       
PG18  -5049.298095  25871.029338  -1678.495711   -462.740190  3  4  4  93       
PG19 -16056.844262 -20674.645255   5814.784856    683.320476  4  6  6  96       
PG20 -17687.998885  -4454.578036 -19170.691569    361.841273  4  5  4  80       
PG21 -19139.643649  -5646.182778 -17531.536840    370.049143  7  5  4  59       
PG22  -7800.418744 -13591.215505  21751.094650    -63.822386  2  5  4  91       
PG23 -10117.673746  17117.366971  17544.642823    593.341645  2  3  4  80       
PG24 -14348.248747  10451.240538  19116.568701   -180.718195  2  4  4  82       
PG25 -16572.890288  16910.421062 -12157.388964    452.760913  6  4  3  66       
PG26  14217.234641   9806.146349 -20496.756839   -303.931951  5  6  5  89       
PG27  23137.440104  12014.519623   5826.729024    -10.027448  3  6  4  98       
PG28   6051.902039  22915.000152 -11977.721211   -617.152446  3  5  3  92       
PG29  -8366.060761  12798.262542 -21749.632617   -400.673646  3  4  4  65       
PG30  -1185.531806 -25787.147617   5807.017536     73.044653  2  2  4  91       
PG31  11819.057976  13911.219193 -19467.830807   -175.091323  4  4  4  81       
PG32  12955.350171  20091.270953  12043.970458   -183.388013  5  6  6  94       
*  2025 12 31 21 30  0.00000000
PG01  14233.770655 -14303.143160  17240.220201    347.850278  5  3  3  76       
PG02  15229.486338  -2422.682535  22010.136794      6.670338  2  2  4  80       
PG03  23140.117056 -12741.851231  -2315.113200    610.283464  3  1  2  88       
PG04  16992.803180  -4563.486151 -19925.362863     35.230633  5  6  5  98       
PG05 -22900.257077   2329.706507 -13454.316071   -226.501167  4  4  4  44       
PG06  -5600.025616 -23150.175365 -11525.562119   -597.215780  3  5  3  89       
PG07   5674.201172 -24935.297680  -5726.659159   -128.956787  6  5  3  83       
PG08  23433.826587   3775.780864  12216.366457    509.167316  4  4  5  94       
PG09   6907.694382 -13561.809861 -21860.676048    769.421545  5  6  4  97       
PG10   2472.772633  14844.019450  22113.170418   -578.893004  4  5  3  94       
PG11 -12901.574782 -11308.769862 -20238.071051   -490.271687  7  6  5  85       
PG12 -24825.870954   9291.797148   1195.096078   -605.989913  2  3  3  81       
PG13 -22018.447716 -12607.641099   8016.707924    690.831740  5  5  4  96       
PG14    377.353457 -16763.977313  20615.397306    725.789366  3  5  5  95       
PG15 -23349.385066   -724.064824  12153.599763    372.399025  6  1  5  82       
PG16  21589.926581   3453.425287 -15765.319128    178.631851  6  5  7  93       
PG17  -8560.444701 -19972.233126  15472.844181    -18.386838  2  3  4  90       
PG18  -5246.442054  25481.465666  -4543.133179   -462.731335  3  4  5 101       
PG19 -15306.428012 -20291.575719   8482.128226    683.321859  4  5  6 105       
PG20 -15881.014794  -5855.972649 -20341.218966    361.840884  4  5  5  83       
PG21 -17267.797182  -6596.297452 -19073.005548    370.057369  7  6  4  72       
PG22  -5515.094289 -14421.079832  21946.529650    -63.818975  2  5  4  92       
PG23 -11877.686174  17816.223413  15609.245741    593.346225  2  3  3  78       
PG24 -14517.563833   8084.876318  20117.106303   -180.705055  2  4  5  92       
PG25 -17776.546516  17200.732053  -9704.627781    452.758851  6  4  3  44       
PG26  12221.245776  11027.649327 -21123.968079   -303.937509  5  6  5  91       
PG27  23446.906806  12520.268222   3070.291043    -10.033594  4  6  4  91       
PG28   5745.542556  24124.849119  -9492.645082   -617.148268  2  5  2  99       
PG29 -10281.815004  11218.041817 -21813.588952   -400.668073  4  3  4  66       
PG30   -805.581516 -26247.904759   3048.207676     73.055591  2  1  4  80       
PG31  11420.459660  15982.190953 -18013.561642   -175.089539  4  3  4  78       
PG32  11659.909977  19391.431353  14329.421374   -183.372947  4  7  6  95       
*  2025 12 31 21 45  0.00000000
PG01  14162.756631 -12233.025362  18824.841121    347.847678  5  3  4  59       
PG02  15391.996499      5.179541  22077.925939      6.677751  1  3  4  84       
PG03  23287.591168 -12624.880039    606.912610    610.274958  4  1  2  91       
PG04  18761.434629  -3252.313970 -18565.905852     35.232893  5  5  6  93       
PG05 -21572.808009   1367.733760 -15628.789994   -226.501628  5  4  5  73       
PG06  -5364.831304 -24321.172535  -8941.842923   -597.220022  4  5  4  89       
PG07   5957.027699 -24034.966808  -8424.624757   -128.961682  6  5  3  81       
PG08  24433.284166   4595.716018   9815.425277    509.163802  5  5  5  90       
PG09   9047.226438 -12312.643124 -21825.847364    769.422403  4  6  4  92       
PG10    293.985699  15928.631846  21447.984363   -578.896008  4  5  3  92       
PG11 -12628.572142 -13548.306477 -19006.948915   -490.259653  7  6  5  44       
PG12 -24631.324908   8916.893577   4027.927039   -605.990230  3  4  3  67       
PG13 -22497.184081 -13258.809568   5280.830517    690.830899  5  5  3  93       
PG14   2475.689020 -17712.857358  19623.967943    725.791692  3  5  5  80       
PG15 -24476.660412  -1476.766073   9740.399422    372.402131  6  1  5  90       
PG16  19963.225608   4300.107604 -17599.370685    178.638885  6  5  6  91       
PG17  -6966.574910 -19066.088779  17369.875472    -18.398076  2  3  4  91       
PG18  -5445.840062  24780.936608  -7328.233504   -462.722501  3  3  5  98       
PG19 -14305.546359 -19770.332107  11007.261396    683.323592  4  5  6  97       
PG20 -14060.550454  -7418.964270 -21157.855758    361.840642  5  5  5  54       
PG21 -15308.590890  -7712.939246 -20286.289230    370.065559  7  6  4  47       
PG22  -3278.186762 -15369.265356  21775.727112    -63.815140  3  4  3  82       
PG23 -13391.958884  18497.786284  13403.350398    593.350758  3  3  3  81       
PG24 -14802.030022   5636.213590  20752.599279   -180.691928  2  4  5  73       
PG25 -18717.884755  17410.009520  -7085.094528    452.756781  6  4  2  75       
PG26  10241.120406  12372.555233 -21396.563453   -303.943121  5  5  4  86       
PG27  23516.532057  12843.948053    262.129943    -10.039765  4  6  4  85       
PG28   5505.700981  25058.387815  -6844.083765   -617.144162  3  5  2  97       
PG29 -12265.762821   9749.912275 -21503.755706   -400.662115  4  2  5  59       
PG30   -456.026813 -26410.837693    236.214672     73.066607  3  1  4  84       
PG31  11138.041985  17894.122635 -16252.521648   -175.087850  4  3  3  85       
PG32  10122.981962  18635.283315  16374.359172   -183.357932  4  7  6  84       
*  2025 12 31 22  0  0.00000000
PG01  14190.948481 -10001.577314  20084.953316    347.845096  5  3  5  59       
PG02  15683.030724   2403.208391  21780.564224      6.685116  2  3  4  74       
PG03  23157.177221 -12344.221195   3518.400495    610.266561  4  1  3  77       
PG04  20448.959198  -2126.455298 -16888.186766     35.235162  5  5  6 101       
PG05 -20110.842582    205.039205 -17537.742103   -226.502282  5  4  5  76       
PG06  -5193.947720 -25199.732989  -6202.516538   -597.224298  4  6  3  90       
PG07   6295.341804 -22845.255454 -10970.745702   -128.966113  6  4  2  78       
PG08  25221.006367   5240.283037   7248.705492    509.160288  5  5  5  86       
PG09  11227.130525 -11190.169145 -21418.929979    769.423225  4  5  4  82       
PG10  -1740.923859  17089.089051  20420.218920   -578.899020  4  5  3  83       
PG11 -12476.466046 -15640.087447 -17447.964529   -490.247608  7  6  5  60       
PG12 -24175.287767   8382.964161   6790.955193   -605.990764  3  4  4  54       
PG13 -22759.842672 -13691.926872   2454.864239    690.829989  5  5  3  90       
PG14   4414.860327 -18697.819536  18294.530683    725.793965  3  5  5  70       
PG15 -25367.967109  -2077.236064   7156.157152    372.405175  6  1  5  64       
PG16  18215.868668   5316.183669 -19143.751295    178.646044  6  5  6  95       
PG17  -5164.429362 -18142.371052  18973.212439    -18.408629  2  3  4  91       
PG18  -5684.941744  23781.459685  -9985.039820   -462.713700  3  3  5  98       
PG19 -13050.433748 -19149.695499  13347.355095    683.325399  4  4  6  96       
PG20 -12270.381642  -9121.985622 -21606.505276    361.840257  5  5  5  18       
PG21 -13308.798225  -8990.061550 -21150.454285    370.073714  7  6  4  58       
PG22  -1131.795013 -16415.465562  21242.369592    -63.811482  3  4  3  80       
PG23 -14645.328322  19119.176340  10964.688338    593.355321  3  3  3  74       
PG24 -15205.695227   3154.762204  21012.112694   -180.678783  3  4  5  71       
PG25 -19396.311807  17499.505245  -4343.196858    452.754763  6  4  2  65       
PG26   8315.884529  13818.778507 -21308.909026   -303.948682  5  5  4  89       
PG27  23325.215060  13015.359885  -2550.454548    -10.045924  5  6  5  83       
PG28   5297.923758  25696.995211  -4077.635071   -617.140033  2  5  1 101       
PG29 -14276.238597   8419.157542 -20825.849252   -400.656292  5  2  5  46       
PG30   -101.979450 -26271.010762  -2579.893389     73.077552  3  1  4  88       
PG31  10951.112981  19607.460086 -14213.558698   -175.086031  4  2  3  84       
PG32   8359.256270  17863.432673  18144.783870   -183.342904  4  7  6  90       
*  2025 12 31 22 15  0.00000000
PG01  14336.465991  -7652.028697  20999.002922    347.842436  6  3  5  54       
PG02  16093.056569   4725.881522  21124.282145      6.692578  4  4  4  71       
PG03  22773.281165 -11868.135283   6368.742194    610.258127  4  2  3  91       
PG04  22009.712176  -1186.775220 -14921.338192     35.237418  6  5  7  94       
PG05 -18559.725008  -1158.295430 -19149.090260   -226.503049  5  5  5  87       
PG06  -5050.075468 -25768.518612  -3355.297897   -597.228575  4  6  3  87       
PG07   6720.426060 -21389.841480 -13318.184979   -128.971036  6  4  2  90       
PG08  25766.915789   5731.465284   4559.973169    509.156770  6  5  5  87       
PG09  13401.908215 -10211.120933 -20647.023599    769.424076  3  4  4  89       
PG10  -3598.607769  18288.551977  19045.958893   -578.902088  3  5  3  80       
PG11 -12425.257077 -17542.629469 -15588.255654   -490.235514  8  6  5  64       
PG12 -23484.902985   7663.890072   9435.921029   -605.991210  4  4  4  61       
PG13 -22777.470245 -13932.595462   -412.848265    690.829202  5  6  3  90       
PG14   6167.217990 -19682.553238  16649.182925    725.796269  4  5  5  90       
PG15 -25995.855364  -2550.549981   4447.009268    372.408456  6  2  5  83       
PG16  16391.330958   6502.246427 -20372.923257    178.652907  6  5  6  84       
PG17  -3177.383280 -17239.904130  20257.115982    -18.419283  4  4  4  88       
PG18  -5998.541787  22503.881282 -12467.093135   -462.704907  4  4  5 103       
PG19 -11545.692643 -18469.557598  15462.379848    683.327265  4  4  6 104       
PG20 -10550.591035 -10936.167362 -21679.544287    361.840262  6  4  5  68       
PG21 -11314.395521 -10413.440087 -21650.568676    370.081836  7  5  4  64       
PG22    886.378850 -17532.838171  20355.949553    -63.807781  4  4  2  88       
PG23 -15631.658020  19636.904555   8335.234489    593.359919  4  3  3  80       
PG24 -15724.695596    690.408296  20891.892988   -180.665633  3  4  5  86       
PG25 -19819.481626  17432.475135  -1525.927647    452.752687  6  4  3  74       
PG26   6480.691260  15337.856806 -20861.287274   -303.954252  5  5  4  88       
PG27  22859.109124  13068.436811  -5320.485131    -10.052097  6  6  5  84       
PG28   5085.456610  26030.553923  -1240.942018   -617.135894  2  5  1  93       
PG29 -16268.458305   7243.549195 -19791.832966   -400.650731  5  2  6  78       
PG30    291.435986 -25832.205228  -5350.758396     73.088518  4  2  4  78       
PG31  10832.917291  21088.012351 -11930.508649   -175.084327  3  2  3  90       
PG32   6391.305193  17114.069605  19611.240623   -183.327926  3  7  6  76       
*  2025 12 31 22 30  0.00000000
PG01  14610.009917  -5230.996414  21551.422727    347.839761  6  3  5  76       
PG02  16605.140927   6930.562029  20120.909917      6.700092  5  4  5  62       
PG03  22167.471155 -11171.184078   9108.186719    610.249696  4  2  3  75       
PG04  23400.125825   -425.836363 -12699.338750     35.239645  6  5  7  94       
PG05 -16965.245464  -2713.697544 -20435.795448   -226.503517  6  5  5  67       
PG06  -4893.900585 -26019.385708   -449.747418   -597.232866  4  6  3  93       
PG07   7258.762713 -19700.447169 -15423.484777   -128.975729  6  4  2  98       
PG08  26047.129077   6096.745632   1794.714710    509.153246  6  5  4  79       
PG09  15524.443319  -9384.267923 -19523.376882    769.424949  3  4  4  84       
PG10  -5252.851159  19485.539124  17347.234045   -578.905139  3  4  3  76       
PG11 -12448.554192 -19220.013943 -13460.101749   -490.223474  8  6  4  71       
PG12 -22593.522122   6740.048428  11916.325331   -605.991474  4  4  4  84       
PG13 -22527.903162 -14012.210564  -3273.597679    690.828198  5  6  3  95       
PG14   7712.366543 -20627.522195  14715.620844    725.798578  4  5  5  89       
PG15 -26340.208326  -2926.707082   1660.714367    372.411869  7  3  5  93       
PG16  14533.409213   7850.989448 -21266.275617    178.659805  6  5  6  77       
PG17  -1035.675017 -16393.472268  21201.297415    -18.429631  4  4  4  90       
PG18  -6417.212803  20977.126069 -14731.083770   -462.696176  4  4  5 103       
PG19  -9804.352617 -17769.354911  17315.775745    683.329053  4  4  5  92       
PG20  -8936.130136 -12826.313542 -21375.946848    361.840143  6  4  5  75       
PG21  -9368.919288 -11961.068454 -21777.962482    370.089965  7  5  4  78       
PG22   2744.221088 -18688.964199  19131.587689    -63.804072  4  4  2  88       
PG23 -16353.929112  20008.660740   5560.485460    593.364537  4  4  3  87       
PG24 -16347.400227  -1708.428604  20395.376240   -180.652478  3  4  5  90       
PG25 -20002.926626  17175.781683   1317.925277    452.750630  6  4  3  70       
PG26   4765.631567  16895.866352 -20059.972247   -303.959833  4  5  3  75       
PG27  22112.170811  13039.788476  -8002.018511    -10.058255  6  6  5  72       
PG28   4830.859757  26057.781297   1617.130394   -617.131769  2  5  2  83       
PG29 -18196.101533   6232.825098 -18419.691831   -400.644880  6  3  6  72       
PG30    757.485271 -25106.810786  -8027.644613     73.099495  5  2  4  81       
PG31  10751.762533  22308.175963  -9441.701380   -175.082669  3  1  3  65       
PG32   4248.917722  16421.513071  20749.259306   -183.312974  3  7  6  62       
*  2025 12 31 22 45  0.00000000
PG01  15014.385277  -2786.869309  21732.888336    347.837164  7  3  6  69       
PG02  17195.615033   8978.843892  18787.643792      6.707354  6  4  5  71       
PG03  21377.192242 -10235.446559  11688.745172    610.241262  4  2  4  80       
PG04  24580.323595    171.609734 -10260.420189     35.241895  7  5  7  84       
PG05 -15371.944375  -4444.258563 -21376.280206   -226.503748  6  5  5  85       
PG06  -4685.832507 -25953.632805   2463.621815   -597.237167  4  7  3  96       
PG07   7930.695053 -17815.697101 -17247.538689   -128.980515  6  4  3 100       
PG08  26044.827561   6367.855037  -1000.591830    509.149672  6  5  4  73       
PG09  17547.642532  -8710.209556 -18067.162480    769.425788  4  4  5  83       
PG10  -6685.435374  20635.450194  15351.750463   -578.908142  2  4  4  72       
PG11 -12514.728897 -20643.105432 -11100.349932   -490.211476  7  6  4  76       
PG12 -21539.399815   5599.333780  14188.296002   -605.992306  4  5  4  83       
PG13 -21996.654527 -13966.565723  -6079.101360    690.827613  6  6  3  97       
PG14   9037.788901 -21491.494549  12526.707285    725.800885  5  5  5  87       
PG15 -26388.920263  -3239.190228  -1154.239356    372.414998  7  3  5  83       
PG16  12684.727639   9347.301397 -21808.441568    178.667021  6  4  6  80       
PG17   1224.580927 -15632.556476  21791.147679    -18.440648  5  4  4  94       
PG18  -6965.915552  19237.135856 -16737.638172   -462.687398  4  5  5 101       
PG19  -7847.622379 -17086.514506  18875.088807    683.330451  4  4  5  94       
PG20  -7455.596943 -14752.133749 -20701.285603    361.840095  6  4  5  63       
PG21  -7511.926769 -13603.863858 -21530.381033    370.098293  7  5  4  65       
PG22   4416.190707 -19847.012959  17589.783362    -63.800640  4  3  2  91       
PG23 -16823.974594  20195.079045   2688.660134    593.369052  4  4  3  64       
PG24 -17054.901438  -3996.554049  19533.024900   -180.639306  3  3  5  93       
PG25 -19969.378531  16701.390365   4138.635215    452.748555  6  5  4  83       
PG26   3194.727445  18454.562323 -18917.216440   -303.965389  4  5  3  73       
PG27  21086.432455  12967.174327 -10550.820921    -10.064438  6  6  6  72       
PG28   4497.654014  25786.230737   4447.340512   -617.127681  2  5  3  90       
PG29 -20012.956837   5388.483553 -16733.110775   -400.639377  6  4  6  67       
PG30   1326.283127 -24115.381961 -10563.351820     73.110460  6  3  4  83       
PG31  10672.363145  23247.931503  -6789.370404   -175.080964  2  1  3  75       
PG32   1968.175164  15814.910827  21539.724384   -183.297982  3  6  6  71       
*  2025 12 31 23  0  0.00000000
PG01  15544.343443   -368.131426  21540.465783    347.834571  7  4  6  78       
PG02  17834.978737  10837.741140  17146.758422      6.714673  6  4  5  68       
PG03  20444.250892  -9051.448274  14065.075633    610.232899  5  3  4  86       
PG04  25515.580398    627.832186  -7646.410334     35.244093  7  5  7 107       
PG05 -13821.500093  -6325.203632 -21954.761498   -226.504362  6  5  5  66       
PG06  -4387.752115 -25581.887546   5334.249715   -597.241474  5  7  3  95       
PG07   8749.350215 -15779.671216 -18756.477538   -128.985095  6  5  3 106       
PG08  25750.875224   6579.380661  -3779.201989    509.146114  7  5  4  74       
PG09  19426.082850  -8181.487180 -16303.159016    769.426689  4  4  5 100       
PG10  -7886.707110  21692.242694  13092.519657   -578.911193  2  3  3  86       
PG11 -12588.278844 -21790.513010  -8549.765711   -490.199432  7  6  3  83       
PG12 -20364.192299   4237.891463  16211.424585   -605.992267  4  5  5  92       
PG13 -21177.517453 -13834.317145  -8782.269542    690.826527  6  6  3  90       
PG14  10139.166817 -22233.166240  10119.936625    725.803191  4  5  5  89       
PG15 -26138.262312  -3523.421482  -3949.496777    372.418259  7  4  5  75       
PG16  10885.287785  10968.641457 -21989.559461    178.673946  6  5  6  84       
PG17   3562.582602 -14980.291462  22017.881422    -18.451804  5  4  4  97       
PG18  -7662.843821  17325.542173 -18452.024645   -462.678557  5  5  5 109       
PG19  -5704.337078 -16454.968536  20112.563090    683.332353  4  4  4 102       
PG20  -6130.276761 -16669.682489 -19667.611714    361.840333  7  3  6  74       
PG21  -5777.618706 -15306.656697 -20912.027808    370.106461  8  5  4  70       
PG22   5884.065538 -20967.072705  15756.100509    -63.796911  4  3  3  94       
PG23 -17061.865228  20161.407800   -230.162651    593.373679  4  5  3  85       
PG24 -17821.822280  -6133.595535  18322.004643   -180.626174  3  3  5 104       
PG25 -19747.798633  15987.694792   6886.443377    452.746499  6  5  5  86       
PG26   1785.147490  19972.707753 -17451.143612   -303.970975  4  5  3  73       
PG27  19791.993664  12887.959596 -12925.003401    -10.070635  7  5  6  81       
PG28   4051.932918  25231.963246   7200.922497   -617.123581  2  5  3  87       
PG29 -21674.568867   4703.898773 -14761.062960   -400.633613  6  5  7  47       
PG30   2023.373101 -22885.874632 -12913.108056     73.121443  6  4  4  95       
PG31  10557.353576  23895.568300  -4018.970907   -175.079032  2  1  3  73       
PG32   -409.700207  15317.140045  21969.172026   -183.283019  3  6  5  80       
*  2025 12 31 23 15  0.00000000
PG01  16186.748440   1978.312156  20977.648958    347.832075  7  4  6  68       
PG02  18489.012167  12480.685334  15225.269204      6.722124  7  4  5  60       
PG03  19413.129034  -7618.762344  16195.328723    610.224496  5  3  4  75       
PG04  26177.595049    971.063539  -4902.023057     35.246324  8  5  8  95       
PG05 -12351.238056  -8324.658477 -22161.494879   -226.505383  6  6  6  74       
PG06  -3964.699021 -24923.639048   8112.429450   -597.245787  5  6  3  90       
PG07   9719.879777 -13640.216378 -19922.436394   -128.989779  6  5  4  91       
PG08  25164.166071   6767.284622  -6494.819171    509.142492  7  6  4  69       
PG09  21117.605214  -7783.009426 -14261.344522    769.427617  5  4  6  98       
PG10  -8855.826090  22610.201554  10607.384355   -578.914214  2  3  4  87       
PG11 -12631.346617 -22649.259155  -5852.320644   -490.187353  7  6  3  82       
PG12 -19111.318161   2660.526834  17949.552453   -605.992774  4  5  5  93       
PG13 -20072.867186 -13655.365081 -11337.935619    690.825868  7  6  4  79       
PG14  11020.381232 -22812.813962   7536.803340    725.805497  5  5  5  89       
PG15 -25592.932738  -3815.178466  -6677.653092    372.421430  7  4  5  61       
PG16   9171.110220  12685.686777 -21805.473554    178.680900  6  5  6  93       
PG17   5934.186990 -14452.674260  21878.600060    -18.462523  6  4  4 100       
PG18  -8518.550737  15288.127803 -19844.763962   -462.669757  5  5  5 108       
PG19  -3410.114090 -15903.794157  21005.676756    683.334100  4  4  3 105       
PG20  -4973.482468 -18532.948229 -18293.217189    361.839903  7  3  6  69       
PG21  -4193.677024 -17029.426542 -19933.496088    370.114712  8  5  5  79       
PG22   7137.426356 -22007.601932  13660.791865    -63.793208  5  3  3  84       
PG23 -17094.969804  19879.014027  -3144.952253    593.378246  5  5  3  73       
PG24 -18617.398193  -8085.371065  16785.718594   -180.613037  3  3  5 101       
PG25 -19372.150865  15020.609944   9512.497803    452.744417  6  5  5  89       
PG26    546.678305  21407.546168 -15685.542562   -303.976544  4  6  3  77       
PG27  18246.736234  12837.606564 -15085.613796    -10.076831  7  5  6  87       
PG28   3463.877349  24418.901974   9830.430781   -617.119422  3  5  3  94       
PG29 -23139.826031   4164.751331 -12537.315231   -400.627922  7  5  7  60       
PG30   2868.490166 -21452.592144 -15035.420701     73.132396  7  5  4  87       
PG31  10368.913799  24248.102231  -1178.414198   -175.077245  3  1  4  81       
PG32  -2839.684301  14943.947009  22030.011515   -183.268073  3  6  5  76       
*  2025 12 31 23 30  0.00000000
PG01  16921.060312   4208.743318  20054.287147    347.829402  7  4  6  73       
PG02  19120.057782  13888.301655  13054.547349      6.729662  7  4  6  85       
PG03  18329.195458  -5946.253680  18041.934594    610.216076  5  4  4  65       
PG04  26545.528327   1234.217513  -2074.106755     35.248579  8  5  8  89       
PG05 -10992.814901 -10404.685576 -21992.927645   -226.505851  7  6  6  80       
PG06  -3386.430237 -24006.436452  10750.184619   -597.250078  5  6  3  84       
PG07  10839.058614 -11447.094161 -20724.174620   -128.994688  6  5  4  98       
PG08  24291.691976   6967.386142  -9102.291370    509.138854  7  6  4  97       
PG09  22584.795680  -7492.774854 -11976.406927    769.428503  6  4  6 102       
PG10  -9600.674698  23345.735653   7938.442291   -578.917259  2  3  4  86       
PG11 -12605.333877 -23215.132378  -3054.429876   -490.175343  6  6  3  81       
PG12 -17824.247421    880.767543  19371.486759   -605.993375  4  6  5 101       
PG13 -18693.655488 -13469.211700 -13703.543220    690.825391  7  5  4  86       
PG14  11693.189257 -23193.911216   4822.083924    725.807740  5  5  5  66       
PG15 -24765.801003  -4149.033838  -9293.013966    372.424729  7  4  5  80       
PG16   7573.014201  14463.234876 -21257.869686    178.688315  5  5  5  91       
PG17   8293.366365 -14058.047098  21376.277956    -18.473209  6  4  5  96       
PG18  -9535.391023  13173.140821 -20892.133613   -462.660896  6  6  5  76       
PG19  -1006.241535 -15456.032889  21537.609614    683.335624  5  4  3 101       
PG20  -3990.218136 -20295.528872 -16602.285768    361.839746  7  3  7  74       
PG21  -2780.361859 -18728.737504 -18611.590272    370.122860  8  4  5  83       
PG22   8173.863276 -22926.952738  11338.363887    -63.789663  5  3  3  88       
PG23 -16956.726659  19326.659007  -6004.661250    593.382797  5  6  4  81       
PG24 -19406.778146  -9824.976463  14953.220319   -180.599896  3  4  5 101       
PG25 -18879.963886  13794.380610  11969.802808    452.742328  5  5  6  80       
PG26   -518.523065  22716.366090 -13649.558190   -303.982123  3  6  3  83       
PG27  16475.775063  12848.251197 -16997.183202    -10.083019  7  5  6  99       
PG28   2709.112863  23377.894969  12290.561511   -617.115300  3  5  4  87       
PG29 -24372.429944   3749.755719 -10099.858829   -400.622200  7  6  7  60       
PG30   3874.560011 -19854.883659 -16892.865337     73.143314  8  5  4  88       
PG31  10070.443088  24311.362818   1682.770022   -175.075369  3  1  4  92       
PG32  -5274.432798  14703.356743  21720.667929   -183.253113  4  5  5  76       
*  2025 12 31 23 45  0.00000000
PG01  17720.116237   6284.111966  18786.404728    347.826881  7  4  7  79       
PG02  19688.431541  15048.940055  10669.889374      6.737118  7  4  6  83       
PG03  17236.887616  -4051.952854  19572.313068    610.207658  5  4  4  67       
PG04  26606.768995   1453.431432    789.136907     35.250805  8  5  8  82       
PG05  -9771.124736 -12522.552537 -21451.759324   -226.506509  7  6  6  90       
PG06  -2628.788302 -22864.787787  13202.106653   -597.254302  6  6  4  85       
PG07  12095.263544  -9250.052347 -21147.526906   -128.999331  6  6  5  92       
PG08  23148.331076   7213.859999 -11558.284646    509.135249  7  6  5  88       
PG09  23796.299309  -7282.864852  -9487.178136    769.429329  6  5  6  83       
PG10 -10137.425633  23859.131199   5131.372140   -578.920208  3  4  5  70       
PG11 -12472.547792 -23492.712002   -204.153097   -490.163343  5  6  3  68       
PG12 -16544.789655  -1079.429334  20451.627124   -605.993853  4  6  5  99       
PG13 -17059.101158 -13313.354164 -15839.784114    690.824494  8  5  4  97       
PG14  12176.587926 -23344.641053   2023.044562    725.810039  5  6  5  55       
PG15 -23677.365662  -4556.875718 -11752.290494    372.427820  7  4  5  73       
PG16   6115.578620  16261.335743 -20354.340169    178.695253  5  4  5  93       
PG17  10593.724796 -13796.867987  20519.675577    -18.484325  5  4  5  94       
PG18 -10707.299987  11029.530004 -21576.557470   -462.652098  7  6  5  59       
PG19   1461.665332 -15127.738807  21697.629264    683.337655  5  5  2  94       
PG20  -3177.176632 -21912.327449 -14624.440702    361.839883  7  4  7  72       
PG21  -1549.902395 -20359.318052 -16969.039608    370.131001  8  4  6  76       
PG22   8998.896979 -23684.915283   8827.084574    -63.785526  5  3  4  60       
PG23 -16685.176091  18491.490376  -8759.167053    593.387340  6  6  4  72       
PG24 -20152.482628 -11333.554106  12858.529629   -180.586650  3  4  5 104       
PG25 -18310.739724  12312.063143  14214.154988    452.740251  6  6  7  84       
PG26  -1415.880160  23858.099763 -11377.278059   -303.987692  3  6  3  78       
PG27  14510.665198  12947.411732 -18628.225009    -10.089197  7  4  5  99       
PG28   1769.856123  22145.522668  14538.936410   -617.111125  3  5  4  82       
PG29 -25342.192425   3431.656368  -7490.274295   -400.616712  7  6  7  68       
PG30   5046.978815 -18135.648613 -18452.793340     73.154271  8  6  3  83       
PG31   9628.213444  24099.738963   4514.328796   -175.073457  3  2  4  83       
PG32  -7665.854866  14595.374859  21045.643103   -183.238156  4  5  5  69       
EOF
