ID	DOMES	Date	B	L	Helips	Hnorm	ZTD	mZTD	GradN	GradE	mGradN	mGradE
BART	12234M001	2020-07-08 00:00:00.0	54.25069	20.81544	93.233	65.259	2,397.2	1.6	0.05	-0.65	0.23	0.22
BART	12234M001	2020-07-08 00:30:00.0	54.25069	20.81544	93.233	65.259	2,393.9	1.5	-0.36	-0.27	0.23	0.23
BART	12234M001	2020-07-08 01:00:00.0	54.25069	20.81544	93.236	65.262	2,396.8	0.9	-0.69	-0.18	0.11	0.1
BEDZ	NDNT-BEDZ	2020-07-08 00:00:00.0	50.34453	19.15936	315.215	274.423	2,355.1	1.2	-0.22	-0.81	0.15	0.14
BEDZ	NDNT-BEDZ	2020-07-08 00:30:00.0	50.34453	19.15936	315.215	274.423	2,355.6	1.2	-0.1	-0.59	0.14	0.16
BEDZ	NDNT-BEDZ	2020-07-08 01:00:00.0	50.34453	19.15936	315.215	274.423	2,361.1	0.9	-0.37	-0.67	0.11	0.11
BES1	MUSE-BES1	2020-07-08 00:00:00.0	50.32831	19.12436	310.63	269.73	2,361.9	1.4	-0.12	-0.95	0.17	0.18
BES1	MUSE-BES1	2020-07-08 00:30:00.0	50.32831	19.12436	310.63	269.73	2,361.1	1.4	-0.62	-0.27	0.18	0.22
BES1	MUSE-BES1	2020-07-08 01:00:00.0	50.32831	19.12436	310.632	269.732	2,360.6	1	-0.64	-0.12	0.11	0.15
BIA2	NDNT-BIAL	2020-07-08 00:00:00.0	49.39022	20.09875	754.862	713.423	2,225.3	1.3	-1.01	-0.35	0.16	0.16
BIA2	NDNT-BIAL	2020-07-08 00:30:00.0	49.39022	20.09875	754.862	713.423	2,220.4	1.2	-0.72	-0.38	0.14	0.16
BIA2	NDNT-BIAL	2020-07-08 01:00:00.0	49.39022	20.09875	754.867	713.428	2,216.7	0.9	-0.43	-0.43	0.11	0.11
BILG	12236M001	2020-07-08 00:00:00.0	50.5315	22.71858	242.966	209.277	2,344.1	1.3	0.28	0.41	0.17	0.16
BILG	12236M001	2020-07-08 00:30:00.0	50.5315	22.71858	242.966	209.277	2,341.4	1.3	0.32	1.1	0.15	0.18
BILG	12236M001	2020-07-08 01:00:00.0	50.5315	22.71858	242.964	209.275	2,347.3	0.9	0.08	0.06	0.1	0.1
BOGI	12207M003	2020-07-08 00:00:00.0	52.475	21.03522	139.966	109.158	2,387.2	1.9	-0.53	0.71	0.27	0.29
BOGI	12207M003	2020-07-08 00:30:00.0	52.475	21.03522	139.966	109.158	2,381.5	1.5	-0.77	0.88	0.22	0.26
BOGI	12207M003	2020-07-08 01:00:00.0	52.475	21.03522	139.976	109.168	2,383.5	1.1	-0.68	1.17	0.17	0.14
BOGO	12207M002	2020-07-08 00:00:00.0	52.47594	21.03536	149.61	118.804	2,386.2	1.2	-1.35	-1.16	0.15	0.14
BOGO	12207M002	2020-07-08 00:30:00.0	52.47594	21.03536	149.61	118.804	2,387	1.2	-1.4	-0.11	0.16	0.17
BOGO	12207M002	2020-07-08 01:00:00.0	52.47594	21.03536	149.611	118.805	2,380.9	0.9	-0.05	-0.24	0.12	0.12
BOR1	12205M002	2020-07-08 00:00:00.0	52.27694	17.07347	124.426	89.075	2,417.2	1.9	-0.98	-0.7	0.29	0.25
BOR1	12205M002	2020-07-08 00:30:00.0	52.27694	17.07347	124.426	89.075	2,422	1.5	-0.79	-0.41	0.24	0.22
BOR1	12205M002	2020-07-08 01:00:00.0	52.27694	17.07347	124.433	89.082	2,428.9	1.1	-0.78	-0.62	0.16	0.12
BPDL	12223M001	2020-07-08 00:00:00.0	52.03528	23.12736	196.356	167.422	2,365.3	1.2	-0.31	-0.33	0.18	0.15
BPDL	12223M001	2020-07-08 00:30:00.0	52.03528	23.12736	196.356	167.422	2,362.7	1.2	-0.06	-0.4	0.15	0.16
BPDL	12223M001	2020-07-08 01:00:00.0	52.03528	23.12736	196.357	167.423	2,365	0.9	-0.47	-0.51	0.11	0.1
BRZE	NDNT-BRZE	2020-07-08 00:00:00.0	49.969	20.59017	327.372	289.012	2,341.9	1.4	-0.44	-0.33	0.23	0.18
BRZE	NDNT-BRZE	2020-07-08 00:30:00.0	49.969	20.59017	327.372	289.012	2,343.3	1.4	0.07	-0.36	0.18	0.18
BRZE	NDNT-BRZE	2020-07-08 01:00:00.0	49.969	20.59017	327.375	289.015	2,340.2	1	0.28	-0.46	0.14	0.1
BRZG	NDNT-BRZG	2020-07-08 00:00:00.0	50.86219	17.45103	190.698	150.349	2,405.5	1.5	-0.56	-1.05	0.19	0.18
BRZG	NDNT-BRZG	2020-07-08 00:30:00.0	50.86219	17.45103	190.698	150.349	2,401.5	1.5	-0.98	0.03	0.19	0.2
BRZG	NDNT-BRZG	2020-07-08 01:00:00.0	50.86219	17.45103	190.696	150.347	2,406.9	1.1	-1.56	-0.14	0.12	0.13
BUCU	11401M001	2020-07-08 00:00:00.0	44.46394	26.12575	143.334	108.823	2,458.1	1.4	-1.88	0.83	0.2	0.17
BUCU	11401M001	2020-07-08 00:30:00.0	44.46394	26.12575	143.334	108.823	2,458.1	1.6	-2.25	0.52	0.18	0.22
BUCU	11401M001	2020-07-08 01:00:00.0	44.46394	26.12575	143.33	108.819	2,450.7	1	-2.88	1.36	0.15	0.09
BUSK	NDNT-BUSK	2020-07-08 00:00:00.0	50.47422	20.71275	311.409	274.013	2,343.4	1.3	-0.91	-0.7	0.16	0.16
BUSK	NDNT-BUSK	2020-07-08 00:30:00.0	50.47422	20.71275	311.409	274.013	2,342.5	1.2	-0.73	-0.54	0.15	0.16
BUSK	NDNT-BUSK	2020-07-08 01:00:00.0	50.47422	20.71275	311.412	274.016	2,343.5	0.9	-0.61	-0.46	0.11	0.1
BUZD	12238M001	2020-07-08 00:00:00.0	50.46622	20.71894	299.278	261.883	2,344.8	1.4	-0.9	-0.69	0.22	0.17
BUZD	12238M001	2020-07-08 00:30:00.0	50.46622	20.71894	299.278	261.883	2,347.1	1.3	-0.99	-0.83	0.17	0.18
BUZD	12238M001	2020-07-08 01:00:00.0	50.46622	20.71894	299.279	261.884	2,343.1	0.9	-0.73	-0.31	0.13	0.1
BYDG	12224M001	2020-07-08 00:00:00.0	53.13456	17.99364	104.44	73.832	2,401.3	1.2	-0.78	-0.82	0.14	0.14
BYDG	12224M001	2020-07-08 00:30:00.0	53.13456	17.99364	104.44	73.832	2,400.6	1.1	-1.38	-1.28	0.14	0.14
BYDG	12224M001	2020-07-08 01:00:00.0	53.13456	17.99364	104.444	73.836	2,415.7	0.9	-1.29	-1.12	0.11	0.1
CBKA	12221M001	2020-07-08 00:00:00.0	52.21472	21.06769	125.191	93.943	2,390.8	1.2	-0.74	-0.22	0.15	0.16
CBKA	12221M001	2020-07-08 00:30:00.0	52.21472	21.06769	125.191	93.943	2,390	1.2	-0.18	-0.08	0.15	0.16
CBKA	12221M001	2020-07-08 01:00:00.0	52.21472	21.06769	125.19	93.942	2,388.8	0.9	-0.72	0.13	0.11	0.1
CCHN	12239M001	2020-07-08 00:00:00.0	52.88281	20.59783	167.633	136.739	2,381.8	1.2	-1.22	-0.28	0.15	0.14
CCHN	12239M001	2020-07-08 00:30:00.0	52.88281	20.59783	167.633	136.739	2,384.1	1.1	-1.23	-0.3	0.15	0.15
CCHN	12239M001	2020-07-08 01:00:00.0	52.88281	20.59783	167.636	136.742	2,382.5	0.9	-0.84	-0.83	0.12	0.12
CFRM	11525M001	2020-07-08 00:00:00.0	49.68481	18.35319	373.669	330.846	2,346.8	2.1	0.11	-1.31	0.29	0.27
CFRM	11525M001	2020-07-08 00:30:00.0	49.68481	18.35319	373.669	330.846	2,347.7	1.7	-0.38	-1.1	0.23	0.24
CFRM	11525M001	2020-07-08 01:00:00.0	49.68481	18.35319	373.666	330.843	2,351	1.6	-0.23	-0.74	0.2	0.23
CHEL	12240M001	2020-07-08 00:00:00.0	51.13	23.48042	255.522	225.905	2,342.6	1.3	-1.27	-0.25	0.16	0.16
CHEL	12240M001	2020-07-08 00:30:00.0	51.13	23.48042	255.522	225.905	2,342.8	1.4	-1.13	-0.27	0.15	0.18
CHEL	12240M001	2020-07-08 01:00:00.0	51.13	23.48042	255.52	225.903	2,344.5	0.9	-1.04	-0.4	0.11	0.1
CHNO	12241M001	2020-07-08 00:00:00.0	53.16406	15.41406	105.393	70.638	2,441.3	1.4	-1.07	-1.93	0.18	0.18
CHNO	12241M001	2020-07-08 00:30:00.0	53.16406	15.41406	105.393	70.638	2,433.2	1.3	-1.07	-0.39	0.17	0.17
CHNO	12241M001	2020-07-08 01:00:00.0	53.16406	15.41406	105.395	70.64	2,429.8	1	-1.76	0.44	0.12	0.13
CHOJ	12242M001	2020-07-08 00:00:00.0	53.69519	17.55236	204.053	173.303	2,391.2	1.4	-0.19	-2.37	0.22	0.18
CHOJ	12242M001	2020-07-08 00:30:00.0	53.69519	17.55236	204.053	173.303	2,392.8	1.3	-0.27	-1.46	0.2	0.19
CHOJ	12242M001	2020-07-08 01:00:00.0	53.69519	17.55236	204.052	173.302	2,399.1	1	-0.9	-0.38	0.12	0.12
CLIB	11526M001	2020-07-08 00:00:00.0	50.77169	15.05989	448.437	405.147	2,339	1.2	-1.36	-0.26	0.15	0.12
CLIB	11526M001	2020-07-08 00:30:00.0	50.77169	15.05989	448.437	405.147	2,337.6	1.1	-1.19	-0.42	0.13	0.1
CLIB	11526M001	2020-07-08 01:00:00.0	50.77169	15.05989	448.438	405.148	2,338.1	0.9	-0.81	-0.57	0.11	0.11
CNIV	15501M001	2020-07-08 00:00:00.0	51.51894	31.31361	175.937	151.187	2,454.7	1.5	0.53	-0.73	0.17	0.18
CNIV	15501M001	2020-07-08 00:30:00.0	51.51894	31.31361	175.937	151.187	2,457.1	1.4	0.92	-0.2	0.17	0.21
CNIV	15501M001	2020-07-08 01:00:00.0	51.51894	31.31361	175.915	151.165	2,475.9	1	-0.71	0.14	0.11	0.11
CPAR	11527M001	2020-07-08 00:00:00.0	50.03956	15.78325	283.359	239.254	2,381.9	1.5	-0.82	-0.37	0.21	0.17
CPAR	11527M001	2020-07-08 00:30:00.0	50.03956	15.78325	283.359	239.254	2,383.3	1.3	-0.43	-0.58	0.17	0.13
CPAR	11527M001	2020-07-08 01:00:00.0	50.03956	15.78325	283.359	239.254	2,392	1.3	0.05	-1.29	0.14	0.16
CRAK	11528M001	2020-07-08 00:00:00.0	50.10239	13.72925	381.965	336.127	2,361.1	1.4	-1.02	0.33	0.19	0.16
CRAK	11528M001	2020-07-08 00:30:00.0	50.10239	13.72925	381.965	336.127	2,359.7	1.3	-1.57	0.26	0.18	0.13
CRAK	11528M001	2020-07-08 01:00:00.0	50.10239	13.72925	381.967	336.129	2,357.5	1	-1.36	0.7	0.14	0.11
CZES	NDNT-CZES	2020-07-08 00:00:00.0	50.78419	19.15317	312.09	273.238	2,352.3	1.2	-0.54	0.02	0.15	0.14
CZES	NDNT-CZES	2020-07-08 00:30:00.0	50.78419	19.15317	312.09	273.238	2,362.5	1.2	-0.72	0.41	0.14	0.15
CZES	NDNT-CZES	2020-07-08 01:00:00.0	50.78419	19.15317	312.095	273.243	2,362.7	0.9	-0.49	-0.34	0.11	0.1
DAB1	NDNT-DABT	2020-07-08 00:00:00.0	50.17606	20.992	249.886	212.849	2,365.7	1.2	-0.76	0.13	0.15	0.13
DAB1	NDNT-DABT	2020-07-08 00:30:00.0	50.17606	20.992	249.886	212.849	2,360.2	1.2	-0.63	-0.48	0.13	0.14
DAB1	NDNT-DABT	2020-07-08 01:00:00.0	50.17606	20.992	249.888	212.851	2,361.3	0.9	-0.75	-0.31	0.1	0.1
DEBI	NDNT-DEBI	2020-07-08 00:00:00.0	50.04361	21.41992	258.872	222.696	2,360.4	1.4	-0.84	-0.92	0.18	0.16
DEBI	NDNT-DEBI	2020-07-08 00:30:00.0	50.04361	21.41992	258.872	222.696	2,357.2	1.4	-0.77	-0.26	0.17	0.18
DEBI	NDNT-DEBI	2020-07-08 01:00:00.0	50.04361	21.41992	258.87	222.694	2,360.5	0.9	-0.64	-0.06	0.11	0.1
DRWP	12243M001	2020-07-08 00:00:00.0	53.52633	15.81747	171.088	136.792	2,416	1.3	-1.06	0.64	0.17	0.15
DRWP	12243M001	2020-07-08 00:30:00.0	53.52633	15.81747	171.088	136.792	2,406.2	1.2	-1.04	0.67	0.16	0.13
DRWP	12243M001	2020-07-08 01:00:00.0	53.52633	15.81747	171.09	136.794	2,407	1	-1.84	-0.91	0.12	0.11
DYNW	NDNT-DYNW	2020-07-08 00:00:00.0	49.81286	22.22936	311.672	276.614	2,334.8	1.9	-1.65	-1.58	0.28	0.27
DYNW	NDNT-DYNW	2020-07-08 00:30:00.0	49.81286	22.22936	311.672	276.614	2,340	1.9	-1.58	-1.33	0.23	0.28
DYNW	NDNT-DYNW	2020-07-08 01:00:00.0	49.81286	22.22936	311.654	276.596	2,338.4	1.2	-0.5	-0.48	0.14	0.15
DZIA	12244M001	2020-07-08 00:00:00.0	53.23033	20.16739	206.577	176.059	2,370.7	1.2	-1.04	-0.37	0.15	0.14
DZIA	12244M001	2020-07-08 00:30:00.0	53.23033	20.16739	206.577	176.059	2,369.3	1.1	-1.59	-0.34	0.15	0.14
DZIA	12244M001	2020-07-08 01:00:00.0	53.23033	20.16739	206.573	176.055	2,371.1	0.9	-0.81	-0.24	0.11	0.11
ELBL	18991M001	2020-07-08 00:00:00.0	54.15556	19.40036	52.684	23.676	2,423.3	1.5	-1.89	0.03	0.21	0.21
ELBL	18991M001	2020-07-08 00:30:00.0	54.15556	19.40036	52.684	23.676	2,423.4	1.4	-1.66	-0.65	0.21	0.21
ELBL	18991M001	2020-07-08 01:00:00.0	54.15556	19.40036	52.691	23.683	2,413.5	0.8	-0.79	-0.63	0.1	0.1
GDA1	12252M002	2020-07-08 00:00:00.0	54.35142	18.64108	63.176	33.944	2,412.4	1.5	0.11	-0.34	0.2	0.19
GDA1	12252M002	2020-07-08 00:30:00.0	54.35142	18.64108	63.176	33.944	2,416.7	1.4	-0.11	-0.18	0.2	0.2
GDA1	12252M002	2020-07-08 01:00:00.0	54.35142	18.64108	63.175	33.943	2,420.9	0.9	-0.45	-0.44	0.11	0.11
GIZY	12253M001	2020-07-08 00:00:00.0	54.03578	21.76778	166.817	138.577	2,379.2	1.3	-0.39	-0.41	0.15	0.17
GIZY	12253M001	2020-07-08 00:30:00.0	54.03578	21.76778	166.817	138.577	2,378.7	1.3	-0.38	0.04	0.16	0.17
GIZY	12253M001	2020-07-08 01:00:00.0	54.03578	21.76778	166.823	138.583	2,377.7	0.9	-0.68	-0.6	0.12	0.1
GLIW	NDNT-GLIW	2020-07-08 00:00:00.0	50.22644	18.60972	284.048	242.472	2,369.2	1.5	-0.58	0.16	0.21	0.19
GLIW	NDNT-GLIW	2020-07-08 00:30:00.0	50.22644	18.60972	284.048	242.472	2,370.2	1.5	-0.77	0.37	0.19	0.21
GLIW	NDNT-GLIW	2020-07-08 01:00:00.0	50.22644	18.60972	284.047	242.471	2,380	1.1	-0.66	-0.38	0.13	0.14
GLOG	12254M001	2020-07-08 00:00:00.0	51.66525	16.07428	144.43	104.587	2,423	1.3	-1.2	-0.8	0.18	0.15
GLOG	12254M001	2020-07-08 00:30:00.0	51.66525	16.07428	144.43	104.587	2,434.2	1.2	-1.48	0.06	0.17	0.15
GLOG	12254M001	2020-07-08 01:00:00.0	51.66525	16.07428	144.434	104.591	2,436.6	1	-1.24	-0.43	0.14	0.12
GLSV	12356M001	2020-07-08 00:00:00.0	50.36419	30.49675	226.31	200.938	2,466.8	1.3	-1.45	0.12	0.15	0.17
GLSV	12356M001	2020-07-08 00:30:00.0	50.36419	30.49675	226.31	200.938	2,467.6	1.4	-0.95	0.19	0.16	0.19
GLSV	12356M001	2020-07-08 01:00:00.0	50.36419	30.49675	226.31	200.938	2,460.5	0.9	-0.46	1.34	0.1	0.1
GLUB	NDNT-GLUB	2020-07-08 00:00:00.0	50.20236	17.81056	321.388	279.164	2,358.7	1.4	-0.57	-0.32	0.2	0.17
GLUB	NDNT-GLUB	2020-07-08 00:30:00.0	50.20236	17.81056	321.388	279.164	2,356.5	1.4	0.09	-0.17	0.17	0.17
GLUB	NDNT-GLUB	2020-07-08 01:00:00.0	50.20236	17.81056	321.382	279.158	2,364.9	1.2	-0.81	-0.18	0.15	0.15
GNIE	12255M001	2020-07-08 00:00:00.0	52.53294	17.58386	172.13	138.868	2,392.2	1.3	-1.15	-0.18	0.15	0.17
GNIE	12255M001	2020-07-08 00:30:00.0	52.53294	17.58386	172.13	138.868	2,394.5	1.1	-1.15	-0.73	0.15	0.14
GNIE	12255M001	2020-07-08 01:00:00.0	52.53294	17.58386	172.137	138.875	2,400.9	1	-0.99	-0.56	0.13	0.12
GOLE	12256M001	2020-07-08 00:00:00.0	53.55872	14.838	68.87	33.693	2,436.7	1.3	-1.18	-0.44	0.17	0.16
GOLE	12256M001	2020-07-08 00:30:00.0	53.55872	14.838	68.87	33.693	2,432.4	1.2	-0.91	-0.23	0.16	0.16
GOLE	12256M001	2020-07-08 01:00:00.0	53.55872	14.838	68.867	33.69	2,433.5	0.9	-1.04	0.37	0.1	0.1
GOPE	11502M002	2020-07-08 00:00:00.0	49.91369	14.78564	592.733	547.564	2,301.5	1.5	-1.05	-0.42	0.23	0.17
GOPE	11502M002	2020-07-08 00:30:00.0	49.91369	14.78564	592.733	547.564	2,305.2	1.3	-0.94	0.11	0.21	0.14
GOPE	11502M002	2020-07-08 01:00:00.0	49.91369	14.78564	592.733	547.564	2,306.8	1	-0.47	-0.17	0.16	0.12
GOR1	NDNT-GORL	2020-07-08 00:00:00.0	49.65586	21.13944	381.236	343.381	2,328.9	1.4	-0.69	-0.45	0.18	0.16
GOR1	NDNT-GORL	2020-07-08 00:30:00.0	49.65586	21.13944	381.236	343.381	2,329.3	1.4	-1	-0.53	0.17	0.18
GOR1	NDNT-GORL	2020-07-08 01:00:00.0	49.65586	21.13944	381.242	343.387	2,327.9	0.9	-0.61	0.08	0.11	0.1
GRAJ	12245M001	2020-07-08 00:00:00.0	53.65106	22.45231	165.194	136.678	2,385.6	1.4	-0.83	-0.84	0.22	0.19
GRAJ	12245M001	2020-07-08 00:30:00.0	53.65106	22.45231	165.194	136.678	2,381.6	1.4	-0.47	-0.73	0.2	0.2
GRAJ	12245M001	2020-07-08 01:00:00.0	53.65106	22.45231	165.195	136.679	2,374.8	0.9	-0.86	-0.96	0.14	0.13
GWWL	12225M001	2020-07-08 00:00:00.0	52.73797	15.20522	127.166	90.877	2,430.8	1.3	-1.74	0.3	0.16	0.15
GWWL	12225M001	2020-07-08 00:30:00.0	52.73797	15.20522	127.166	90.877	2,419.8	1.2	-1.74	-0.02	0.16	0.14
GWWL	12225M001	2020-07-08 01:00:00.0	52.73797	15.20522	127.169	90.88	2,421	0.9	-1.62	0.22	0.11	0.11
HAJN	12247M001	2020-07-08 00:00:00.0	52.74097	23.56589	196.626	168.355	2,364.6	1.3	-1.12	0.38	0.2	0.18
HAJN	12247M001	2020-07-08 00:30:00.0	52.74097	23.56589	196.626	168.355	2,359.6	1.2	-1.15	-0.11	0.17	0.18
HAJN	12247M001	2020-07-08 01:00:00.0	52.74097	23.56589	196.624	168.353	2,362.2	0.9	-0.97	-0.71	0.12	0.11
HOZD	12248M001	2020-07-08 00:00:00.0	50.18886	23.36225	298.852	266.981	2,333.1	1.4	-0.83	0.49	0.16	0.16
HOZD	12248M001	2020-07-08 00:30:00.0	50.18886	23.36225	298.852	266.981	2,332.5	1.4	-1.01	0.98	0.17	0.19
HOZD	12248M001	2020-07-08 01:00:00.0	50.18886	23.36225	298.86	266.989	2,328.9	1	-0.73	-0.14	0.11	0.12
HRUB	12249M001	2020-07-08 00:00:00.0	50.80469	23.88628	234.426	204.498	2,363	1.6	-0.71	-0.85	0.24	0.21
HRUB	12249M001	2020-07-08 00:30:00.0	50.80469	23.88628	234.426	204.498	2,361.5	1.4	0.77	-1.16	0.19	0.2
HRUB	12249M001	2020-07-08 01:00:00.0	50.80469	23.88628	234.425	204.497	2,352.9	1	-1.03	-1.13	0.16	0.12
IGEO	15101M001	2020-07-08 00:00:00.0	47.03036	28.84353	105.853	74.614	2,434.4	1.3	0.17	2.58	0.15	0.16
IGEO	15101M001	2020-07-08 00:30:00.0	47.03036	28.84353	105.853	74.614	2,432.5	1.4	-0.17	1.7	0.16	0.19
IGEO	15101M001	2020-07-08 01:00:00.0	47.03036	28.84353	105.857	74.618	2,426.8	1	0.05	0.73	0.1	0.1
ILAW	12250M001	2020-07-08 00:00:00.0	53.58714	19.56797	162.815	133.331	2,383.9	1.2	-0.74	0.18	0.14	0.14
ILAW	12250M001	2020-07-08 00:30:00.0	53.58714	19.56797	162.815	133.331	2,381.4	1.1	-0.68	0.31	0.14	0.14
ILAW	12250M001	2020-07-08 01:00:00.0	53.58714	19.56797	162.818	133.334	2,381.6	0.8	-0.89	0.35	0.1	0.09
JAR1	NDNT-JARO	2020-07-08 00:00:00.0	50.01719	22.67853	268.93	235.091	2,349.8	1.1	-0.82	-0.92	0.12	0.12
JAR1	NDNT-JARO	2020-07-08 00:30:00.0	50.01719	22.67853	268.93	235.091	2,344.7	1.1	-0.42	0.31	0.11	0.13
JAR1	NDNT-JARO	2020-07-08 01:00:00.0	50.01719	22.67853	268.93	235.091	2,348.8	0.8	-0.58	-0.42	0.08	0.07
JAST	NDNT-JAST	2020-07-08 00:00:00.0	49.95256	18.61192	342.802	300.529	2,358.5	1.2	-0.66	-1.67	0.14	0.13
JAST	NDNT-JAST	2020-07-08 00:30:00.0	49.95256	18.61192	342.802	300.529	2,360.4	1.1	-1.1	-0.9	0.12	0.12
JAST	NDNT-JAST	2020-07-08 01:00:00.0	49.95256	18.61192	342.809	300.536	2,357.1	1	-0.54	-0.4	0.11	0.11
JEDR	NDNT-JEDR	2020-07-08 00:00:00.0	50.64175	20.30078	297.605	259.866	2,352	1.1	-0.48	-0.77	0.13	0.12
JEDR	NDNT-JEDR	2020-07-08 00:30:00.0	50.64175	20.30078	297.605	259.866	2,351.3	1.1	-0.64	-0.42	0.12	0.12
JEDR	NDNT-JEDR	2020-07-08 01:00:00.0	50.64175	20.30078	297.604	259.865	2,350.7	0.8	-0.27	-0.49	0.08	0.08
JLGR	12251M001	2020-07-08 00:00:00.0	50.91947	15.73325	408.207	365.355	2,342.8	1.5	-0.53	-0.45	0.24	0.17
JLGR	12251M001	2020-07-08 00:30:00.0	50.91947	15.73325	408.207	365.355	2,345.1	1.4	-0.49	-0.11	0.21	0.14
JLGR	12251M001	2020-07-08 01:00:00.0	50.91947	15.73325	408.208	365.356	2,344.6	1	-0.56	0.14	0.15	0.11
JOZ2	12204M002	2020-07-08 00:00:00.0	52.09783	21.03236	152.507	120.868	2,386.2	1.4	-0.8	-0.77	0.16	0.19
JOZ2	12204M002	2020-07-08 00:30:00.0	52.09783	21.03236	152.507	120.868	2,383.1	1.4	-0.81	-0.76	0.19	0.2
JOZ2	12204M002	2020-07-08 01:00:00.0	52.09783	21.03236	152.513	120.874	2,379.3	0.9	-0.77	-0.26	0.12	0.1
JOZE	12204M001	2020-07-08 00:00:00.0	52.09728	21.03156	141.611	109.97	2,391.2	1.5	-0.23	-0.39	0.22	0.2
JOZE	12204M001	2020-07-08 00:30:00.0	52.09728	21.03156	141.611	109.97	2,391.3	1.6	0.13	-0.85	0.27	0.24
JOZE	12204M001	2020-07-08 01:00:00.0	52.09728	21.03156	141.615	109.974	2,384.9	1	-1.42	-0.24	0.17	0.11
KALI	12257M001	2020-07-08 00:00:00.0	51.75389	18.09517	147.75	111.752	2,395.2	1.5	-1.88	-0.64	0.22	0.17
KALI	12257M001	2020-07-08 00:30:00.0	51.75389	18.09517	147.75	111.752	2,401.8	1.4	-1.76	-1.35	0.19	0.17
KALI	12257M001	2020-07-08 01:00:00.0	51.75389	18.09517	147.746	111.748	2,407.5	1.1	-1.75	-0.71	0.15	0.12
KAM1	12258M001	2020-07-08 00:00:00.0	53.96306	14.77739	57.757	22.807	2,427	1.3	-0.78	0.28	0.18	0.17
KAM1	12258M001	2020-07-08 00:30:00.0	53.96306	14.77739	57.757	22.807	2,427.3	1.3	-0.67	0.12	0.17	0.17
KAM1	12258M001	2020-07-08 01:00:00.0	53.96306	14.77739	57.753	22.803	2,427.1	0.9	-0.1	-0.14	0.1	0.11
KATO	12219S001	2020-07-08 00:00:00.0	50.25328	19.03564	332.877	291.612	2,349.2	1.2	-0.69	-1.11	0.15	0.14
KATO	12219S001	2020-07-08 00:30:00.0	50.25328	19.03564	332.877	291.612	2,352.8	1.2	-0.96	-1.5	0.13	0.15
KATO	12219S001	2020-07-08 01:00:00.0	50.25328	19.03564	332.877	291.612	2,355.1	0.9	-0.65	-1.06	0.11	0.1
KAZ1	NDNT-KAZA	2020-07-08 00:00:00.0	50.30422	20.45164	261.171	222.968	2,361	1.3	-0.69	-0.87	0.16	0.15
KAZ1	NDNT-KAZA	2020-07-08 00:30:00.0	50.30422	20.45164	261.171	222.968	2,363.5	1.2	-0.65	-1.17	0.15	0.16
KAZ1	NDNT-KAZA	2020-07-08 01:00:00.0	50.30422	20.45164	261.17	222.967	2,361	0.9	-0.98	-0.23	0.11	0.1
KEPN	12259M001	2020-07-08 00:00:00.0	51.28017	17.98358	220.297	181.81	2,386.4	1.4	-0.46	-0.33	0.19	0.17
KEPN	12259M001	2020-07-08 00:30:00.0	51.28017	17.98358	220.297	181.81	2,383.7	1.4	-0.73	-0.78	0.18	0.16
KEPN	12259M001	2020-07-08 01:00:00.0	51.28017	17.98358	220.297	181.81	2,388.7	1	-0.33	-0.2	0.13	0.12
KES1	MUSE-KES1	2020-07-08 00:00:00.0	50.27158	19.02614	339.93	298.718	2,351.9	1.6	-0.87	-1.73	0.19	0.22
KES1	MUSE-KES1	2020-07-08 00:30:00.0	50.27158	19.02614	339.93	298.718	2,352.9	1.3	-0.75	-1.8	0.16	0.17
KES1	MUSE-KES1	2020-07-08 01:00:00.0	50.27158	19.02614	339.933	298.721	2,354.2	1	-0.79	-0.94	0.12	0.11
KILE	NDNT-KIEL	2020-07-08 00:00:00.0	50.90847	20.66397	364.63	328.069	2,330.9	1.2	-0.87	-0.69	0.15	0.14
KILE	NDNT-KIEL	2020-07-08 00:30:00.0	50.90847	20.66397	364.63	328.069	2,328.9	1.2	-0.2	0.1	0.14	0.15
KILE	NDNT-KIEL	2020-07-08 01:00:00.0	50.90847	20.66397	364.629	328.068	2,331.3	1	0.03	-0.36	0.11	0.12
KLCE	12260M001	2020-07-08 00:00:00.0	50.87575	20.62967	333.56	296.868	2,332.8	1.2	-0.82	-0.43	0.15	0.14
KLCE	12260M001	2020-07-08 00:30:00.0	50.87575	20.62967	333.56	296.868	2,334.9	1.2	-0.72	-0.53	0.14	0.15
KLCE	12260M001	2020-07-08 01:00:00.0	50.87575	20.62967	333.561	296.869	2,336	1	-0.51	-0.35	0.11	0.12
KLDZ	12261M001	2020-07-08 00:00:00.0	50.43558	16.65189	359.559	316.319	2,359	1.8	-1.15	-1.21	0.24	0.22
KLDZ	12261M001	2020-07-08 00:30:00.0	50.43558	16.65189	359.559	316.319	2,362.5	1.7	-0.91	-0.89	0.23	0.22
KLDZ	12261M001	2020-07-08 01:00:00.0	50.43558	16.65189	359.558	316.318	2,366.9	1.1	-0.69	-0.9	0.12	0.14
KLOB	12219M001	2020-07-08 00:00:00.0	50.90553	18.93689	301.638	262.934	2,355.2	1.4	-0.94	-1.24	0.21	0.16
KLOB	12219M001	2020-07-08 00:30:00.0	50.90553	18.93689	301.638	262.934	2,359.2	1.3	-0.78	-1.31	0.18	0.16
KLOB	12219M001	2020-07-08 01:00:00.0	50.90553	18.93689	301.637	262.933	2,361.5	1	-0.35	-0.69	0.12	0.11
KLUC	NDNT-KLUC	2020-07-08 00:00:00.0	50.96822	18.21419	232.961	193.533	2,384.6	1.4	-0.82	-0.89	0.18	0.16
KLUC	NDNT-KLUC	2020-07-08 00:30:00.0	50.96822	18.21419	232.961	193.533	2,383.1	1.3	-0.58	-0.97	0.16	0.15
KLUC	NDNT-KLUC	2020-07-08 01:00:00.0	50.96822	18.21419	232.958	193.53	2,392	1	-0.89	-0.61	0.12	0.11
KOLB	NDNT-KOLA	2020-07-08 00:00:00.0	50.24403	21.78331	250.591	215.142	2,348.2	1.4	0	0.2	0.19	0.17
KOLB	NDNT-KOLA	2020-07-08 00:30:00.0	50.24403	21.78331	250.591	215.142	2,351.6	1.4	-0.14	0.31	0.19	0.19
KOLB	NDNT-KOLA	2020-07-08 01:00:00.0	50.24403	21.78331	250.587	215.138	2,356.5	0.9	-0.24	0.23	0.11	0.1
KONI	12262M001	2020-07-08 00:00:00.0	52.22811	18.25397	157.119	123.977	2,395.7	1.3	-1.07	-0.68	0.16	0.17
KONI	12262M001	2020-07-08 00:30:00.0	52.22811	18.25397	157.119	123.977	2,396.8	1.2	-0.92	-0.38	0.16	0.14
KONI	12262M001	2020-07-08 01:00:00.0	52.22811	18.25397	157.12	123.978	2,400.6	0.9	-1.28	-0.16	0.11	0.11
KOSC	12263M001	2020-07-08 00:00:00.0	54.12256	17.98158	211.134	180.962	2,380.6	1.5	-0.51	-0.95	0.21	0.19
KOSC	12263M001	2020-07-08 00:30:00.0	54.12256	17.98158	211.134	180.962	2,384.5	1.4	-0.29	-0.16	0.2	0.19
KOSC	12263M001	2020-07-08 01:00:00.0	54.12256	17.98158	211.135	180.963	2,392.7	0.9	-0.18	-0.64	0.12	0.11
KOSZ	12264M001	2020-07-08 00:00:00.0	54.20339	16.19772	123.185	90.114	2,408.1	1.3	-0.14	0.48	0.17	0.15
KOSZ	12264M001	2020-07-08 00:30:00.0	54.20339	16.19772	123.185	90.114	2,407.5	1.2	0.91	-0.57	0.17	0.13
KOSZ	12264M001	2020-07-08 01:00:00.0	54.20339	16.19772	123.183	90.112	2,415.1	0.9	0.06	-0.09	0.12	0.1
KRA1	12218M002	2020-07-08 00:00:00.0	50.06611	19.92047	267.121	227.037	2,361.3	1.2	-1.13	-0.92	0.17	0.14
KRA1	12218M002	2020-07-08 00:30:00.0	50.06611	19.92047	267.121	227.037	2,361.3	1.2	-1.28	-1.34	0.14	0.16
KRA2	NDNT-KRAK	2020-07-08 00:00:00.0	50.01092	19.90192	294.991	254.728	2,353.3	1.2	-0.19	-0.38	0.15	0.13
KRA2	NDNT-KRAK	2020-07-08 00:30:00.0	50.01092	19.90192	294.991	254.728	2,356.4	1.2	0.04	-0.53	0.13	0.14
KRAP	NDNT-KRAP	2020-07-08 00:00:00.0	50.49031	17.95681	221.316	180.339	2,393.1	1.4	0.81	-0.61	0.21	0.17
KRAP	NDNT-KRAP	2020-07-08 00:30:00.0	50.49031	17.95681	221.316	180.339	2,399.7	1.4	1.15	1.24	0.18	0.19
KRAW	12218M001	2020-07-08 00:00:00.0	50.06614	19.92047	267.122	227.038	2,357.5	1.3	-0.74	-0.58	0.2	0.15
KRAW	12218M001	2020-07-08 00:30:00.0	50.06614	19.92047	267.122	227.038	2,360.8	1.2	-0.77	-1.56	0.15	0.16
KROS	12265M001	2020-07-08 00:00:00.0	49.67875	21.77464	347.526	311.121	2,328.8	1.2	-1.01	-0.87	0.15	0.15
KROS	12265M001	2020-07-08 00:30:00.0	49.67875	21.77464	347.526	311.121	2,330.3	1.3	-0.88	-0.72	0.16	0.17
KROT	12266M001	2020-07-08 00:00:00.0	51.69219	17.43719	186.252	148.454	2,398.3	1.5	-1.62	-0.53	0.22	0.17
KROT	12266M001	2020-07-08 00:30:00.0	51.69219	17.43719	186.252	148.454	2,403.3	1.4	-1.25	-0.8	0.19	0.17
KUTN	12267M001	2020-07-08 00:00:00.0	52.22606	19.37497	159.85	127.721	2,385	1.2	-0.75	-0.45	0.14	0.13
KUTN	12267M001	2020-07-08 00:30:00.0	52.22606	19.37497	159.85	127.721	2,386.1	1.1	-0.87	-0.22	0.14	0.13
LAN1	NDNT-LANC	2020-07-08 00:00:00.0	50.06586	22.22919	287.421	252.662	2,340	1.2	-0.27	-0.87	0.15	0.14
LAN1	NDNT-LANC	2020-07-08 00:30:00.0	50.06586	22.22919	287.421	252.662	2,342.5	1.2	-0.42	-1.03	0.14	0.16
LEGP	12268M001	2020-07-08 00:00:00.0	51.2	16.15497	181.345	139.962	2,408.1	1.3	-0.58	-0.52	0.17	0.15
LEGP	12268M001	2020-07-08 00:30:00.0	51.2	16.15497	181.345	139.962	2,408.7	1.2	-0.79	-0.52	0.16	0.12
LELO	12269M001	2020-07-08 00:00:00.0	50.68289	19.62889	306.301	267.819	2,347.7	1.2	-0.71	-0.87	0.15	0.14
LELO	12269M001	2020-07-08 00:30:00.0	50.68289	19.62889	306.301	267.819	2,346.3	1.3	-0.78	-0.83	0.15	0.17
LES1	MUSE-LES1	2020-07-08 00:00:00.0	51.52717	16.14506	163.406	123.211	2,418.8	1.4	-1.17	-0.33	0.22	0.16
LES1	MUSE-LES1	2020-07-08 00:30:00.0	51.52717	16.14506	163.406	123.211	2,423.6	1.3	-1.79	-0.01	0.2	0.15
LODZ	12226M001	2020-07-08 00:00:00.0	51.77872	19.45953	259.43	225.931	2,353.2	1.2	-1.6	-0.43	0.15	0.15
LODZ	12226M001	2020-07-08 00:30:00.0	51.77872	19.45953	259.43	225.931	2,359.7	1.2	-1.68	-0.9	0.14	0.15
LOMZ	12271M001	2020-07-08 00:00:00.0	53.174	22.08036	185.348	156.355	2,371.6	1.3	0.32	0	0.14	0.17
LOMZ	12271M001	2020-07-08 00:30:00.0	53.174	22.08036	185.348	156.355	2,369.8	1.3	0.11	-0.26	0.16	0.18
LUBL	12272M001	2020-07-08 00:00:00.0	51.25086	22.55472	242.194	210.384	2,352.1	1.3	-0.12	-1.1	0.2	0.16
LUBL	12272M001	2020-07-08 00:30:00.0	51.25086	22.55472	242.194	210.384	2,353.7	1.3	-0.31	-1.66	0.19	0.19
MET3	10503M010	2020-07-08 00:00:00.0	60.21744	24.3945	79.188	60.421	2,372	1.7	0.41	0.32	0.26	0.2
MET3	10503M010	2020-07-08 00:30:00.0	60.21744	24.3945	79.188	60.421	2,368.9	1.7	0.26	0.54	0.27	0.21
MIEL	18967M001	2020-07-08 00:00:00.0	50.29119	21.438	224.537	188.512	2,365.9	1.3	-1.08	-0.93	0.16	0.16
MIEL	18967M001	2020-07-08 00:30:00.0	50.29119	21.438	224.537	188.512	2,367.3	1.3	-1.03	-0.59	0.16	0.19
MIEW	NDNT-MIEW	2020-07-08 00:00:00.0	50.36228	20.04022	336.593	297.597	2,336.7	1.2	-0.38	-0.65	0.15	0.13
MIEW	NDNT-MIEW	2020-07-08 00:30:00.0	50.36228	20.04022	336.593	297.597	2,336.5	1.2	-0.45	-0.38	0.15	0.14
MIKL	12335M001	2020-07-08 00:00:00.0	46.97278	31.97283	93.952	68.561	2,523.2	1.4	-1.41	1.11	0.17	0.18
MIKL	12335M001	2020-07-08 00:30:00.0	46.97278	31.97283	93.952	68.561	2,515.1	1.4	-1.65	0.99	0.19	0.22
MIMA	12273M001	2020-07-08 00:00:00.0	52.18131	21.55925	200.724	170.133	2,367.5	1.2	-0.71	-0.01	0.15	0.16
MIMA	12273M001	2020-07-08 00:30:00.0	52.18131	21.55925	200.724	170.133	2,364.7	1.2	-0.56	0.44	0.16	0.17
MLCN	12274M001	2020-07-08 00:00:00.0	50.06589	21.97169	271.988	236.819	2,347.8	1.3	-0.62	-0.68	0.17	0.17
MLCN	12274M001	2020-07-08 00:30:00.0	50.06589	21.97169	271.988	236.819	2,349.9	1.3	-0.7	-1.34	0.15	0.19
MSZA	NDNT-MSZA	2020-07-08 00:00:00.0	49.67928	20.07031	440.909	400.335	2,313.9	1.2	0.16	-0.4	0.21	0.15
MSZA	NDNT-MSZA	2020-07-08 00:30:00.0	49.67928	20.07031	440.909	400.335	2,310.6	1.3	-0.7	-0.6	0.17	0.15
MYSZ	12275M001	2020-07-08 00:00:00.0	53.38653	21.34358	169.318	139.453	2,371.2	1.1	0.03	-1.02	0.12	0.13
MYSZ	12275M001	2020-07-08 00:30:00.0	53.38653	21.34358	169.318	139.453	2,374.7	1	-0.17	-1.32	0.12	0.13
NODW	12276M001	2020-07-08 00:00:00.0	52.43108	20.71058	125.694	94.457	2,388.8	1	-0.55	-0.03	0.12	0.11
NODW	12276M001	2020-07-08 00:30:00.0	52.43108	20.71058	125.694	94.457	2,388.4	1	-0.51	0.05	0.12	0.12
NTML	12277M001	2020-07-08 00:00:00.0	52.32081	16.11803	126.634	89.827	2,438.5	1.3	-0.59	0.19	0.16	0.14
NTML	12277M001	2020-07-08 00:30:00.0	52.32081	16.11803	126.634	89.827	2,441.4	1.2	-0.62	-0.1	0.15	0.12
NWSA	NDNT-NWSA	2020-07-08 00:00:00.0	49.63017	20.70711	338.7	299.64	2,339	1.5	-1.1	-0.94	0.23	0.18
NWSA	NDNT-NWSA	2020-07-08 00:30:00.0	49.63017	20.70711	338.7	299.64	2,341.3	1.4	-0.96	-0.83	0.19	0.18
NWSC	12231M001	2020-07-08 00:00:00.0	49.61844	20.69003	334.741	295.588	2,340.9	1.5	-0.41	-0.34	0.25	0.19
NWSC	12231M001	2020-07-08 00:30:00.0	49.61844	20.69003	334.741	295.588	2,339.2	1.4	-0.63	-0.55	0.21	0.19
NWT1	12232M002	2020-07-08 00:00:00.0	49.47819	20.03444	654.926	613.67	2,250.1	1.3	-0.55	-0.09	0.16	0.16
NWT1	12232M002	2020-07-08 00:30:00.0	49.47819	20.03444	654.926	613.67	2,248.5	1.2	-0.53	-0.13	0.14	0.16
NYSA	12278M001	2020-07-08 00:00:00.0	50.47769	17.33375	250.606	208.676	2,386.1	1.4	-0.28	-0.51	0.19	0.17
NYSA	12278M001	2020-07-08 00:30:00.0	50.47769	17.33375	250.606	208.676	2,390.8	1.4	-0.38	-0.88	0.18	0.17
NYSN	NDNT-NYSN	2020-07-08 00:00:00.0	50.45656	17.34097	241.572	199.57	2,390.5	1.7	-0.28	-0.92	0.26	0.21
NYSN	NDNT-NYSN	2020-07-08 00:30:00.0	50.45656	17.34097	241.572	199.57	2,391.2	1.7	-0.39	-0.71	0.24	0.23
OPLE	12283M001	2020-07-08 00:00:00.0	50.66761	17.91936	225.909	185.458	2,390.4	1.4	-0.63	-0.74	0.18	0.16
OPLE	12283M001	2020-07-08 00:30:00.0	50.66761	17.91936	225.909	185.458	2,392.3	1.4	-0.87	-0.85	0.18	0.17
OPNT	12203M003	2020-07-08 00:00:00.0	53.76369	20.51817	171.84	142.071	2,376.6	1.3	-0.39	-0.35	0.2	0.19
OPNT	12203M003	2020-07-08 00:30:00.0	53.76369	20.51817	171.84	142.071	2,378	1.3	-0.49	-0.3	0.2	0.19
OSMZ	12285M001	2020-07-08 00:00:00.0	52.80078	21.89169	166.293	137.098	2,376.5	1.3	0.43	0.87	0.15	0.18
OSMZ	12285M001	2020-07-08 00:30:00.0	52.80078	21.89169	166.293	137.098	2,380.1	1.4	-0.31	0.55	0.17	0.2
OST3	NDNT-OSTR	2020-07-08 00:00:00.0	50.94231	21.38969	237.655	202.365	2,359.5	1.3	-0.39	-0.55	0.18	0.16
OST3	NDNT-OSTR	2020-07-08 00:30:00.0	50.94231	21.38969	237.655	202.365	2,358.3	1.2	-0.64	-0.51	0.15	0.16
PAJE	NDNT-PAJE	2020-07-08 00:00:00.0	51.14675	19.00064	287.439	250.097	2,367.7	1.4	-0.9	-0.87	0.19	0.17
PAJE	NDNT-PAJE	2020-07-08 00:30:00.0	51.14675	19.00064	287.439	250.097	2,371.2	1.4	-0.54	-0.4	0.18	0.19
PES1	MUSE-PES1	2020-07-08 00:00:00.0	50.2915	18.99467	362.258	321.085	2,397.7	2.6	4.06	-4.15	0.54	0.38
PES1	MUSE-PES1	2020-07-08 00:30:00.0	50.2915	18.99467	362.258	321.085	2,394.3	2.8	4.33	-4.18	0.57	0.43
PITR	12287M001	2020-07-08 00:00:00.0	51.40167	19.69094	254.762	219.735	2,361.3	1.3	-1.41	-0.83	0.2	0.16
PITR	12287M001	2020-07-08 00:30:00.0	51.40167	19.69094	254.762	219.735	2,359.3	1.2	-1.22	-0.78	0.17	0.15
POLV	12336M001	2020-07-08 00:00:00.0	49.60261	34.54294	178.425	160.158	2,445.3	1.4	-0.24	1.04	0.17	0.21
POLV	12336M001	2020-07-08 00:30:00.0	49.60261	34.54294	178.425	160.158	2,440.9	1.5	-0.59	0.42	0.17	0.23
POZN	12206M001	2020-07-08 00:00:00.0	52.43006	16.93494	171.559	136.756	2,400.6	1.3	-0.92	-0.31	0.16	0.15
POZN	12206M001	2020-07-08 00:30:00.0	52.43006	16.93494	171.559	136.756	2,412.7	1.2	-1.37	-0.62	0.16	0.16
PPIL	12286M001	2020-07-08 00:00:00.0	53.15697	16.73828	121.747	88.201	2,431.9	1.1	-0.96	-0.52	0.13	0.12
PPIL	12286M001	2020-07-08 00:30:00.0	53.15697	16.73828	121.747	88.201	2,429.1	1	-1.6	0.28	0.12	0.1
PROS	12233M001	2020-07-08 00:00:00.0	50.19175	20.2885	279.914	241.114	2,358.6	1.3	-1.05	-0.59	0.16	0.15
PROS	12233M001	2020-07-08 00:30:00.0	50.19175	20.2885	279.914	241.114	2,357.2	1.2	-0.82	-0.66	0.15	0.16
RACI	NDNT-RACI	2020-07-08 00:00:00.0	50.07761	18.21494	242.647	200.445	2,386.4	1.4	-0.61	-0.21	0.19	0.17
RACI	NDNT-RACI	2020-07-08 00:30:00.0	50.07761	18.21494	242.647	200.445	2,381.5	1.4	-0.22	-0.53	0.17	0.16
REDZ	12227M001	2020-07-08 00:00:00.0	54.47239	17.11753	108.286	76.8	2,417.8	1.3	-0.49	0.32	0.18	0.16
REDZ	12227M001	2020-07-08 00:30:00.0	54.47239	17.11753	108.286	76.8	2,417.7	1.2	-0.04	0.06	0.18	0.15
RES1	MUSE-RES1	2020-07-08 00:00:00.0	50.06244	18.46686	350.393	308.303	2,351.9	1.6	-0.45	-0.76	0.21	0.21
RES1	MUSE-RES1	2020-07-08 00:30:00.0	50.06244	18.46686	350.393	308.303	2,354.2	1.5	-0.45	-0.66	0.19	0.2
RIGA	12302M002	2020-07-08 00:00:00.0	56.94861	24.05878	34.802	14.195	2,389.9	1.9	0.8	0.62	0.25	0.27
RIGA	12302M002	2020-07-08 00:30:00.0	56.94861	24.05878	34.802	14.195	2,390.6	1.6	0.88	0.52	0.21	0.24
RWM1	12281M002	2020-07-08 00:00:00.0	51.76431	20.25047	187.964	154.619	2,374.8	1.2	-1.26	-0.51	0.16	0.14
RWM1	12281M002	2020-07-08 00:30:00.0	51.76431	20.25047	187.964	154.619	2,375.3	1.2	-1.35	-0.53	0.15	0.15
RYKI	12282M001	2020-07-08 00:00:00.0	51.62447	21.92722	204.08	171.947	2,368.6	1.4	-2.63	-1.13	0.27	0.2
RYKI	12282M001	2020-07-08 00:30:00.0	51.62447	21.92722	204.08	171.947	2,372.2	1.4	-1.82	-0.91	0.25	0.22
RYMA	NDNT-RYMA	2020-07-08 00:00:00.0	49.57553	21.86561	399.429	362.751	2,319.3	1.2	-0.87	-0.87	0.15	0.14
RYMA	NDNT-RYMA	2020-07-08 00:30:00.0	49.57553	21.86561	399.429	362.751	2,322.8	1.3	-0.97	-0.33	0.16	0.17
SIDZ	12288M001	2020-07-08 00:00:00.0	51.573	18.71758	190.028	154.417	2,380.4	1.5	0.08	-0.68	0.22	0.19
SIDZ	12288M001	2020-07-08 00:30:00.0	51.573	18.71758	190.028	154.417	2,386.1	1.5	-0.36	-1.13	0.22	0.21
SIED	12289M001	2020-07-08 00:00:00.0	52.15744	22.29422	201.979	172.459	2,369.7	1.3	-0.61	-0.26	0.18	0.15
SIED	12289M001	2020-07-08 00:30:00.0	52.15744	22.29422	201.979	172.459	2,371.7	1.1	-0.37	0.24	0.14	0.15
SIPC	12290M001	2020-07-08 00:00:00.0	52.85697	19.66269	163.158	132.552	2,383.7	1.2	-1.45	0.56	0.18	0.15
SIPC	12290M001	2020-07-08 00:30:00.0	52.85697	19.66269	163.158	132.552	2,386.8	1.1	-0.6	0.66	0.15	0.15
SMID	10114M001	2020-07-08 00:00:00.0	55.64064	9.55931	122.826	82.57	2,380	2	-0.15	-0.46	0.26	0.25
SMID	10114M001	2020-07-08 00:30:00.0	55.64064	9.55931	122.826	82.57	2,381.4	1.8	-0.02	-0.36	0.26	0.22
SMLA	15503M001	2020-07-08 00:00:00.0	49.20164	31.86631	183.052	159.56	2,505.4	1.3	-0.62	-0.91	0.14	0.18
SMLA	15503M001	2020-07-08 00:30:00.0	49.20164	31.86631	183.052	159.56	2,502.5	1.4	-1.07	-1.22	0.15	0.2
SOKL	12292M001	2020-07-08 00:00:00.0	53.40856	23.49575	222.215	194.344	2,354.4	1.4	-0.48	-0.38	0.22	0.19
SOKL	12292M001	2020-07-08 00:30:00.0	53.40856	23.49575	222.215	194.344	2,352.7	1.4	-0.5	-0.19	0.2	0.21
STA3	NDNT-STAS	2020-07-08 00:00:00.0	50.56283	21.18192	257.503	221.152	2,361.9	1.1	-0.58	-0.77	0.13	0.12
STA3	NDNT-STAS	2020-07-08 00:30:00.0	50.56283	21.18192	257.503	221.152	2,366.5	1.1	-0.47	-0.23	0.12	0.13
STAL	NDNT-STAL	2020-07-08 00:00:00.0	50.56822	22.04811	210.532	175.482	2,369	1.2	-0.74	-0.81	0.16	0.14
STAL	NDNT-STAL	2020-07-08 00:30:00.0	50.56822	22.04811	210.532	175.482	2,369.4	1.3	-0.72	-0.68	0.17	0.16
STRG	18994M001	2020-07-08 00:00:00.0	53.96631	18.53	136.271	106.863	2,385.5	1.2	0.25	-0.68	0.15	0.14
STRG	18994M001	2020-07-08 00:30:00.0	53.96631	18.53	136.271	106.863	2,386.9	1.1	0.08	-1.51	0.15	0.14
STRW	NDNT-STRW	2020-07-08 00:00:00.0	49.86972	21.78831	286.85	251.099	2,350.1	1.3	-0.47	-0.95	0.17	0.16
STRW	NDNT-STRW	2020-07-08 00:30:00.0	49.86972	21.78831	286.85	251.099	2,344.9	1.3	-0.13	0.86	0.16	0.18
SULD	10113M001	2020-07-08 00:00:00.0	56.84175	9.74217	120.734	81.955	2,352.8	1.8	-0.65	-0.98	0.25	0.21
SULD	10113M001	2020-07-08 00:30:00.0	56.84175	9.74217	120.734	81.955	2,350.3	1.6	-0.64	-0.79	0.24	0.21
SWIB	12293M001	2020-07-08 00:00:00.0	52.24792	15.53631	132.004	93.695	2,441.8	1.4	-0.8	0.09	0.2	0.16
SWIB	12293M001	2020-07-08 00:30:00.0	52.24792	15.53631	132.004	93.695	2,443	1.2	-1.14	0.29	0.17	0.13
SWKI	12228M001	2020-07-08 00:00:00.0	54.09861	22.92822	215.918	188.523	2,345.2	1.3	0.67	0.17	0.14	0.16
SWKI	12228M001	2020-07-08 00:30:00.0	54.09861	22.92822	215.918	188.523	2,342.6	1.2	0.12	-0.34	0.14	0.15
SZE2	12294M001	2020-07-08 00:00:00.0	53.70019	16.70139	193.749	160.999	2,399.1	1.4	-0.67	0.13	0.18	0.15
SZE2	12294M001	2020-07-08 00:30:00.0	53.70019	16.70139	193.749	160.999	2,395.7	1.2	-1.27	0.57	0.16	0.13
TABG	12295M001	2020-07-08 00:00:00.0	50.57097	21.67119	214.739	179.202	2,362.1	1.2	-0.93	-0.47	0.17	0.15
TABG	12295M001	2020-07-08 00:30:00.0	50.57097	21.67119	214.739	179.202	2,365.6	1.3	-1.09	-1.86	0.18	0.17
TAR1	12296M002	2020-07-08 00:00:00.0	50.45164	18.85814	352.073	311.362	2,346.2	1.4	0.4	-1.07	0.22	0.17
TAR1	12296M002	2020-07-08 00:30:00.0	50.45164	18.85814	352.073	311.362	2,351	1.4	0.95	-1.3	0.22	0.19
TORU	12202M001	2020-07-08 00:00:00.0	53.01839	18.63494	118.386	88.526	2,395.4	1.2	-1.23	-0.39	0.14	0.13
TORU	12202M001	2020-07-08 00:30:00.0	53.01839	18.63494	118.386	88.526	2,393.2	1.1	-1.6	-0.33	0.14	0.13
TRNW	12230M001	2020-07-08 00:00:00.0	50.01608	20.98414	277.066	239.841	2,358.7	1.4	-0.87	-0.48	0.18	0.16
TRNW	12230M001	2020-07-08 00:30:00.0	50.01608	20.98414	277.066	239.841	2,357.4	1.4	-0.93	-0.79	0.17	0.18
TRZ1	NDNT-TRZE	2020-07-08 00:00:00.0	50.16033	19.46908	373.719	332.79	2,338.6	1.2	-0.78	-0.58	0.16	0.14
TRZ1	NDNT-TRZE	2020-07-08 00:30:00.0	50.16033	19.46908	373.719	332.79	2,337.2	1.2	-0.5	-0.49	0.14	0.14
TUBO	11503M001	2020-07-08 00:00:00.0	49.20589	16.59283	324.599	279.857	2,369.9	2.2	-0.7	-1.22	0.27	0.27
TUBO	11503M001	2020-07-08 00:30:00.0	49.20589	16.59283	324.599	279.857	2,373.5	1.7	-0.5	-0.99	0.21	0.23
USDL	12229M001	2020-07-08 00:00:00.0	49.43292	22.58578	529.738	494.132	2,274.9	1.4	-1.65	-0.88	0.23	0.18
USDL	12229M001	2020-07-08 00:30:00.0	49.43292	22.58578	529.738	494.132	2,274.6	1.4	-1.41	-1.36	0.19	0.2
VLNS	10801M001	2020-07-08 00:00:00.0	54.65314	25.29867	240.903	215.936	2,340.6	1.2	0.8	0.42	0.12	0.13
VLNS	10801M001	2020-07-08 00:30:00.0	54.65314	25.29867	240.903	215.936	2,339.8	1.2	0.56	0.27	0.12	0.13
WADO	NDNT-WADO	2020-07-08 00:00:00.0	49.88408	19.48592	329.989	288.475	2,337.5	1.4	0.13	0.72	0.21	0.18
WADO	NDNT-WADO	2020-07-08 00:30:00.0	49.88408	19.48592	329.989	288.475	2,330.4	1.4	0.02	0.84	0.22	0.21
WARN	14277M002	2020-07-08 00:00:00.0	54.16978	12.10142	50.806	12.667	2,429.6	1.4	-0.41	0.56	0.15	0.15
WARN	14277M002	2020-07-08 00:30:00.0	54.16978	12.10142	50.806	12.667	2,425.9	1.3	-1.1	-0.1	0.16	0.15
WAT1	12297M001	2020-07-08 00:00:00.0	52.25383	20.90383	151.657	120.31	2,388.1	1.3	0.24	0.02	0.19	0.17
WAT1	12297M001	2020-07-08 00:30:00.0	52.25383	20.90383	151.657	120.31	2,386.9	1.3	-0.5	-0.37	0.17	0.18
WIEL	18968M001	2020-07-08 00:00:00.0	51.21936	18.57175	233.935	196.062	2,384.8	1.6	-0.97	0.28	0.26	0.19
WIEL	18968M001	2020-07-08 00:30:00.0	51.21936	18.57175	233.935	196.062	2,386.8	1.5	-1.64	0.11	0.25	0.21
WLAD	12222M001	2020-07-08 00:00:00.0	54.79675	18.41875	34.761	5.881	2,441.2	1.6	0.29	-0.15	0.22	0.2
WLAD	12222M001	2020-07-08 00:30:00.0	54.79675	18.41875	34.761	5.881	2,441.1	1.9	0.23	-0.38	0.27	0.26
WLDW	12299M001	2020-07-08 00:00:00.0	51.54528	23.55719	210.951	182.296	2,356.3	1.4	-0.63	-0.56	0.22	0.17
WLDW	12299M001	2020-07-08 00:30:00.0	51.54528	23.55719	210.951	182.296	2,359.5	1.5	-1.27	-1.45	0.19	0.19
WLOC	18999M001	2020-07-08 00:00:00.0	52.65872	19.06694	107.567	76.675	2,396.7	1.2	-0.43	-0.07	0.14	0.13
WLOC	18999M001	2020-07-08 00:30:00.0	52.65872	19.06694	107.567	76.675	2,399.2	1.1	-0.86	-0.75	0.14	0.13
WLOS	NDNT-WLOS	2020-07-08 00:00:00.0	50.84944	19.97483	294.423	257.072	2,348.7	1.1	-0.97	-0.02	0.12	0.11
WLOS	NDNT-WLOS	2020-07-08 00:30:00.0	50.84944	19.97483	294.423	257.072	2,351.5	1	-1.06	-0.92	0.11	0.11
WOD1	18998M001	2020-07-08 00:00:00.0	50.00017	18.45844	298.998	256.747	2,370.9	1.4	-0.54	-0.47	0.19	0.16
WOD1	18998M001	2020-07-08 00:30:00.0	50.00017	18.45844	298.998	256.747	2,368.1	1.3	-0.46	-0.99	0.16	0.16
WRKI	18997M001	2020-07-08 00:00:00.0	52.70556	16.37108	95.279	60.769	2,446.6	1.3	-0.97	0.24	0.21	0.16
WRKI	18997M001	2020-07-08 00:30:00.0	52.70556	16.37108	95.279	60.769	2,448	1.2	-1.65	-0.44	0.17	0.14
WROC	12217M001	2020-07-08 00:00:00.0	51.11325	17.06206	180.823	140.547	2,402.1	2	-0.93	-1.1	0.26	0.25
WROC	12217M001	2020-07-08 00:30:00.0	51.11325	17.06206	180.823	140.547	2,400	1.6	-0.89	-1.1	0.21	0.22
WROE	MUSE-WROE	2020-07-08 00:00:00.0	51.11325	17.06206	180.726	140.45	2,403	1.6	-0.55	-0.77	0.19	0.22
WROE	MUSE-WROE	2020-07-08 00:30:00.0	51.11325	17.06206	180.726	140.45	2,399.7	1.5	-1.03	-1.2	0.18	0.21
ZAWA	NDNT-ZAWA	2020-07-08 00:00:00.0	50.60956	18.48086	264.429	224.015	2,374.1	1.4	-0.5	-0.58	0.22	0.17
ZAWA	NDNT-ZAWA	2020-07-08 00:30:00.0	50.60956	18.48086	264.429	224.015	2,373.4	1.3	0.11	-0.48	0.19	0.16
ZAWI	NDNT-ZAWI	2020-07-08 00:00:00.0	50.49467	19.41042	382.922	343.18	2,331.4	1.2	-0.75	-0.96	0.13	0.12
ZAWI	NDNT-ZAWI	2020-07-08 00:30:00.0	50.49467	19.41042	382.922	343.18	2,331.6	1.1	-0.24	-1.23	0.12	0.12
ZIGR	18995M001	2020-07-08 00:00:00.0	51.94031	15.51431	225.64	186.023	2,414.2	1.3	-1.21	-0.66	0.17	0.16
ZIGR	18995M001	2020-07-08 00:30:00.0	51.94031	15.51431	225.64	186.023	2,413	1.2	-1.05	-0.55	0.16	0.13
ZIM2	14001M008	2020-07-08 00:00:00.0	46.87708	7.46503	956.46	907.623	2,174.9	1.7	-0.57	-0.04	0.27	0.2
ZIM2	14001M008	2020-07-08 00:30:00.0	46.87708	7.46503	956.46	907.623	2,172.8	1.7	-0.69	-0.08	0.24	0.19
ZYWE	NDNT-ZYWE	2020-07-08 00:00:00.0	49.68817	19.19736	405.804	363.694	2,330.8	1.2	-0.71	-0.69	0.15	0.13
ZYWE	NDNT-ZYWE	2020-07-08 00:30:00.0	49.68817	19.19736	405.804	363.694	2,333	1.2	-0.53	-0.59	0.14	0.14
ZYWI	12220S001	2020-07-08 00:00:00.0	49.68669	19.20594	412.785	370.683	2,325.7	1.5	-0.61	-0.62	0.21	0.18
ZYWI	12220S001	2020-07-08 00:30:00.0	49.68669	19.20594	412.785	370.683	2,328	1.5	-0.68	-0.88	0.2	0.19
BART	12234M001	2020-07-08 01:30:00.0	54.25069	20.81544	93.236	65.262	2,398.3	1.1	-1.14	0.03	0.14	0.17
BART	12234M001	2020-07-08 02:00:00.0	54.25069	20.81544	93.233	65.259	2,398.5	1	-1.05	-0.57	0.15	0.14
BART	12234M001	2020-07-08 02:30:00.0	54.25069	20.81544	93.233	65.259	2,399.6	1.1	-0.99	-0.64	0.2	0.16
BART	12234M001	2020-07-08 03:00:00.0	54.25069	20.81544	93.237	65.263	2,399.8	1.2	-0.15	-0.35	0.17	0.15
BART	12234M001	2020-07-08 03:30:00.0	54.25069	20.81544	93.237	65.263	2,396.7	1.1	-0.41	-0.19	0.13	0.17
BEDZ	NDNT-BEDZ	2020-07-08 01:30:00.0	50.34453	19.15936	315.215	274.423	2,366.2	1.1	-0.38	-1.12	0.14	0.16
BEDZ	NDNT-BEDZ	2020-07-08 02:00:00.0	50.34453	19.15936	315.214	274.422	2,366.1	1.1	-0.6	-0.59	0.14	0.13
BEDZ	NDNT-BEDZ	2020-07-08 02:30:00.0	50.34453	19.15936	315.214	274.422	2,366.1	1.1	-0.82	-1.02	0.19	0.12
BEDZ	NDNT-BEDZ	2020-07-08 03:00:00.0	50.34453	19.15936	315.213	274.421	2,372.4	1.2	-0.61	-1.15	0.19	0.14
BEDZ	NDNT-BEDZ	2020-07-08 03:30:00.0	50.34453	19.15936	315.213	274.421	2,371.9	1.1	-0.46	-0.94	0.14	0.14
BES1	MUSE-BES1	2020-07-08 01:30:00.0	50.32831	19.12436	310.632	269.732	2,364.2	1.2	-1.02	0.06	0.15	0.18
BES1	MUSE-BES1	2020-07-08 02:00:00.0	50.32831	19.12436	310.635	269.735	2,370.9	1.4	-0.49	-0.48	0.21	0.21
BES1	MUSE-BES1	2020-07-08 02:30:00.0	50.32831	19.12436	310.635	269.735	2,367.3	1.7	-0.28	-0.53	0.29	0.28
BES1	MUSE-BES1	2020-07-08 03:00:00.0	50.32831	19.12436	310.638	269.738	2,374.8	1.4	-0.56	-2.17	0.22	0.22
BES1	MUSE-BES1	2020-07-08 03:30:00.0	50.32831	19.12436	310.638	269.738	2,374.2	1.3	-0.8	-2.38	0.18	0.23
BIA2	NDNT-BIAL	2020-07-08 01:30:00.0	49.39022	20.09875	754.867	713.428	2,215.9	1.2	-0.37	-0.29	0.17	0.17
BIA2	NDNT-BIAL	2020-07-08 02:00:00.0	49.39022	20.09875	754.868	713.429	2,224	1.2	-0.15	-1.15	0.18	0.16
BIA2	NDNT-BIAL	2020-07-08 02:30:00.0	49.39022	20.09875	754.868	713.429	2,219.4	1.2	0.41	-1.56	0.24	0.15
BIA2	NDNT-BIAL	2020-07-08 03:00:00.0	49.39022	20.09875	754.868	713.429	2,221.7	1.2	0.04	-1.17	0.2	0.14
BIA2	NDNT-BIAL	2020-07-08 03:30:00.0	49.39022	20.09875	754.868	713.429	2,222.4	1.1	-0.18	-0.6	0.15	0.14
BILG	12236M001	2020-07-08 01:30:00.0	50.5315	22.71858	242.964	209.275	2,351	1.2	-0.66	0.29	0.15	0.14
BILG	12236M001	2020-07-08 02:00:00.0	50.5315	22.71858	242.971	209.282	2,352.1	1.3	-0.32	-0.94	0.17	0.14
BILG	12236M001	2020-07-08 02:30:00.0	50.5315	22.71858	242.971	209.282	2,355.1	1.4	-0.36	-0.84	0.22	0.13
BILG	12236M001	2020-07-08 03:00:00.0	50.5315	22.71858	242.976	209.287	2,356.4	1.1	-0.97	-1.23	0.17	0.13
BILG	12236M001	2020-07-08 03:30:00.0	50.5315	22.71858	242.976	209.287	2,357.5	1	-0.58	-1.26	0.11	0.12
BOGI	12207M003	2020-07-08 01:30:00.0	52.475	21.03522	139.976	109.168	2,376.4	1.4	-1.82	0.15	0.21	0.18
BOGI	12207M003	2020-07-08 02:00:00.0	52.475	21.03522	139.971	109.163	2,382.1	1.4	-2.15	-1.46	0.24	0.18
BOGI	12207M003	2020-07-08 02:30:00.0	52.475	21.03522	139.971	109.163	2,386.3	1.3	-3.23	-0.19	0.27	0.15
BOGI	12207M003	2020-07-08 03:00:00.0	52.475	21.03522	139.967	109.159	2,394.7	1.3	-1.13	0.27	0.19	0.17
BOGI	12207M003	2020-07-08 03:30:00.0	52.475	21.03522	139.967	109.159	2,398.1	1.1	-0.31	0.04	0.15	0.18
BOGO	12207M002	2020-07-08 01:30:00.0	52.47594	21.03536	149.611	118.805	2,385.1	1.1	-0.66	-0.5	0.15	0.16
BOGO	12207M002	2020-07-08 02:00:00.0	52.47594	21.03536	149.61	118.804	2,382	1.2	-0.38	0.23	0.15	0.15
BOGO	12207M002	2020-07-08 02:30:00.0	52.47594	21.03536	149.61	118.804	2,387.5	1.1	0.34	-0.36	0.2	0.13
BOGO	12207M002	2020-07-08 03:00:00.0	52.47594	21.03536	149.608	118.802	2,393.8	1	-0.31	-0.02	0.16	0.12
BOGO	12207M002	2020-07-08 03:30:00.0	52.47594	21.03536	149.608	118.802	2,396	0.9	-1.12	-0.22	0.12	0.14
BOR1	12205M002	2020-07-08 01:30:00.0	52.27694	17.07347	124.433	89.082	2,436.1	1.4	-0.73	-0.22	0.19	0.18
BOR1	12205M002	2020-07-08 02:00:00.0	52.27694	17.07347	124.432	89.081	2,439.7	1.2	-1.43	-0.15	0.22	0.14
BOR1	12205M002	2020-07-08 02:30:00.0	52.27694	17.07347	124.432	89.081	2,434.2	1.2	-1.5	0	0.24	0.13
BOR1	12205M002	2020-07-08 03:00:00.0	52.27694	17.07347	124.432	89.081	2,429.7	1.3	-1.39	0.02	0.18	0.16
BOR1	12205M002	2020-07-08 03:30:00.0	52.27694	17.07347	124.432	89.081	2,424.3	1.2	-1.04	0.08	0.16	0.17
BPDL	12223M001	2020-07-08 01:30:00.0	52.03528	23.12736	196.357	167.423	2,364.2	1.1	-0.54	0.23	0.14	0.16
BPDL	12223M001	2020-07-08 02:00:00.0	52.03528	23.12736	196.356	167.422	2,366.2	1.1	-0.78	-0.61	0.15	0.14
BPDL	12223M001	2020-07-08 02:30:00.0	52.03528	23.12736	196.356	167.422	2,367.6	1.1	-0.33	-0.64	0.19	0.12
BPDL	12223M001	2020-07-08 03:00:00.0	52.03528	23.12736	196.355	167.421	2,375.4	1.1	-0.83	0.34	0.16	0.12
BPDL	12223M001	2020-07-08 03:30:00.0	52.03528	23.12736	196.355	167.421	2,374.7	0.9	-0.6	-0.12	0.11	0.14
BRZE	NDNT-BRZE	2020-07-08 01:30:00.0	49.969	20.59017	327.375	289.015	2,345.8	1.2	-0.02	-0.27	0.16	0.16
BRZE	NDNT-BRZE	2020-07-08 02:00:00.0	49.969	20.59017	327.382	289.022	2,349.5	1.2	-0.24	-0.79	0.19	0.14
BRZE	NDNT-BRZE	2020-07-08 02:30:00.0	49.969	20.59017	327.382	289.022	2,344.4	1.2	-0.42	-1.11	0.23	0.12
BRZE	NDNT-BRZE	2020-07-08 03:00:00.0	49.969	20.59017	327.387	289.027	2,345.8	1.1	-0.7	-0.77	0.19	0.13
BRZE	NDNT-BRZE	2020-07-08 03:30:00.0	49.969	20.59017	327.387	289.027	2,340.4	1.1	-0.3	-0.78	0.14	0.15
BRZG	NDNT-BRZG	2020-07-08 01:30:00.0	50.86219	17.45103	190.696	150.347	2,404.4	1.4	-1.37	-0.52	0.17	0.17
BRZG	NDNT-BRZG	2020-07-08 02:00:00.0	50.86219	17.45103	190.696	150.347	2,409.5	1.4	-1.42	-0.73	0.23	0.17
BRZG	NDNT-BRZG	2020-07-08 02:30:00.0	50.86219	17.45103	190.696	150.347	2,406.6	1.5	-1.54	-0.56	0.26	0.16
BRZG	NDNT-BRZG	2020-07-08 03:00:00.0	50.86219	17.45103	190.691	150.342	2,404.2	1.2	-0.77	-0.02	0.19	0.15
BRZG	NDNT-BRZG	2020-07-08 03:30:00.0	50.86219	17.45103	190.691	150.342	2,416.6	1.2	-0.92	0.25	0.17	0.17
BUCU	11401M001	2020-07-08 01:30:00.0	44.46394	26.12575	143.33	108.819	2,439	1.3	-3.14	1.69	0.21	0.17
BUCU	11401M001	2020-07-08 02:00:00.0	44.46394	26.12575	143.334	108.823	2,435.5	1.5	-2.45	1.43	0.26	0.18
BUCU	11401M001	2020-07-08 02:30:00.0	44.46394	26.12575	143.334	108.823	2,427.5	1.6	-1.86	0.85	0.29	0.19
BUCU	11401M001	2020-07-08 03:00:00.0	44.46394	26.12575	143.336	108.825	2,431.1	1.3	-1.58	-0.35	0.22	0.15
BUCU	11401M001	2020-07-08 03:30:00.0	44.46394	26.12575	143.336	108.825	2,421.3	1.1	-0.85	-0.42	0.2	0.13
BUSK	NDNT-BUSK	2020-07-08 01:30:00.0	50.47422	20.71275	311.412	274.016	2,346.8	1.1	-0.24	-0.78	0.14	0.16
BUSK	NDNT-BUSK	2020-07-08 02:00:00.0	50.47422	20.71275	311.416	274.02	2,344.4	1.2	-0.68	-0.44	0.16	0.16
BUSK	NDNT-BUSK	2020-07-08 02:30:00.0	50.47422	20.71275	311.416	274.02	2,345.8	1.2	-0.84	-0.38	0.22	0.13
BUSK	NDNT-BUSK	2020-07-08 03:00:00.0	50.47422	20.71275	311.412	274.016	2,351.5	1.1	-0.24	-0.49	0.18	0.12
BUSK	NDNT-BUSK	2020-07-08 03:30:00.0	50.47422	20.71275	311.412	274.016	2,353	0.9	-0.35	-0.74	0.12	0.13
BUZD	12238M001	2020-07-08 01:30:00.0	50.46622	20.71894	299.279	261.884	2,345.2	1.2	-0.9	0.1	0.15	0.16
BUZD	12238M001	2020-07-08 02:00:00.0	50.46622	20.71894	299.282	261.887	2,350.1	1.3	-0.55	-1.01	0.18	0.16
BUZD	12238M001	2020-07-08 02:30:00.0	50.46622	20.71894	299.282	261.887	2,345.5	1.2	-0.04	-0.06	0.23	0.13
BUZD	12238M001	2020-07-08 03:00:00.0	50.46622	20.71894	299.283	261.888	2,352	1.1	-0.29	-0.8	0.19	0.14
BUZD	12238M001	2020-07-08 03:30:00.0	50.46622	20.71894	299.283	261.888	2,354.6	1	-0.54	-1.16	0.13	0.14
BYDG	12224M001	2020-07-08 01:30:00.0	53.13456	17.99364	104.444	73.836	2,426.4	1.1	-1.15	-0.34	0.15	0.16
BYDG	12224M001	2020-07-08 02:00:00.0	53.13456	17.99364	104.437	73.829	2,425.2	1	-0.67	0.11	0.15	0.13
BYDG	12224M001	2020-07-08 02:30:00.0	53.13456	17.99364	104.437	73.829	2,428	1	-1.16	-0.36	0.19	0.11
BYDG	12224M001	2020-07-08 03:00:00.0	53.13456	17.99364	104.441	73.833	2,433	1.1	-1.31	0.07	0.16	0.13
BYDG	12224M001	2020-07-08 03:30:00.0	53.13456	17.99364	104.441	73.833	2,428.7	0.9	-1.28	0.17	0.12	0.14
CBKA	12221M001	2020-07-08 01:30:00.0	52.21472	21.06769	125.19	93.942	2,385.8	1.1	-0.32	0.03	0.14	0.15
CBKA	12221M001	2020-07-08 02:00:00.0	52.21472	21.06769	125.192	93.944	2,392.1	1	-0.61	-0.69	0.14	0.13
CBKA	12221M001	2020-07-08 02:30:00.0	52.21472	21.06769	125.192	93.944	2,394.2	1	-0.54	-0.67	0.19	0.11
CBKA	12221M001	2020-07-08 03:00:00.0	52.21472	21.06769	125.189	93.941	2,398.3	1	-0.67	-0.37	0.16	0.12
CBKA	12221M001	2020-07-08 03:30:00.0	52.21472	21.06769	125.189	93.941	2,399.1	0.9	-0.9	-0.06	0.1	0.12
CCHN	12239M001	2020-07-08 01:30:00.0	52.88281	20.59783	167.636	136.742	2,382.4	1.2	-0.22	-1.27	0.17	0.17
CCHN	12239M001	2020-07-08 02:00:00.0	52.88281	20.59783	167.64	136.746	2,383.9	1	-0.73	-0.78	0.16	0.13
CCHN	12239M001	2020-07-08 02:30:00.0	52.88281	20.59783	167.64	136.746	2,376.7	1.1	-0.68	-0.89	0.2	0.14
CCHN	12239M001	2020-07-08 03:00:00.0	52.88281	20.59783	167.638	136.744	2,381.7	1.1	-1.3	-1.33	0.17	0.13
CCHN	12239M001	2020-07-08 03:30:00.0	52.88281	20.59783	167.638	136.744	2,384.5	1	-0.96	-0.65	0.12	0.14
CHEL	12240M001	2020-07-08 01:30:00.0	51.13	23.48042	255.52	225.903	2,342	1.2	-1.33	-0.17	0.14	0.14
CHEL	12240M001	2020-07-08 02:00:00.0	51.13	23.48042	255.524	225.907	2,343.5	1.3	-0.85	-0.68	0.18	0.14
CHEL	12240M001	2020-07-08 02:30:00.0	51.13	23.48042	255.524	225.907	2,343.9	1.4	-0.9	-0.54	0.23	0.14
CHEL	12240M001	2020-07-08 03:00:00.0	51.13	23.48042	255.531	225.914	2,349.7	1.2	-0.85	-1.23	0.18	0.15
CHEL	12240M001	2020-07-08 03:30:00.0	51.13	23.48042	255.531	225.914	2,352.9	1	-0.15	-0.59	0.12	0.11
CHNO	12241M001	2020-07-08 01:30:00.0	53.16406	15.41406	105.395	70.64	2,427.1	1.3	-2.2	0.07	0.2	0.19
CHNO	12241M001	2020-07-08 02:00:00.0	53.16406	15.41406	105.392	70.637	2,424.9	1.3	-1.62	-0.39	0.22	0.17
CHNO	12241M001	2020-07-08 02:30:00.0	53.16406	15.41406	105.392	70.637	2,421.6	1.5	-1.81	0	0.26	0.23
CHNO	12241M001	2020-07-08 03:00:00.0	53.16406	15.41406	105.394	70.639	2,411.8	1.5	-1.81	-0.26	0.2	0.21
CHNO	12241M001	2020-07-08 03:30:00.0	53.16406	15.41406	105.394	70.639	2,408.8	1.3	-1.66	-0.49	0.16	0.2
CHOJ	12242M001	2020-07-08 01:30:00.0	53.69519	17.55236	204.052	173.302	2,398.8	1.3	-0.22	-0.68	0.18	0.18
CHOJ	12242M001	2020-07-08 02:00:00.0	53.69519	17.55236	204.055	173.305	2,392.5	1.3	-1.05	-0.03	0.22	0.18
CHOJ	12242M001	2020-07-08 02:30:00.0	53.69519	17.55236	204.055	173.305	2,388.8	1.3	-1.37	0.17	0.25	0.16
CHOJ	12242M001	2020-07-08 03:00:00.0	53.69519	17.55236	204.052	173.302	2,387.6	1.1	-0.94	0.1	0.19	0.14
CHOJ	12242M001	2020-07-08 03:30:00.0	53.69519	17.55236	204.052	173.302	2,385.2	1.1	-0.81	-0.14	0.15	0.15
CLIB	11526M001	2020-07-08 01:30:00.0	50.77169	15.05989	448.438	405.148	2,343.2	1.2	-1.16	-0.5	0.16	0.17
CLIB	11526M001	2020-07-08 02:00:00.0	50.77169	15.05989	448.435	405.145	2,341.9	1.1	-1.37	0.41	0.19	0.14
CLIB	11526M001	2020-07-08 02:30:00.0	50.77169	15.05989	448.435	405.145	2,346	1.1	-1.27	-0.02	0.23	0.14
CLIB	11526M001	2020-07-08 03:00:00.0	50.77169	15.05989	448.437	405.147	2,342.3	1.1	-0.03	-0.37	0.17	0.13
CLIB	11526M001	2020-07-08 03:30:00.0	50.77169	15.05989	448.437	405.147	2,347	1	0.11	-0.62	0.13	0.11
CNIV	15501M001	2020-07-08 01:30:00.0	51.51894	31.31361	175.915	151.165	2,476.5	1.2	-0.59	0.29	0.18	0.13
CNIV	15501M001	2020-07-08 02:00:00.0	51.51894	31.31361	175.933	151.183	2,477.5	1.2	-0.54	0.31	0.18	0.15
CNIV	15501M001	2020-07-08 02:30:00.0	51.51894	31.31361	175.933	151.183	2,471.9	1.2	-0.18	0.6	0.21	0.14
CNIV	15501M001	2020-07-08 03:00:00.0	51.51894	31.31361	175.934	151.184	2,479.3	1.1	0.18	0.39	0.16	0.13
CNIV	15501M001	2020-07-08 03:30:00.0	51.51894	31.31361	175.934	151.184	2,473.8	1.1	0.1	-0.09	0.13	0.14
CPAR	11527M001	2020-07-08 01:30:00.0	50.03956	15.78325	283.359	239.254	2,397	1.6	0.01	-1.08	0.2	0.22
CPAR	11527M001	2020-07-08 02:00:00.0	50.03956	15.78325	283.354	239.249	2,399.1	1.5	-1.07	0.15	0.22	0.17
CPAR	11527M001	2020-07-08 02:30:00.0	50.03956	15.78325	283.354	239.249	2,391.8	1.5	-0.96	0.28	0.25	0.17
CPAR	11527M001	2020-07-08 03:00:00.0	50.03956	15.78325	283.352	239.247	2,385.2	1.4	-1.09	-0.27	0.22	0.18
CPAR	11527M001	2020-07-08 03:30:00.0	50.03956	15.78325	283.352	239.247	2,380	1.3	-0.92	-0.1	0.19	0.19
CRAK	11528M001	2020-07-08 01:30:00.0	50.10239	13.72925	381.967	336.129	2,351.8	1.3	-1.17	0.8	0.18	0.18
CRAK	11528M001	2020-07-08 02:00:00.0	50.10239	13.72925	381.961	336.123	2,358.7	1.2	-0.94	-0.27	0.21	0.14
CRAK	11528M001	2020-07-08 02:30:00.0	50.10239	13.72925	381.961	336.123	2,361.8	1.2	-0.64	-0.5	0.25	0.15
CRAK	11528M001	2020-07-08 03:00:00.0	50.10239	13.72925	381.962	336.124	2,362.2	1.1	-0.2	-0.46	0.18	0.13
CRAK	11528M001	2020-07-08 03:30:00.0	50.10239	13.72925	381.962	336.124	2,367.2	1.1	0.17	-0.5	0.14	0.12
CZES	NDNT-CZES	2020-07-08 01:30:00.0	50.78419	19.15317	312.095	273.243	2,358.9	1.1	-0.2	-0.35	0.14	0.15
CZES	NDNT-CZES	2020-07-08 02:00:00.0	50.78419	19.15317	312.095	273.243	2,367.8	1.1	-0.86	-1.14	0.15	0.14
CZES	NDNT-CZES	2020-07-08 02:30:00.0	50.78419	19.15317	312.095	273.243	2,368.4	1.2	-1.48	-0.81	0.21	0.12
CZES	NDNT-CZES	2020-07-08 03:00:00.0	50.78419	19.15317	312.097	273.245	2,374.9	1.1	-1.24	-1.03	0.18	0.13
CZES	NDNT-CZES	2020-07-08 03:30:00.0	50.78419	19.15317	312.097	273.245	2,373.3	1	-1.01	-0.72	0.13	0.12
DAB1	NDNT-DABT	2020-07-08 01:30:00.0	50.17606	20.992	249.888	212.851	2,363.6	1.1	-0.77	-0.34	0.14	0.15
DAB1	NDNT-DABT	2020-07-08 02:00:00.0	50.17606	20.992	249.891	212.854	2,361.7	1.1	0.16	-0.84	0.15	0.14
DAB1	NDNT-DABT	2020-07-08 02:30:00.0	50.17606	20.992	249.891	212.854	2,367	1.1	-0.17	-0.65	0.21	0.12
DAB1	NDNT-DABT	2020-07-08 03:00:00.0	50.17606	20.992	249.89	212.853	2,368.7	1.1	-0.25	-0.48	0.17	0.12
DAB1	NDNT-DABT	2020-07-08 03:30:00.0	50.17606	20.992	249.89	212.853	2,366.9	0.9	-0.3	-0.48	0.12	0.13
DEBI	NDNT-DEBI	2020-07-08 01:30:00.0	50.04361	21.41992	258.87	222.694	2,358.3	1.1	-0.32	-0.19	0.14	0.15
DEBI	NDNT-DEBI	2020-07-08 02:00:00.0	50.04361	21.41992	258.868	222.692	2,359.9	1.1	-0.76	0.1	0.15	0.14
DEBI	NDNT-DEBI	2020-07-08 02:30:00.0	50.04361	21.41992	258.868	222.692	2,359.2	1.1	-1.61	-0.48	0.21	0.12
DEBI	NDNT-DEBI	2020-07-08 03:00:00.0	50.04361	21.41992	258.869	222.693	2,363.3	1.1	-1.46	-0.7	0.17	0.12
DEBI	NDNT-DEBI	2020-07-08 03:30:00.0	50.04361	21.41992	258.869	222.693	2,366	0.9	-0.48	-0.41	0.12	0.13
DRWP	12243M001	2020-07-08 01:30:00.0	53.52633	15.81747	171.09	136.794	2,423.9	1.3	-1.23	-2.84	0.2	0.19
DRWP	12243M001	2020-07-08 02:00:00.0	53.52633	15.81747	171.085	136.789	2,410.7	1.1	0.75	-0.27	0.19	0.13
DRWP	12243M001	2020-07-08 02:30:00.0	53.52633	15.81747	171.085	136.789	2,402.3	1.1	0.91	0.01	0.22	0.13
DRWP	12243M001	2020-07-08 03:00:00.0	53.52633	15.81747	171.093	136.797	2,401.8	1.1	0.78	-0.41	0.17	0.13
DRWP	12243M001	2020-07-08 03:30:00.0	53.52633	15.81747	171.093	136.797	2,391.6	1.1	0.58	-0.62	0.13	0.14
DYNW	NDNT-DYNW	2020-07-08 01:30:00.0	49.81286	22.22936	311.654	276.596	2,341.2	1.4	-0.29	-1.19	0.2	0.16
DYNW	NDNT-DYNW	2020-07-08 02:00:00.0	49.81286	22.22936	311.656	276.598	2,351.3	1.6	-0.39	-0.82	0.26	0.18
DYNW	NDNT-DYNW	2020-07-08 02:30:00.0	49.81286	22.22936	311.656	276.598	2,348.8	1.6	-0.11	-1.73	0.29	0.18
DYNW	NDNT-DYNW	2020-07-08 03:00:00.0	49.81286	22.22936	311.659	276.601	2,350.4	1.4	0.71	-0.59	0.22	0.19
DYNW	NDNT-DYNW	2020-07-08 03:30:00.0	49.81286	22.22936	311.659	276.601	2,353.2	1.4	0.39	-0.73	0.2	0.21
DZIA	12244M001	2020-07-08 01:30:00.0	53.23033	20.16739	206.573	176.055	2,368.6	1.1	-0.9	0.6	0.15	0.16
DZIA	12244M001	2020-07-08 02:00:00.0	53.23033	20.16739	206.577	176.059	2,366.1	1	-0.82	-0.5	0.14	0.14
DZIA	12244M001	2020-07-08 02:30:00.0	53.23033	20.16739	206.577	176.059	2,372.5	1	-0.06	-0.43	0.18	0.11
DZIA	12244M001	2020-07-08 03:00:00.0	53.23033	20.16739	206.575	176.057	2,364.4	1.1	0.16	-0.3	0.16	0.13
DZIA	12244M001	2020-07-08 03:30:00.0	53.23033	20.16739	206.575	176.057	2,362.5	1	-0.81	-0.26	0.12	0.13
ELBL	18991M001	2020-07-08 01:30:00.0	54.15556	19.40036	52.691	23.683	2,415.9	1.1	-0.12	-0.92	0.15	0.15
ELBL	18991M001	2020-07-08 02:00:00.0	54.15556	19.40036	52.692	23.684	2,412.7	1	-0.72	-0.95	0.16	0.13
ELBL	18991M001	2020-07-08 02:30:00.0	54.15556	19.40036	52.692	23.684	2,420.8	1	-0.93	-0.73	0.2	0.11
ELBL	18991M001	2020-07-08 03:00:00.0	54.15556	19.40036	52.693	23.685	2,429.5	1.1	-0.4	-0.31	0.17	0.13
ELBL	18991M001	2020-07-08 03:30:00.0	54.15556	19.40036	52.693	23.685	2,435.7	1	-0.37	-0.33	0.12	0.13
GDA1	12252M002	2020-07-08 01:30:00.0	54.35142	18.64108	63.175	33.943	2,425.3	1.2	-0.82	-0.11	0.18	0.17
GDA1	12252M002	2020-07-08 02:00:00.0	54.35142	18.64108	63.179	33.947	2,430.9	1.4	-0.79	-0.21	0.23	0.18
GDA1	12252M002	2020-07-08 02:30:00.0	54.35142	18.64108	63.179	33.947	2,432.6	1.4	-1.12	0.62	0.27	0.19
GDA1	12252M002	2020-07-08 03:00:00.0	54.35142	18.64108	63.178	33.946	2,425.5	1.1	-0.53	0.64	0.17	0.14
GDA1	12252M002	2020-07-08 03:30:00.0	54.35142	18.64108	63.178	33.946	2,419.7	1	-0.86	0.29	0.12	0.14
GIZY	12253M001	2020-07-08 01:30:00.0	54.03578	21.76778	166.823	138.583	2,375.6	1.1	-0.71	-0.1	0.16	0.15
GIZY	12253M001	2020-07-08 02:00:00.0	54.03578	21.76778	166.819	138.579	2,378.1	1	-0.05	-0.39	0.17	0.13
GIZY	12253M001	2020-07-08 02:30:00.0	54.03578	21.76778	166.819	138.579	2,379.4	1	-0.27	-0.75	0.21	0.1
GIZY	12253M001	2020-07-08 03:00:00.0	54.03578	21.76778	166.823	138.583	2,378.7	1.1	-0.26	-0.17	0.17	0.14
GIZY	12253M001	2020-07-08 03:30:00.0	54.03578	21.76778	166.823	138.583	2,382.1	1	-0.32	-0.32	0.12	0.14
GLIW	NDNT-GLIW	2020-07-08 01:30:00.0	50.22644	18.60972	284.047	242.471	2,380.5	1.4	-0.32	0.03	0.18	0.18
GLIW	NDNT-GLIW	2020-07-08 02:00:00.0	50.22644	18.60972	284.046	242.47	2,380.1	1.5	-1.02	0.02	0.25	0.18
GLIW	NDNT-GLIW	2020-07-08 02:30:00.0	50.22644	18.60972	284.046	242.47	2,380.9	1.4	-1.27	-0.63	0.28	0.18
GLIW	NDNT-GLIW	2020-07-08 03:00:00.0	50.22644	18.60972	284.047	242.471	2,378.8	1.5	-0.49	-1.27	0.24	0.21
GLIW	NDNT-GLIW	2020-07-08 03:30:00.0	50.22644	18.60972	284.047	242.471	2,386.9	1.4	-1.26	-1.72	0.2	0.25
GLOG	12254M001	2020-07-08 01:30:00.0	51.66525	16.07428	144.434	104.591	2,439.7	1.3	-0.9	-0.08	0.2	0.2
GLOG	12254M001	2020-07-08 02:00:00.0	51.66525	16.07428	144.432	104.589	2,438.3	1.1	-0.86	0.07	0.19	0.14
GLOG	12254M001	2020-07-08 02:30:00.0	51.66525	16.07428	144.432	104.589	2,436.4	1.1	-1.12	-0.14	0.22	0.14
GLOG	12254M001	2020-07-08 03:00:00.0	51.66525	16.07428	144.432	104.589	2,433.7	1.1	-1.75	-0.48	0.18	0.14
GLOG	12254M001	2020-07-08 03:30:00.0	51.66525	16.07428	144.432	104.589	2,431.6	1.1	-1.53	0.07	0.15	0.16
GLSV	12356M001	2020-07-08 01:30:00.0	50.36419	30.49675	226.31	200.938	2,456.6	1.1	-0.55	1	0.14	0.12
GLSV	12356M001	2020-07-08 02:00:00.0	50.36419	30.49675	226.317	200.945	2,450.2	1	-0.15	1.22	0.12	0.11
GLSV	12356M001	2020-07-08 02:30:00.0	50.36419	30.49675	226.317	200.945	2,443.3	1	-0.17	0.55	0.13	0.11
GLSV	12356M001	2020-07-08 03:00:00.0	50.36419	30.49675	226.316	200.944	2,440	1.1	0.36	0.87	0.14	0.12
GLSV	12356M001	2020-07-08 03:30:00.0	50.36419	30.49675	226.316	200.944	2,438.4	1	0.47	0.88	0.11	0.12
GLUB	NDNT-GLUB	2020-07-08 01:30:00.0	50.20236	17.81056	321.382	279.158	2,361.9	1.6	-0.59	-0.05	0.2	0.21
GLUB	NDNT-GLUB	2020-07-08 02:00:00.0	50.20236	17.81056	321.383	279.159	2,371.9	1.4	-0.43	-0.56	0.21	0.16
GLUB	NDNT-GLUB	2020-07-08 02:30:00.0	50.20236	17.81056	321.383	279.159	2,365.9	1.4	-0.65	-0.85	0.25	0.15
GLUB	NDNT-GLUB	2020-07-08 03:00:00.0	50.20236	17.81056	321.376	279.152	2,373.6	1.5	-0.27	-0.21	0.23	0.19
GLUB	NDNT-GLUB	2020-07-08 03:30:00.0	50.20236	17.81056	321.376	279.152	2,372	1.4	-0.34	-0.08	0.19	0.19
GNIE	12255M001	2020-07-08 01:30:00.0	52.53294	17.58386	172.137	138.875	2,405.2	1.2	-1.34	-0.45	0.16	0.17
GNIE	12255M001	2020-07-08 02:00:00.0	52.53294	17.58386	172.132	138.87	2,416.7	1	-1.51	-0.43	0.15	0.14
GNIE	12255M001	2020-07-08 02:30:00.0	52.53294	17.58386	172.132	138.87	2,413.9	1.1	-1.56	-0.68	0.21	0.15
GNIE	12255M001	2020-07-08 03:00:00.0	52.53294	17.58386	172.139	138.877	2,409.4	1.3	-1.37	-0.41	0.2	0.16
GNIE	12255M001	2020-07-08 03:30:00.0	52.53294	17.58386	172.139	138.877	2,403.6	1.2	-1.33	-0.11	0.17	0.18
GOLE	12256M001	2020-07-08 01:30:00.0	53.55872	14.838	68.867	33.69	2,426.8	1.1	-1.12	-0.23	0.15	0.17
GOLE	12256M001	2020-07-08 02:00:00.0	53.55872	14.838	68.868	33.691	2,423.3	1	-1.12	0.03	0.14	0.13
GOLE	12256M001	2020-07-08 02:30:00.0	53.55872	14.838	68.868	33.691	2,418.6	1.1	-1.51	0.13	0.2	0.13
GOLE	12256M001	2020-07-08 03:00:00.0	53.55872	14.838	68.869	33.692	2,412.1	1	-0.45	0.19	0.14	0.13
GOLE	12256M001	2020-07-08 03:30:00.0	53.55872	14.838	68.869	33.692	2,410.6	0.9	-0.76	0.05	0.11	0.13
GOPE	11502M002	2020-07-08 01:30:00.0	49.91369	14.78564	592.733	547.564	2,303.1	1.3	-0.57	0.39	0.19	0.19
GOPE	11502M002	2020-07-08 02:00:00.0	49.91369	14.78564	592.729	547.56	2,297.5	1.2	-0.68	-0.23	0.23	0.16
GOPE	11502M002	2020-07-08 02:30:00.0	49.91369	14.78564	592.729	547.56	2,295.3	1.3	-0.76	-0.25	0.27	0.16
GOPE	11502M002	2020-07-08 03:00:00.0	49.91369	14.78564	592.731	547.562	2,295.8	1.1	-0.42	-0.29	0.19	0.14
GOPE	11502M002	2020-07-08 03:30:00.0	49.91369	14.78564	592.731	547.562	2,293.2	1.1	-0.38	-0.01	0.16	0.13
GOR1	NDNT-GORL	2020-07-08 01:30:00.0	49.65586	21.13944	381.242	343.387	2,329.6	1.1	-0.41	0.12	0.15	0.16
GOR1	NDNT-GORL	2020-07-08 02:00:00.0	49.65586	21.13944	381.24	343.385	2,328.1	1.2	-0.64	-0.11	0.17	0.14
GOR1	NDNT-GORL	2020-07-08 02:30:00.0	49.65586	21.13944	381.24	343.385	2,326.3	1.1	0.09	-0.12	0.22	0.12
GOR1	NDNT-GORL	2020-07-08 03:00:00.0	49.65586	21.13944	381.243	343.388	2,332.7	1.1	-0.06	-0.54	0.18	0.12
GOR1	NDNT-GORL	2020-07-08 03:30:00.0	49.65586	21.13944	381.243	343.388	2,334.4	1	-0.18	-0.42	0.13	0.13
GRAJ	12245M001	2020-07-08 01:30:00.0	53.65106	22.45231	165.195	136.679	2,373.1	1.3	-1.12	-0.95	0.23	0.2
GRAJ	12245M001	2020-07-08 02:00:00.0	53.65106	22.45231	165.187	136.671	2,374.9	1.1	-0.55	-0.83	0.23	0.16
GRAJ	12245M001	2020-07-08 02:30:00.0	53.65106	22.45231	165.187	136.671	2,373.6	1.1	-0.83	-0.75	0.25	0.15
GRAJ	12245M001	2020-07-08 03:00:00.0	53.65106	22.45231	165.177	136.661	2,376	1.2	-0.9	-1.03	0.19	0.17
GRAJ	12245M001	2020-07-08 03:30:00.0	53.65106	22.45231	165.177	136.661	2,374.3	1.1	-1	-0.86	0.16	0.19
GWWL	12225M001	2020-07-08 01:30:00.0	52.73797	15.20522	127.169	90.88	2,421.8	1.2	-1.5	0.42	0.16	0.16
GWWL	12225M001	2020-07-08 02:00:00.0	52.73797	15.20522	127.161	90.872	2,422.4	1.1	-1.97	0.68	0.19	0.13
GWWL	12225M001	2020-07-08 02:30:00.0	52.73797	15.20522	127.161	90.872	2,420	1.1	-2.66	0.23	0.21	0.13
GWWL	12225M001	2020-07-08 03:00:00.0	52.73797	15.20522	127.16	90.871	2,415.2	1.1	-1.11	0.4	0.17	0.13
GWWL	12225M001	2020-07-08 03:30:00.0	52.73797	15.20522	127.16	90.871	2,414.9	1	-1.42	0.08	0.13	0.14
HAJN	12247M001	2020-07-08 01:30:00.0	52.74097	23.56589	196.624	168.353	2,358.8	1.2	-1.14	-0.07	0.17	0.17
HAJN	12247M001	2020-07-08 02:00:00.0	52.74097	23.56589	196.626	168.355	2,365.2	1.2	-1.59	-0.37	0.2	0.14
HAJN	12247M001	2020-07-08 02:30:00.0	52.74097	23.56589	196.626	168.355	2,365.2	1.1	-1.38	-0.92	0.21	0.12
HAJN	12247M001	2020-07-08 03:00:00.0	52.74097	23.56589	196.62	168.349	2,368	1.2	-1.15	-0.15	0.18	0.16
HAJN	12247M001	2020-07-08 03:30:00.0	52.74097	23.56589	196.62	168.349	2,371.3	1	-0.85	-0.59	0.12	0.17
HOZD	12248M001	2020-07-08 01:30:00.0	50.18886	23.36225	298.86	266.989	2,336.4	1.2	-0.73	-0.33	0.17	0.15
HOZD	12248M001	2020-07-08 02:00:00.0	50.18886	23.36225	298.861	266.99	2,331.2	1.4	-1.49	1.2	0.19	0.16
HOZD	12248M001	2020-07-08 02:30:00.0	50.18886	23.36225	298.861	266.99	2,327	1.5	-0.66	-0.2	0.24	0.15
HOZD	12248M001	2020-07-08 03:00:00.0	50.18886	23.36225	298.855	266.984	2,322.9	1.2	-0.79	-1.13	0.19	0.15
HOZD	12248M001	2020-07-08 03:30:00.0	50.18886	23.36225	298.855	266.984	2,337.8	1.1	-1.39	-0.29	0.13	0.14
HRUB	12249M001	2020-07-08 01:30:00.0	50.80469	23.88628	234.425	204.497	2,350.8	1.4	-0.77	-0.73	0.19	0.19
HRUB	12249M001	2020-07-08 02:00:00.0	50.80469	23.88628	234.441	204.513	2,354.4	1.5	-1.78	0.67	0.23	0.16
HRUB	12249M001	2020-07-08 02:30:00.0	50.80469	23.88628	234.441	204.513	2,350.8	1.6	-2.72	-0.35	0.27	0.18
HRUB	12249M001	2020-07-08 03:00:00.0	50.80469	23.88628	234.454	204.526	2,348.5	1.4	-1.62	-1.08	0.2	0.18
HRUB	12249M001	2020-07-08 03:30:00.0	50.80469	23.88628	234.454	204.526	2,354.1	1.1	-1.35	-2.59	0.15	0.17
IGEO	15101M001	2020-07-08 01:30:00.0	47.03036	28.84353	105.857	74.618	2,424.4	1.1	0.4	0.45	0.14	0.12
IGEO	15101M001	2020-07-08 02:00:00.0	47.03036	28.84353	105.863	74.624	2,411.2	1.3	0.61	0.89	0.18	0.15
IGEO	15101M001	2020-07-08 02:30:00.0	47.03036	28.84353	105.863	74.624	2,409.5	1.3	-0.03	-0.08	0.22	0.16
IGEO	15101M001	2020-07-08 03:00:00.0	47.03036	28.84353	105.864	74.625	2,410	1.4	0.62	-0.1	0.19	0.18
IGEO	15101M001	2020-07-08 03:30:00.0	47.03036	28.84353	105.864	74.625	2,405.3	1.4	0.74	-0.15	0.17	0.2
ILAW	12250M001	2020-07-08 01:30:00.0	53.58714	19.56797	162.818	133.334	2,377.9	1.1	-0.91	0.17	0.13	0.15
ILAW	12250M001	2020-07-08 02:00:00.0	53.58714	19.56797	162.815	133.331	2,380	0.8	-0.79	0.51	0.11	0.1
ILAW	12250M001	2020-07-08 02:30:00.0	53.58714	19.56797	162.815	133.331	2,375.8	0.8	-0.86	-0.86	0.15	0.09
ILAW	12250M001	2020-07-08 03:00:00.0	53.58714	19.56797	162.815	133.331	2,390.1	1.1	-0.42	-0.83	0.15	0.13
ILAW	12250M001	2020-07-08 03:30:00.0	53.58714	19.56797	162.815	133.331	2,396	0.9	-0.68	-0.77	0.11	0.12
JAR1	NDNT-JARO	2020-07-08 01:30:00.0	50.01719	22.67853	268.93	235.091	2,348	1	-0.21	-0.7	0.11	0.11
JAR1	NDNT-JARO	2020-07-08 02:00:00.0	50.01719	22.67853	268.93	235.091	2,350.5	1.3	-0.68	-0.73	0.16	0.14
JAR1	NDNT-JARO	2020-07-08 02:30:00.0	50.01719	22.67853	268.93	235.091	2,354.6	1.4	-0.28	-0.92	0.21	0.13
JAR1	NDNT-JARO	2020-07-08 03:00:00.0	50.01719	22.67853	268.935	235.096	2,358.4	1.1	0.11	-0.49	0.17	0.12
JAR1	NDNT-JARO	2020-07-08 03:30:00.0	50.01719	22.67853	268.935	235.096	2,361.6	1	0.27	-0.95	0.1	0.11
JAST	NDNT-JAST	2020-07-08 01:30:00.0	49.95256	18.61192	342.809	300.536	2,357.2	1.2	-0.98	-0.27	0.14	0.16
JAST	NDNT-JAST	2020-07-08 02:00:00.0	49.95256	18.61192	342.81	300.537	2,355.5	1.3	-0.38	-0.71	0.18	0.15
JAST	NDNT-JAST	2020-07-08 02:30:00.0	49.95256	18.61192	342.81	300.537	2,365.3	1.3	-1.17	-1.51	0.23	0.15
JAST	NDNT-JAST	2020-07-08 03:00:00.0	49.95256	18.61192	342.805	300.532	2,372	1.2	-1.08	-0.65	0.19	0.14
JAST	NDNT-JAST	2020-07-08 03:30:00.0	49.95256	18.61192	342.805	300.532	2,372.3	1.1	-0.82	-0.35	0.14	0.15
JEDR	NDNT-JEDR	2020-07-08 01:30:00.0	50.64175	20.30078	297.604	259.865	2,351.9	1	-0.49	-0.22	0.11	0.12
JEDR	NDNT-JEDR	2020-07-08 02:00:00.0	50.64175	20.30078	297.604	259.865	2,359.9	1.1	-0.56	-0.41	0.15	0.14
JEDR	NDNT-JEDR	2020-07-08 02:30:00.0	50.64175	20.30078	297.604	259.865	2,359.9	1.1	-0.05	-0.24	0.21	0.12
JEDR	NDNT-JEDR	2020-07-08 03:00:00.0	50.64175	20.30078	297.605	259.866	2,363.7	1.1	-0.01	-0.3	0.17	0.12
JEDR	NDNT-JEDR	2020-07-08 03:30:00.0	50.64175	20.30078	297.605	259.866	2,360.4	0.9	-0.56	-0.77	0.11	0.12
JLGR	12251M001	2020-07-08 01:30:00.0	50.91947	15.73325	408.208	365.356	2,348.5	1.3	-0.09	0.1	0.18	0.18
JLGR	12251M001	2020-07-08 02:00:00.0	50.91947	15.73325	408.202	365.35	2,356.3	1.2	-0.3	-0.22	0.22	0.15
JLGR	12251M001	2020-07-08 02:30:00.0	50.91947	15.73325	408.202	365.35	2,358.5	1.2	-0.68	-0.17	0.25	0.14
JLGR	12251M001	2020-07-08 03:00:00.0	50.91947	15.73325	408.201	365.349	2,358.4	1.1	-0.11	-0.03	0.18	0.13
JLGR	12251M001	2020-07-08 03:30:00.0	50.91947	15.73325	408.201	365.349	2,362.2	1	-0.09	-0.19	0.14	0.12
JOZ2	12204M002	2020-07-08 01:30:00.0	52.09783	21.03236	152.513	120.874	2,377.5	1.1	-0.93	-0.12	0.15	0.16
JOZ2	12204M002	2020-07-08 02:00:00.0	52.09783	21.03236	152.513	120.874	2,384	1.1	-1.17	-0.42	0.17	0.13
JOZ2	12204M002	2020-07-08 02:30:00.0	52.09783	21.03236	152.513	120.874	2,385.6	1.1	-1.21	-0.73	0.2	0.11
JOZ2	12204M002	2020-07-08 03:00:00.0	52.09783	21.03236	152.512	120.873	2,392.2	1.1	-1.62	-0.48	0.16	0.12
JOZ2	12204M002	2020-07-08 03:30:00.0	52.09783	21.03236	152.512	120.873	2,393.3	0.9	-1.22	-0.27	0.11	0.12
JOZE	12204M001	2020-07-08 01:30:00.0	52.09728	21.03156	141.615	109.974	2,385.1	1.3	-1.83	-0.08	0.23	0.19
JOZE	12204M001	2020-07-08 02:00:00.0	52.09728	21.03156	141.614	109.973	2,391	1.2	-1.58	-0.87	0.24	0.16
JOZE	12204M001	2020-07-08 02:30:00.0	52.09728	21.03156	141.614	109.973	2,392	1.1	-1.81	-1.07	0.26	0.12
JOZE	12204M001	2020-07-08 03:00:00.0	52.09728	21.03156	141.613	109.972	2,398	1.1	-1.15	-0.54	0.19	0.13
JOZE	12204M001	2020-07-08 03:30:00.0	52.09728	21.03156	141.613	109.972	2,397.9	1	-1.18	-0.61	0.13	0.14
KALI	12257M001	2020-07-08 01:30:00.0	51.75389	18.09517	147.746	111.748	2,407.5	1.4	-1.7	-1.05	0.23	0.19
KALI	12257M001	2020-07-08 02:00:00.0	51.75389	18.09517	147.748	111.75	2,413.1	1.1	-0.52	-1.24	0.2	0.14
KALI	12257M001	2020-07-08 02:30:00.0	51.75389	18.09517	147.748	111.75	2,415.6	1.1	0.03	-0.91	0.23	0.15
KALI	12257M001	2020-07-08 03:00:00.0	51.75389	18.09517	147.748	111.75	2,418.6	1.3	-0.36	-0.64	0.22	0.17
KALI	12257M001	2020-07-08 03:30:00.0	51.75389	18.09517	147.748	111.75	2,423.4	1.2	-0.73	-0.72	0.17	0.19
KAM1	12258M001	2020-07-08 01:30:00.0	53.96306	14.77739	57.753	22.803	2,424.7	1.2	-0.91	0.04	0.15	0.17
KAM1	12258M001	2020-07-08 02:00:00.0	53.96306	14.77739	57.75	22.8	2,420.9	1	-0.6	-0.58	0.15	0.13
KAM1	12258M001	2020-07-08 02:30:00.0	53.96306	14.77739	57.75	22.8	2,423.2	1.1	-0.85	-0.14	0.2	0.13
KAM1	12258M001	2020-07-08 03:00:00.0	53.96306	14.77739	57.75	22.8	2,424.1	1.1	-0.74	0.32	0.16	0.13
KAM1	12258M001	2020-07-08 03:30:00.0	53.96306	14.77739	57.75	22.8	2,417.3	1	-1	0.41	0.12	0.14
KATO	12219S001	2020-07-08 01:30:00.0	50.25328	19.03564	332.877	291.612	2,355.4	1.1	-0.88	-0.93	0.14	0.16
KATO	12219S001	2020-07-08 02:00:00.0	50.25328	19.03564	332.878	291.613	2,356.9	1.4	-1.1	-0.55	0.21	0.17
KATO	12219S001	2020-07-08 02:30:00.0	50.25328	19.03564	332.878	291.613	2,359.5	1.4	-0.37	-0.58	0.26	0.16
KATO	12219S001	2020-07-08 03:00:00.0	50.25328	19.03564	332.878	291.613	2,363.8	1.2	-0.87	-0.92	0.19	0.14
KATO	12219S001	2020-07-08 03:30:00.0	50.25328	19.03564	332.878	291.613	2,366.1	1.1	-0.98	-0.86	0.14	0.14
KAZ1	NDNT-KAZA	2020-07-08 01:30:00.0	50.30422	20.45164	261.17	222.967	2,360.3	1.1	-0.24	-0.89	0.14	0.15
KAZ1	NDNT-KAZA	2020-07-08 02:00:00.0	50.30422	20.45164	261.171	222.968	2,366.1	1.1	-0.48	-0.97	0.15	0.14
KAZ1	NDNT-KAZA	2020-07-08 02:30:00.0	50.30422	20.45164	261.171	222.968	2,366	1.1	-1.26	-0.72	0.21	0.12
KAZ1	NDNT-KAZA	2020-07-08 03:00:00.0	50.30422	20.45164	261.169	222.966	2,366	1.1	-0.45	-0.35	0.17	0.12
KAZ1	NDNT-KAZA	2020-07-08 03:30:00.0	50.30422	20.45164	261.169	222.966	2,371.8	1	-0.26	-0.05	0.12	0.13
KEPN	12259M001	2020-07-08 01:30:00.0	51.28017	17.98358	220.297	181.81	2,390.8	1.3	-0.74	-0.28	0.16	0.18
KEPN	12259M001	2020-07-08 02:00:00.0	51.28017	17.98358	220.298	181.811	2,394.6	1.4	-0.82	-0.42	0.22	0.17
KEPN	12259M001	2020-07-08 02:30:00.0	51.28017	17.98358	220.298	181.811	2,392.2	1.4	-1.14	-0.19	0.26	0.16
KEPN	12259M001	2020-07-08 03:00:00.0	51.28017	17.98358	220.297	181.81	2,398.7	1.2	-1	-0.22	0.18	0.14
KEPN	12259M001	2020-07-08 03:30:00.0	51.28017	17.98358	220.297	181.81	2,397.3	1.1	-0.83	-0.48	0.13	0.15
KES1	MUSE-KES1	2020-07-08 01:30:00.0	50.27158	19.02614	339.933	298.721	2,354.4	1.3	-0.8	-0.55	0.21	0.19
KES1	MUSE-KES1	2020-07-08 02:00:00.0	50.27158	19.02614	339.938	298.726	2,357.5	1.6	-0.44	-0.66	0.25	0.2
KES1	MUSE-KES1	2020-07-08 02:30:00.0	50.27158	19.02614	339.938	298.726	2,361.5	1.8	-0.83	-0.22	0.31	0.26
KES1	MUSE-KES1	2020-07-08 03:00:00.0	50.27158	19.02614	339.936	298.724	2,366.2	1.3	-1.21	-0.96	0.21	0.17
KES1	MUSE-KES1	2020-07-08 03:30:00.0	50.27158	19.02614	339.936	298.724	2,362.3	1.2	-0.54	-0.96	0.15	0.17
KILE	NDNT-KIEL	2020-07-08 01:30:00.0	50.90847	20.66397	364.629	328.068	2,331.9	1.2	-0.27	-0.04	0.16	0.17
KILE	NDNT-KIEL	2020-07-08 02:00:00.0	50.90847	20.66397	364.63	328.069	2,335.5	1.2	-0.76	-0.39	0.18	0.15
KILE	NDNT-KIEL	2020-07-08 02:30:00.0	50.90847	20.66397	364.63	328.069	2,332.7	1.2	-0.47	-0.89	0.23	0.14
KILE	NDNT-KIEL	2020-07-08 03:00:00.0	50.90847	20.66397	364.626	328.065	2,338.8	1.1	-1.06	-1.37	0.18	0.15
KLCE	12260M001	2020-07-08 01:30:00.0	50.87575	20.62967	333.561	296.869	2,336.2	1.2	-0.89	0.17	0.16	0.17
KLCE	12260M001	2020-07-08 02:00:00.0	50.87575	20.62967	333.563	296.871	2,337.1	1.2	-0.62	-0.66	0.18	0.15
KLCE	12260M001	2020-07-08 02:30:00.0	50.87575	20.62967	333.563	296.871	2,342.5	1.2	-1.01	-0.71	0.23	0.14
KLCE	12260M001	2020-07-08 03:00:00.0	50.87575	20.62967	333.562	296.87	2,347.9	1.1	-0.9	-0.72	0.18	0.15
KLDZ	12261M001	2020-07-08 01:30:00.0	50.43558	16.65189	359.558	316.318	2,366.2	1.3	-0.52	-0.5	0.16	0.18
KLDZ	12261M001	2020-07-08 02:00:00.0	50.43558	16.65189	359.559	316.319	2,369.7	1.5	0.02	-0.32	0.24	0.2
KLDZ	12261M001	2020-07-08 02:30:00.0	50.43558	16.65189	359.559	316.319	2,364.3	1.6	0.36	-0.03	0.28	0.2
KLDZ	12261M001	2020-07-08 03:00:00.0	50.43558	16.65189	359.56	316.32	2,367.3	1.2	0.39	-0.05	0.19	0.16
KLOB	12219M001	2020-07-08 01:30:00.0	50.90553	18.93689	301.637	262.933	2,360.8	1.2	-0.65	-0.71	0.15	0.16
KLOB	12219M001	2020-07-08 02:00:00.0	50.90553	18.93689	301.636	262.932	2,366.6	1.1	-1.2	-0.43	0.15	0.14
KLOB	12219M001	2020-07-08 02:30:00.0	50.90553	18.93689	301.636	262.932	2,371.5	1.2	-0.28	-1.28	0.21	0.12
KLOB	12219M001	2020-07-08 03:00:00.0	50.90553	18.93689	301.637	262.933	2,370	1.2	-0.76	0	0.18	0.14
KLUC	NDNT-KLUC	2020-07-08 01:30:00.0	50.96822	18.21419	232.958	193.53	2,394.3	1.2	-0.76	-0.65	0.15	0.16
KLUC	NDNT-KLUC	2020-07-08 02:00:00.0	50.96822	18.21419	232.959	193.531	2,393.8	1.1	-0.3	-1.16	0.14	0.13
KLUC	NDNT-KLUC	2020-07-08 02:30:00.0	50.96822	18.21419	232.959	193.531	2,394.7	1.1	0.32	-0.62	0.19	0.12
KLUC	NDNT-KLUC	2020-07-08 03:00:00.0	50.96822	18.21419	232.957	193.529	2,390.4	1.1	-0.15	-0.51	0.17	0.13
KOLB	NDNT-KOLA	2020-07-08 01:30:00.0	50.24403	21.78331	250.587	215.138	2,357.7	1.2	-1.09	0.31	0.16	0.15
KOLB	NDNT-KOLA	2020-07-08 02:00:00.0	50.24403	21.78331	250.589	215.14	2,357	1.3	-1.62	0.31	0.19	0.15
KOLB	NDNT-KOLA	2020-07-08 02:30:00.0	50.24403	21.78331	250.589	215.14	2,355.8	1.3	-2.24	-0.02	0.23	0.13
KOLB	NDNT-KOLA	2020-07-08 03:00:00.0	50.24403	21.78331	250.577	215.128	2,360.7	1.1	-1.36	-0.34	0.18	0.12
KONI	12262M001	2020-07-08 01:30:00.0	52.22811	18.25397	157.12	123.978	2,401.2	1.2	-1.36	-0.07	0.15	0.16
KONI	12262M001	2020-07-08 02:00:00.0	52.22811	18.25397	157.117	123.975	2,405	1	-1.19	-0.19	0.15	0.13
KONI	12262M001	2020-07-08 02:30:00.0	52.22811	18.25397	157.117	123.975	2,408.9	1	-1.72	0.25	0.2	0.12
KONI	12262M001	2020-07-08 03:00:00.0	52.22811	18.25397	157.121	123.979	2,416.3	1	-1.52	-0.43	0.14	0.11
KOSC	12263M001	2020-07-08 01:30:00.0	54.12256	17.98158	211.135	180.963	2,384.2	1.2	-0.71	0.05	0.18	0.16
KOSC	12263M001	2020-07-08 02:00:00.0	54.12256	17.98158	211.134	180.962	2,382.7	1.1	-0.78	0.27	0.19	0.13
KOSC	12263M001	2020-07-08 02:30:00.0	54.12256	17.98158	211.134	180.962	2,382.5	1	-1.26	0.59	0.21	0.12
KOSC	12263M001	2020-07-08 03:00:00.0	54.12256	17.98158	211.133	180.961	2,381	1.1	-1.19	0.17	0.17	0.14
KOSZ	12264M001	2020-07-08 01:30:00.0	54.20339	16.19772	123.183	90.112	2,413	1.2	0.1	-0.73	0.19	0.18
KOSZ	12264M001	2020-07-08 02:00:00.0	54.20339	16.19772	123.18	90.109	2,412.8	1.2	-0.35	-0.69	0.21	0.15
KOSZ	12264M001	2020-07-08 02:30:00.0	54.20339	16.19772	123.18	90.109	2,406.7	1.2	-0.88	-0.16	0.24	0.14
KOSZ	12264M001	2020-07-08 03:00:00.0	54.20339	16.19772	123.179	90.108	2,401	1.1	-0.23	0.2	0.15	0.14
KRA1	12218M002	2020-07-08 01:00:00.0	50.06611	19.92047	267.121	227.037	2,363.1	0.9	-0.89	-0.74	0.12	0.11
KRA1	12218M002	2020-07-08 01:30:00.0	50.06611	19.92047	267.121	227.037	2,360.6	1.2	-1.04	-0.46	0.17	0.16
KRA1	12218M002	2020-07-08 02:00:00.0	50.06611	19.92047	267.123	227.039	2,366.2	1.2	0.04	-1.33	0.2	0.14
KRA1	12218M002	2020-07-08 02:30:00.0	50.06611	19.92047	267.123	227.039	2,367.9	1.2	0.38	-1.19	0.23	0.13
KRA1	12218M002	2020-07-08 03:00:00.0	50.06611	19.92047	267.124	227.04	2,370.9	1.2	0.13	-1.29	0.2	0.14
KRA2	NDNT-KRAK	2020-07-08 01:00:00.0	50.01092	19.90192	294.994	254.731	2,359.1	0.9	-0.8	-0.8	0.11	0.1
KRA2	NDNT-KRAK	2020-07-08 01:30:00.0	50.01092	19.90192	294.994	254.731	2,358.1	1.1	-0.11	-1.4	0.14	0.16
KRA2	NDNT-KRAK	2020-07-08 02:00:00.0	50.01092	19.90192	294.994	254.731	2,358.3	1.1	0.13	-1.55	0.15	0.14
KRA2	NDNT-KRAK	2020-07-08 02:30:00.0	50.01092	19.90192	294.994	254.731	2,357.8	1.1	-0.92	-0.85	0.21	0.12
KRA2	NDNT-KRAK	2020-07-08 03:00:00.0	50.01092	19.90192	294.988	254.725	2,370	1.2	0.24	-0.41	0.19	0.13
KRAP	NDNT-KRAP	2020-07-08 01:00:00.0	50.49031	17.95681	221.315	180.338	2,397.5	1.1	-0.04	-0.5	0.14	0.13
KRAP	NDNT-KRAP	2020-07-08 01:30:00.0	50.49031	17.95681	221.315	180.338	2,401.6	1.4	-0.27	-0.35	0.2	0.22
KRAP	NDNT-KRAP	2020-07-08 02:00:00.0	50.49031	17.95681	221.313	180.336	2,412.1	1.5	-0.93	-1.2	0.25	0.17
KRAP	NDNT-KRAP	2020-07-08 02:30:00.0	50.49031	17.95681	221.313	180.336	2,406	1.5	-1.37	-0.57	0.3	0.17
KRAP	NDNT-KRAP	2020-07-08 03:00:00.0	50.49031	17.95681	221.304	180.327	2,419.4	1.2	-2.54	0.12	0.21	0.15
KRAW	12218M001	2020-07-08 01:00:00.0	50.06614	19.92047	267.125	227.041	2,359.5	0.9	-0.96	-0.55	0.12	0.11
KRAW	12218M001	2020-07-08 01:30:00.0	50.06614	19.92047	267.125	227.041	2,356.4	1.2	-1	-0.35	0.17	0.16
KRAW	12218M001	2020-07-08 02:00:00.0	50.06614	19.92047	267.126	227.042	2,361.3	1.2	-0.88	-0.93	0.21	0.14
KRAW	12218M001	2020-07-08 02:30:00.0	50.06614	19.92047	267.126	227.042	2,362.5	1.2	-0.67	-0.85	0.24	0.13
KRAW	12218M001	2020-07-08 03:00:00.0	50.06614	19.92047	267.129	227.045	2,370.9	1.3	-0.88	-1.39	0.2	0.16
KROS	12265M001	2020-07-08 01:00:00.0	49.67875	21.77464	347.522	311.117	2,329.5	0.9	-0.56	-0.41	0.1	0.09
KROS	12265M001	2020-07-08 01:30:00.0	49.67875	21.77464	347.522	311.117	2,331.3	1.1	-0.73	-0.56	0.13	0.14
KROS	12265M001	2020-07-08 02:00:00.0	49.67875	21.77464	347.526	311.121	2,335	1.3	0.25	-1.54	0.16	0.14
KROS	12265M001	2020-07-08 02:30:00.0	49.67875	21.77464	347.526	311.121	2,339.7	1.3	0.94	-0.6	0.22	0.13
KROS	12265M001	2020-07-08 03:00:00.0	49.67875	21.77464	347.527	311.122	2,341.7	1.2	0.2	-1.37	0.17	0.14
KROT	12266M001	2020-07-08 01:00:00.0	51.69219	17.43719	186.257	148.459	2,403	1.1	-0.54	-0.7	0.15	0.13
KROT	12266M001	2020-07-08 01:30:00.0	51.69219	17.43719	186.257	148.459	2,407.3	1.3	-0.81	-0.12	0.2	0.19
KROT	12266M001	2020-07-08 02:00:00.0	51.69219	17.43719	186.254	148.456	2,411.9	1.1	-0.41	-0.65	0.22	0.14
KROT	12266M001	2020-07-08 02:30:00.0	51.69219	17.43719	186.254	148.456	2,416.2	1.1	0.03	-0.72	0.24	0.12
KROT	12266M001	2020-07-08 03:00:00.0	51.69219	17.43719	186.256	148.458	2,416.7	1.1	0.07	-1.36	0.18	0.14
KUTN	12267M001	2020-07-08 01:00:00.0	52.22606	19.37497	159.853	127.724	2,389.9	0.9	-1.28	-0.44	0.11	0.1
KUTN	12267M001	2020-07-08 01:30:00.0	52.22606	19.37497	159.853	127.724	2,391.7	1.1	-0.73	-0.45	0.14	0.15
KUTN	12267M001	2020-07-08 02:00:00.0	52.22606	19.37497	159.852	127.723	2,398	1	-0.69	-1.05	0.15	0.13
KUTN	12267M001	2020-07-08 02:30:00.0	52.22606	19.37497	159.852	127.723	2,393.6	1	-0.76	-0.14	0.2	0.11
KUTN	12267M001	2020-07-08 03:00:00.0	52.22606	19.37497	159.853	127.724	2,397.6	1	-1.49	-0.52	0.17	0.13
LAN1	NDNT-LANC	2020-07-08 01:00:00.0	50.06586	22.22919	287.417	252.658	2,345.4	0.9	-0.51	-0.54	0.1	0.1
LAN1	NDNT-LANC	2020-07-08 01:30:00.0	50.06586	22.22919	287.417	252.658	2,341.1	1.2	-0.79	-1.08	0.15	0.14
LAN1	NDNT-LANC	2020-07-08 02:00:00.0	50.06586	22.22919	287.42	252.661	2,347.2	1.3	-0.3	-1.19	0.17	0.14
LAN1	NDNT-LANC	2020-07-08 02:30:00.0	50.06586	22.22919	287.42	252.661	2,353.2	1.3	0.32	-0.99	0.22	0.13
LAN1	NDNT-LANC	2020-07-08 03:00:00.0	50.06586	22.22919	287.424	252.665	2,353.4	1.1	0.32	-0.81	0.17	0.12
LEGP	12268M001	2020-07-08 01:00:00.0	51.2	16.15497	181.347	139.964	2,409.9	1	-1.1	0.31	0.11	0.12
LEGP	12268M001	2020-07-08 01:30:00.0	51.2	16.15497	181.347	139.964	2,415.3	1.2	-0.86	0.04	0.16	0.18
LEGP	12268M001	2020-07-08 02:00:00.0	51.2	16.15497	181.343	139.96	2,422.6	1.1	-0.98	-0.54	0.17	0.16
LEGP	12268M001	2020-07-08 02:30:00.0	51.2	16.15497	181.343	139.96	2,422.9	1.2	-1.72	-0.01	0.22	0.15
LEGP	12268M001	2020-07-08 03:00:00.0	51.2	16.15497	181.345	139.962	2,425.1	1.3	-0.78	-0.17	0.2	0.17
LELO	12269M001	2020-07-08 01:00:00.0	50.68289	19.62889	306.299	267.817	2,353.9	0.9	-0.66	-0.94	0.11	0.11
LELO	12269M001	2020-07-08 01:30:00.0	50.68289	19.62889	306.299	267.817	2,354.9	1.1	-0.8	-0.68	0.14	0.16
LELO	12269M001	2020-07-08 02:00:00.0	50.68289	19.62889	306.299	267.817	2,357	1.2	-0.43	-1.06	0.17	0.14
LELO	12269M001	2020-07-08 02:30:00.0	50.68289	19.62889	306.299	267.817	2,358.9	1.2	-0.22	-0.92	0.22	0.12
LELO	12269M001	2020-07-08 03:00:00.0	50.68289	19.62889	306.299	267.817	2,365	1.1	-0.87	-0.41	0.18	0.14
LES1	MUSE-LES1	2020-07-08 01:00:00.0	51.52717	16.14506	163.403	123.208	2,431.1	1.1	-1.3	-0.42	0.17	0.13
LES1	MUSE-LES1	2020-07-08 01:30:00.0	51.52717	16.14506	163.403	123.208	2,432.4	1.4	-1.18	-0.46	0.24	0.21
LES1	MUSE-LES1	2020-07-08 02:00:00.0	51.52717	16.14506	163.405	123.21	2,434.7	1.2	-1.11	-0.19	0.21	0.16
LES1	MUSE-LES1	2020-07-08 02:30:00.0	51.52717	16.14506	163.405	123.21	2,432.6	1.2	-0.94	-0.31	0.24	0.18
LES1	MUSE-LES1	2020-07-08 03:00:00.0	51.52717	16.14506	163.411	123.216	2,429.3	1.2	-1.03	-0.7	0.2	0.15
LODZ	12226M001	2020-07-08 01:00:00.0	51.77872	19.45953	259.43	225.931	2,363.8	0.9	-1.42	-0.2	0.11	0.1
LODZ	12226M001	2020-07-08 01:30:00.0	51.77872	19.45953	259.43	225.931	2,365.3	1.1	-1.16	-0.2	0.15	0.16
LODZ	12226M001	2020-07-08 02:00:00.0	51.77872	19.45953	259.432	225.933	2,371.2	1	-1.98	0.44	0.15	0.13
LODZ	12226M001	2020-07-08 02:30:00.0	51.77872	19.45953	259.432	225.933	2,368.8	1	-2.01	-0.29	0.2	0.12
LODZ	12226M001	2020-07-08 03:00:00.0	51.77872	19.45953	259.436	225.937	2,371.5	1	-1.05	-0.26	0.17	0.13
LOMZ	12271M001	2020-07-08 01:00:00.0	53.174	22.08036	185.349	156.356	2,370.8	0.8	-0.58	-0.29	0.1	0.1
LOMZ	12271M001	2020-07-08 01:30:00.0	53.174	22.08036	185.349	156.356	2,367.3	1	-0.93	-0.44	0.14	0.15
LOMZ	12271M001	2020-07-08 02:00:00.0	53.174	22.08036	185.347	156.354	2,370.2	1	-0.27	-0.47	0.15	0.12
LOMZ	12271M001	2020-07-08 02:30:00.0	53.174	22.08036	185.347	156.354	2,370.9	0.9	-0.21	-1.1	0.2	0.1
LOMZ	12271M001	2020-07-08 03:00:00.0	53.174	22.08036	185.346	156.353	2,372	1.1	-0.2	-0.37	0.16	0.14
LUBL	12272M001	2020-07-08 01:00:00.0	51.25086	22.55472	242.192	210.382	2,353.1	0.9	-0.03	-0.3	0.12	0.12
LUBL	12272M001	2020-07-08 01:30:00.0	51.25086	22.55472	242.192	210.382	2,351.7	1.2	-0.62	-0.98	0.2	0.17
LUBL	12272M001	2020-07-08 02:00:00.0	51.25086	22.55472	242.195	210.385	2,355.7	1.4	-0.09	-1.3	0.21	0.15
LUBL	12272M001	2020-07-08 02:30:00.0	51.25086	22.55472	242.195	210.385	2,357.1	1.3	-0.6	-0.49	0.24	0.13
LUBL	12272M001	2020-07-08 03:00:00.0	51.25086	22.55472	242.198	210.388	2,353.3	1.2	-0.33	0.11	0.18	0.15
MET3	10503M010	2020-07-08 01:00:00.0	60.21744	24.3945	79.192	60.425	2,365.8	1.2	-0.17	0.48	0.16	0.12
MET3	10503M010	2020-07-08 01:30:00.0	60.21744	24.3945	79.192	60.425	2,362.2	1.6	-0.33	0.13	0.21	0.19
MET3	10503M010	2020-07-08 02:00:00.0	60.21744	24.3945	79.188	60.421	2,364.8	1.1	0.32	-0.08	0.18	0.14
MET3	10503M010	2020-07-08 02:30:00.0	60.21744	24.3945	79.188	60.421	2,369.1	1	0.18	-0.4	0.19	0.11
MET3	10503M010	2020-07-08 03:00:00.0	60.21744	24.3945	79.193	60.426	2,370.1	1.4	0.09	-0.37	0.2	0.16
MIEL	18967M001	2020-07-08 01:00:00.0	50.29119	21.438	224.536	188.511	2,368.1	0.9	-0.62	-0.35	0.11	0.1
MIEL	18967M001	2020-07-08 01:30:00.0	50.29119	21.438	224.536	188.511	2,368.5	1.1	-0.71	0.02	0.15	0.16
MIEL	18967M001	2020-07-08 02:00:00.0	50.29119	21.438	224.537	188.512	2,365.8	1.1	0	-0.57	0.15	0.14
MIEL	18967M001	2020-07-08 02:30:00.0	50.29119	21.438	224.537	188.512	2,369.4	1.1	-0.23	-0.95	0.21	0.12
MIEL	18967M001	2020-07-08 03:00:00.0	50.29119	21.438	224.537	188.512	2,375.3	1.1	-0.2	-1.01	0.18	0.14
MIEW	NDNT-MIEW	2020-07-08 01:00:00.0	50.36228	20.04022	336.585	297.589	2,341.4	0.9	-1.22	-0.49	0.11	0.1
MIEW	NDNT-MIEW	2020-07-08 01:30:00.0	50.36228	20.04022	336.585	297.589	2,340.5	1.2	-0.56	-0.9	0.14	0.17
MIEW	NDNT-MIEW	2020-07-08 02:00:00.0	50.36228	20.04022	336.583	297.587	2,347.6	1.1	-0.25	-0.8	0.15	0.14
MIEW	NDNT-MIEW	2020-07-08 02:30:00.0	50.36228	20.04022	336.583	297.587	2,348.3	1.2	-0.71	-0.69	0.21	0.12
MIEW	NDNT-MIEW	2020-07-08 03:00:00.0	50.36228	20.04022	336.585	297.589	2,349.4	1.1	-0.56	-0.89	0.18	0.12
MIKL	12335M001	2020-07-08 01:00:00.0	46.97278	31.97283	93.952	68.561	2,519.6	1	-0.9	1.31	0.1	0.11
MIKL	12335M001	2020-07-08 01:30:00.0	46.97278	31.97283	93.952	68.561	2,517.7	1.2	-0.27	0.66	0.14	0.14
MIKL	12335M001	2020-07-08 02:00:00.0	46.97278	31.97283	93.963	68.572	2,509.5	1.3	0.44	1.31	0.17	0.14
MIKL	12335M001	2020-07-08 02:30:00.0	46.97278	31.97283	93.963	68.572	2,505.6	1.4	0.5	1.7	0.2	0.15
MIKL	12335M001	2020-07-08 03:00:00.0	46.97278	31.97283	93.951	68.56	2,500.8	1.2	0.6	1.86	0.15	0.16
MIMA	12273M001	2020-07-08 01:00:00.0	52.18131	21.55925	200.726	170.135	2,369.3	0.9	-0.46	-0.11	0.11	0.1
MIMA	12273M001	2020-07-08 01:30:00.0	52.18131	21.55925	200.726	170.135	2,365.3	1.1	-0.75	0.87	0.14	0.15
MIMA	12273M001	2020-07-08 02:00:00.0	52.18131	21.55925	200.731	170.14	2,361.8	1.1	-0.3	-0.53	0.17	0.13
MIMA	12273M001	2020-07-08 02:30:00.0	52.18131	21.55925	200.731	170.14	2,364.3	1.1	-0.44	-0.27	0.21	0.11
MIMA	12273M001	2020-07-08 03:00:00.0	52.18131	21.55925	200.73	170.139	2,369	1.1	-1.04	-1.18	0.16	0.12
MLCN	12274M001	2020-07-08 01:00:00.0	50.06589	21.97169	271.984	236.815	2,348.9	1	-0.54	-0.59	0.1	0.12
MLCN	12274M001	2020-07-08 01:30:00.0	50.06589	21.97169	271.984	236.815	2,352.2	1.3	-0.58	-0.6	0.16	0.14
MLCN	12274M001	2020-07-08 02:00:00.0	50.06589	21.97169	271.987	236.818	2,356.2	1.4	-0.22	-0.99	0.2	0.16
MLCN	12274M001	2020-07-08 02:30:00.0	50.06589	21.97169	271.987	236.818	2,359.6	1.4	-0.19	-1.11	0.24	0.16
MLCN	12274M001	2020-07-08 03:00:00.0	50.06589	21.97169	271.994	236.825	2,357.2	1.3	-0.19	-0.87	0.19	0.18
MSZA	NDNT-MSZA	2020-07-08 01:00:00.0	49.67928	20.07031	440.906	400.332	2,312.2	1	-0.29	-0.43	0.14	0.11
MSZA	NDNT-MSZA	2020-07-08 01:30:00.0	49.67928	20.07031	440.906	400.332	2,314.7	1.3	-0.88	-0.77	0.18	0.17
MSZA	NDNT-MSZA	2020-07-08 02:00:00.0	49.67928	20.07031	440.911	400.337	2,312.4	1.2	-0.99	-1	0.21	0.15
MSZA	NDNT-MSZA	2020-07-08 02:30:00.0	49.67928	20.07031	440.911	400.337	2,310.3	1.4	-1.31	-0.92	0.25	0.18
MSZA	NDNT-MSZA	2020-07-08 03:00:00.0	49.67928	20.07031	440.909	400.335	2,320.7	1.3	-0.47	-0.77	0.2	0.15
MYSZ	12275M001	2020-07-08 01:00:00.0	53.38653	21.34358	169.319	139.454	2,374.5	0.8	-0.87	-0.58	0.1	0.1
MYSZ	12275M001	2020-07-08 01:30:00.0	53.38653	21.34358	169.319	139.454	2,381.7	1.1	-0.75	-1.33	0.15	0.15
MYSZ	12275M001	2020-07-08 02:00:00.0	53.38653	21.34358	169.312	139.447	2,384	1	-0.79	-1.2	0.16	0.13
MYSZ	12275M001	2020-07-08 02:30:00.0	53.38653	21.34358	169.312	139.447	2,376.2	0.9	-1	-0.52	0.2	0.11
MYSZ	12275M001	2020-07-08 03:00:00.0	53.38653	21.34358	169.314	139.449	2,379	1.1	-1.14	-1.13	0.16	0.13
NODW	12276M001	2020-07-08 01:00:00.0	52.43108	20.71058	125.695	94.458	2,388.2	0.9	-0.54	-0.18	0.11	0.1
NODW	12276M001	2020-07-08 01:30:00.0	52.43108	20.71058	125.695	94.458	2,388.9	1.1	-0.65	-0.24	0.14	0.15
NODW	12276M001	2020-07-08 02:00:00.0	52.43108	20.71058	125.694	94.457	2,393.1	1.1	-0.69	-0.46	0.14	0.13
NODW	12276M001	2020-07-08 02:30:00.0	52.43108	20.71058	125.694	94.457	2,395.5	1.1	-0.48	-0.55	0.19	0.11
NODW	12276M001	2020-07-08 03:00:00.0	52.43108	20.71058	125.694	94.457	2,398.8	1	-0.53	-0.42	0.16	0.12
NTML	12277M001	2020-07-08 01:00:00.0	52.32081	16.11803	126.634	89.827	2,442.3	0.9	-1.28	0.12	0.1	0.1
NTML	12277M001	2020-07-08 01:30:00.0	52.32081	16.11803	126.634	89.827	2,432.5	1.1	-1.22	-0.15	0.14	0.16
NTML	12277M001	2020-07-08 02:00:00.0	52.32081	16.11803	126.625	89.818	2,427.2	1	-2	0.34	0.15	0.13
NTML	12277M001	2020-07-08 02:30:00.0	52.32081	16.11803	126.625	89.818	2,425.1	1.1	-1.6	0.11	0.21	0.13
NTML	12277M001	2020-07-08 03:00:00.0	52.32081	16.11803	126.621	89.814	2,420	1.1	-1.22	-0.56	0.17	0.13
NWSA	NDNT-NWSA	2020-07-08 01:00:00.0	49.63017	20.70711	338.701	299.641	2,345.5	1	-0.69	-0.76	0.14	0.1
NWSA	NDNT-NWSA	2020-07-08 01:30:00.0	49.63017	20.70711	338.701	299.641	2,347.7	1.2	-0.5	-0.22	0.17	0.17
NWSA	NDNT-NWSA	2020-07-08 02:00:00.0	49.63017	20.70711	338.703	299.643	2,341.2	1.2	-1.55	0.13	0.2	0.14
NWSA	NDNT-NWSA	2020-07-08 02:30:00.0	49.63017	20.70711	338.703	299.643	2,339.9	1.2	-1.47	-0.83	0.23	0.13
NWSA	NDNT-NWSA	2020-07-08 03:00:00.0	49.63017	20.70711	338.702	299.642	2,343.4	1.1	-0.5	-1.05	0.19	0.13
NWSC	12231M001	2020-07-08 01:00:00.0	49.61844	20.69003	334.745	295.592	2,340.4	1	-0.89	-0.13	0.15	0.11
NWSC	12231M001	2020-07-08 01:30:00.0	49.61844	20.69003	334.745	295.592	2,340.7	1.3	-0.47	0.99	0.19	0.17
NWSC	12231M001	2020-07-08 02:00:00.0	49.61844	20.69003	334.743	295.59	2,340.7	1.3	-0.98	-0.47	0.21	0.15
NWSC	12231M001	2020-07-08 02:30:00.0	49.61844	20.69003	334.743	295.59	2,343.9	1.2	-1.05	-1.32	0.25	0.13
NWSC	12231M001	2020-07-08 03:00:00.0	49.61844	20.69003	334.746	295.593	2,341	1.1	-0.07	-1.26	0.19	0.13
NWT1	12232M002	2020-07-08 01:00:00.0	49.47819	20.03444	654.922	613.666	2,248.1	0.9	-0.24	-0.61	0.11	0.11
NWT1	12232M002	2020-07-08 01:30:00.0	49.47819	20.03444	654.922	613.666	2,245.3	1.2	-0.42	-0.71	0.17	0.17
NWT1	12232M002	2020-07-08 02:00:00.0	49.47819	20.03444	654.922	613.666	2,245.5	1.2	-0.25	-0.3	0.18	0.16
NWT1	12232M002	2020-07-08 02:30:00.0	49.47819	20.03444	654.922	613.666	2,253.8	1.2	0.63	-0.24	0.24	0.15
NWT1	12232M002	2020-07-08 03:00:00.0	49.47819	20.03444	654.923	613.667	2,262.5	1.2	-0.26	-0.4	0.21	0.15
NYSA	12278M001	2020-07-08 01:00:00.0	50.47769	17.33375	250.608	208.678	2,393.3	1.1	-0.21	-0.68	0.12	0.12
NYSA	12278M001	2020-07-08 01:30:00.0	50.47769	17.33375	250.608	208.678	2,391.6	1.3	-0.36	-0.61	0.16	0.17
NYSA	12278M001	2020-07-08 02:00:00.0	50.47769	17.33375	250.609	208.679	2,395.4	1.5	-0.26	-0.71	0.22	0.19
NYSA	12278M001	2020-07-08 02:30:00.0	50.47769	17.33375	250.609	208.679	2,395.1	1.5	-0.49	-0.62	0.27	0.18
NYSA	12278M001	2020-07-08 03:00:00.0	50.47769	17.33375	250.611	208.681	2,393.2	1.2	-1.21	-0.57	0.18	0.15
NYSN	NDNT-NYSN	2020-07-08 01:00:00.0	50.45656	17.34097	241.567	199.565	2,397.5	1.1	-0.1	-0.78	0.14	0.13
NYSN	NDNT-NYSN	2020-07-08 01:30:00.0	50.45656	17.34097	241.567	199.565	2,399	1.4	-0.1	-0.79	0.18	0.18
NYSN	NDNT-NYSN	2020-07-08 02:00:00.0	50.45656	17.34097	241.565	199.563	2,397.3	1.5	-0.54	-0.29	0.25	0.19
NYSN	NDNT-NYSN	2020-07-08 02:30:00.0	50.45656	17.34097	241.565	199.563	2,400.3	1.7	-0.48	-0.48	0.29	0.21
NYSN	NDNT-NYSN	2020-07-08 03:00:00.0	50.45656	17.34097	241.564	199.562	2,398.5	1.3	-0.57	0.17	0.21	0.19
OPLE	12283M001	2020-07-08 01:00:00.0	50.66761	17.91936	225.91	185.459	2,398.1	1	-0.5	-0.58	0.12	0.12
OPLE	12283M001	2020-07-08 01:30:00.0	50.66761	17.91936	225.91	185.459	2,396.5	1.3	-0.57	-0.32	0.15	0.17
OPLE	12283M001	2020-07-08 02:00:00.0	50.66761	17.91936	225.911	185.46	2,402.1	1.1	-1.1	-0.22	0.15	0.13
OPLE	12283M001	2020-07-08 02:30:00.0	50.66761	17.91936	225.911	185.46	2,399.2	1.2	-0.87	-0.35	0.19	0.12
OPLE	12283M001	2020-07-08 03:00:00.0	50.66761	17.91936	225.911	185.46	2,398.4	1.2	-1.28	-0.52	0.18	0.15
OPNT	12203M003	2020-07-08 01:00:00.0	53.76369	20.51817	171.843	142.074	2,381.7	0.9	-0.74	-0.51	0.11	0.13
OPNT	12203M003	2020-07-08 01:30:00.0	53.76369	20.51817	171.843	142.074	2,380.5	1.2	-0.88	-0.65	0.19	0.19
OPNT	12203M003	2020-07-08 02:00:00.0	53.76369	20.51817	171.839	142.07	2,382.3	1.2	-0.27	-0.44	0.2	0.16
OPNT	12203M003	2020-07-08 02:30:00.0	53.76369	20.51817	171.839	142.07	2,384.2	1.4	0.23	-0.4	0.26	0.16
OPNT	12203M003	2020-07-08 03:00:00.0	53.76369	20.51817	171.843	142.074	2,382.8	1.4	0.09	-0.76	0.25	0.19
OSMZ	12285M001	2020-07-08 01:00:00.0	52.80078	21.89169	166.313	137.118	2,383.5	0.8	-0.67	-0.09	0.11	0.1
OSMZ	12285M001	2020-07-08 01:30:00.0	52.80078	21.89169	166.313	137.118	2,381.9	1.1	-0.2	-0.33	0.15	0.17
OSMZ	12285M001	2020-07-08 02:00:00.0	52.80078	21.89169	166.304	137.109	2,378.6	1.1	-1.03	-0.15	0.17	0.15
OSMZ	12285M001	2020-07-08 02:30:00.0	52.80078	21.89169	166.304	137.109	2,374.6	1	-0.63	-1.44	0.21	0.11
OSMZ	12285M001	2020-07-08 03:00:00.0	52.80078	21.89169	166.307	137.112	2,382.1	1.1	-1.47	-0.72	0.18	0.14
OST3	NDNT-OSTR	2020-07-08 01:00:00.0	50.94231	21.38969	237.652	202.362	2,358.2	0.9	-0.44	-0.68	0.11	0.1
OST3	NDNT-OSTR	2020-07-08 01:30:00.0	50.94231	21.38969	237.652	202.362	2,359	1.1	-0.61	-1	0.14	0.16
OST3	NDNT-OSTR	2020-07-08 02:00:00.0	50.94231	21.38969	237.654	202.364	2,362.4	1.1	-0.24	-1.2	0.15	0.14
OST3	NDNT-OSTR	2020-07-08 02:30:00.0	50.94231	21.38969	237.654	202.364	2,363	1.2	0.16	-0.84	0.21	0.13
OST3	NDNT-OSTR	2020-07-08 03:00:00.0	50.94231	21.38969	237.652	202.362	2,363.8	1.1	0.32	-0.92	0.17	0.12
PAJE	NDNT-PAJE	2020-07-08 01:00:00.0	51.14675	19.00064	287.439	250.097	2,372.7	1.1	0.1	-0.97	0.13	0.14
PAJE	NDNT-PAJE	2020-07-08 01:30:00.0	51.14675	19.00064	287.439	250.097	2,371.4	1.4	0.67	-1.53	0.2	0.18
PAJE	NDNT-PAJE	2020-07-08 02:00:00.0	51.14675	19.00064	287.442	250.1	2,374	1.2	-0.28	-1.09	0.19	0.14
PAJE	NDNT-PAJE	2020-07-08 02:30:00.0	51.14675	19.00064	287.442	250.1	2,372.9	1.2	0.28	-0.4	0.21	0.12
PAJE	NDNT-PAJE	2020-07-08 03:00:00.0	51.14675	19.00064	287.438	250.096	2,377.8	1.2	0.97	-0.28	0.19	0.16
PES1	MUSE-PES1	2020-07-08 01:00:00.0	50.2915	18.99467	362.284	321.111	2,389.6	2.5	2.56	-1.11	0.49	0.4
PES1	MUSE-PES1	2020-07-08 01:30:00.0	50.2915	18.99467	362.284	321.111	2,379.4	2.4	2.5	-1.1	0.55	0.43
PES1	MUSE-PES1	2020-07-08 02:00:00.0	50.2915	18.99467	362.281	321.108	2,380.4	2.4	1.38	-3.39	0.44	0.35
PES1	MUSE-PES1	2020-07-08 02:30:00.0	50.2915	18.99467	362.281	321.108	2,379.3	2.6	0.62	-3.2	0.44	0.42
PES1	MUSE-PES1	2020-07-08 03:00:00.0	50.2915	18.99467	362.274	321.101	2,386.9	2.1	1.13	-1.75	0.37	0.33
PITR	12287M001	2020-07-08 01:00:00.0	51.40167	19.69094	254.761	219.734	2,366.5	1	-1	-0.95	0.13	0.12
PITR	12287M001	2020-07-08 01:30:00.0	51.40167	19.69094	254.761	219.734	2,372.2	1.2	-0.28	-1.92	0.18	0.18
PITR	12287M001	2020-07-08 02:00:00.0	51.40167	19.69094	254.761	219.734	2,373.7	1.2	-0.92	-0.2	0.18	0.14
PITR	12287M001	2020-07-08 02:30:00.0	51.40167	19.69094	254.761	219.734	2,366.8	1.2	-1.6	-0.7	0.22	0.14
PITR	12287M001	2020-07-08 03:00:00.0	51.40167	19.69094	254.761	219.734	2,376.6	1.2	-1.23	-0.48	0.18	0.14
POLV	12336M001	2020-07-08 01:00:00.0	49.60261	34.54294	178.411	160.144	2,449	1.1	-0.67	0.47	0.1	0.13
POLV	12336M001	2020-07-08 01:30:00.0	49.60261	34.54294	178.411	160.144	2,449.6	1.3	-0.4	1.45	0.16	0.15
POLV	12336M001	2020-07-08 02:00:00.0	49.60261	34.54294	178.409	160.142	2,464.1	1.5	-0.3	-0.13	0.21	0.18
POLV	12336M001	2020-07-08 02:30:00.0	49.60261	34.54294	178.409	160.142	2,476.4	1.6	-1.15	-0.37	0.23	0.18
POLV	12336M001	2020-07-08 03:00:00.0	49.60261	34.54294	178.411	160.144	2,479.1	1.2	-0.59	-1.44	0.16	0.17
POZN	12206M001	2020-07-08 01:00:00.0	52.43006	16.93494	171.563	136.76	2,421.2	0.9	-1.18	-0.96	0.11	0.11
POZN	12206M001	2020-07-08 01:30:00.0	52.43006	16.93494	171.563	136.76	2,424.3	1.2	-1.15	-0.53	0.15	0.17
POZN	12206M001	2020-07-08 02:00:00.0	52.43006	16.93494	171.561	136.758	2,421.4	1.1	-1.56	-0.05	0.18	0.13
POZN	12206M001	2020-07-08 02:30:00.0	52.43006	16.93494	171.561	136.758	2,412.9	1	-1.8	-0.45	0.21	0.12
POZN	12206M001	2020-07-08 03:00:00.0	52.43006	16.93494	171.563	136.76	2,409.9	1.2	-1.51	-0.3	0.17	0.15
PPIL	12286M001	2020-07-08 01:00:00.0	53.15697	16.73828	121.746	88.2	2,425.5	0.8	-1.47	0.19	0.09	0.08
PPIL	12286M001	2020-07-08 01:30:00.0	53.15697	16.73828	121.746	88.2	2,425.3	1	-0.95	0.09	0.11	0.13
PPIL	12286M001	2020-07-08 02:00:00.0	53.15697	16.73828	121.743	88.197	2,423.4	0.9	-1.31	0.39	0.14	0.1
PPIL	12286M001	2020-07-08 02:30:00.0	53.15697	16.73828	121.743	88.197	2,422.1	0.9	-1.03	0.29	0.16	0.1
PPIL	12286M001	2020-07-08 03:00:00.0	53.15697	16.73828	121.744	88.198	2,419.4	0.9	-1.14	0	0.13	0.1
PROS	12233M001	2020-07-08 01:00:00.0	50.19175	20.2885	279.91	241.11	2,355.8	0.9	-0.67	0.08	0.11	0.1
PROS	12233M001	2020-07-08 01:30:00.0	50.19175	20.2885	279.91	241.11	2,356.5	1.1	-0.58	-0.25	0.14	0.16
PROS	12233M001	2020-07-08 02:00:00.0	50.19175	20.2885	279.906	241.106	2,363	1.1	0.05	-0.51	0.15	0.14
PROS	12233M001	2020-07-08 02:30:00.0	50.19175	20.2885	279.906	241.106	2,364.4	1.1	1.02	-0.54	0.21	0.12
PROS	12233M001	2020-07-08 03:00:00.0	50.19175	20.2885	279.906	241.106	2,366.8	1.1	0.58	-0.41	0.18	0.13
RACI	NDNT-RACI	2020-07-08 01:00:00.0	50.07761	18.21494	242.641	200.439	2,385.8	1	-0.55	0.08	0.12	0.11
RACI	NDNT-RACI	2020-07-08 01:30:00.0	50.07761	18.21494	242.641	200.439	2,385.6	1.2	-1.26	0.4	0.15	0.16
RACI	NDNT-RACI	2020-07-08 02:00:00.0	50.07761	18.21494	242.644	200.442	2,389.7	1.3	-0.66	-0.96	0.2	0.15
RACI	NDNT-RACI	2020-07-08 02:30:00.0	50.07761	18.21494	242.644	200.442	2,391.1	1.4	-0.59	-0.41	0.24	0.15
RACI	NDNT-RACI	2020-07-08 03:00:00.0	50.07761	18.21494	242.639	200.437	2,395.7	1.5	-0.22	-1.51	0.23	0.19
REDZ	12227M001	2020-07-08 01:00:00.0	54.47239	17.11753	108.284	76.798	2,419.8	0.9	-0.34	0.23	0.13	0.11
REDZ	12227M001	2020-07-08 01:30:00.0	54.47239	17.11753	108.284	76.798	2,408.3	1.3	-0.75	0.82	0.21	0.19
REDZ	12227M001	2020-07-08 02:00:00.0	54.47239	17.11753	108.281	76.795	2,407.4	1.2	-0.83	0.37	0.22	0.15
REDZ	12227M001	2020-07-08 02:30:00.0	54.47239	17.11753	108.281	76.795	2,405.8	1.2	-0.3	0.76	0.25	0.14
REDZ	12227M001	2020-07-08 03:00:00.0	54.47239	17.11753	108.28	76.794	2,409.5	1.1	-0.44	0.39	0.15	0.14
RES1	MUSE-RES1	2020-07-08 01:00:00.0	50.06244	18.46686	350.389	308.299	2,354.1	1.1	-0.16	-0.45	0.13	0.13
RES1	MUSE-RES1	2020-07-08 01:30:00.0	50.06244	18.46686	350.389	308.299	2,353.7	1.3	-0.34	-0.79	0.18	0.18
RES1	MUSE-RES1	2020-07-08 02:00:00.0	50.06244	18.46686	350.393	308.303	2,357.9	1.4	-0.4	-1.12	0.23	0.17
RES1	MUSE-RES1	2020-07-08 02:30:00.0	50.06244	18.46686	350.393	308.303	2,361.2	1.4	-0.07	-0.76	0.27	0.15
RES1	MUSE-RES1	2020-07-08 03:00:00.0	50.06244	18.46686	350.391	308.301	2,369.8	1.4	-0.19	-0.98	0.22	0.19
RIGA	12302M002	2020-07-08 01:00:00.0	56.94861	24.05878	34.807	14.2	2,391.2	1.2	-0.31	0.19	0.15	0.18
RIGA	12302M002	2020-07-08 01:30:00.0	56.94861	24.05878	34.807	14.2	2,395.2	1.5	-0.16	0.5	0.19	0.22
RIGA	12302M002	2020-07-08 02:00:00.0	56.94861	24.05878	34.804	14.197	2,397.9	1.1	0.03	-0.23	0.16	0.16
RIGA	12302M002	2020-07-08 02:30:00.0	56.94861	24.05878	34.804	14.197	2,397.6	1.1	0.35	-0.02	0.18	0.13
RIGA	12302M002	2020-07-08 03:00:00.0	56.94861	24.05878	34.804	14.197	2,406.9	1.4	-0.4	-0.97	0.19	0.19
RWM1	12281M002	2020-07-08 01:00:00.0	51.76431	20.25047	187.966	154.621	2,375.6	0.9	-1.13	-0.29	0.11	0.1
RWM1	12281M002	2020-07-08 01:30:00.0	51.76431	20.25047	187.966	154.621	2,378.8	1.2	-1.36	-0.41	0.16	0.16
RWM1	12281M002	2020-07-08 02:00:00.0	51.76431	20.25047	187.967	154.622	2,384.1	1.2	-0.89	-0.84	0.17	0.14
RWM1	12281M002	2020-07-08 02:30:00.0	51.76431	20.25047	187.967	154.622	2,384.5	1.2	-1.12	-0.75	0.21	0.12
RWM1	12281M002	2020-07-08 03:00:00.0	51.76431	20.25047	187.969	154.624	2,385.6	1.1	-0.82	-0.72	0.18	0.12
RYKI	12282M001	2020-07-08 01:00:00.0	51.62447	21.92722	204.074	171.941	2,370.4	1.1	0.67	-0.5	0.17	0.14
RYKI	12282M001	2020-07-08 01:30:00.0	51.62447	21.92722	204.074	171.941	2,378.6	1.3	0.87	-1.14	0.22	0.21
RYKI	12282M001	2020-07-08 02:00:00.0	51.62447	21.92722	204.078	171.945	2,374.6	1.3	-0.05	-0.03	0.21	0.16
RYKI	12282M001	2020-07-08 02:30:00.0	51.62447	21.92722	204.078	171.945	2,371.3	1.3	1.44	-0.23	0.23	0.15
RYKI	12282M001	2020-07-08 03:00:00.0	51.62447	21.92722	204.081	171.948	2,378.8	1.2	0.12	-0.58	0.19	0.14
RYMA	NDNT-RYMA	2020-07-08 01:00:00.0	49.57553	21.86561	399.433	362.755	2,315.3	0.9	-0.93	-0.08	0.11	0.09
RYMA	NDNT-RYMA	2020-07-08 01:30:00.0	49.57553	21.86561	399.433	362.755	2,314.4	1.1	-0.59	-0.16	0.13	0.14
RYMA	NDNT-RYMA	2020-07-08 02:00:00.0	49.57553	21.86561	399.44	362.762	2,316.8	1.3	0.73	-1.49	0.16	0.14
RYMA	NDNT-RYMA	2020-07-08 02:30:00.0	49.57553	21.86561	399.44	362.762	2,320.2	1.3	0.13	-0.94	0.22	0.13
RYMA	NDNT-RYMA	2020-07-08 03:00:00.0	49.57553	21.86561	399.436	362.758	2,322.6	1.1	0.15	-0.76	0.17	0.12
SIDZ	12288M001	2020-07-08 01:00:00.0	51.573	18.71758	190.03	154.419	2,390.7	1	-1.56	0.28	0.12	0.12
SIDZ	12288M001	2020-07-08 01:30:00.0	51.573	18.71758	190.03	154.419	2,391.5	1.2	-0.91	0.32	0.15	0.18
SIDZ	12288M001	2020-07-08 02:00:00.0	51.573	18.71758	190.024	154.413	2,396.3	1	-0.66	-1.21	0.15	0.14
SIDZ	12288M001	2020-07-08 02:30:00.0	51.573	18.71758	190.024	154.413	2,400.3	1	-0.92	-0.25	0.21	0.14
SIDZ	12288M001	2020-07-08 03:00:00.0	51.573	18.71758	190.025	154.414	2,399.6	1.3	-0.97	-0.35	0.22	0.17
SIED	12289M001	2020-07-08 01:00:00.0	52.15744	22.29422	201.988	172.468	2,367.4	1	-0.68	-0.26	0.13	0.13
SIED	12289M001	2020-07-08 01:30:00.0	52.15744	22.29422	201.988	172.468	2,367.7	1.5	-1.08	-0.29	0.21	0.22
SIED	12289M001	2020-07-08 02:00:00.0	52.15744	22.29422	201.989	172.469	2,367.2	1.2	-0.17	-0.36	0.21	0.16
SIED	12289M001	2020-07-08 02:30:00.0	52.15744	22.29422	201.989	172.469	2,368.6	1.1	-0.62	0.1	0.24	0.13
SIED	12289M001	2020-07-08 03:00:00.0	52.15744	22.29422	201.984	172.464	2,368.3	1.2	-0.65	-0.39	0.19	0.15
SIPC	12290M001	2020-07-08 01:00:00.0	52.85697	19.66269	163.162	132.556	2,383.1	0.8	-0.95	-0.18	0.09	0.08
SIPC	12290M001	2020-07-08 01:30:00.0	52.85697	19.66269	163.162	132.556	2,382.7	0.9	-0.9	-0.53	0.11	0.12
SIPC	12290M001	2020-07-08 02:00:00.0	52.85697	19.66269	163.164	132.558	2,381.9	0.8	-1.35	-0.07	0.11	0.1
SIPC	12290M001	2020-07-08 02:30:00.0	52.85697	19.66269	163.164	132.558	2,387.6	0.8	-2.21	-0.13	0.15	0.09
SIPC	12290M001	2020-07-08 03:00:00.0	52.85697	19.66269	163.167	132.561	2,389.2	0.9	-1.33	-0.15	0.13	0.1
SMID	10114M001	2020-07-08 01:00:00.0	55.64064	9.55931	122.824	82.568	2,379.5	1.1	-0.71	-0.17	0.14	0.13
SMID	10114M001	2020-07-08 01:30:00.0	55.64064	9.55931	122.824	82.568	2,377.6	1.5	-0.57	-0.95	0.18	0.2
SMID	10114M001	2020-07-08 02:00:00.0	55.64064	9.55931	122.825	82.569	2,381.8	2	0.04	-0.97	0.28	0.28
SMLA	15503M001	2020-07-08 01:00:00.0	49.20164	31.86631	183.057	159.565	2,499.2	1	-1.43	0.39	0.09	0.11
SMLA	15503M001	2020-07-08 01:30:00.0	49.20164	31.86631	183.057	159.565	2,500.4	1.2	-0.66	0.7	0.14	0.13
SMLA	15503M001	2020-07-08 02:00:00.0	49.20164	31.86631	183.07	159.578	2,496.3	1.2	-0.83	0.1	0.16	0.14
SMLA	15503M001	2020-07-08 02:30:00.0	49.20164	31.86631	183.07	159.578	2,488.3	1.3	0.59	1.64	0.18	0.14
SMLA	15503M001	2020-07-08 03:00:00.0	49.20164	31.86631	183.071	159.579	2,489.9	1.1	-0.11	0.92	0.15	0.14
SOKL	12292M001	2020-07-08 01:00:00.0	53.40856	23.49575	222.218	194.347	2,351.1	1	-0.55	-0.36	0.14	0.14
SOKL	12292M001	2020-07-08 01:30:00.0	53.40856	23.49575	222.218	194.347	2,350.3	1.3	-0.53	-0.11	0.22	0.2
SOKL	12292M001	2020-07-08 02:00:00.0	53.40856	23.49575	222.217	194.346	2,355.4	1.2	-0.78	0	0.23	0.16
SOKL	12292M001	2020-07-08 02:30:00.0	53.40856	23.49575	222.217	194.346	2,353.2	1.2	-1.29	-0.69	0.26	0.17
SOKL	12292M001	2020-07-08 03:00:00.0	53.40856	23.49575	222.224	194.353	2,354.2	1.3	-0.49	-0.73	0.2	0.18
STA3	NDNT-STAS	2020-07-08 01:00:00.0	50.56283	21.18192	257.506	221.155	2,360	0.9	-0.49	-0.14	0.11	0.1
STA3	NDNT-STAS	2020-07-08 01:30:00.0	50.56283	21.18192	257.506	221.155	2,362.7	1.1	0.1	0.02	0.14	0.15
STA3	NDNT-STAS	2020-07-08 02:00:00.0	50.56283	21.18192	257.514	221.163	2,363.6	1.1	-0.02	-1.02	0.15	0.13
STA3	NDNT-STAS	2020-07-08 02:30:00.0	50.56283	21.18192	257.514	221.163	2,364.3	1.1	-0.16	-1.15	0.21	0.12
STA3	NDNT-STAS	2020-07-08 03:00:00.0	50.56283	21.18192	257.51	221.159	2,366.6	1.1	0.48	-0.7	0.17	0.12
STAL	NDNT-STAL	2020-07-08 01:00:00.0	50.56822	22.04811	210.533	175.483	2,369.5	0.9	-0.75	-0.32	0.11	0.1
STAL	NDNT-STAL	2020-07-08 01:30:00.0	50.56822	22.04811	210.533	175.483	2,360.4	1.1	-0.99	-0.99	0.15	0.15
STAL	NDNT-STAL	2020-07-08 02:00:00.0	50.56822	22.04811	210.536	175.486	2,371.3	1.1	-0.77	-1.1	0.14	0.11
STAL	NDNT-STAL	2020-07-08 02:30:00.0	50.56822	22.04811	210.536	175.486	2,370.1	1.1	-0.42	-0.58	0.17	0.1
STAL	NDNT-STAL	2020-07-08 03:00:00.0	50.56822	22.04811	210.534	175.484	2,372.3	0.9	-0.08	-0.76	0.14	0.1
STRG	18994M001	2020-07-08 01:00:00.0	53.96631	18.53	136.272	106.864	2,394	0.8	0.03	-0.88	0.1	0.1
STRG	18994M001	2020-07-08 01:30:00.0	53.96631	18.53	136.272	106.864	2,403	1.1	0.16	-0.77	0.14	0.16
STRG	18994M001	2020-07-08 02:00:00.0	53.96631	18.53	136.269	106.861	2,409.6	0.9	-0.92	-0.28	0.14	0.12
STRG	18994M001	2020-07-08 02:30:00.0	53.96631	18.53	136.269	106.861	2,406	1	-1.01	0.01	0.18	0.11
STRG	18994M001	2020-07-08 03:00:00.0	53.96631	18.53	136.269	106.861	2,407.7	1.1	-0.38	0.01	0.16	0.13
STRW	NDNT-STRW	2020-07-08 01:00:00.0	49.86972	21.78831	286.851	251.1	2,349.6	1	-0.54	-0.13	0.11	0.1
STRW	NDNT-STRW	2020-07-08 01:30:00.0	49.86972	21.78831	286.851	251.1	2,353.8	1.2	-0.35	-0.17	0.14	0.16
STRW	NDNT-STRW	2020-07-08 02:00:00.0	49.86972	21.78831	286.857	251.106	2,354.2	1.3	0.24	-1.03	0.18	0.15
STRW	NDNT-STRW	2020-07-08 02:30:00.0	49.86972	21.78831	286.857	251.106	2,360.9	1.4	-0.19	-0.25	0.23	0.14
STRW	NDNT-STRW	2020-07-08 03:00:00.0	49.86972	21.78831	286.86	251.109	2,362.9	1.2	-0.73	-0.68	0.18	0.15
SULD	10113M001	2020-07-08 01:00:00.0	56.84175	9.74217	120.731	81.952	2,350.7	1	-0.81	-0.96	0.12	0.11
SULD	10113M001	2020-07-08 01:30:00.0	56.84175	9.74217	120.731	81.952	2,355	1.3	-1.04	-1.38	0.16	0.17
SULD	10113M001	2020-07-08 02:00:00.0	56.84175	9.74217	120.73	81.951	2,353.7	1.4	-1.5	-1.05	0.21	0.17
SULD	10113M001	2020-07-08 02:30:00.0	56.84175	9.74217	120.73	81.951	2,359.2	1.5	-1.86	-0.71	0.26	0.2
SULD	10113M001	2020-07-08 03:00:00.0	56.84175	9.74217	120.73	81.951	2,356.7	1.2	-1.41	-1.03	0.16	0.15
SWIB	12293M001	2020-07-08 01:00:00.0	52.24792	15.53631	132.003	93.694	2,437.1	0.9	-1.61	0.17	0.11	0.11
SWIB	12293M001	2020-07-08 01:30:00.0	52.24792	15.53631	132.003	93.694	2,425.3	1.2	-1.77	0.17	0.15	0.16
SWIB	12293M001	2020-07-08 02:00:00.0	52.24792	15.53631	132.002	93.693	2,423	1.1	-1.99	0.07	0.16	0.14
SWIB	12293M001	2020-07-08 02:30:00.0	52.24792	15.53631	132.002	93.693	2,422.5	1.1	-1.44	0	0.21	0.13
SWIB	12293M001	2020-07-08 03:00:00.0	52.24792	15.53631	132.003	93.694	2,421.3	1.1	-0.71	0.13	0.17	0.13
SWKI	12228M001	2020-07-08 01:00:00.0	54.09861	22.92822	215.923	188.528	2,347.4	0.8	-0.63	-0.01	0.1	0.1
SWKI	12228M001	2020-07-08 01:30:00.0	54.09861	22.92822	215.923	188.528	2,349.2	1.1	-0.82	-0.37	0.14	0.15
SWKI	12228M001	2020-07-08 02:00:00.0	54.09861	22.92822	215.918	188.523	2,356.3	1	0.38	-0.71	0.16	0.12
SWKI	12228M001	2020-07-08 02:30:00.0	54.09861	22.92822	215.918	188.523	2,359.1	0.9	0.52	-0.11	0.19	0.1
SWKI	12228M001	2020-07-08 03:00:00.0	54.09861	22.92822	215.924	188.529	2,358.8	1.1	-0.59	-0.04	0.16	0.14
SZE2	12294M001	2020-07-08 01:00:00.0	53.70019	16.70139	193.748	160.998	2,392.9	1	-1.38	0.74	0.12	0.11
SZE2	12294M001	2020-07-08 01:30:00.0	53.70019	16.70139	193.748	160.998	2,389.6	1.2	-2.12	0.65	0.16	0.16
SZE2	12294M001	2020-07-08 02:00:00.0	53.70019	16.70139	193.746	160.996	2,384.5	1.1	-1.51	0.05	0.19	0.13
SZE2	12294M001	2020-07-08 02:30:00.0	53.70019	16.70139	193.746	160.996	2,384.7	1.2	-1.26	0.01	0.23	0.14
SZE2	12294M001	2020-07-08 03:00:00.0	53.70019	16.70139	193.745	160.995	2,389.1	1.1	-0.93	-0.36	0.16	0.13
TABG	12295M001	2020-07-08 01:00:00.0	50.57097	21.67119	214.733	179.196	2,364.2	1	-0.9	-0.75	0.12	0.12
TABG	12295M001	2020-07-08 01:30:00.0	50.57097	21.67119	214.733	179.196	2,365	1.2	-0.96	-0.71	0.16	0.15
TABG	12295M001	2020-07-08 02:00:00.0	50.57097	21.67119	214.735	179.198	2,368.8	1.2	-0.82	-0.86	0.2	0.14
TABG	12295M001	2020-07-08 02:30:00.0	50.57097	21.67119	214.735	179.198	2,366.3	1.2	-1.16	-0.48	0.23	0.12
TABG	12295M001	2020-07-08 03:00:00.0	50.57097	21.67119	214.736	179.199	2,374.2	1.1	-0.74	-0.62	0.19	0.14
TAR1	12296M002	2020-07-08 01:00:00.0	50.45164	18.85814	352.075	311.364	2,348.7	1	-0.85	-0.72	0.15	0.11
TAR1	12296M002	2020-07-08 01:30:00.0	50.45164	18.85814	352.075	311.364	2,351.9	1.3	-0.67	-0.57	0.19	0.18
TAR1	12296M002	2020-07-08 02:00:00.0	50.45164	18.85814	352.074	311.363	2,359.5	1.5	0.03	-0.45	0.24	0.18
TAR1	12296M002	2020-07-08 02:30:00.0	50.45164	18.85814	352.074	311.363	2,359.5	1.6	0.43	-0.29	0.28	0.21
TAR1	12296M002	2020-07-08 03:00:00.0	50.45164	18.85814	352.072	311.361	2,362.3	1.3	0.06	-1.23	0.2	0.16
TORU	12202M001	2020-07-08 01:00:00.0	53.01839	18.63494	118.383	88.523	2,395.7	0.8	-1.22	-0.65	0.09	0.08
TORU	12202M001	2020-07-08 01:30:00.0	53.01839	18.63494	118.383	88.523	2,403	0.9	-0.78	-0.41	0.11	0.13
TORU	12202M001	2020-07-08 02:00:00.0	53.01839	18.63494	118.384	88.524	2,414	0.9	-0.74	-0.84	0.13	0.13
TORU	12202M001	2020-07-08 02:30:00.0	53.01839	18.63494	118.384	88.524	2,421.5	1	-1.12	-0.65	0.18	0.11
TORU	12202M001	2020-07-08 03:00:00.0	53.01839	18.63494	118.387	88.527	2,423.1	0.9	-0.71	-0.52	0.13	0.1
TRNW	12230M001	2020-07-08 01:00:00.0	50.01608	20.98414	277.07	239.845	2,353	0.9	-0.5	-0.22	0.11	0.1
TRNW	12230M001	2020-07-08 01:30:00.0	50.01608	20.98414	277.07	239.845	2,354.7	1.1	-0.53	-0.53	0.14	0.15
TRNW	12230M001	2020-07-08 02:00:00.0	50.01608	20.98414	277.069	239.844	2,359.7	1.1	-0.63	-0.09	0.15	0.14
TRNW	12230M001	2020-07-08 02:30:00.0	50.01608	20.98414	277.069	239.844	2,354.8	1.1	-0.4	-0.16	0.21	0.12
TRNW	12230M001	2020-07-08 03:00:00.0	50.01608	20.98414	277.069	239.844	2,363.3	1.1	-0.68	-0.55	0.17	0.12
TRZ1	NDNT-TRZE	2020-07-08 01:00:00.0	50.16033	19.46908	373.722	332.793	2,343.9	0.9	-0.15	-1.29	0.11	0.1
TRZ1	NDNT-TRZE	2020-07-08 01:30:00.0	50.16033	19.46908	373.722	332.793	2,343.2	1.1	0.07	-1.53	0.14	0.16
TRZ1	NDNT-TRZE	2020-07-08 02:00:00.0	50.16033	19.46908	373.725	332.796	2,344.9	1.1	-0.71	-0.52	0.15	0.14
TRZ1	NDNT-TRZE	2020-07-08 02:30:00.0	50.16033	19.46908	373.725	332.796	2,344.7	1.1	-0.92	-1.01	0.21	0.12
TRZ1	NDNT-TRZE	2020-07-08 03:00:00.0	50.16033	19.46908	373.72	332.791	2,354.2	1.2	-1.43	-0.42	0.19	0.14
TUBO	11503M001	2020-07-08 01:00:00.0	49.20589	16.59283	324.594	279.852	2,376.7	1.7	0.09	-1	0.2	0.24
TUBO	11503M001	2020-07-08 02:00:00.0	49.20589	16.59283	324.605	279.863	2,380.3	1.8	0.18	-1	0.26	0.22
TUBO	11503M001	2020-07-08 02:30:00.0	49.20589	16.59283	324.605	279.863	2,385.7	1.7	-0.08	-0.85	0.3	0.18
TUBO	11503M001	2020-07-08 03:00:00.0	49.20589	16.59283	324.618	279.876	2,388	2.2	0.56	-0.6	0.42	0.27
USDL	12229M001	2020-07-08 01:00:00.0	49.43292	22.58578	529.734	494.128	2,274.3	1	-0.69	-0.48	0.16	0.1
USDL	12229M001	2020-07-08 01:30:00.0	49.43292	22.58578	529.734	494.128	2,273.9	1.3	-0.66	-0.25	0.19	0.16
USDL	12229M001	2020-07-08 02:00:00.0	49.43292	22.58578	529.738	494.132	2,274.5	1.4	-0.81	-0.84	0.24	0.16
USDL	12229M001	2020-07-08 02:30:00.0	49.43292	22.58578	529.738	494.132	2,276.2	1.5	-1.22	-1.48	0.26	0.16
USDL	12229M001	2020-07-08 03:00:00.0	49.43292	22.58578	529.742	494.136	2,275	1.3	-1.07	-1.16	0.2	0.16
VLNS	10801M001	2020-07-08 01:00:00.0	54.65314	25.29867	240.906	215.939	2,340.2	0.9	0.08	-0.03	0.1	0.1
VLNS	10801M001	2020-07-08 01:30:00.0	54.65314	25.29867	240.906	215.939	2,339.6	1	0	0.01	0.12	0.15
VLNS	10801M001	2020-07-08 02:00:00.0	54.65314	25.29867	240.901	215.934	2,338	0.9	0.29	0.11	0.13	0.12
VLNS	10801M001	2020-07-08 02:30:00.0	54.65314	25.29867	240.901	215.934	2,337.5	0.8	0.11	-0.21	0.13	0.1
VLNS	10801M001	2020-07-08 03:00:00.0	54.65314	25.29867	240.902	215.935	2,336.4	1.1	-0.37	0.02	0.13	0.13
WADO	NDNT-WADO	2020-07-08 01:00:00.0	49.88408	19.48592	329.985	288.471	2,342.8	1.2	-0.41	0.06	0.18	0.14
WADO	NDNT-WADO	2020-07-08 01:30:00.0	49.88408	19.48592	329.985	288.471	2,345.5	1.4	-0.65	0.21	0.23	0.2
WADO	NDNT-WADO	2020-07-08 02:00:00.0	49.88408	19.48592	329.983	288.469	2,353.9	1.3	-0.78	-0.52	0.23	0.15
WADO	NDNT-WADO	2020-07-08 02:30:00.0	49.88408	19.48592	329.983	288.469	2,353.1	1.5	-1.64	-0.54	0.27	0.16
WADO	NDNT-WADO	2020-07-08 03:00:00.0	49.88408	19.48592	329.982	288.468	2,359.2	1.4	-0.82	-0.26	0.23	0.2
WARN	14277M002	2020-07-08 01:00:00.0	54.16978	12.10142	50.807	12.668	2,426.6	0.9	-1.16	-0.41	0.1	0.1
WARN	14277M002	2020-07-08 01:30:00.0	54.16978	12.10142	50.807	12.668	2,422.3	1.1	-1.77	-0.21	0.14	0.17
WARN	14277M002	2020-07-08 02:00:00.0	54.16978	12.10142	50.806	12.667	2,418.3	1	-1.41	-0.06	0.13	0.12
WARN	14277M002	2020-07-08 02:30:00.0	54.16978	12.10142	50.806	12.667	2,416.2	1.1	-0.17	-0.5	0.18	0.14
WARN	14277M002	2020-07-08 03:00:00.0	54.16978	12.10142	50.812	12.673	2,416.3	1.1	-1.2	0.15	0.15	0.14
WAT1	12297M001	2020-07-08 01:00:00.0	52.25383	20.90383	151.655	120.308	2,386	0.9	-0.21	-0.14	0.13	0.12
WAT1	12297M001	2020-07-08 01:30:00.0	52.25383	20.90383	151.655	120.308	2,383.5	1.2	-0.63	-0.29	0.17	0.19
WAT1	12297M001	2020-07-08 02:00:00.0	52.25383	20.90383	151.655	120.308	2,387.9	1.2	-0.91	-0.47	0.18	0.15
WAT1	12297M001	2020-07-08 02:30:00.0	52.25383	20.90383	151.655	120.308	2,388.3	1.1	-0.87	-0.51	0.23	0.12
WAT1	12297M001	2020-07-08 03:00:00.0	52.25383	20.90383	151.651	120.304	2,398.2	1.2	-0.64	-1.01	0.19	0.17
WIEL	18968M001	2020-07-08 01:00:00.0	51.21936	18.57175	233.93	196.057	2,386.3	1.1	-0.57	-0.15	0.17	0.13
WIEL	18968M001	2020-07-08 01:30:00.0	51.21936	18.57175	233.93	196.057	2,386.8	1.4	-0.2	-1.2	0.23	0.21
WIEL	18968M001	2020-07-08 02:00:00.0	51.21936	18.57175	233.934	196.061	2,384.3	1.7	-0.87	0.23	0.29	0.22
WIEL	18968M001	2020-07-08 02:30:00.0	51.21936	18.57175	233.934	196.061	2,385.5	1.6	-0.75	0.05	0.33	0.23
WIEL	18968M001	2020-07-08 03:00:00.0	51.21936	18.57175	233.929	196.056	2,390	1.3	-0.69	-0.35	0.21	0.19
WLAD	12222M001	2020-07-08 01:00:00.0	54.79675	18.41875	34.761	5.881	2,439.1	1	-0.91	0.25	0.15	0.11
WLAD	12222M001	2020-07-08 01:30:00.0	54.79675	18.41875	34.761	5.881	2,436.6	1.3	-0.87	0.07	0.2	0.19
WLAD	12222M001	2020-07-08 02:00:00.0	54.79675	18.41875	34.765	5.885	2,434.3	1.4	-1.36	0.76	0.24	0.17
WLAD	12222M001	2020-07-08 02:30:00.0	54.79675	18.41875	34.765	5.885	2,431.5	1.4	-0.93	0.5	0.28	0.17
WLAD	12222M001	2020-07-08 03:00:00.0	54.79675	18.41875	34.76	5.88	2,430.8	1.2	-0.7	0.2	0.17	0.15
WLDW	12299M001	2020-07-08 01:00:00.0	51.54528	23.55719	210.954	182.299	2,354.4	1	-0.9	-0.67	0.14	0.11
WLDW	12299M001	2020-07-08 01:30:00.0	51.54528	23.55719	210.954	182.299	2,352.8	1.3	-0.88	-0.52	0.18	0.15
WLDW	12299M001	2020-07-08 02:00:00.0	51.54528	23.55719	210.955	182.3	2,353.9	1.4	-0.19	-1.62	0.21	0.15
WLDW	12299M001	2020-07-08 02:30:00.0	51.54528	23.55719	210.955	182.3	2,357.9	1.5	-0.1	-1.11	0.24	0.14
WLDW	12299M001	2020-07-08 03:00:00.0	51.54528	23.55719	210.957	182.302	2,361.2	1.3	-0.65	-0.89	0.19	0.15
WLOC	18999M001	2020-07-08 01:00:00.0	52.65872	19.06694	107.572	76.68	2,405	0.9	-1.24	-0.58	0.11	0.1
WLOC	18999M001	2020-07-08 01:30:00.0	52.65872	19.06694	107.572	76.68	2,406.7	1.1	-0.91	-0.31	0.14	0.15
WLOC	18999M001	2020-07-08 02:00:00.0	52.65872	19.06694	107.571	76.679	2,407	1	-1.08	-0.53	0.15	0.13
WLOC	18999M001	2020-07-08 02:30:00.0	52.65872	19.06694	107.571	76.679	2,409.4	1	-1.1	-0.66	0.2	0.11
WLOC	18999M001	2020-07-08 03:00:00.0	52.65872	19.06694	107.571	76.679	2,419.5	1	-0.89	-0.73	0.16	0.12
WLOS	NDNT-WLOS	2020-07-08 01:00:00.0	50.84944	19.97483	294.42	257.069	2,358.7	0.8	-0.55	-0.77	0.09	0.08
WLOS	NDNT-WLOS	2020-07-08 01:30:00.0	50.84944	19.97483	294.42	257.069	2,362.6	1	0.09	-0.85	0.12	0.12
WLOS	NDNT-WLOS	2020-07-08 02:00:00.0	50.84944	19.97483	294.425	257.074	2,360.4	0.9	0.08	-0.71	0.11	0.1
WLOS	NDNT-WLOS	2020-07-08 02:30:00.0	50.84944	19.97483	294.425	257.074	2,367.3	0.9	-0.08	-1.08	0.15	0.09
WLOS	NDNT-WLOS	2020-07-08 03:00:00.0	50.84944	19.97483	294.425	257.074	2,364.9	0.8	-0.26	-1.24	0.12	0.09
WOD1	18998M001	2020-07-08 01:00:00.0	50.00017	18.45844	298.992	256.741	2,371.5	1	-0.79	0	0.12	0.12
WOD1	18998M001	2020-07-08 01:30:00.0	50.00017	18.45844	298.992	256.741	2,370.5	1.3	-0.76	-0.29	0.16	0.17
WOD1	18998M001	2020-07-08 02:00:00.0	50.00017	18.45844	298.997	256.746	2,377.1	1.3	0.1	-0.69	0.21	0.15
WOD1	18998M001	2020-07-08 02:30:00.0	50.00017	18.45844	298.997	256.746	2,378.5	1.3	1.54	-0.9	0.24	0.15
WOD1	18998M001	2020-07-08 03:00:00.0	50.00017	18.45844	298.995	256.744	2,389	1.2	-0.01	-0.15	0.18	0.14
WRKI	18997M001	2020-07-08 01:00:00.0	52.70556	16.37108	95.273	60.763	2,448.3	0.9	-1.11	0.26	0.11	0.12
WRKI	18997M001	2020-07-08 01:30:00.0	52.70556	16.37108	95.273	60.763	2,429.4	1.2	-1.46	0.65	0.16	0.17
WRKI	18997M001	2020-07-08 02:00:00.0	52.70556	16.37108	95.275	60.765	2,433.5	1.1	-1.29	-0.08	0.19	0.14
WRKI	18997M001	2020-07-08 02:30:00.0	52.70556	16.37108	95.275	60.765	2,434.1	1.1	-0.3	0.09	0.22	0.13
WRKI	18997M001	2020-07-08 03:00:00.0	52.70556	16.37108	95.277	60.767	2,433.8	1.1	-1.15	-0.42	0.17	0.13
WROC	12217M001	2020-07-08 01:00:00.0	51.11325	17.06206	180.824	140.548	2,405	1.1	-0.88	-0.96	0.13	0.12
WROC	12217M001	2020-07-08 01:30:00.0	51.11325	17.06206	180.824	140.548	2,407.4	1.4	-1.17	-0.72	0.16	0.17
WROC	12217M001	2020-07-08 02:00:00.0	51.11325	17.06206	180.823	140.547	2,408.9	1.4	-1.07	0.05	0.2	0.17
WROC	12217M001	2020-07-08 02:30:00.0	51.11325	17.06206	180.823	140.547	2,412.5	1.5	-1.03	-0.39	0.26	0.17
WROC	12217M001	2020-07-08 03:00:00.0	51.11325	17.06206	180.824	140.548	2,418.7	1.3	-1.19	-0.77	0.2	0.15
WROE	MUSE-WROE	2020-07-08 01:00:00.0	51.11325	17.06206	180.726	140.45	2,405.6	1.1	-0.96	-1.05	0.12	0.12
WROE	MUSE-WROE	2020-07-08 01:30:00.0	51.11325	17.06206	180.726	140.45	2,406.2	1.3	-1.18	-1.04	0.15	0.17
WROE	MUSE-WROE	2020-07-08 02:00:00.0	51.11325	17.06206	180.728	140.452	2,408.5	1.4	-1.17	-0.39	0.2	0.17
WROE	MUSE-WROE	2020-07-08 02:30:00.0	51.11325	17.06206	180.728	140.452	2,413	1.5	-1.03	-0.3	0.25	0.16
WROE	MUSE-WROE	2020-07-08 03:00:00.0	51.11325	17.06206	180.728	140.452	2,419.2	1.3	-1.15	-0.8	0.2	0.15
ZAWA	NDNT-ZAWA	2020-07-08 01:00:00.0	50.60956	18.48086	264.429	224.015	2,382.9	1.1	-0.44	-0.73	0.15	0.12
ZAWA	NDNT-ZAWA	2020-07-08 01:30:00.0	50.60956	18.48086	264.429	224.015	2,381.2	1.4	-0.86	-0.26	0.18	0.17
ZAWA	NDNT-ZAWA	2020-07-08 02:00:00.0	50.60956	18.48086	264.43	224.016	2,384.8	1.2	-0.7	-0.61	0.2	0.14
ZAWA	NDNT-ZAWA	2020-07-08 02:30:00.0	50.60956	18.48086	264.43	224.016	2,386.4	1.2	-1.22	-0.91	0.24	0.13
ZAWA	NDNT-ZAWA	2020-07-08 03:00:00.0	50.60956	18.48086	264.425	224.011	2,389.3	1.2	-0.53	-0.71	0.19	0.14
ZAWI	NDNT-ZAWI	2020-07-08 01:00:00.0	50.49467	19.41042	382.92	343.178	2,338.2	0.9	-0.41	-0.73	0.09	0.09
ZAWI	NDNT-ZAWI	2020-07-08 01:30:00.0	50.49467	19.41042	382.92	343.178	2,337.4	1	-0.79	-0.79	0.11	0.13
ZAWI	NDNT-ZAWI	2020-07-08 02:00:00.0	50.49467	19.41042	382.92	343.178	2,342.2	1.1	-0.26	-1.34	0.13	0.12
ZAWI	NDNT-ZAWI	2020-07-08 02:30:00.0	50.49467	19.41042	382.92	343.178	2,344.9	1.1	-0.41	-1.11	0.18	0.11
ZAWI	NDNT-ZAWI	2020-07-08 03:00:00.0	50.49467	19.41042	382.915	343.173	2,349.6	1	0.06	-0.92	0.15	0.11
ZIGR	18995M001	2020-07-08 01:00:00.0	51.94031	15.51431	225.64	186.023	2,412	0.9	-1.56	0.18	0.11	0.1
ZIGR	18995M001	2020-07-08 01:30:00.0	51.94031	15.51431	225.64	186.023	2,405.1	1.2	-1.09	-0.09	0.14	0.16
ZIGR	18995M001	2020-07-08 02:00:00.0	51.94031	15.51431	225.635	186.018	2,405.1	1	-1.72	0.03	0.15	0.13
ZIGR	18995M001	2020-07-08 02:30:00.0	51.94031	15.51431	225.635	186.018	2,397.2	1.1	-1.99	0.13	0.21	0.13
ZIGR	18995M001	2020-07-08 03:00:00.0	51.94031	15.51431	225.635	186.018	2,392.4	1.1	-1.38	-0.38	0.17	0.13
ZIM2	14001M008	2020-07-08 01:00:00.0	46.87708	7.46503	956.459	907.622	2,176.5	1.4	0.17	-1.02	0.16	0.17
ZIM2	14001M008	2020-07-08 01:30:00.0	46.87708	7.46503	956.459	907.622	2,176	1.7	-0.25	-0.77	0.23	0.24
ZIM2	14001M008	2020-07-08 02:00:00.0	46.87708	7.46503	956.453	907.616	2,181.3	1.6	-0.46	-1.42	0.24	0.19
ZIM2	14001M008	2020-07-08 02:30:00.0	46.87708	7.46503	956.453	907.616	2,187.6	1.6	-0.04	-1.96	0.27	0.24
ZIM2	14001M008	2020-07-08 03:00:00.0	46.87708	7.46503	956.45	907.613	2,184.8	1.4	-1.61	-0.9	0.2	0.18
ZYWE	NDNT-ZYWE	2020-07-08 01:00:00.0	49.68817	19.19736	405.806	363.696	2,336.8	1.2	-0.78	-0.48	0.15	0.14
ZYWE	NDNT-ZYWE	2020-07-08 01:30:00.0	49.68817	19.19736	405.806	363.696	2,334.2	1.5	-0.21	-0.43	0.2	0.21
ZYWE	NDNT-ZYWE	2020-07-08 02:00:00.0	49.68817	19.19736	405.806	363.696	2,338.7	1.3	-0.02	-1.04	0.19	0.15
ZYWE	NDNT-ZYWE	2020-07-08 02:30:00.0	49.68817	19.19736	405.806	363.696	2,332.3	1.3	-0.16	-0.77	0.24	0.15
ZYWE	NDNT-ZYWE	2020-07-08 03:00:00.0	49.68817	19.19736	405.805	363.695	2,340.2	1.2	-0.37	-1.24	0.19	0.14
ZYWI	12220S001	2020-07-08 01:00:00.0	49.68669	19.20594	412.781	370.679	2,330.3	1.2	-0.55	-0.36	0.15	0.14
ZYWI	12220S001	2020-07-08 01:30:00.0	49.68669	19.20594	412.781	370.679	2,328	1.5	-0.71	-0.23	0.2	0.21
ZYWI	12220S001	2020-07-08 02:00:00.0	49.68669	19.20594	412.785	370.683	2,329.7	1.3	-0.44	-0.57	0.21	0.15
ZYWI	12220S001	2020-07-08 02:30:00.0	49.68669	19.20594	412.785	370.683	2,329.9	1.3	-0.58	-0.32	0.25	0.15
ZYWI	12220S001	2020-07-08 03:00:00.0	49.68669	19.20594	412.786	370.684	2,338.7	1.2	-0.81	-0.86	0.2	0.14
BART	12234M001	2020-07-08 04:00:00.0	54.25069	20.81544	93.238	65.264	2,399.3	1.1	-0.22	-0.42	0.14	0.14
BART	12234M001	2020-07-08 04:30:00.0	54.25069	20.81544	93.238	65.264	2,407.6	1.4	-0.25	-0.8	0.17	0.24
BART	12234M001	2020-07-08 05:00:00.0	54.25069	20.81544	93.24	65.266	2,408.8	1	-1.11	0.18	0.14	0.16
BART	12234M001	2020-07-08 05:30:00.0	54.25069	20.81544	93.24	65.266	2,409.7	1.2	-0.84	0.24	0.17	0.16
BART	12234M001	2020-07-08 06:00:00.0	54.25069	20.81544	93.234	65.26	2,411.8	1.1	-1.21	-0.3	0.16	0.14
BART	12234M001	2020-07-08 06:30:00.0	54.25069	20.81544	93.234	65.26	2,412.2	1.2	-1.06	0.26	0.15	0.15
BART	12234M001	2020-07-08 07:00:00.0	54.25069	20.81544	93.234	65.26	2,417.8	1	-0.62	0.85	0.14	0.12
BART	12234M001	2020-07-08 07:30:00.0	54.25069	20.81544	93.234	65.26	2,415.5	1.1	-0.53	1.29	0.15	0.17
BART	12234M001	2020-07-08 08:00:00.0	54.25069	20.81544	93.236	65.262	2,413.7	1.2	-0.68	0.8	0.17	0.17
BART	12234M001	2020-07-08 08:30:00.0	54.25069	20.81544	93.236	65.262	2,412.9	1.2	-0.68	0.67	0.15	0.18
BEDZ	NDNT-BEDZ	2020-07-08 04:00:00.0	50.34453	19.15936	315.214	274.422	2,376.4	1	-0.44	-0.93	0.12	0.13
BEDZ	NDNT-BEDZ	2020-07-08 04:30:00.0	50.34453	19.15936	315.214	274.422	2,375.5	1.1	-0.13	-0.56	0.14	0.21
BEDZ	NDNT-BEDZ	2020-07-08 05:00:00.0	50.34453	19.15936	315.212	274.42	2,375.5	1.1	-0.59	0.18	0.15	0.17
BEDZ	NDNT-BEDZ	2020-07-08 05:30:00.0	50.34453	19.15936	315.212	274.42	2,374.3	1.3	-1.18	0.26	0.19	0.18
BEDZ	NDNT-BEDZ	2020-07-08 06:00:00.0	50.34453	19.15936	315.215	274.423	2,371.5	1.2	-0.41	0.34	0.18	0.16
BEDZ	NDNT-BEDZ	2020-07-08 06:30:00.0	50.34453	19.15936	315.215	274.423	2,376.8	1.2	-0.51	0.18	0.17	0.17
BEDZ	NDNT-BEDZ	2020-07-08 07:00:00.0	50.34453	19.15936	315.218	274.426	2,381.4	1.1	-0.75	0.07	0.12	0.11
BEDZ	NDNT-BEDZ	2020-07-08 07:30:00.0	50.34453	19.15936	315.218	274.426	2,381.5	1.2	-0.85	-0.03	0.18	0.14
BEDZ	NDNT-BEDZ	2020-07-08 08:00:00.0	50.34453	19.15936	315.22	274.428	2,376.7	1.2	-0.18	0.67	0.16	0.15
BEDZ	NDNT-BEDZ	2020-07-08 08:30:00.0	50.34453	19.15936	315.22	274.428	2,381.4	1.1	-0.56	1.07	0.13	0.14
BES1	MUSE-BES1	2020-07-08 04:00:00.0	50.32831	19.12436	310.637	269.737	2,373.2	1.1	-0.68	-0.9	0.14	0.16
BES1	MUSE-BES1	2020-07-08 04:30:00.0	50.32831	19.12436	310.637	269.737	2,374.1	1.2	-0.36	-0.79	0.16	0.25
BES1	MUSE-BES1	2020-07-08 05:00:00.0	50.32831	19.12436	310.637	269.737	2,372.2	1.1	-0.42	-0.79	0.18	0.22
BES1	MUSE-BES1	2020-07-08 05:30:00.0	50.32831	19.12436	310.637	269.737	2,373.9	1.4	0.07	-1.6	0.24	0.29
BES1	MUSE-BES1	2020-07-08 06:00:00.0	50.32831	19.12436	310.633	269.733	2,370	1.3	-0.16	0.05	0.19	0.19
BES1	MUSE-BES1	2020-07-08 06:30:00.0	50.32831	19.12436	310.633	269.733	2,373.3	1.3	-0.41	0.03	0.17	0.18
BES1	MUSE-BES1	2020-07-08 07:00:00.0	50.32831	19.12436	310.635	269.735	2,379.3	1.1	-0.92	0.14	0.14	0.14
BES1	MUSE-BES1	2020-07-08 07:30:00.0	50.32831	19.12436	310.635	269.735	2,376.3	1.4	-1.43	-0.07	0.19	0.23
BES1	MUSE-BES1	2020-07-08 08:00:00.0	50.32831	19.12436	310.633	269.733	2,381.1	1.5	-0.65	0.44	0.21	0.23
BES1	MUSE-BES1	2020-07-08 08:30:00.0	50.32831	19.12436	310.633	269.733	2,381.6	1.6	-0.67	0.45	0.2	0.23
BIA2	NDNT-BIAL	2020-07-08 04:00:00.0	49.39022	20.09875	754.864	713.425	2,227.3	1	0.15	-1.43	0.12	0.13
BIA2	NDNT-BIAL	2020-07-08 04:30:00.0	49.39022	20.09875	754.864	713.425	2,234.8	1.1	0.01	-1.08	0.13	0.21
BIA2	NDNT-BIAL	2020-07-08 05:00:00.0	49.39022	20.09875	754.865	713.426	2,243.8	1.1	-0.3	-0.09	0.16	0.19
BIA2	NDNT-BIAL	2020-07-08 05:30:00.0	49.39022	20.09875	754.865	713.426	2,237.3	1.4	-0.45	-0.42	0.22	0.22
BIA2	NDNT-BIAL	2020-07-08 06:00:00.0	49.39022	20.09875	754.864	713.425	2,253.3	1.3	-1.94	-0.73	0.19	0.15
BIA2	NDNT-BIAL	2020-07-08 06:30:00.0	49.39022	20.09875	754.864	713.425	2,243.3	1.3	-1.79	-1.1	0.18	0.17
BIA2	NDNT-BIAL	2020-07-08 07:00:00.0	49.39022	20.09875	754.867	713.428	2,249.7	1.1	-0.92	-0.65	0.14	0.12
BIA2	NDNT-BIAL	2020-07-08 07:30:00.0	49.39022	20.09875	754.867	713.428	2,249.6	1.2	-1.2	-0.9	0.19	0.15
BIA2	NDNT-BIAL	2020-07-08 08:00:00.0	49.39022	20.09875	754.863	713.424	2,250.3	1.2	-0.18	0.56	0.17	0.17
BIA2	NDNT-BIAL	2020-07-08 08:30:00.0	49.39022	20.09875	754.863	713.424	2,251.4	1.3	0.17	-0.75	0.14	0.17
BILG	12236M001	2020-07-08 04:00:00.0	50.5315	22.71858	242.98	209.291	2,353.3	1.1	-1.23	-1.17	0.13	0.14
BILG	12236M001	2020-07-08 04:30:00.0	50.5315	22.71858	242.98	209.291	2,355.2	1.2	-1.04	-1.59	0.14	0.23
BILG	12236M001	2020-07-08 05:00:00.0	50.5315	22.71858	242.976	209.287	2,358.3	1.2	-1.05	-0.82	0.15	0.17
BILG	12236M001	2020-07-08 05:30:00.0	50.5315	22.71858	242.976	209.287	2,358.8	1.4	-1.04	-1.43	0.19	0.18
BILG	12236M001	2020-07-08 06:00:00.0	50.5315	22.71858	242.982	209.293	2,362.5	1.2	-0.91	-0.71	0.17	0.15
BILG	12236M001	2020-07-08 06:30:00.0	50.5315	22.71858	242.982	209.293	2,359.5	1.3	-0.95	-0.51	0.16	0.16
BILG	12236M001	2020-07-08 07:00:00.0	50.5315	22.71858	242.975	209.286	2,365.6	1	-0.48	0.2	0.12	0.1
BILG	12236M001	2020-07-08 07:30:00.0	50.5315	22.71858	242.975	209.286	2,365	1.2	-0.38	-0.05	0.17	0.15
BILG	12236M001	2020-07-08 08:00:00.0	50.5315	22.71858	242.973	209.284	2,367.4	1.2	-0.45	0	0.17	0.17
BILG	12236M001	2020-07-08 08:30:00.0	50.5315	22.71858	242.973	209.284	2,362	1.2	-0.17	0.83	0.16	0.19
BOGI	12207M003	2020-07-08 04:00:00.0	52.475	21.03522	139.956	109.148	2,406.2	1.1	-1.47	-0.57	0.15	0.17
BOGI	12207M003	2020-07-08 04:30:00.0	52.475	21.03522	139.956	109.148	2,402.6	1.2	-0.92	-0.44	0.18	0.25
BOGI	12207M003	2020-07-08 05:00:00.0	52.475	21.03522	139.957	109.149	2,409.1	1	-0.85	0.97	0.15	0.17
BOGI	12207M003	2020-07-08 05:30:00.0	52.475	21.03522	139.957	109.149	2,412.1	1.2	-1.55	0.32	0.19	0.19
BOGI	12207M003	2020-07-08 06:00:00.0	52.475	21.03522	139.963	109.155	2,407	1.2	-0.09	-0.14	0.18	0.17
BOGI	12207M003	2020-07-08 06:30:00.0	52.475	21.03522	139.963	109.155	2,414.6	1.3	1.02	-0.55	0.19	0.2
BOGI	12207M003	2020-07-08 07:00:00.0	52.475	21.03522	139.963	109.155	2,417.5	1.1	0.31	-0.1	0.18	0.15
BOGI	12207M003	2020-07-08 07:30:00.0	52.475	21.03522	139.963	109.155	2,415.1	1.2	-0.56	-0.41	0.18	0.2
BOGI	12207M003	2020-07-08 08:00:00.0	52.475	21.03522	139.968	109.16	2,422.1	1.2	0.41	0.57	0.17	0.17
BOGI	12207M003	2020-07-08 08:30:00.0	52.475	21.03522	139.968	109.16	2,421.1	1.2	-0.24	0.58	0.16	0.18
BOGO	12207M002	2020-07-08 04:00:00.0	52.47594	21.03536	149.615	118.809	2,386.4	1	-2.01	-0.91	0.13	0.14
BOGO	12207M002	2020-07-08 04:30:00.0	52.47594	21.03536	149.615	118.809	2,395.7	1.1	-1.54	-2.42	0.14	0.22
BOGO	12207M002	2020-07-08 05:00:00.0	52.47594	21.03536	149.616	118.81	2,397	1	-1.49	0.27	0.14	0.16
BOGO	12207M002	2020-07-08 05:30:00.0	52.47594	21.03536	149.616	118.81	2,400.9	1.2	-1.29	-0.21	0.18	0.16
BOGO	12207M002	2020-07-08 06:00:00.0	52.47594	21.03536	149.608	118.802	2,411.4	1.2	-1.6	-0.5	0.18	0.15
BOGO	12207M002	2020-07-08 06:30:00.0	52.47594	21.03536	149.608	118.802	2,409.2	1.2	-1.35	0.63	0.18	0.17
BOGO	12207M002	2020-07-08 07:00:00.0	52.47594	21.03536	149.607	118.801	2,416.8	1	-0.52	0.19	0.15	0.11
BOGO	12207M002	2020-07-08 07:30:00.0	52.47594	21.03536	149.607	118.801	2,418.8	1.1	-1.65	0.32	0.16	0.16
BOGO	12207M002	2020-07-08 08:00:00.0	52.47594	21.03536	149.606	118.8	2,418.8	1.2	-1.14	0.12	0.17	0.17
BOGO	12207M002	2020-07-08 08:30:00.0	52.47594	21.03536	149.606	118.8	2,416.6	1.1	-1.54	0.94	0.14	0.16
BOR1	12205M002	2020-07-08 04:00:00.0	52.27694	17.07347	124.428	89.077	2,421.6	1.1	-0.78	-0.26	0.15	0.16
BOR1	12205M002	2020-07-08 04:30:00.0	52.27694	17.07347	124.428	89.077	2,423.7	1.2	-0.96	-0.4	0.15	0.23
BOR1	12205M002	2020-07-08 05:00:00.0	52.27694	17.07347	124.428	89.077	2,422	1.1	-1.29	0.09	0.15	0.17
BOR1	12205M002	2020-07-08 05:30:00.0	52.27694	17.07347	124.428	89.077	2,424	1.3	-1.45	-0.03	0.19	0.17
BOR1	12205M002	2020-07-08 06:00:00.0	52.27697	17.07347	124.422	89.071	2,421.3	1.3	-1.8	0.03	0.18	0.17
BOR1	12205M002	2020-07-08 06:30:00.0	52.27697	17.07347	124.422	89.071	2,417.3	1.3	-1.83	-0.06	0.17	0.18
BOR1	12205M002	2020-07-08 07:00:00.0	52.27694	17.07347	124.417	89.066	2,419.7	1.1	-1.75	0.02	0.15	0.13
BOR1	12205M002	2020-07-08 07:30:00.0	52.27694	17.07347	124.417	89.066	2,418.2	1.2	-1.43	0.11	0.2	0.16
BOR1	12205M002	2020-07-08 08:00:00.0	52.27697	17.07347	124.415	89.064	2,414.2	1.5	-1.03	0.12	0.21	0.21
BOR1	12205M002	2020-07-08 08:30:00.0	52.27697	17.07347	124.415	89.064	2,417.9	1.5	-1.17	0.2	0.21	0.23
BPDL	12223M001	2020-07-08 04:00:00.0	52.03528	23.12736	196.358	167.424	2,373	1	-0.34	-0.35	0.13	0.14
BPDL	12223M001	2020-07-08 04:30:00.0	52.03528	23.12736	196.358	167.424	2,374.1	1.1	-0.98	0.06	0.15	0.23
BPDL	12223M001	2020-07-08 05:00:00.0	52.03528	23.12736	196.357	167.423	2,371	1	-0.59	-0.03	0.15	0.17
BPDL	12223M001	2020-07-08 05:30:00.0	52.03528	23.12736	196.357	167.423	2,367.1	1.2	-0.93	0.39	0.19	0.19
BPDL	12223M001	2020-07-08 06:00:00.0	52.03528	23.12736	196.36	167.426	2,367	1.2	-1.41	-0.31	0.18	0.15
BPDL	12223M001	2020-07-08 06:30:00.0	52.03528	23.12736	196.36	167.426	2,361.9	1.2	-1.75	-0.38	0.17	0.16
BPDL	12223M001	2020-07-08 07:00:00.0	52.03528	23.12736	196.363	167.429	2,378.2	1.3	-1.02	-0.88	0.24	0.18
BPDL	12223M001	2020-07-08 08:00:00.0	52.03528	23.12736	196.364	167.43	2,394.8	1.6	-0.21	-1.28	0.24	0.22
BPDL	12223M001	2020-07-08 08:30:00.0	52.03528	23.12736	196.364	167.43	2,398	1.5	0	-1.38	0.19	0.21
BRZE	NDNT-BRZE	2020-07-08 04:00:00.0	49.969	20.59017	327.392	289.032	2,347.9	1	0.31	-1.15	0.12	0.14
BRZE	NDNT-BRZE	2020-07-08 04:30:00.0	49.969	20.59017	327.392	289.032	2,349.7	1.1	-0.26	-1.01	0.13	0.21
BRZE	NDNT-BRZE	2020-07-08 05:00:00.0	49.969	20.59017	327.395	289.035	2,357.4	1.1	-0.59	-1.04	0.14	0.16
BRZE	NDNT-BRZE	2020-07-08 05:30:00.0	49.969	20.59017	327.395	289.035	2,357.8	1.3	-0.85	-0.89	0.19	0.17
BRZE	NDNT-BRZE	2020-07-08 06:00:00.0	49.969	20.59017	327.383	289.023	2,358.1	1.2	0.4	-1.04	0.17	0.14
BRZE	NDNT-BRZE	2020-07-08 06:30:00.0	49.969	20.59017	327.383	289.023	2,359.1	1.2	-0.01	-0.95	0.16	0.16
BRZE	NDNT-BRZE	2020-07-08 07:00:00.0	49.969	20.59017	327.384	289.024	2,369.8	1	0.29	-0.25	0.12	0.1
BRZE	NDNT-BRZE	2020-07-08 07:30:00.0	49.969	20.59017	327.384	289.024	2,365.5	1.1	-0.25	-1.05	0.16	0.13
BRZE	NDNT-BRZE	2020-07-08 08:00:00.0	49.969	20.59017	327.379	289.019	2,371.2	1.2	-1.43	0.95	0.17	0.16
BRZE	NDNT-BRZE	2020-07-08 08:30:00.0	49.969	20.59017	327.379	289.019	2,366.5	1.1	0.08	1.01	0.13	0.15
BRZG	NDNT-BRZG	2020-07-08 04:00:00.0	50.86219	17.45103	190.688	150.339	2,415.9	1.1	-0.42	0.48	0.16	0.16
BRZG	NDNT-BRZG	2020-07-08 04:30:00.0	50.86219	17.45103	190.688	150.339	2,415.3	1.3	-0.63	0.46	0.17	0.25
BRZG	NDNT-BRZG	2020-07-08 05:00:00.0	50.86219	17.45103	190.684	150.335	2,418.1	1.1	-0.98	-0.01	0.14	0.17
BRZG	NDNT-BRZG	2020-07-08 05:30:00.0	50.86219	17.45103	190.684	150.335	2,419.3	1.3	-0.7	-0.24	0.19	0.17
BRZG	NDNT-BRZG	2020-07-08 06:00:00.0	50.86219	17.45103	190.689	150.34	2,425.3	1.3	-0.28	-0.03	0.18	0.17
BRZG	NDNT-BRZG	2020-07-08 06:30:00.0	50.86219	17.45103	190.689	150.34	2,426	1.2	-0.46	0.44	0.17	0.17
BRZG	NDNT-BRZG	2020-07-08 07:00:00.0	50.86219	17.45103	190.693	150.344	2,428.6	1.2	-0.78	0.51	0.14	0.14
BRZG	NDNT-BRZG	2020-07-08 07:30:00.0	50.86219	17.45103	190.693	150.344	2,424	1.4	-0.79	0.26	0.18	0.19
BRZG	NDNT-BRZG	2020-07-08 08:00:00.0	50.86219	17.45103	190.697	150.348	2,424.4	1.3	-0.43	-0.27	0.17	0.18
BRZG	NDNT-BRZG	2020-07-08 08:30:00.0	50.86219	17.45103	190.697	150.348	2,425.6	1.4	-0.47	-0.2	0.14	0.2
BUCU	11401M001	2020-07-08 04:00:00.0	44.46394	26.12575	143.339	108.828	2,418.3	1.1	-0.66	-0.63	0.14	0.14
BUCU	11401M001	2020-07-08 04:30:00.0	44.46394	26.12575	143.339	108.828	2,417	1.3	-0.81	-0.51	0.18	0.22
BUCU	11401M001	2020-07-08 05:00:00.0	44.46394	26.12575	143.331	108.82	2,417	1.3	-0.98	-0.01	0.17	0.15
BUCU	11401M001	2020-07-08 05:30:00.0	44.46394	26.12575	143.331	108.82	2,414.1	1.5	-0.72	-0.49	0.24	0.2
BUCU	11401M001	2020-07-08 06:00:00.0	44.46394	26.12575	143.325	108.814	2,418.5	1.4	-1.67	-0.27	0.22	0.15
BUCU	11401M001	2020-07-08 06:30:00.0	44.46394	26.12575	143.325	108.814	2,416	1.4	-1.22	-0.45	0.24	0.17
BUCU	11401M001	2020-07-08 07:00:00.0	44.46394	26.12575	143.341	108.83	2,414.2	1.1	-0.05	-0.59	0.17	0.12
BUCU	11401M001	2020-07-08 07:30:00.0	44.46394	26.12575	143.341	108.83	2,416	1.4	-0.24	-0.16	0.22	0.15
BUCU	11401M001	2020-07-08 08:00:00.0	44.46394	26.12575	143.335	108.824	2,417.3	1.3	-0.01	0.47	0.2	0.16
BUCU	11401M001	2020-07-08 08:30:00.0	44.46394	26.12575	143.335	108.824	2,411.9	1.4	0.18	0.26	0.2	0.18
BUSK	NDNT-BUSK	2020-07-08 04:00:00.0	50.47422	20.71275	311.417	274.021	2,354.8	0.9	-0.19	-0.67	0.11	0.12
BUSK	NDNT-BUSK	2020-07-08 04:30:00.0	50.47422	20.71275	311.417	274.021	2,355.3	1.1	0.07	-0.17	0.14	0.21
BUSK	NDNT-BUSK	2020-07-08 05:00:00.0	50.47422	20.71275	311.421	274.025	2,361.9	1.1	-0.1	-0.72	0.18	0.22
BUSK	NDNT-BUSK	2020-07-08 05:30:00.0	50.47422	20.71275	311.421	274.025	2,358.6	1.3	0.36	-0.76	0.24	0.26
BUSK	NDNT-BUSK	2020-07-08 06:00:00.0	50.47422	20.71275	311.417	274.021	2,362.9	1.2	-0.18	-0.64	0.19	0.19
BUSK	NDNT-BUSK	2020-07-08 06:30:00.0	50.47422	20.71275	311.417	274.021	2,373.4	1.2	-0.18	-1.11	0.17	0.18
BUSK	NDNT-BUSK	2020-07-08 07:00:00.0	50.47422	20.71275	311.419	274.023	2,376.8	1	-0.38	-0.66	0.12	0.11
BUSK	NDNT-BUSK	2020-07-08 07:30:00.0	50.47422	20.71275	311.419	274.023	2,377.6	1.1	-0.12	0.14	0.17	0.14
BUSK	NDNT-BUSK	2020-07-08 08:00:00.0	50.47422	20.71275	311.424	274.028	2,377.2	1.4	0.22	-0.5	0.2	0.19
BUSK	NDNT-BUSK	2020-07-08 08:30:00.0	50.47422	20.71275	311.424	274.028	2,380.7	1.5	-0.3	-0.49	0.18	0.22
BUZD	12238M001	2020-07-08 04:00:00.0	50.46622	20.71894	299.288	261.893	2,353.2	1	-0.45	-0.76	0.14	0.15
BUZD	12238M001	2020-07-08 04:30:00.0	50.46622	20.71894	299.288	261.893	2,356.1	1.2	-0.28	-1.1	0.15	0.24
BUZD	12238M001	2020-07-08 05:00:00.0	50.46622	20.71894	299.292	261.897	2,357.1	1.1	-0.49	-0.39	0.19	0.23
BUZD	12238M001	2020-07-08 05:30:00.0	50.46622	20.71894	299.292	261.897	2,356.6	1.4	0.32	-1	0.24	0.27
BUZD	12238M001	2020-07-08 06:00:00.0	50.46622	20.71894	299.292	261.897	2,362.8	1.3	0.1	-1.06	0.2	0.2
BUZD	12238M001	2020-07-08 06:30:00.0	50.46622	20.71894	299.292	261.897	2,367	1.2	-0.63	-1.25	0.17	0.18
BUZD	12238M001	2020-07-08 07:00:00.0	50.46622	20.71894	299.292	261.897	2,376	1	-0.57	-0.3	0.12	0.11
BUZD	12238M001	2020-07-08 07:30:00.0	50.46622	20.71894	299.292	261.897	2,373.8	1.2	-0.22	0.18	0.18	0.16
BUZD	12238M001	2020-07-08 08:00:00.0	50.46622	20.71894	299.292	261.897	2,378.1	1.4	-1	-0.65	0.2	0.2
BUZD	12238M001	2020-07-08 08:30:00.0	50.46622	20.71894	299.292	261.897	2,381.1	1.6	-0.6	-0.72	0.18	0.23
BYDG	12224M001	2020-07-08 04:00:00.0	53.13456	17.99364	104.438	73.83	2,418.5	1	-1.03	0.7	0.12	0.13
BYDG	12224M001	2020-07-08 04:30:00.0	53.13456	17.99364	104.438	73.83	2,421.3	1.1	-0.72	-0.12	0.15	0.21
BYDG	12224M001	2020-07-08 05:00:00.0	53.13456	17.99364	104.438	73.83	2,422.5	1	-1.26	0.64	0.14	0.16
BYDG	12224M001	2020-07-08 05:30:00.0	53.13456	17.99364	104.438	73.83	2,418.7	1.2	0.06	0.45	0.17	0.17
BYDG	12224M001	2020-07-08 06:00:00.0	53.13456	17.99364	104.434	73.826	2,410.3	1.1	-0.61	1.58	0.16	0.14
BYDG	12224M001	2020-07-08 06:30:00.0	53.13456	17.99364	104.434	73.826	2,406.9	1.1	-1.08	-0.2	0.15	0.16
BYDG	12224M001	2020-07-08 07:00:00.0	53.13456	17.99364	104.425	73.817	2,409.9	1.2	-0.73	0.61	0.22	0.19
BYDG	12224M001	2020-07-08 08:00:00.0	53.13456	17.99364	104.434	73.826	2,396.3	1.6	-0.41	-0.29	0.23	0.22
BYDG	12224M001	2020-07-08 08:30:00.0	53.13456	17.99364	104.434	73.826	2,397.5	1.4	-1.13	-0.39	0.18	0.17
CBKA	12221M001	2020-07-08 04:00:00.0	52.21472	21.06769	125.188	93.94	2,401.3	1	-0.95	0.28	0.12	0.13
CBKA	12221M001	2020-07-08 04:30:00.0	52.21472	21.06769	125.188	93.94	2,404.2	1.1	-1.2	0.01	0.15	0.22
CBKA	12221M001	2020-07-08 05:00:00.0	52.21472	21.06769	125.186	93.938	2,402.8	1	-1.28	0.5	0.14	0.16
CBKA	12221M001	2020-07-08 05:30:00.0	52.21472	21.06769	125.186	93.938	2,411.7	1.2	-1.1	0.17	0.17	0.16
CBKA	12221M001	2020-07-08 06:00:00.0	52.21472	21.06769	125.187	93.939	2,409.7	1.2	-0.81	-0.35	0.17	0.15
CBKA	12221M001	2020-07-08 06:30:00.0	52.21472	21.06769	125.187	93.939	2,412.7	1.2	-1.33	0.3	0.16	0.17
CBKA	12221M001	2020-07-08 07:00:00.0	52.21472	21.06769	125.191	93.943	2,420.1	0.9	-0.6	0.32	0.13	0.1
CBKA	12221M001	2020-07-08 07:30:00.0	52.21472	21.06769	125.191	93.943	2,417.6	1.1	-0.23	-0.48	0.16	0.14
CBKA	12221M001	2020-07-08 08:00:00.0	52.21472	21.06769	125.192	93.944	2,423.3	1.1	-0.95	0.44	0.16	0.16
CBKA	12221M001	2020-07-08 08:30:00.0	52.21472	21.06769	125.192	93.944	2,423	1.1	-0.93	0.51	0.13	0.15
CCHN	12239M001	2020-07-08 04:00:00.0	52.88281	20.59783	167.64	136.746	2,383.8	1	-1.13	0.11	0.13	0.13
CCHN	12239M001	2020-07-08 04:30:00.0	52.88281	20.59783	167.64	136.746	2,384.1	1.2	-1.25	-0.09	0.16	0.23
CCHN	12239M001	2020-07-08 05:00:00.0	52.88281	20.59783	167.638	136.744	2,397.3	1.1	-1.41	-0.44	0.16	0.17
CCHN	12239M001	2020-07-08 05:30:00.0	52.88281	20.59783	167.638	136.744	2,396.3	1.2	-1.04	-0.28	0.18	0.16
CCHN	12239M001	2020-07-08 06:00:00.0	52.88281	20.59783	167.632	136.738	2,398.1	1.1	-1.81	0.38	0.16	0.14
CCHN	12239M001	2020-07-08 06:30:00.0	52.88281	20.59783	167.632	136.738	2,399.5	1.1	-2.02	0.64	0.16	0.15
CCHN	12239M001	2020-07-08 07:00:00.0	52.88281	20.59783	167.633	136.739	2,408.7	1	-0.94	0.7	0.15	0.11
CCHN	12239M001	2020-07-08 07:30:00.0	52.88281	20.59783	167.633	136.739	2,400.7	1.1	-1.45	0.81	0.17	0.15
CCHN	12239M001	2020-07-08 08:00:00.0	52.88281	20.59783	167.63	136.736	2,392.4	1.2	-2.11	-0.59	0.17	0.17
CCHN	12239M001	2020-07-08 08:30:00.0	52.88281	20.59783	167.63	136.736	2,395.8	1.2	-1.71	-0.4	0.17	0.18
CHEL	12240M001	2020-07-08 04:00:00.0	51.13	23.48042	255.533	225.916	2,351.7	1	-0.3	-0.44	0.11	0.11
CHEL	12240M001	2020-07-08 04:30:00.0	51.13	23.48042	255.533	225.916	2,356.5	1.2	-0.48	-0.27	0.14	0.21
CHEL	12240M001	2020-07-08 05:00:00.0	51.13	23.48042	255.531	225.914	2,352.2	1.2	-0.79	-0.05	0.15	0.17
CHEL	12240M001	2020-07-08 05:30:00.0	51.13	23.48042	255.531	225.914	2,351.8	1.4	-1	-0.38	0.2	0.19
CHEL	12240M001	2020-07-08 06:00:00.0	51.13	23.48042	255.531	225.914	2,353.7	1.3	-1.24	-0.19	0.17	0.15
CHEL	12240M001	2020-07-08 06:30:00.0	51.13	23.48042	255.531	225.914	2,353.7	1.3	-0.9	-0.32	0.17	0.16
CHEL	12240M001	2020-07-08 07:00:00.0	51.13	23.48042	255.533	225.916	2,362.4	1	-0.43	-0.61	0.11	0.1
CHEL	12240M001	2020-07-08 07:30:00.0	51.13	23.48042	255.533	225.916	2,366.2	1.2	-0.08	-0.26	0.17	0.17
CHEL	12240M001	2020-07-08 08:00:00.0	51.13	23.48042	255.53	225.913	2,368	1.2	-0.91	-0.11	0.17	0.16
CHEL	12240M001	2020-07-08 08:30:00.0	51.13	23.48042	255.53	225.913	2,364.7	1.2	-0.93	-0.31	0.14	0.16
CHNO	12241M001	2020-07-08 04:00:00.0	53.16406	15.41406	105.388	70.633	2,408.9	1.1	-1.86	-0.48	0.13	0.15
CHNO	12241M001	2020-07-08 04:30:00.0	53.16406	15.41406	105.388	70.633	2,409.4	1.3	-1.54	-0.29	0.17	0.23
CHNO	12241M001	2020-07-08 05:00:00.0	53.16406	15.41406	105.395	70.64	2,402.3	1.2	-1.52	-0.15	0.16	0.2
CHNO	12241M001	2020-07-08 05:30:00.0	53.16406	15.41406	105.395	70.64	2,407.1	1.4	-1.24	-0.39	0.21	0.26
CHNO	12241M001	2020-07-08 06:00:00.0	53.16406	15.41406	105.396	70.641	2,407.8	1.3	-1.08	-0.66	0.17	0.18
CHNO	12241M001	2020-07-08 06:30:00.0	53.16406	15.41406	105.396	70.641	2,406.7	1.3	-1.71	-0.77	0.18	0.22
CHNO	12241M001	2020-07-08 07:00:00.0	53.16406	15.41406	105.395	70.64	2,414.1	1.5	-1.33	-0.86	0.2	0.22
CHNO	12241M001	2020-07-08 07:30:00.0	53.16406	15.41406	105.395	70.64	2,412	1.6	-1.21	-0.96	0.22	0.25
CHNO	12241M001	2020-07-08 08:00:00.0	53.16406	15.41406	105.391	70.636	2,409.1	1.2	-0.54	-0.82	0.18	0.19
CHNO	12241M001	2020-07-08 08:30:00.0	53.16406	15.41406	105.391	70.636	2,404.6	1.3	-0.88	-0.98	0.17	0.21
CHOJ	12242M001	2020-07-08 04:00:00.0	53.69519	17.55236	204.054	173.304	2,381.6	1.2	-1.53	-0.02	0.16	0.16
CHOJ	12242M001	2020-07-08 04:30:00.0	53.69519	17.55236	204.054	173.304	2,384.9	1.4	-1.43	-0.67	0.17	0.25
CHOJ	12242M001	2020-07-08 05:00:00.0	53.69519	17.55236	204.056	173.306	2,381.8	1.2	-1.02	-0.3	0.19	0.24
CHOJ	12242M001	2020-07-08 05:30:00.0	53.69519	17.55236	204.056	173.306	2,377.7	1.4	-0.85	0.26	0.24	0.29
CHOJ	12242M001	2020-07-08 06:00:00.0	53.69519	17.55236	204.062	173.312	2,373.7	1.2	0.12	-0.44	0.17	0.2
CHOJ	12242M001	2020-07-08 06:30:00.0	53.69519	17.55236	204.062	173.312	2,373.3	1.2	0.52	-0.01	0.15	0.18
CHOJ	12242M001	2020-07-08 07:00:00.0	53.69519	17.55236	204.055	173.305	2,375.2	1.1	-0.32	0.23	0.17	0.14
CHOJ	12242M001	2020-07-08 07:30:00.0	53.69519	17.55236	204.055	173.305	2,374	1.3	-0.56	-0.03	0.2	0.21
CHOJ	12242M001	2020-07-08 08:00:00.0	53.69519	17.55236	204.056	173.306	2,370.8	1.2	0.11	-0.25	0.18	0.19
CHOJ	12242M001	2020-07-08 08:30:00.0	53.69519	17.55236	204.056	173.306	2,366.2	1.4	-0.11	-0.57	0.17	0.23
CLIB	11526M001	2020-07-08 04:00:00.0	50.77169	15.05989	448.438	405.148	2,348.3	1.1	-0.45	-0.71	0.13	0.13
CLIB	11526M001	2020-07-08 04:30:00.0	50.77169	15.05989	448.438	405.148	2,349.2	1.2	-0.78	-0.27	0.14	0.2
CLIB	11526M001	2020-07-08 05:00:00.0	50.77169	15.05989	448.434	405.144	2,350	1	-0.66	-0.82	0.14	0.17
CLIB	11526M001	2020-07-08 05:30:00.0	50.77169	15.05989	448.434	405.144	2,350.2	1.3	-0.83	-0.47	0.19	0.19
CLIB	11526M001	2020-07-08 06:00:00.0	50.77169	15.05989	448.427	405.137	2,352.5	1.2	-1.27	-0.21	0.17	0.16
CLIB	11526M001	2020-07-08 06:30:00.0	50.77169	15.05989	448.427	405.137	2,348.6	1.2	-1.44	-0.14	0.16	0.18
CLIB	11526M001	2020-07-08 07:00:00.0	50.77169	15.05989	448.421	405.131	2,361.5	1.1	-1.49	-0.07	0.13	0.13
CLIB	11526M001	2020-07-08 07:30:00.0	50.77169	15.05989	448.421	405.131	2,354.5	1.2	-1.93	0.01	0.18	0.16
CLIB	11526M001	2020-07-08 08:00:00.0	50.77169	15.05989	448.421	405.131	2,355.2	1.1	-1.53	-0.15	0.15	0.14
CLIB	11526M001	2020-07-08 08:30:00.0	50.77169	15.05989	448.421	405.131	2,354	1.1	-1.29	-0.01	0.12	0.13
CNIV	15501M001	2020-07-08 04:00:00.0	51.51894	31.31361	175.946	151.196	2,464.7	1	-0.47	1.2	0.11	0.11
CNIV	15501M001	2020-07-08 04:30:00.0	51.51894	31.31361	175.946	151.196	2,459.9	1.2	-0.56	-0.31	0.14	0.19
CNIV	15501M001	2020-07-08 05:00:00.0	51.51894	31.31361	175.952	151.202	2,458.5	1.3	-0.64	0.15	0.18	0.19
CNIV	15501M001	2020-07-08 05:30:00.0	51.51894	31.31361	175.952	151.202	2,459.3	1.4	-0.89	0.28	0.21	0.2
CNIV	15501M001	2020-07-08 06:00:00.0	51.51894	31.31361	175.952	151.202	2,446.1	1.5	0.22	0.34	0.2	0.18
CNIV	15501M001	2020-07-08 06:30:00.0	51.51894	31.31361	175.952	151.202	2,442.7	1.5	-0.46	0.05	0.19	0.17
CNIV	15501M001	2020-07-08 07:00:00.0	51.51894	31.31361	175.937	151.187	2,450.7	1.2	0.34	1.23	0.13	0.12
CNIV	15501M001	2020-07-08 07:30:00.0	51.51894	31.31361	175.937	151.187	2,443.8	1.4	0.4	1.67	0.17	0.18
CNIV	15501M001	2020-07-08 08:00:00.0	51.51894	31.31361	175.933	151.183	2,435.6	1.3	-0.96	0.51	0.18	0.18
CNIV	15501M001	2020-07-08 08:30:00.0	51.51894	31.31361	175.933	151.183	2,430.6	1.3	-0.43	1.42	0.17	0.2
CPAR	11527M001	2020-07-08 04:00:00.0	50.03956	15.78325	283.354	239.249	2,383.8	1	-0.55	-0.31	0.13	0.13
CPAR	11527M001	2020-07-08 04:30:00.0	50.03956	15.78325	283.354	239.249	2,382.2	1.1	-0.3	-0.5	0.14	0.2
CPAR	11527M001	2020-07-08 05:00:00.0	50.03956	15.78325	283.351	239.246	2,384	1	-0.98	0.15	0.14	0.16
CPAR	11527M001	2020-07-08 05:30:00.0	50.03956	15.78325	283.351	239.246	2,388.9	1.3	-1.14	-0.39	0.19	0.17
CPAR	11527M001	2020-07-08 06:00:00.0	50.03956	15.78325	283.352	239.247	2,387.1	1.2	-1.02	-0.05	0.17	0.16
CPAR	11527M001	2020-07-08 06:30:00.0	50.03956	15.78325	283.352	239.247	2,393.2	1.2	-1	-0.21	0.16	0.18
CPAR	11527M001	2020-07-08 07:00:00.0	50.03956	15.78325	283.356	239.251	2,396.3	1.4	-0.67	0.3	0.17	0.21
CPAR	11527M001	2020-07-08 08:00:00.0	50.03956	15.78325	283.349	239.244	2,402	1.5	-1.22	-0.41	0.19	0.2
CPAR	11527M001	2020-07-08 08:30:00.0	50.03956	15.78325	283.349	239.244	2,399.4	1.1	-1.23	-0.77	0.14	0.14
CRAK	11528M001	2020-07-08 04:00:00.0	50.10239	13.72925	381.963	336.125	2,365.3	1.1	-0.04	-0.46	0.13	0.13
CRAK	11528M001	2020-07-08 04:30:00.0	50.10239	13.72925	381.963	336.125	2,365.1	1.2	-0.68	-0.35	0.14	0.21
CRAK	11528M001	2020-07-08 05:00:00.0	50.10239	13.72925	381.957	336.119	2,374.4	1.1	-0.88	-0.83	0.16	0.18
CRAK	11528M001	2020-07-08 05:30:00.0	50.10239	13.72925	381.957	336.119	2,371.9	1.3	-0.48	-1.43	0.2	0.2
CRAK	11528M001	2020-07-08 06:00:00.0	50.10239	13.72925	381.953	336.115	2,373.6	1.3	-1.31	-0.31	0.18	0.19
CRAK	11528M001	2020-07-08 06:30:00.0	50.10239	13.72925	381.953	336.115	2,373.8	1.3	-1.09	-0.76	0.16	0.19
CRAK	11528M001	2020-07-08 07:00:00.0	50.10239	13.72925	381.944	336.106	2,383.7	1.2	-1.16	-0.24	0.13	0.13
CRAK	11528M001	2020-07-08 07:30:00.0	50.10239	13.72925	381.944	336.106	2,383.6	1.2	-0.99	0.07	0.18	0.14
CRAK	11528M001	2020-07-08 08:00:00.0	50.10239	13.72925	381.944	336.106	2,381.2	1.1	-1.02	0.16	0.15	0.15
CRAK	11528M001	2020-07-08 08:30:00.0	50.10239	13.72925	381.944	336.106	2,380.8	1.1	-0.8	-0.13	0.13	0.14
CZES	NDNT-CZES	2020-07-08 04:00:00.0	50.78419	19.15317	312.105	273.253	2,365.6	0.9	-0.84	0.95	0.13	0.13
CZES	NDNT-CZES	2020-07-08 04:30:00.0	50.78419	19.15317	312.105	273.253	2,370.9	1.1	-0.49	0.68	0.13	0.22
CZES	NDNT-CZES	2020-07-08 05:00:00.0	50.78419	19.15317	312.11	273.258	2,376.4	1.1	-1.05	0.43	0.15	0.17
CZES	NDNT-CZES	2020-07-08 05:30:00.0	50.78419	19.15317	312.11	273.258	2,373.6	1.3	-0.86	-0.89	0.19	0.19
CZES	NDNT-CZES	2020-07-08 06:00:00.0	50.78419	19.15317	312.107	273.255	2,375.5	1.2	-1.46	0.79	0.17	0.16
CZES	NDNT-CZES	2020-07-08 06:30:00.0	50.78419	19.15317	312.107	273.255	2,375.9	1.2	-0.15	0.94	0.17	0.18
CZES	NDNT-CZES	2020-07-08 07:00:00.0	50.78419	19.15317	312.111	273.259	2,379.1	1.1	-0.73	0.17	0.12	0.11
CZES	NDNT-CZES	2020-07-08 07:30:00.0	50.78419	19.15317	312.111	273.259	2,379.2	1.2	-0.39	0.06	0.18	0.15
CZES	NDNT-CZES	2020-07-08 08:00:00.0	50.78419	19.15317	312.111	273.259	2,381.8	1.2	0.12	0.85	0.17	0.17
CZES	NDNT-CZES	2020-07-08 08:30:00.0	50.78419	19.15317	312.111	273.259	2,380.5	1.2	-0.35	0.09	0.14	0.15
DAB1	NDNT-DABT	2020-07-08 04:00:00.0	50.17606	20.992	249.889	212.852	2,372.7	0.9	0.09	-0.28	0.12	0.13
DAB1	NDNT-DABT	2020-07-08 04:30:00.0	50.17606	20.992	249.889	212.852	2,371.9	1.1	0.69	-0.43	0.13	0.2
DAB1	NDNT-DABT	2020-07-08 05:00:00.0	50.17606	20.992	249.881	212.844	2,375.5	1	-1.08	0.43	0.14	0.16
DAB1	NDNT-DABT	2020-07-08 05:30:00.0	50.17606	20.992	249.881	212.844	2,379.4	1.3	-1.16	0.31	0.18	0.17
DAB1	NDNT-DABT	2020-07-08 06:00:00.0	50.17606	20.992	249.875	212.838	2,379.7	1.2	-1.1	-0.05	0.17	0.14
DAB1	NDNT-DABT	2020-07-08 06:30:00.0	50.17606	20.992	249.875	212.838	2,387	1.2	-0.67	-0.16	0.16	0.16
DAB1	NDNT-DABT	2020-07-08 07:00:00.0	50.17606	20.992	249.88	212.843	2,392	0.9	0.56	-0.63	0.11	0.1
DAB1	NDNT-DABT	2020-07-08 07:30:00.0	50.17606	20.992	249.88	212.843	2,399.7	1.1	0.51	0.39	0.16	0.12
DAB1	NDNT-DABT	2020-07-08 08:00:00.0	50.17606	20.992	249.881	212.844	2,398.2	1.2	1.42	1.48	0.17	0.15
DAB1	NDNT-DABT	2020-07-08 08:30:00.0	50.17606	20.992	249.881	212.844	2,397.2	1.1	0.34	0.93	0.13	0.14
DEBI	NDNT-DEBI	2020-07-08 04:00:00.0	50.04361	21.41992	258.866	222.69	2,363.5	0.9	-0.61	-0.41	0.12	0.13
DEBI	NDNT-DEBI	2020-07-08 04:30:00.0	50.04361	21.41992	258.866	222.69	2,365.8	1.1	-0.11	-0.74	0.13	0.21
DEBI	NDNT-DEBI	2020-07-08 05:00:00.0	50.04361	21.41992	258.867	222.691	2,367.9	1.1	-1.25	1.09	0.14	0.16
DEBI	NDNT-DEBI	2020-07-08 05:30:00.0	50.04361	21.41992	258.867	222.691	2,372.8	1.3	-1.53	1.62	0.18	0.17
DEBI	NDNT-DEBI	2020-07-08 06:00:00.0	50.04361	21.41992	258.871	222.695	2,375.8	1.2	-1.33	-0.28	0.17	0.14
DEBI	NDNT-DEBI	2020-07-08 06:30:00.0	50.04361	21.41992	258.871	222.695	2,377.6	1.2	-0.32	0.41	0.16	0.16
DEBI	NDNT-DEBI	2020-07-08 07:00:00.0	50.04361	21.41992	258.874	222.698	2,379.2	1.1	0.35	-0.34	0.15	0.13
DEBI	NDNT-DEBI	2020-07-08 07:30:00.0	50.04361	21.41992	258.874	222.698	2,379.1	1.4	0.24	-0.9	0.21	0.18
DEBI	NDNT-DEBI	2020-07-08 08:00:00.0	50.04361	21.41992	258.876	222.7	2,390.3	1.2	1.36	-0.23	0.17	0.17
DEBI	NDNT-DEBI	2020-07-08 08:30:00.0	50.04361	21.41992	258.876	222.7	2,391.8	1.2	0.25	-0.41	0.14	0.16
DRWP	12243M001	2020-07-08 04:00:00.0	53.52633	15.81747	171.093	136.797	2,386	1.1	-0.31	0.27	0.14	0.14
DRWP	12243M001	2020-07-08 04:30:00.0	53.52633	15.81747	171.093	136.797	2,383.9	1.3	-0.39	-0.68	0.15	0.22
DRWP	12243M001	2020-07-08 05:00:00.0	53.52633	15.81747	171.098	136.802	2,376	1.2	-0.84	0.16	0.15	0.18
DRWP	12243M001	2020-07-08 05:30:00.0	53.52633	15.81747	171.098	136.802	2,367.2	1.3	-1.31	-0.72	0.19	0.19
DRWP	12243M001	2020-07-08 06:00:00.0	53.52633	15.81747	171.11	136.814	2,362.8	1.3	-1.38	0.03	0.17	0.17
DRWP	12243M001	2020-07-08 06:30:00.0	53.52633	15.81747	171.11	136.814	2,356.4	1.3	-3.11	-0.73	0.17	0.18
DRWP	12243M001	2020-07-08 07:00:00.0	53.52633	15.81747	171.111	136.815	2,375.6	1.1	-2.51	-0.41	0.15	0.15
DRWP	12243M001	2020-07-08 07:30:00.0	53.52633	15.81747	171.111	136.815	2,383	1.3	-2.61	0	0.16	0.21
DRWP	12243M001	2020-07-08 08:00:00.0	53.52633	15.81747	171.091	136.795	2,368.9	1.1	-2.37	0.11	0.16	0.17
DRWP	12243M001	2020-07-08 08:30:00.0	53.52633	15.81747	171.091	136.795	2,367.3	1.1	-2.49	0.75	0.14	0.16
DYNW	NDNT-DYNW	2020-07-08 04:00:00.0	49.81286	22.22936	311.654	276.596	2,357.5	1.4	-0.44	-2.03	0.21	0.2
DYNW	NDNT-DYNW	2020-07-08 04:30:00.0	49.81286	22.22936	311.654	276.596	2,352.9	1.6	0.28	-1.84	0.21	0.29
DYNW	NDNT-DYNW	2020-07-08 05:00:00.0	49.81286	22.22936	311.648	276.59	2,356	1.3	-0.06	-1.04	0.19	0.23
DYNW	NDNT-DYNW	2020-07-08 05:30:00.0	49.81286	22.22936	311.648	276.59	2,359.2	1.5	-0.5	-0.43	0.25	0.28
DYNW	NDNT-DYNW	2020-07-08 06:00:00.0	49.81286	22.22936	311.652	276.594	2,352.8	1.3	0.09	0.15	0.19	0.18
DYNW	NDNT-DYNW	2020-07-08 06:30:00.0	49.81286	22.22936	311.652	276.594	2,361.8	1.4	-0.32	-0.07	0.17	0.21
DYNW	NDNT-DYNW	2020-07-08 07:00:00.0	49.81286	22.22936	311.657	276.599	2,362.7	1.1	-0.26	-0.14	0.15	0.16
DYNW	NDNT-DYNW	2020-07-08 07:30:00.0	49.81286	22.22936	311.657	276.599	2,354.9	1.4	-0.62	-0.58	0.23	0.22
DYNW	NDNT-DYNW	2020-07-08 08:00:00.0	49.81286	22.22936	311.659	276.601	2,354.4	1.6	0.6	-0.82	0.26	0.3
DYNW	NDNT-DYNW	2020-07-08 08:30:00.0	49.81286	22.22936	311.659	276.601	2,354.5	2.4	0.54	-1.11	0.34	0.37
DZIA	12244M001	2020-07-08 04:00:00.0	53.23033	20.16739	206.575	176.057	2,378.3	1	-1.3	-0.91	0.12	0.13
DZIA	12244M001	2020-07-08 04:30:00.0	53.23033	20.16739	206.575	176.057	2,386.3	1.2	-0.77	-0.93	0.15	0.23
DZIA	12244M001	2020-07-08 05:00:00.0	53.23033	20.16739	206.579	176.061	2,383.4	1	-0.86	0.57	0.15	0.17
DZIA	12244M001	2020-07-08 05:30:00.0	53.23033	20.16739	206.579	176.061	2,386.6	1.2	-0.64	0.96	0.18	0.17
DZIA	12244M001	2020-07-08 06:00:00.0	53.23033	20.16739	206.578	176.06	2,390.3	1.1	-1.31	0.07	0.16	0.14
DZIA	12244M001	2020-07-08 06:30:00.0	53.23033	20.16739	206.578	176.06	2,382.8	1.1	-1.41	0.75	0.15	0.15
DZIA	12244M001	2020-07-08 07:00:00.0	53.23033	20.16739	206.578	176.06	2,380.8	0.8	-1.4	0.32	0.11	0.08
DZIA	12244M001	2020-07-08 07:30:00.0	53.23033	20.16739	206.578	176.06	2,380.8	0.9	-1.64	0.57	0.13	0.11
DZIA	12244M001	2020-07-08 08:00:00.0	53.23033	20.16739	206.57	176.052	2,375.9	1.2	-1.55	0.2	0.17	0.16
DZIA	12244M001	2020-07-08 08:30:00.0	53.23033	20.16739	206.57	176.052	2,373	1.2	-0.81	0.91	0.15	0.16
ELBL	18991M001	2020-07-08 04:00:00.0	54.15556	19.40036	52.695	23.687	2,427	1	-1.06	0.08	0.13	0.13
ELBL	18991M001	2020-07-08 04:30:00.0	54.15556	19.40036	52.695	23.687	2,426.6	1.3	-0.8	0.46	0.16	0.23
ELBL	18991M001	2020-07-08 05:00:00.0	54.15556	19.40036	52.703	23.695	2,427.7	1	-0.8	-0.15	0.15	0.18
ELBL	18991M001	2020-07-08 05:30:00.0	54.15556	19.40036	52.703	23.695	2,427.6	1.2	-2.46	2.08	0.19	0.21
ELBL	18991M001	2020-07-08 06:00:00.0	54.15556	19.40036	52.694	23.686	2,422.1	1.1	-2.07	1.13	0.16	0.15
ELBL	18991M001	2020-07-08 06:30:00.0	54.15556	19.40036	52.694	23.686	2,419.8	1.1	-0.74	0.26	0.15	0.16
ELBL	18991M001	2020-07-08 07:00:00.0	54.15556	19.40036	52.689	23.681	2,424	1	0.03	-0.68	0.14	0.12
ELBL	18991M001	2020-07-08 07:30:00.0	54.15556	19.40036	52.689	23.681	2,421.1	1.2	-0.24	-0.44	0.18	0.18
ELBL	18991M001	2020-07-08 08:00:00.0	54.15556	19.40036	52.679	23.671	2,420.4	1.2	-0.37	0.48	0.17	0.16
ELBL	18991M001	2020-07-08 08:30:00.0	54.15556	19.40036	52.679	23.671	2,417.6	1.2	-0.79	-0.26	0.14	0.16
GDA1	12252M002	2020-07-08 04:00:00.0	54.35142	18.64108	63.176	33.944	2,417.2	1.1	-1.72	0.65	0.13	0.14
GDA1	12252M002	2020-07-08 04:30:00.0	54.35142	18.64108	63.176	33.944	2,413.4	1.2	-1.63	0.08	0.15	0.22
GDA1	12252M002	2020-07-08 05:00:00.0	54.35142	18.64108	63.176	33.944	2,415.7	1	-0.96	0.14	0.14	0.18
GDA1	12252M002	2020-07-08 05:30:00.0	54.35142	18.64108	63.176	33.944	2,410.4	1.2	-0.63	0.77	0.19	0.21
GDA1	12252M002	2020-07-08 06:00:00.0	54.35142	18.64108	63.176	33.944	2,410.6	1.1	-0.82	0.43	0.16	0.15
GDA1	12252M002	2020-07-08 06:30:00.0	54.35142	18.64108	63.176	33.944	2,407.4	1.2	-1.42	0.82	0.15	0.16
GDA1	12252M002	2020-07-08 07:00:00.0	54.35142	18.64108	63.173	33.941	2,414.4	1	-1.12	0.43	0.17	0.14
GDA1	12252M002	2020-07-08 07:30:00.0	54.35142	18.64108	63.173	33.941	2,410.6	1.2	-1.12	0.6	0.18	0.19
GDA1	12252M002	2020-07-08 08:00:00.0	54.35142	18.64108	63.17	33.938	2,406.4	1.2	-1.11	0.48	0.17	0.17
GDA1	12252M002	2020-07-08 08:30:00.0	54.35142	18.64108	63.17	33.938	2,403.8	1.2	-0.97	0.72	0.14	0.16
GIZY	12253M001	2020-07-08 04:00:00.0	54.03578	21.76778	166.823	138.583	2,381.6	1	-0.4	-0.21	0.12	0.14
GIZY	12253M001	2020-07-08 04:30:00.0	54.03578	21.76778	166.823	138.583	2,377.6	1.3	-0.14	-0.36	0.16	0.23
GIZY	12253M001	2020-07-08 05:00:00.0	54.03578	21.76778	166.826	138.586	2,379	1	-0.3	-0.61	0.14	0.17
GIZY	12253M001	2020-07-08 05:30:00.0	54.03578	21.76778	166.826	138.586	2,378.7	1.2	-0.1	-0.69	0.18	0.17
GIZY	12253M001	2020-07-08 06:00:00.0	54.03578	21.76778	166.825	138.585	2,381.5	1.2	-1.09	-0.14	0.17	0.15
GIZY	12253M001	2020-07-08 06:30:00.0	54.03578	21.76778	166.825	138.585	2,386.5	1.2	-1.34	-0.58	0.16	0.16
GIZY	12253M001	2020-07-08 07:00:00.0	54.03578	21.76778	166.819	138.579	2,394.6	1	-1.07	-0.04	0.14	0.1
GIZY	12253M001	2020-07-08 07:30:00.0	54.03578	21.76778	166.819	138.579	2,396.8	1.1	-0.82	-0.12	0.17	0.15
GIZY	12253M001	2020-07-08 08:00:00.0	54.03578	21.76778	166.82	138.58	2,395	1.2	-0.53	0.14	0.17	0.17
GIZY	12253M001	2020-07-08 08:30:00.0	54.03578	21.76778	166.82	138.58	2,394.9	1.2	-1.02	0.68	0.16	0.17
GLIW	NDNT-GLIW	2020-07-08 04:00:00.0	50.22644	18.60972	284.042	242.466	2,389.8	1.2	-0.3	0.21	0.17	0.23
GLIW	NDNT-GLIW	2020-07-08 04:30:00.0	50.22644	18.60972	284.042	242.466	2,386.6	1.3	-0.15	0.14	0.17	0.3
GLIW	NDNT-GLIW	2020-07-08 05:00:00.0	50.22644	18.60972	284.031	242.455	2,386.9	1.2	0.6	-1.11	0.19	0.24
GLIW	NDNT-GLIW	2020-07-08 05:30:00.0	50.22644	18.60972	284.031	242.455	2,386.2	1.5	0.92	-0.34	0.25	0.3
GLIW	NDNT-GLIW	2020-07-08 06:00:00.0	50.22644	18.60972	284.029	242.453	2,386	1.6	0.47	0.13	0.24	0.24
GLIW	NDNT-GLIW	2020-07-08 06:30:00.0	50.22644	18.60972	284.029	242.453	2,393.2	1.6	-0.32	0.1	0.24	0.24
GLIW	NDNT-GLIW	2020-07-08 07:00:00.0	50.22644	18.60972	284.033	242.457	2,392.8	1.3	-0.54	-0.01	0.16	0.17
GLIW	NDNT-GLIW	2020-07-08 07:30:00.0	50.22644	18.60972	284.033	242.457	2,395.8	1.5	0.08	-0.4	0.2	0.25
GLIW	NDNT-GLIW	2020-07-08 08:00:00.0	50.22644	18.60972	284.039	242.463	2,400.6	1.4	0.35	-0.23	0.2	0.23
GLIW	NDNT-GLIW	2020-07-08 08:30:00.0	50.22644	18.60972	284.039	242.463	2,402	1.7	0.11	0.26	0.24	0.26
GLOG	12254M001	2020-07-08 04:00:00.0	51.66525	16.07428	144.433	104.59	2,423.2	1.1	-1.62	-0.19	0.15	0.14
GLOG	12254M001	2020-07-08 04:30:00.0	51.66525	16.07428	144.433	104.59	2,424.9	1.3	-1.67	-0.15	0.15	0.22
GLOG	12254M001	2020-07-08 05:00:00.0	51.66525	16.07428	144.427	104.584	2,426.1	1.1	-2.37	-0.2	0.16	0.2
GLOG	12254M001	2020-07-08 05:30:00.0	51.66525	16.07428	144.427	104.584	2,421.4	1.3	-1.92	-0.52	0.22	0.24
GLOG	12254M001	2020-07-08 06:00:00.0	51.66525	16.07428	144.422	104.579	2,420.5	1.3	-1.59	-0.47	0.19	0.2
GLOG	12254M001	2020-07-08 06:30:00.0	51.66525	16.07428	144.422	104.579	2,421.1	1.3	-1.37	-0.32	0.16	0.18
GLOG	12254M001	2020-07-08 07:00:00.0	51.66525	16.07428	144.416	104.573	2,428.5	1.1	-2	0.09	0.16	0.15
GLOG	12254M001	2020-07-08 07:30:00.0	51.66525	16.07428	144.416	104.573	2,428.1	1.3	-2.81	0.26	0.19	0.18
GLOG	12254M001	2020-07-08 08:00:00.0	51.66525	16.07428	144.422	104.579	2,427.7	1.2	-1.74	-0.23	0.17	0.17
GLOG	12254M001	2020-07-08 08:30:00.0	51.66525	16.07428	144.422	104.579	2,431.2	1.1	-1.41	-0.33	0.14	0.16
GLSV	12356M001	2020-07-08 04:00:00.0	50.36419	30.49675	226.316	200.944	2,436	1	0.41	1.09	0.1	0.11
GLSV	12356M001	2020-07-08 04:30:00.0	50.36419	30.49675	226.316	200.944	2,431.9	1.1	0.79	0.91	0.13	0.18
GLSV	12356M001	2020-07-08 05:00:00.0	50.36419	30.49672	226.318	200.946	2,430.7	1.2	0.63	1.09	0.16	0.17
GLSV	12356M001	2020-07-08 05:30:00.0	50.36419	30.49672	226.318	200.946	2,424.4	1.4	0.66	1.16	0.2	0.18
GLSV	12356M001	2020-07-08 06:00:00.0	50.36419	30.49675	226.318	200.946	2,421.5	1.3	0.34	0.45	0.16	0.14
GLSV	12356M001	2020-07-08 06:30:00.0	50.36419	30.49675	226.318	200.946	2,415.1	1.3	0.43	0.65	0.17	0.14
GLSV	12356M001	2020-07-08 07:00:00.0	50.36419	30.49675	226.31	200.938	2,413.7	1.1	0.21	1.14	0.12	0.12
GLSV	12356M001	2020-07-08 07:30:00.0	50.36419	30.49675	226.31	200.938	2,411.2	1.3	-0.09	2.05	0.16	0.16
GLSV	12356M001	2020-07-08 08:00:00.0	50.36419	30.49675	226.317	200.945	2,407.8	1.2	0.1	1.58	0.17	0.17
GLSV	12356M001	2020-07-08 08:30:00.0	50.36419	30.49675	226.317	200.945	2,398.4	1.2	-0.01	3.06	0.15	0.16
GLUB	NDNT-GLUB	2020-07-08 04:00:00.0	50.20236	17.81056	321.377	279.153	2,368.2	1.2	-0.56	0.42	0.15	0.17
GLUB	NDNT-GLUB	2020-07-08 04:30:00.0	50.20236	17.81056	321.377	279.153	2,368.2	1.3	-0.09	-0.18	0.16	0.24
GLUB	NDNT-GLUB	2020-07-08 05:00:00.0	50.20236	17.81056	321.375	279.151	2,375.2	1.1	-0.28	0.29	0.15	0.18
GLUB	NDNT-GLUB	2020-07-08 05:30:00.0	50.20236	17.81056	321.375	279.151	2,373.9	1.3	-0.37	0.05	0.2	0.19
GLUB	NDNT-GLUB	2020-07-08 06:00:00.0	50.20236	17.81056	321.38	279.156	2,377.4	1.4	0.08	-0.61	0.21	0.2
GLUB	NDNT-GLUB	2020-07-08 06:30:00.0	50.20236	17.81056	321.38	279.156	2,380	1.5	-0.44	-0.53	0.22	0.22
GLUB	NDNT-GLUB	2020-07-08 07:00:00.0	50.20236	17.81056	321.375	279.151	2,386.6	1.2	-0.82	0.59	0.14	0.14
GLUB	NDNT-GLUB	2020-07-08 07:30:00.0	50.20236	17.81056	321.375	279.151	2,386.2	1.4	-0.91	0.36	0.2	0.18
GLUB	NDNT-GLUB	2020-07-08 08:00:00.0	50.20236	17.81056	321.381	279.157	2,383.5	1.3	-0.42	0.44	0.18	0.17
GLUB	NDNT-GLUB	2020-07-08 08:30:00.0	50.20236	17.81056	321.381	279.157	2,382.4	1.3	0.2	0.19	0.16	0.17
GNIE	12255M001	2020-07-08 04:00:00.0	52.53294	17.58386	172.134	138.872	2,405.2	1	-0.55	0.09	0.14	0.14
GNIE	12255M001	2020-07-08 04:30:00.0	52.53294	17.58386	172.134	138.872	2,402.3	1.2	-0.97	0.69	0.15	0.24
GNIE	12255M001	2020-07-08 05:00:00.0	52.53294	17.58386	172.134	138.872	2,401.5	1.2	-1.82	0.51	0.18	0.22
GNIE	12255M001	2020-07-08 05:30:00.0	52.53294	17.58386	172.134	138.872	2,403.5	1.5	-2.9	0.77	0.23	0.25
GNIE	12255M001	2020-07-08 06:00:00.0	52.53294	17.58386	172.132	138.87	2,397.8	1.3	-1.61	-0.43	0.18	0.17
GNIE	12255M001	2020-07-08 06:30:00.0	52.53294	17.58386	172.132	138.87	2,399.8	1.3	-1.45	-0.5	0.18	0.18
GNIE	12255M001	2020-07-08 07:00:00.0	52.53294	17.58386	172.123	138.861	2,396.7	0.9	-2.07	-0.08	0.12	0.1
GNIE	12255M001	2020-07-08 07:30:00.0	52.53294	17.58386	172.123	138.861	2,400.4	1	-1.36	0.56	0.15	0.13
GNIE	12255M001	2020-07-08 08:00:00.0	52.53294	17.58386	172.126	138.864	2,394.4	1.1	-1.28	-0.54	0.16	0.16
GNIE	12255M001	2020-07-08 08:30:00.0	52.53294	17.58386	172.126	138.864	2,396.1	1.2	-1.13	-0.4	0.13	0.17
GOLE	12256M001	2020-07-08 04:00:00.0	53.55872	14.838	68.868	33.691	2,405	1	-1.26	-0.78	0.13	0.14
GOLE	12256M001	2020-07-08 04:30:00.0	53.55872	14.838	68.868	33.691	2,410.5	1.3	-1.21	-0.77	0.16	0.22
GOLE	12256M001	2020-07-08 05:00:00.0	53.55872	14.838	68.871	33.694	2,414.1	1.1	-1.6	-1.14	0.16	0.2
GOLE	12256M001	2020-07-08 05:30:00.0	53.55872	14.838	68.871	33.694	2,419.8	1.3	-1.69	-0.77	0.21	0.24
GOLE	12256M001	2020-07-08 06:00:00.0	53.55872	14.838	68.871	33.694	2,415.1	1.3	-1.45	-0.11	0.16	0.17
GOLE	12256M001	2020-07-08 06:30:00.0	53.55872	14.838	68.871	33.694	2,411.7	1.3	-1.75	0.28	0.17	0.19
GOLE	12256M001	2020-07-08 07:00:00.0	53.55872	14.838	68.868	33.691	2,407.3	1.3	-1.45	-0.09	0.17	0.16
GOLE	12256M001	2020-07-08 07:30:00.0	53.55872	14.838	68.868	33.691	2,407.9	1.4	-1.19	-0.47	0.18	0.17
GOLE	12256M001	2020-07-08 08:00:00.0	53.55872	14.838	68.861	33.684	2,404.9	1.1	-1.02	0.16	0.16	0.16
GOLE	12256M001	2020-07-08 08:30:00.0	53.55872	14.838	68.861	33.684	2,399.8	1.1	-0.49	0.2	0.14	0.16
GOPE	11502M002	2020-07-08 04:00:00.0	49.91369	14.78564	592.733	547.564	2,291.3	1.1	-0.19	-0.28	0.15	0.14
GOPE	11502M002	2020-07-08 04:30:00.0	49.91369	14.78564	592.733	547.564	2,293	1.2	-0.12	-0.7	0.14	0.21
GOPE	11502M002	2020-07-08 05:00:00.0	49.91369	14.78564	592.731	547.562	2,299.7	1.1	-0.75	-0.4	0.16	0.2
GOPE	11502M002	2020-07-08 05:30:00.0	49.91369	14.78564	592.731	547.562	2,304.3	1.3	-1.07	-0.38	0.2	0.21
GOPE	11502M002	2020-07-08 06:00:00.0	49.91369	14.78564	592.728	547.559	2,304.8	1.2	-0.97	-0.28	0.17	0.16
GOPE	11502M002	2020-07-08 06:30:00.0	49.91369	14.78564	592.728	547.559	2,306.7	1.2	-0.54	-0.04	0.16	0.19
GOPE	11502M002	2020-07-08 07:00:00.0	49.91369	14.78564	592.718	547.549	2,316.4	1.3	-0.86	0.65	0.15	0.15
GOPE	11502M002	2020-07-08 07:30:00.0	49.91369	14.78564	592.718	547.549	2,315.4	1.5	-1.05	0.32	0.22	0.18
GOPE	11502M002	2020-07-08 08:00:00.0	49.91369	14.78564	592.719	547.55	2,309.9	1.1	-0.84	-0.19	0.17	0.15
GOPE	11502M002	2020-07-08 08:30:00.0	49.91369	14.78564	592.719	547.55	2,312.8	1.2	-0.77	0.04	0.17	0.16
GOR1	NDNT-GORL	2020-07-08 04:00:00.0	49.65586	21.13944	381.246	343.391	2,328.4	1	0.49	0.25	0.12	0.14
GOR1	NDNT-GORL	2020-07-08 04:30:00.0	49.65586	21.13944	381.246	343.391	2,335.5	1.1	0.92	0.09	0.13	0.21
GOR1	NDNT-GORL	2020-07-08 05:00:00.0	49.65586	21.13944	381.247	343.392	2,331.8	1.1	0.12	-0.02	0.14	0.16
GOR1	NDNT-GORL	2020-07-08 05:30:00.0	49.65586	21.13944	381.247	343.392	2,336.3	1.3	-0.19	0.48	0.19	0.16
GOR1	NDNT-GORL	2020-07-08 06:00:00.0	49.65586	21.13944	381.249	343.394	2,340.4	1.2	-0.89	0.48	0.17	0.14
GOR1	NDNT-GORL	2020-07-08 06:30:00.0	49.65586	21.13944	381.249	343.394	2,335	1.2	-0.63	0.73	0.16	0.16
GOR1	NDNT-GORL	2020-07-08 07:00:00.0	49.65586	21.13944	381.254	343.399	2,341.9	1.1	-0.67	-0.06	0.15	0.13
GOR1	NDNT-GORL	2020-07-08 07:30:00.0	49.65586	21.13944	381.254	343.399	2,339.9	1.3	-0.45	-0.57	0.21	0.16
GOR1	NDNT-GORL	2020-07-08 08:00:00.0	49.65586	21.13944	381.25	343.395	2,346.4	1.2	0.09	-0.57	0.17	0.16
GOR1	NDNT-GORL	2020-07-08 08:30:00.0	49.65586	21.13944	381.25	343.395	2,351.4	1.1	0.03	-0.32	0.14	0.14
GRAJ	12245M001	2020-07-08 04:00:00.0	53.65106	22.45231	165.17	136.654	2,381.5	1.1	-0.73	-0.4	0.15	0.16
GRAJ	12245M001	2020-07-08 04:30:00.0	53.65106	22.45231	165.17	136.654	2,385.8	1.4	0.14	0.24	0.21	0.26
GRAJ	12245M001	2020-07-08 05:00:00.0	53.65106	22.45231	165.167	136.651	2,384.4	1.1	-0.73	0.67	0.18	0.21
GRAJ	12245M001	2020-07-08 05:30:00.0	53.65106	22.45231	165.167	136.651	2,386.7	1.3	-1.17	0.11	0.23	0.26
GRAJ	12245M001	2020-07-08 06:00:00.0	53.65106	22.45231	165.169	136.653	2,381.1	1.2	-1.2	0.02	0.18	0.17
GRAJ	12245M001	2020-07-08 06:30:00.0	53.65106	22.45231	165.169	136.653	2,382.1	1.3	-1.08	0.67	0.18	0.18
GRAJ	12245M001	2020-07-08 07:00:00.0	53.65106	22.45231	165.173	136.657	2,388.4	1.1	-0.59	0	0.19	0.15
GRAJ	12245M001	2020-07-08 07:30:00.0	53.65106	22.45231	165.173	136.657	2,392.7	1.2	-0.71	0.31	0.2	0.18
GRAJ	12245M001	2020-07-08 08:00:00.0	53.65106	22.45231	165.179	136.663	2,398.4	1.2	0.6	0.53	0.18	0.18
GRAJ	12245M001	2020-07-08 08:30:00.0	53.65106	22.45231	165.179	136.663	2,401.4	1.4	0.19	0.64	0.19	0.22
GWWL	12225M001	2020-07-08 04:00:00.0	52.73797	15.20522	127.152	90.863	2,413.7	1.1	-1.94	-0.72	0.14	0.15
GWWL	12225M001	2020-07-08 04:30:00.0	52.73797	15.20522	127.152	90.863	2,411.3	1.2	-1.65	-0.26	0.15	0.22
GWWL	12225M001	2020-07-08 05:00:00.0	52.73797	15.20522	127.152	90.863	2,408.3	1.1	-1.77	-0.35	0.14	0.17
GWWL	12225M001	2020-07-08 05:30:00.0	52.73797	15.20522	127.152	90.863	2,409.7	1.3	-1.37	0.14	0.19	0.18
GWWL	12225M001	2020-07-08 06:00:00.0	52.73797	15.20522	127.149	90.86	2,407.5	1.3	-1.78	0.01	0.17	0.16
GWWL	12225M001	2020-07-08 06:30:00.0	52.73797	15.20522	127.149	90.86	2,411	1.3	-1.75	0.61	0.16	0.18
GWWL	12225M001	2020-07-08 07:00:00.0	52.73797	15.20522	127.146	90.857	2,418.8	1.3	-1.85	0.71	0.19	0.19
GWWL	12225M001	2020-07-08 08:00:00.0	52.73797	15.20522	127.147	90.858	2,409.5	1.5	-1.68	0.17	0.22	0.21
GWWL	12225M001	2020-07-08 08:30:00.0	52.73797	15.20522	127.147	90.858	2,409.6	1.3	-1.8	0.05	0.16	0.16
HAJN	12247M001	2020-07-08 04:00:00.0	52.74097	23.56589	196.62	168.349	2,370.8	1	-0.17	-0.57	0.13	0.14
HAJN	12247M001	2020-07-08 04:30:00.0	52.74097	23.56589	196.62	168.349	2,371.2	1.2	-0.35	-0.9	0.15	0.23
HAJN	12247M001	2020-07-08 05:00:00.0	52.74097	23.56589	196.612	168.341	2,373.5	1.1	-0.76	1.01	0.15	0.19
HAJN	12247M001	2020-07-08 05:30:00.0	52.74097	23.56589	196.612	168.341	2,370.3	1.3	-1.57	0.26	0.21	0.22
HAJN	12247M001	2020-07-08 06:00:00.0	52.74097	23.56589	196.606	168.335	2,371.1	1.3	-1.11	-0.01	0.19	0.2
HAJN	12247M001	2020-07-08 06:30:00.0	52.74097	23.56589	196.606	168.335	2,368.3	1.3	-1.17	-0.46	0.17	0.17
HAJN	12247M001	2020-07-08 07:00:00.0	52.74097	23.56589	196.616	168.345	2,372.5	1	-0.48	-0.12	0.15	0.11
HAJN	12247M001	2020-07-08 07:30:00.0	52.74097	23.56589	196.616	168.345	2,376.3	1.1	-0.69	0.07	0.17	0.14
HAJN	12247M001	2020-07-08 08:00:00.0	52.74097	23.56589	196.612	168.341	2,379.3	1.2	-0.44	0.01	0.18	0.17
HAJN	12247M001	2020-07-08 08:30:00.0	52.74097	23.56589	196.612	168.341	2,388.5	1.3	0.31	-0.35	0.2	0.19
HOZD	12248M001	2020-07-08 04:00:00.0	50.18886	23.36225	298.846	266.975	2,343.5	1.1	-1.61	-0.66	0.14	0.15
HOZD	12248M001	2020-07-08 04:30:00.0	50.18886	23.36225	298.846	266.975	2,343.9	1.3	-0.57	-0.54	0.17	0.27
HOZD	12248M001	2020-07-08 05:00:00.0	50.18886	23.36225	298.838	266.967	2,341.7	1.2	-1.25	0.32	0.16	0.18
HOZD	12248M001	2020-07-08 05:30:00.0	50.18886	23.36225	298.838	266.967	2,339.6	1.4	-1.27	0.08	0.2	0.19
HOZD	12248M001	2020-07-08 06:00:00.0	50.18886	23.36225	298.847	266.976	2,341.6	1.3	-0.47	-1.36	0.18	0.17
HOZD	12248M001	2020-07-08 06:30:00.0	50.18886	23.36225	298.847	266.976	2,355.8	1.4	-1.86	-1.68	0.19	0.2
HOZD	12248M001	2020-07-08 07:00:00.0	50.18886	23.36225	298.851	266.98	2,354.7	1	-0.78	-0.32	0.13	0.12
HOZD	12248M001	2020-07-08 07:30:00.0	50.18886	23.36225	298.851	266.98	2,352.9	1.2	-0.18	-0.78	0.19	0.16
HOZD	12248M001	2020-07-08 08:00:00.0	50.18886	23.36225	298.853	266.982	2,354.7	1.3	-0.96	0.29	0.19	0.19
HOZD	12248M001	2020-07-08 08:30:00.0	50.18886	23.36225	298.853	266.982	2,352	1.2	-0.55	-1.18	0.15	0.18
HRUB	12249M001	2020-07-08 04:00:00.0	50.80469	23.88628	234.453	204.525	2,356	1.1	-0.18	-0.88	0.14	0.16
HRUB	12249M001	2020-07-08 04:30:00.0	50.80469	23.88628	234.453	204.525	2,357.7	1.3	0.22	0.37	0.17	0.24
HRUB	12249M001	2020-07-08 05:00:00.0	50.80469	23.88628	234.45	204.522	2,359.6	1.2	0.07	-1	0.15	0.18
HRUB	12249M001	2020-07-08 05:30:00.0	50.80469	23.88628	234.45	204.522	2,354.9	1.4	0.58	0.25	0.2	0.2
HRUB	12249M001	2020-07-08 06:00:00.0	50.80469	23.88628	234.444	204.516	2,356.8	1.3	-0.41	-1.48	0.19	0.18
HRUB	12249M001	2020-07-08 06:30:00.0	50.80469	23.88628	234.444	204.516	2,358.9	1.3	-1.63	0.5	0.19	0.18
HRUB	12249M001	2020-07-08 07:00:00.0	50.80469	23.88628	234.448	204.52	2,370.8	1.3	0.14	0.01	0.2	0.17
HRUB	12249M001	2020-07-08 07:30:00.0	50.80469	23.88628	234.448	204.52	2,367.5	1.6	-0.55	0.54	0.24	0.22
HRUB	12249M001	2020-07-08 08:00:00.0	50.80469	23.88628	234.451	204.523	2,368.9	1.3	1.37	0.31	0.2	0.19
HRUB	12249M001	2020-07-08 08:30:00.0	50.80469	23.88628	234.451	204.523	2,377.2	1.6	0.88	0.84	0.26	0.25
IGEO	15101M001	2020-07-08 04:00:00.0	47.03036	28.84353	105.869	74.63	2,399.8	1	0.57	-0.31	0.12	0.11
IGEO	15101M001	2020-07-08 04:30:00.0	47.03036	28.84353	105.869	74.63	2,395.2	1.4	0.44	0.08	0.19	0.21
IGEO	15101M001	2020-07-08 05:00:00.0	47.03036	28.84353	105.88	74.641	2,389.4	1.6	0.46	0.14	0.23	0.21
IGEO	15101M001	2020-07-08 05:30:00.0	47.03036	28.84353	105.88	74.641	2,385.4	1.8	0.26	0.25	0.28	0.25
IGEO	15101M001	2020-07-08 06:00:00.0	47.03036	28.84353	105.887	74.648	2,376.8	1.7	0.39	-0.46	0.24	0.17
IGEO	15101M001	2020-07-08 06:30:00.0	47.03036	28.84353	105.887	74.648	2,376	1.7	-0.1	-0.14	0.25	0.2
IGEO	15101M001	2020-07-08 07:00:00.0	47.03036	28.84353	105.868	74.629	2,381.8	1.1	0.19	-0.06	0.14	0.13
IGEO	15101M001	2020-07-08 07:30:00.0	47.03036	28.84353	105.868	74.629	2,377.9	1.4	0.43	-0.77	0.19	0.17
IGEO	15101M001	2020-07-08 08:00:00.0	47.03036	28.84353	105.862	74.623	2,378.2	1.2	0.1	-0.36	0.19	0.17
IGEO	15101M001	2020-07-08 08:30:00.0	47.03036	28.84353	105.862	74.623	2,375.7	1.4	0.79	-0.21	0.18	0.21
ILAW	12250M001	2020-07-08 04:00:00.0	53.58714	19.56797	162.812	133.328	2,397.1	1	-1	-0.36	0.12	0.13
ILAW	12250M001	2020-07-08 04:30:00.0	53.58714	19.56797	162.812	133.328	2,395.7	1.2	-1.16	-0.13	0.15	0.22
ILAW	12250M001	2020-07-08 05:00:00.0	53.58714	19.56797	162.814	133.33	2,398.1	0.9	-1.66	0.17	0.11	0.13
ILAW	12250M001	2020-07-08 05:30:00.0	53.58714	19.56797	162.814	133.33	2,400.5	1	-1.86	0.45	0.14	0.13
ILAW	12250M001	2020-07-08 06:00:00.0	53.58714	19.56797	162.815	133.331	2,394.9	1.1	-1.44	0.56	0.16	0.14
ILAW	12250M001	2020-07-08 06:30:00.0	53.58714	19.56797	162.815	133.331	2,397.3	1.1	-1.53	0.62	0.14	0.15
ILAW	12250M001	2020-07-08 07:00:00.0	53.58714	19.56797	162.811	133.327	2,393.7	0.9	-1.46	0.88	0.12	0.1
ILAW	12250M001	2020-07-08 07:30:00.0	53.58714	19.56797	162.811	133.327	2,391.9	1	-0.81	0.55	0.14	0.13
ILAW	12250M001	2020-07-08 08:00:00.0	53.58714	19.56797	162.815	133.331	2,390.2	0.9	-0.89	-0.05	0.12	0.12
ILAW	12250M001	2020-07-08 08:30:00.0	53.58714	19.56797	162.815	133.331	2,389.6	0.9	-1.32	0.54	0.09	0.1
JAR1	NDNT-JARO	2020-07-08 04:00:00.0	50.01719	22.67853	268.941	235.102	2,355.8	1	0.23	-0.12	0.1	0.11
JAR1	NDNT-JARO	2020-07-08 04:30:00.0	50.01719	22.67853	268.941	235.102	2,359.1	1.1	-0.02	-0.77	0.13	0.2
JAR1	NDNT-JARO	2020-07-08 05:00:00.0	50.01719	22.67853	268.945	235.106	2,361.1	1.1	-0.06	-0.76	0.15	0.17
JAR1	NDNT-JARO	2020-07-08 05:30:00.0	50.01719	22.67853	268.945	235.106	2,357.5	1.4	-0.36	-0.07	0.19	0.18
JAR1	NDNT-JARO	2020-07-08 06:00:00.0	50.01719	22.67853	268.946	235.107	2,362.5	1.2	-0.71	0.3	0.17	0.14
JAR1	NDNT-JARO	2020-07-08 06:30:00.0	50.01719	22.67853	268.946	235.107	2,363.2	1.3	-0.76	-0.45	0.16	0.16
JAR1	NDNT-JARO	2020-07-08 07:00:00.0	50.01719	22.67853	268.955	235.116	2,367.6	0.9	-0.38	-0.19	0.09	0.08
JAR1	NDNT-JARO	2020-07-08 07:30:00.0	50.01719	22.67853	268.955	235.116	2,366.1	1	-0.25	0.26	0.14	0.12
JAR1	NDNT-JARO	2020-07-08 08:00:00.0	50.01719	22.67853	268.953	235.114	2,365.3	1	0.53	-0.91	0.14	0.13
JAR1	NDNT-JARO	2020-07-08 08:30:00.0	50.01719	22.67853	268.953	235.114	2,365.4	1	0.26	-1.09	0.11	0.11
JAST	NDNT-JAST	2020-07-08 04:00:00.0	49.95256	18.61192	342.807	300.534	2,365.8	1	-0.5	-0.33	0.12	0.13
JAST	NDNT-JAST	2020-07-08 04:30:00.0	49.95256	18.61192	342.807	300.534	2,365.1	1.1	-0.68	0.04	0.13	0.2
JAST	NDNT-JAST	2020-07-08 05:00:00.0	49.95256	18.61192	342.802	300.529	2,369.5	1	-1.26	-0.01	0.14	0.16
JAST	NDNT-JAST	2020-07-08 05:30:00.0	49.95256	18.61192	342.802	300.529	2,371	1.3	-0.96	-0.15	0.19	0.17
JAST	NDNT-JAST	2020-07-08 06:00:00.0	49.95256	18.61192	342.798	300.525	2,375.2	1.2	-1.28	0.79	0.16	0.14
JAST	NDNT-JAST	2020-07-08 06:30:00.0	49.95256	18.61192	342.798	300.525	2,368.6	1.2	-0.65	0.68	0.16	0.16
JAST	NDNT-JAST	2020-07-08 07:00:00.0	49.95256	18.61192	342.805	300.532	2,376.3	1.2	-0.61	-0.21	0.13	0.12
JAST	NDNT-JAST	2020-07-08 07:30:00.0	49.95256	18.61192	342.805	300.532	2,373.8	1.3	-0.34	-0.01	0.18	0.16
JAST	NDNT-JAST	2020-07-08 08:00:00.0	49.95256	18.61192	342.808	300.535	2,377.5	1.3	0.16	0.55	0.18	0.16
JAST	NDNT-JAST	2020-07-08 08:30:00.0	49.95256	18.61192	342.808	300.535	2,379.6	1.2	-0.03	0.62	0.14	0.15
JEDR	NDNT-JEDR	2020-07-08 04:00:00.0	50.64175	20.30078	297.609	259.87	2,363.1	0.8	-0.58	-0.7	0.09	0.1
JEDR	NDNT-JEDR	2020-07-08 04:30:00.0	50.64175	20.30078	297.609	259.87	2,361.2	1	-0.56	-0.49	0.12	0.18
JEDR	NDNT-JEDR	2020-07-08 05:00:00.0	50.64175	20.30078	297.611	259.872	2,371.7	1.1	-0.34	-0.9	0.15	0.17
JEDR	NDNT-JEDR	2020-07-08 05:30:00.0	50.64175	20.30078	297.611	259.872	2,368.1	1.3	-0.61	-1.48	0.18	0.17
JEDR	NDNT-JEDR	2020-07-08 06:00:00.0	50.64175	20.30078	297.619	259.88	2,382	1.2	-0.78	-1.24	0.17	0.14
JEDR	NDNT-JEDR	2020-07-08 06:30:00.0	50.64175	20.30078	297.619	259.88	2,372.4	1.2	-2.12	-1.65	0.16	0.16
JEDR	NDNT-JEDR	2020-07-08 07:00:00.0	50.64175	20.30078	297.619	259.88	2,371.2	1	-1.2	-1.23	0.11	0.11
JEDR	NDNT-JEDR	2020-07-08 07:30:00.0	50.64175	20.30078	297.619	259.88	2,383.6	1.1	0.61	-0.43	0.17	0.14
JEDR	NDNT-JEDR	2020-07-08 08:00:00.0	50.64175	20.30078	297.625	259.886	2,367.7	1.1	-0.76	0.98	0.15	0.14
JEDR	NDNT-JEDR	2020-07-08 08:30:00.0	50.64175	20.30078	297.625	259.886	2,372.8	1.1	-0.71	0.7	0.12	0.13
JLGR	12251M001	2020-07-08 04:00:00.0	50.91947	15.73325	408.198	365.346	2,361.5	1.1	-0.69	-0.09	0.15	0.15
JLGR	12251M001	2020-07-08 04:30:00.0	50.91947	15.73325	408.198	365.346	2,359.7	1.3	-0.82	-0.41	0.15	0.23
JLGR	12251M001	2020-07-08 05:00:00.0	50.91947	15.73325	408.195	365.343	2,362.5	1.1	-1.02	0.31	0.16	0.2
JLGR	12251M001	2020-07-08 05:30:00.0	50.91947	15.73325	408.195	365.343	2,362.6	1.3	-0.89	0.12	0.21	0.23
JLGR	12251M001	2020-07-08 06:00:00.0	50.91947	15.73325	408.192	365.34	2,365.2	1.2	-1.32	-0.28	0.17	0.16
JLGR	12251M001	2020-07-08 06:30:00.0	50.91947	15.73325	408.192	365.34	2,361.6	1.2	-1.73	-0.13	0.16	0.18
JLGR	12251M001	2020-07-08 07:00:00.0	50.91947	15.73325	408.184	365.332	2,370.1	1.1	-1.96	0.25	0.14	0.13
JLGR	12251M001	2020-07-08 07:30:00.0	50.91947	15.73325	408.184	365.332	2,366.6	1.3	-1.7	0.38	0.19	0.18
JLGR	12251M001	2020-07-08 08:00:00.0	50.91947	15.73325	408.186	365.334	2,364.2	1.2	-1.15	0.01	0.17	0.16
JLGR	12251M001	2020-07-08 08:30:00.0	50.91947	15.73325	408.186	365.334	2,364.8	1.1	-1.22	0.18	0.14	0.15
JOZ2	12204M002	2020-07-08 04:00:00.0	52.09783	21.03236	152.512	120.873	2,394	1	-0.96	-0.23	0.14	0.15
JOZ2	12204M002	2020-07-08 04:30:00.0	52.09783	21.03236	152.512	120.873	2,399.2	1.1	-0.95	-0.07	0.15	0.25
JOZ2	12204M002	2020-07-08 05:00:00.0	52.09783	21.03236	152.514	120.875	2,397.2	1	-1.16	0.01	0.15	0.18
JOZ2	12204M002	2020-07-08 05:30:00.0	52.09783	21.03236	152.514	120.875	2,404.1	1.2	-1.08	-0.08	0.2	0.21
JOZ2	12204M002	2020-07-08 06:00:00.0	52.09783	21.03236	152.513	120.874	2,407.6	1.2	-1.28	-0.27	0.17	0.15
JOZ2	12204M002	2020-07-08 06:30:00.0	52.09783	21.03236	152.513	120.874	2,409.2	1.2	-1.47	-0.22	0.16	0.17
JOZ2	12204M002	2020-07-08 07:00:00.0	52.09783	21.03236	152.511	120.872	2,413.9	0.9	-0.85	0.1	0.13	0.1
JOZ2	12204M002	2020-07-08 07:30:00.0	52.09783	21.03236	152.511	120.872	2,413.9	1.1	-0.83	0.13	0.16	0.14
JOZ2	12204M002	2020-07-08 08:00:00.0	52.09783	21.03236	152.513	120.874	2,417.2	1.1	-0.44	0.01	0.17	0.16
JOZ2	12204M002	2020-07-08 08:30:00.0	52.09783	21.03236	152.513	120.874	2,419.5	1.1	-0.48	0.08	0.13	0.15
JOZE	12204M001	2020-07-08 04:00:00.0	52.09728	21.03156	141.613	109.972	2,399.8	1	-0.88	0.13	0.14	0.16
JOZE	12204M001	2020-07-08 04:30:00.0	52.09728	21.03156	141.613	109.972	2,404.4	1.2	-0.99	0.09	0.16	0.26
JOZE	12204M001	2020-07-08 05:00:00.0	52.09728	21.03156	141.614	109.973	2,403.5	1.1	-1.21	0.07	0.17	0.2
JOZE	12204M001	2020-07-08 05:30:00.0	52.09728	21.03156	141.614	109.973	2,411.8	1.3	-0.88	-0.39	0.22	0.24
JOZE	12204M001	2020-07-08 06:00:00.0	52.09728	21.03156	141.613	109.972	2,412.6	1.2	-1.65	-0.15	0.18	0.16
JOZE	12204M001	2020-07-08 06:30:00.0	52.09728	21.03156	141.613	109.972	2,416.8	1.2	-1.23	0.22	0.18	0.17
JOZE	12204M001	2020-07-08 07:00:00.0	52.09728	21.03156	141.613	109.972	2,420.4	1	-0.45	0.27	0.15	0.11
JOZE	12204M001	2020-07-08 07:30:00.0	52.09728	21.03156	141.613	109.972	2,419.9	1.1	-0.26	0.41	0.18	0.14
JOZE	12204M001	2020-07-08 08:00:00.0	52.09728	21.03156	141.616	109.975	2,424.2	1.2	-0.54	-0.33	0.17	0.18
JOZE	12204M001	2020-07-08 08:30:00.0	52.09728	21.03156	141.616	109.975	2,428	1.4	-1.24	-0.21	0.16	0.22
KALI	12257M001	2020-07-08 04:00:00.0	51.75389	18.09517	147.746	111.748	2,423.9	1.3	-0.71	-0.16	0.18	0.19
KALI	12257M001	2020-07-08 04:30:00.0	51.75389	18.09517	147.746	111.748	2,424.8	1.5	-0.53	-0.41	0.22	0.28
KALI	12257M001	2020-07-08 05:00:00.0	51.75389	18.09517	147.739	111.741	2,428.2	1.3	-1.64	-0.29	0.2	0.22
KALI	12257M001	2020-07-08 05:30:00.0	51.75389	18.09517	147.739	111.741	2,429.2	1.6	-1.27	-0.42	0.24	0.26
KALI	12257M001	2020-07-08 06:00:00.0	51.75389	18.09517	147.741	111.743	2,424.7	1.5	-1.79	-0.07	0.24	0.23
KALI	12257M001	2020-07-08 06:30:00.0	51.75389	18.09517	147.741	111.743	2,421.4	1.6	-2.03	-0.2	0.3	0.26
KALI	12257M001	2020-07-08 07:00:00.0	51.75389	18.09517	147.734	111.736	2,424	1.2	-1.58	-0.29	0.18	0.15
KALI	12257M001	2020-07-08 07:30:00.0	51.75389	18.09517	147.734	111.736	2,422.4	1.3	-1.5	0.37	0.2	0.19
KALI	12257M001	2020-07-08 08:00:00.0	51.75389	18.09517	147.745	111.747	2,417	1.3	-1.48	0.14	0.18	0.18
KALI	12257M001	2020-07-08 08:30:00.0	51.75389	18.09517	147.745	111.747	2,411.9	1.4	-1.13	-0.11	0.18	0.2
KAM1	12258M001	2020-07-08 04:00:00.0	53.96306	14.77739	57.749	22.799	2,413.5	1.1	-0.45	0.18	0.13	0.14
KAM1	12258M001	2020-07-08 04:30:00.0	53.96306	14.77739	57.749	22.799	2,412.3	1.3	-1.01	0.21	0.16	0.22
KAM1	12258M001	2020-07-08 05:00:00.0	53.96306	14.77739	57.747	22.797	2,408.7	1.2	-1.38	0.42	0.17	0.21
KAM1	12258M001	2020-07-08 05:30:00.0	53.96306	14.77739	57.747	22.797	2,412.4	1.3	-0.97	0.58	0.2	0.25
KAM1	12258M001	2020-07-08 06:00:00.0	53.96306	14.77739	57.752	22.802	2,406.8	1.3	-0.85	1.03	0.16	0.17
KAM1	12258M001	2020-07-08 06:30:00.0	53.96306	14.77739	57.752	22.802	2,403.5	1.3	-0.61	0.53	0.17	0.19
KAM1	12258M001	2020-07-08 07:00:00.0	53.96306	14.77739	57.755	22.805	2,409.2	1.3	-0.5	-0.12	0.18	0.16
KAM1	12258M001	2020-07-08 07:30:00.0	53.96306	14.77739	57.755	22.805	2,405.2	1.4	0.03	-0.16	0.18	0.19
KAM1	12258M001	2020-07-08 08:00:00.0	53.96306	14.77739	57.753	22.803	2,402.7	1.4	0.32	0.38	0.2	0.2
KAM1	12258M001	2020-07-08 08:30:00.0	53.96306	14.77739	57.753	22.803	2,403.4	1.4	0.73	0.73	0.18	0.2
KATO	12219S001	2020-07-08 04:00:00.0	50.25328	19.03564	332.876	291.611	2,367.2	1	-0.95	-0.76	0.12	0.13
KATO	12219S001	2020-07-08 04:30:00.0	50.25328	19.03564	332.876	291.611	2,364	1.1	-1.16	-0.5	0.14	0.21
KATO	12219S001	2020-07-08 05:00:00.0	50.25328	19.03564	332.878	291.613	2,366.8	1.1	-0.63	-0.71	0.15	0.17
KATO	12219S001	2020-07-08 05:30:00.0	50.25328	19.03564	332.878	291.613	2,369.4	1.3	-0.95	-0.2	0.19	0.18
KATO	12219S001	2020-07-08 06:00:00.0	50.25328	19.03564	332.877	291.612	2,364.6	1.2	-0.99	0.41	0.18	0.15
KATO	12219S001	2020-07-08 06:30:00.0	50.25328	19.03564	332.877	291.612	2,367.9	1.2	-0.77	-0.02	0.17	0.17
KATO	12219S001	2020-07-08 07:00:00.0	50.25328	19.03564	332.878	291.613	2,375.2	1.2	-0.79	-0.34	0.16	0.17
KATO	12219S001	2020-07-08 08:00:00.0	50.25328	19.03564	332.879	291.614	2,376	1.8	-0.77	-0.46	0.24	0.24
KATO	12219S001	2020-07-08 08:30:00.0	50.25328	19.03564	332.879	291.614	2,375.6	1.6	-0.6	0.07	0.2	0.22
KAZ1	NDNT-KAZA	2020-07-08 04:00:00.0	50.30422	20.45164	261.171	222.968	2,370.8	1	-0.03	-0.41	0.12	0.13
KAZ1	NDNT-KAZA	2020-07-08 04:30:00.0	50.30422	20.45164	261.171	222.968	2,373.2	1.1	-0.41	-0.58	0.13	0.21
KAZ1	NDNT-KAZA	2020-07-08 05:00:00.0	50.30422	20.45164	261.17	222.967	2,379.9	1.1	-1.25	-0.22	0.14	0.16
KAZ1	NDNT-KAZA	2020-07-08 05:30:00.0	50.30422	20.45164	261.17	222.967	2,381.6	1.3	-0.86	-0.17	0.19	0.17
KAZ1	NDNT-KAZA	2020-07-08 06:00:00.0	50.30422	20.45164	261.167	222.964	2,385.2	1.3	-0.2	-1.07	0.19	0.17
KAZ1	NDNT-KAZA	2020-07-08 06:30:00.0	50.30422	20.45164	261.167	222.964	2,390.5	1.4	0.09	-0.54	0.19	0.21
KAZ1	NDNT-KAZA	2020-07-08 07:00:00.0	50.30422	20.45164	261.173	222.97	2,392.8	1	0.41	-0.15	0.13	0.13
KAZ1	NDNT-KAZA	2020-07-08 07:30:00.0	50.30422	20.45164	261.173	222.97	2,394	1.2	0.66	-0.02	0.19	0.16
KAZ1	NDNT-KAZA	2020-07-08 08:00:00.0	50.30422	20.45164	261.172	222.969	2,390.1	1.4	1.03	0.08	0.2	0.19
KAZ1	NDNT-KAZA	2020-07-08 08:30:00.0	50.30422	20.45164	261.172	222.969	2,389.4	1.3	0.68	-0.15	0.17	0.18
KEPN	12259M001	2020-07-08 04:00:00.0	51.28017	17.98358	220.298	181.811	2,395.7	1.3	-0.39	0.11	0.17	0.18
KEPN	12259M001	2020-07-08 04:30:00.0	51.28017	17.98358	220.298	181.811	2,398.6	1.5	-0.67	-0.34	0.2	0.28
KEPN	12259M001	2020-07-08 05:00:00.0	51.28017	17.98358	220.296	181.809	2,407.5	1.3	-1.17	-0.36	0.19	0.23
KEPN	12259M001	2020-07-08 05:30:00.0	51.28017	17.98358	220.296	181.809	2,404.6	1.5	-1.48	-0.4	0.24	0.26
KEPN	12259M001	2020-07-08 06:00:00.0	51.28017	17.98358	220.291	181.804	2,404.9	1.4	-1.1	-0.05	0.2	0.2
KEPN	12259M001	2020-07-08 06:30:00.0	51.28017	17.98358	220.291	181.804	2,406	1.4	-1.36	0.01	0.19	0.21
KEPN	12259M001	2020-07-08 07:00:00.0	51.28017	17.98358	220.291	181.804	2,409	1.2	-1.37	0.21	0.14	0.14
KEPN	12259M001	2020-07-08 07:30:00.0	51.28017	17.98358	220.291	181.804	2,406.5	1.3	-1.09	0.17	0.18	0.16
KEPN	12259M001	2020-07-08 08:00:00.0	51.28017	17.98358	220.291	181.804	2,406.6	1.2	-0.4	-0.01	0.17	0.16
KEPN	12259M001	2020-07-08 08:30:00.0	51.28017	17.98358	220.291	181.804	2,405.7	1.2	-0.57	0.2	0.14	0.15
KES1	MUSE-KES1	2020-07-08 04:00:00.0	50.27158	19.02614	339.94	298.728	2,360	1.1	-0.92	-0.39	0.15	0.18
KES1	MUSE-KES1	2020-07-08 04:30:00.0	50.27158	19.02614	339.94	298.728	2,361.6	1.1	-0.99	-0.3	0.14	0.24
KES1	MUSE-KES1	2020-07-08 05:00:00.0	50.27158	19.02614	339.941	298.729	2,359.8	1.2	-0.93	0.05	0.2	0.25
KES1	MUSE-KES1	2020-07-08 05:30:00.0	50.27158	19.02614	339.941	298.729	2,357.5	1.5	-0.91	0.55	0.26	0.33
KES1	MUSE-KES1	2020-07-08 06:00:00.0	50.27158	19.02614	339.937	298.725	2,363.2	1.4	-1.91	0.43	0.21	0.24
KES1	MUSE-KES1	2020-07-08 06:30:00.0	50.27158	19.02614	339.937	298.725	2,364	1.3	-1.56	0.45	0.17	0.21
KES1	MUSE-KES1	2020-07-08 07:00:00.0	50.27158	19.02614	339.944	298.732	2,371.2	1.2	-1.31	0.68	0.14	0.17
KES1	MUSE-KES1	2020-07-08 07:30:00.0	50.27158	19.02614	339.944	298.732	2,371.2	1.4	-1.41	0.48	0.22	0.2
KES1	MUSE-KES1	2020-07-08 08:00:00.0	50.27158	19.02614	339.949	298.737	2,367.5	1.6	-1.15	0.38	0.24	0.27
KES1	MUSE-KES1	2020-07-08 08:30:00.0	50.27158	19.02614	339.949	298.737	2,371.2	1.6	-1.28	0.22	0.25	0.3
KILE	NDNT-KIEL	2020-07-08 03:30:00.0	50.90847	20.66397	364.626	328.065	2,343.1	1	-0.47	-0.55	0.14	0.14
KILE	NDNT-KIEL	2020-07-08 04:00:00.0	50.90847	20.66397	364.629	328.068	2,340.4	1	-1.23	-0.99	0.14	0.16
KILE	NDNT-KIEL	2020-07-08 04:30:00.0	50.90847	20.66397	364.629	328.068	2,338.4	1.3	-0.74	-0.84	0.18	0.25
KILE	NDNT-KIEL	2020-07-08 05:00:00.0	50.90847	20.66397	364.64	328.079	2,344.8	1.1	-1.1	0.38	0.15	0.17
KILE	NDNT-KIEL	2020-07-08 05:30:00.0	50.90847	20.66397	364.64	328.079	2,348.4	1.3	-0.63	0.46	0.19	0.17
KILE	NDNT-KIEL	2020-07-08 06:00:00.0	50.90847	20.66397	364.655	328.094	2,352.2	1.2	-0.83	-0.54	0.17	0.15
KILE	NDNT-KIEL	2020-07-08 06:30:00.0	50.90847	20.66397	364.655	328.094	2,355.7	1.2	-0.84	-0.22	0.16	0.17
KILE	NDNT-KIEL	2020-07-08 07:00:00.0	50.90847	20.66397	364.655	328.094	2,362	1	-0.17	0.55	0.14	0.11
KILE	NDNT-KIEL	2020-07-08 07:30:00.0	50.90847	20.66397	364.655	328.094	2,358	1.2	-0.83	-0.89	0.18	0.16
KILE	NDNT-KIEL	2020-07-08 08:00:00.0	50.90847	20.66397	364.654	328.093	2,358.8	1.2	0.79	-0.02	0.17	0.17
KILE	NDNT-KIEL	2020-07-08 08:30:00.0	50.90847	20.66397	364.654	328.093	2,357.8	1.2	-0.07	0.18	0.15	0.17
KLCE	12260M001	2020-07-08 03:30:00.0	50.87575	20.62967	333.562	296.87	2,351.2	1	-0.75	-0.95	0.14	0.14
KLCE	12260M001	2020-07-08 04:00:00.0	50.87575	20.62967	333.564	296.872	2,345.8	1	-1.14	-0.85	0.14	0.16
KLCE	12260M001	2020-07-08 04:30:00.0	50.87575	20.62967	333.564	296.872	2,344.2	1.3	-1.06	-1.1	0.18	0.25
KLCE	12260M001	2020-07-08 05:00:00.0	50.87575	20.62967	333.566	296.874	2,348.1	1.1	-0.95	-0.18	0.15	0.17
KLCE	12260M001	2020-07-08 05:30:00.0	50.87575	20.62967	333.566	296.874	2,350.1	1.3	-0.35	-0.48	0.19	0.17
KLCE	12260M001	2020-07-08 06:00:00.0	50.87575	20.62967	333.565	296.873	2,358.1	1.2	-0.56	-0.55	0.17	0.15
KLCE	12260M001	2020-07-08 06:30:00.0	50.87575	20.62967	333.565	296.873	2,362.3	1.2	-0.94	0.03	0.16	0.17
KLCE	12260M001	2020-07-08 07:00:00.0	50.87575	20.62967	333.564	296.872	2,367.7	1	-1.19	0.56	0.14	0.11
KLCE	12260M001	2020-07-08 07:30:00.0	50.87575	20.62967	333.564	296.872	2,362.2	1.2	-1.15	0.3	0.18	0.16
KLCE	12260M001	2020-07-08 08:00:00.0	50.87575	20.62967	333.564	296.872	2,363.4	1.2	-1.24	-0.31	0.17	0.17
KLCE	12260M001	2020-07-08 08:30:00.0	50.87575	20.62967	333.564	296.872	2,360	1.2	-0.51	0.26	0.15	0.17
KLDZ	12261M001	2020-07-08 03:30:00.0	50.43558	16.65189	359.56	316.32	2,360.4	1.1	-0.07	-0.58	0.13	0.15
KLDZ	12261M001	2020-07-08 04:00:00.0	50.43558	16.65189	359.556	316.316	2,360.6	1.1	-0.73	-0.5	0.14	0.15
KLDZ	12261M001	2020-07-08 04:30:00.0	50.43558	16.65189	359.556	316.316	2,362.1	1.2	-0.86	-0.97	0.15	0.22
KLDZ	12261M001	2020-07-08 05:00:00.0	50.43558	16.65189	359.55	316.31	2,368.8	1.1	-0.79	-1.2	0.16	0.2
KLDZ	12261M001	2020-07-08 05:30:00.0	50.43558	16.65189	359.55	316.31	2,370.3	1.3	-0.76	-0.47	0.22	0.24
KLDZ	12261M001	2020-07-08 06:00:00.0	50.43558	16.65189	359.551	316.311	2,368	1.2	-0.98	-0.32	0.18	0.17
KLDZ	12261M001	2020-07-08 06:30:00.0	50.43558	16.65189	359.551	316.311	2,364.9	1.3	-1.25	-0.28	0.18	0.2
KLDZ	12261M001	2020-07-08 07:00:00.0	50.43558	16.65189	359.553	316.313	2,371	1.5	-1.21	0.07	0.17	0.19
KLDZ	12261M001	2020-07-08 07:30:00.0	50.43558	16.65189	359.553	316.313	2,367.3	1.5	-1.21	0.05	0.2	0.2
KLDZ	12261M001	2020-07-08 08:00:00.0	50.43558	16.65189	359.549	316.309	2,373.2	1.3	-0.67	-0.3	0.18	0.17
KLOB	12219M001	2020-07-08 03:30:00.0	50.90553	18.93689	301.637	262.933	2,367.5	1	-1.28	-0.7	0.13	0.14
KLOB	12219M001	2020-07-08 04:00:00.0	50.90553	18.93689	301.637	262.933	2,365.6	1	-1.5	0.1	0.13	0.14
KLOB	12219M001	2020-07-08 04:30:00.0	50.90553	18.93689	301.637	262.933	2,363.6	1.2	-1.15	-0.56	0.14	0.22
KLOB	12219M001	2020-07-08 05:00:00.0	50.90553	18.93689	301.64	262.936	2,372.8	1	-1.66	-0.05	0.16	0.2
KLOB	12219M001	2020-07-08 05:30:00.0	50.90553	18.93689	301.64	262.936	2,374.4	1.3	-0.93	-0.11	0.22	0.25
KLOB	12219M001	2020-07-08 06:00:00.0	50.90553	18.93689	301.639	262.935	2,374.5	1.2	-1.33	-0.42	0.17	0.15
KLOB	12219M001	2020-07-08 06:30:00.0	50.90553	18.93689	301.639	262.935	2,376.8	1.1	-1.33	-0.31	0.15	0.16
KLOB	12219M001	2020-07-08 07:00:00.0	50.90553	18.93689	301.643	262.939	2,377.1	1.2	-1.64	0.22	0.14	0.13
KLOB	12219M001	2020-07-08 07:30:00.0	50.90553	18.93689	301.643	262.939	2,378.9	1.3	-1.15	0.28	0.19	0.17
KLOB	12219M001	2020-07-08 08:00:00.0	50.90553	18.93689	301.642	262.938	2,382	1.3	-1.05	-0.19	0.18	0.18
KLUC	NDNT-KLUC	2020-07-08 03:30:00.0	50.96822	18.21419	232.957	193.529	2,387.5	1	-0.28	-0.91	0.12	0.13
KLUC	NDNT-KLUC	2020-07-08 04:00:00.0	50.96822	18.21419	232.957	193.529	2,400.4	1	-0.88	-0.45	0.12	0.13
KLUC	NDNT-KLUC	2020-07-08 04:30:00.0	50.96822	18.21419	232.957	193.529	2,395.7	1.1	-0.33	0.21	0.14	0.21
KLUC	NDNT-KLUC	2020-07-08 05:00:00.0	50.96822	18.21419	232.954	193.526	2,400.8	1.1	-1.46	0.56	0.14	0.16
KLUC	NDNT-KLUC	2020-07-08 05:30:00.0	50.96822	18.21419	232.954	193.526	2,402.4	1.2	-1.25	0.44	0.17	0.17
KLUC	NDNT-KLUC	2020-07-08 06:00:00.0	50.96822	18.21419	232.957	193.529	2,400.6	1.2	-0.17	-0.42	0.16	0.15
KLUC	NDNT-KLUC	2020-07-08 06:30:00.0	50.96822	18.21419	232.957	193.529	2,401.8	1.2	-0.54	-0.21	0.15	0.17
KLUC	NDNT-KLUC	2020-07-08 07:00:00.0	50.96822	18.21419	232.961	193.533	2,410.3	1.2	-0.75	0.18	0.13	0.13
KLUC	NDNT-KLUC	2020-07-08 07:30:00.0	50.96822	18.21419	232.961	193.533	2,410.4	1.3	-0.8	0.21	0.18	0.15
KLUC	NDNT-KLUC	2020-07-08 08:00:00.0	50.96822	18.21419	232.961	193.533	2,407.2	1.2	-0.15	0.59	0.16	0.15
KOLB	NDNT-KOLA	2020-07-08 03:30:00.0	50.24403	21.78331	250.577	215.128	2,371.8	0.9	-1.21	-0.97	0.12	0.13
KOLB	NDNT-KOLA	2020-07-08 04:00:00.0	50.24403	21.78331	250.589	215.14	2,366.6	1.2	-0.23	-0.09	0.14	0.16
KOLB	NDNT-KOLA	2020-07-08 04:30:00.0	50.24403	21.78331	250.589	215.14	2,365.7	1.4	-0.62	0.01	0.16	0.24
KOLB	NDNT-KOLA	2020-07-08 05:00:00.0	50.24403	21.78331	250.575	215.126	2,369.2	1.3	0.14	0.41	0.17	0.2
KOLB	NDNT-KOLA	2020-07-08 05:30:00.0	50.24403	21.78331	250.575	215.126	2,365.5	1.4	0.1	0.87	0.22	0.23
KOLB	NDNT-KOLA	2020-07-08 06:00:00.0	50.24403	21.78331	250.581	215.132	2,370.5	1.3	-0.29	1.02	0.18	0.15
KOLB	NDNT-KOLA	2020-07-08 06:30:00.0	50.24403	21.78331	250.581	215.132	2,366.9	1.3	-1.77	1.06	0.17	0.18
KOLB	NDNT-KOLA	2020-07-08 07:00:00.0	50.24403	21.78331	250.59	215.141	2,372	1	-0.33	-0.33	0.12	0.1
KOLB	NDNT-KOLA	2020-07-08 07:30:00.0	50.24403	21.78331	250.59	215.141	2,377.5	1.2	-0.52	-0.62	0.18	0.15
KOLB	NDNT-KOLA	2020-07-08 08:00:00.0	50.24403	21.78331	250.588	215.139	2,382.9	1.2	-0.83	0.25	0.17	0.16
KONI	12262M001	2020-07-08 03:30:00.0	52.22811	18.25397	157.121	123.979	2,418.1	0.9	-0.52	-0.82	0.11	0.13
KONI	12262M001	2020-07-08 04:00:00.0	52.22811	18.25397	157.117	123.975	2,422.6	1	-0.78	-0.71	0.14	0.14
KONI	12262M001	2020-07-08 04:30:00.0	52.22811	18.25397	157.117	123.975	2,413	1.2	-0.99	0.24	0.16	0.22
KONI	12262M001	2020-07-08 05:00:00.0	52.22811	18.25397	157.119	123.977	2,410.4	1.2	-1.35	0.41	0.18	0.22
KONI	12262M001	2020-07-08 05:30:00.0	52.22811	18.25397	157.119	123.977	2,406.7	1.5	-0.77	0.68	0.24	0.26
KONI	12262M001	2020-07-08 06:00:00.0	52.22811	18.25397	157.123	123.981	2,414.8	1.1	-2.21	-0.26	0.15	0.14
KONI	12262M001	2020-07-08 06:30:00.0	52.22811	18.25397	157.123	123.981	2,412.4	1.1	-1.64	-0.19	0.15	0.16
KONI	12262M001	2020-07-08 07:00:00.0	52.22811	18.25397	157.12	123.978	2,416.6	1.1	-2.24	0.48	0.16	0.14
KONI	12262M001	2020-07-08 07:30:00.0	52.22811	18.25397	157.12	123.978	2,408.1	1.3	-1.45	0.08	0.19	0.19
KONI	12262M001	2020-07-08 08:00:00.0	52.22811	18.25397	157.11	123.968	2,410.5	1.2	-0.51	-0.93	0.17	0.18
KOSC	12263M001	2020-07-08 03:30:00.0	54.12256	17.98158	211.133	180.961	2,377.8	1	-1.3	0.22	0.13	0.15
KOSC	12263M001	2020-07-08 04:00:00.0	54.12256	17.98158	211.131	180.959	2,376.7	1.1	-0.4	-0.08	0.13	0.14
KOSC	12263M001	2020-07-08 04:30:00.0	54.12256	17.98158	211.131	180.959	2,374.1	1.2	-0.62	-0.05	0.15	0.22
KOSC	12263M001	2020-07-08 05:00:00.0	54.12256	17.98158	211.129	180.957	2,375	1	-0.72	0.75	0.15	0.19
KOSC	12263M001	2020-07-08 05:30:00.0	54.12256	17.98158	211.129	180.957	2,371.3	1.2	-0.86	1.26	0.2	0.22
KOSC	12263M001	2020-07-08 06:00:00.0	54.12256	17.98158	211.125	180.953	2,373.5	1.2	-0.8	-0.48	0.16	0.16
KOSC	12263M001	2020-07-08 06:30:00.0	54.12256	17.98158	211.125	180.953	2,370.3	1.2	-0.99	0.01	0.15	0.16
KOSC	12263M001	2020-07-08 07:00:00.0	54.12256	17.98158	211.125	180.953	2,369.2	1	-0.98	0.07	0.14	0.13
KOSC	12263M001	2020-07-08 07:30:00.0	54.12256	17.98158	211.125	180.953	2,370.4	1.2	-0.94	-0.11	0.17	0.19
KOSC	12263M001	2020-07-08 08:00:00.0	54.12256	17.98158	211.126	180.954	2,368.2	1.2	-0.29	-0.19	0.17	0.17
KOSZ	12264M001	2020-07-08 03:30:00.0	54.20339	16.19772	123.179	90.108	2,402.3	0.9	-0.51	0.61	0.11	0.14
KOSZ	12264M001	2020-07-08 04:00:00.0	54.20339	16.19772	123.176	90.105	2,403.8	1.1	-0.88	-0.95	0.14	0.15
KOSZ	12264M001	2020-07-08 04:30:00.0	54.20339	16.19772	123.176	90.105	2,393.8	1.5	-1.68	0.62	0.21	0.25
KOSZ	12264M001	2020-07-08 05:00:00.0	54.20339	16.19772	123.176	90.105	2,395.9	1.2	-2.53	0.22	0.16	0.19
KOSZ	12264M001	2020-07-08 05:30:00.0	54.20339	16.19772	123.176	90.105	2,393	1.3	-1.24	-0.8	0.2	0.22
KOSZ	12264M001	2020-07-08 06:00:00.0	54.20339	16.19772	123.182	90.111	2,390.6	1.3	-0.65	-0.01	0.17	0.17
KOSZ	12264M001	2020-07-08 06:30:00.0	54.20339	16.19772	123.182	90.111	2,382.5	1.3	-1.08	0	0.19	0.19
KOSZ	12264M001	2020-07-08 07:00:00.0	54.20339	16.19772	123.194	90.123	2,388.1	1.3	0.24	-0.98	0.18	0.16
KOSZ	12264M001	2020-07-08 07:30:00.0	54.20339	16.19772	123.194	90.123	2,390.4	1.4	-0.85	0.14	0.19	0.17
KOSZ	12264M001	2020-07-08 08:00:00.0	54.20339	16.19772	123.189	90.118	2,388.2	1.2	-2.01	1.58	0.18	0.18
KRA1	12218M002	2020-07-08 03:30:00.0	50.06611	19.92047	267.124	227.04	2,375.3	1.1	-0.45	-1.06	0.15	0.14
KRA1	12218M002	2020-07-08 04:00:00.0	50.06611	19.92047	267.121	227.037	2,380.4	1.1	-1.02	-0.54	0.13	0.15
KRA1	12218M002	2020-07-08 04:30:00.0	50.06611	19.92047	267.121	227.037	2,377.4	1.2	-0.82	-0.92	0.16	0.25
KRA1	12218M002	2020-07-08 05:00:00.0	50.06611	19.92047	267.12	227.036	2,383.4	1.1	-1.36	-0.45	0.15	0.17
KRA1	12218M002	2020-07-08 05:30:00.0	50.06611	19.92047	267.12	227.036	2,386.4	1.3	-1.43	-0.15	0.19	0.18
KRA1	12218M002	2020-07-08 06:00:00.0	50.06611	19.92047	267.119	227.035	2,387.6	1.3	-0.16	-0.63	0.18	0.16
KRA1	12218M002	2020-07-08 06:30:00.0	50.06611	19.92047	267.119	227.035	2,385.5	1.2	-0.62	-0.22	0.17	0.17
KRA1	12218M002	2020-07-08 07:00:00.0	50.06611	19.92047	267.121	227.037	2,387.4	1.1	-0.72	-0.2	0.13	0.11
KRA1	12218M002	2020-07-08 07:30:00.0	50.06611	19.92047	267.121	227.037	2,391.7	1.2	-0.33	-0.1	0.18	0.15
KRA1	12218M002	2020-07-08 08:00:00.0	50.06611	19.92047	267.124	227.04	2,395.6	1.2	0.62	-0.85	0.17	0.16
KRA2	NDNT-KRAK	2020-07-08 03:30:00.0	50.01092	19.90192	294.988	254.725	2,373.2	1.1	-0.18	-1.15	0.14	0.13
KRA2	NDNT-KRAK	2020-07-08 04:00:00.0	50.01092	19.90192	294.992	254.729	2,377.9	1	-0.91	-0.65	0.12	0.13
KRA2	NDNT-KRAK	2020-07-08 04:30:00.0	50.01092	19.90192	294.992	254.729	2,373.8	1.1	-0.63	-0.34	0.13	0.2
KRA2	NDNT-KRAK	2020-07-08 05:00:00.0	50.01092	19.90192	294.992	254.729	2,377.9	1.1	-0.27	-1.78	0.15	0.17
KRA2	NDNT-KRAK	2020-07-08 05:30:00.0	50.01092	19.90192	294.992	254.729	2,379.3	1.3	-0.41	-0.16	0.19	0.17
KRA2	NDNT-KRAK	2020-07-08 06:00:00.0	50.01092	19.90192	294.986	254.723	2,373.1	1.2	0.98	-0.75	0.18	0.15
KRA2	NDNT-KRAK	2020-07-08 06:30:00.0	50.01092	19.90192	294.986	254.723	2,374.3	1.2	-0.52	-1.49	0.17	0.17
KRA2	NDNT-KRAK	2020-07-08 07:00:00.0	50.01092	19.90192	294.989	254.726	2,382.5	1.1	-0.81	-0.46	0.12	0.11
KRA2	NDNT-KRAK	2020-07-08 07:30:00.0	50.01092	19.90192	294.989	254.726	2,384.5	1.2	0.41	-0.76	0.18	0.14
KRA2	NDNT-KRAK	2020-07-08 08:00:00.0	50.01092	19.90192	294.999	254.736	2,386.9	1.1	-0.82	-0.34	0.17	0.15
KRAP	NDNT-KRAP	2020-07-08 03:30:00.0	50.49031	17.95681	221.304	180.327	2,409.4	1.1	-1.53	0.1	0.15	0.14
KRAP	NDNT-KRAP	2020-07-08 04:00:00.0	50.49031	17.95681	221.312	180.335	2,399.5	1.1	-1.85	-0.11	0.16	0.15
KRAP	NDNT-KRAP	2020-07-08 04:30:00.0	50.49031	17.95681	221.312	180.335	2,412.6	1.3	0.85	-0.84	0.16	0.25
KRAP	NDNT-KRAP	2020-07-08 05:00:00.0	50.49031	17.95681	221.323	180.346	2,401	1.3	0.43	-2.09	0.19	0.23
KRAP	NDNT-KRAP	2020-07-08 05:30:00.0	50.49031	17.95681	221.323	180.346	2,410.7	1.6	1.02	-1.53	0.27	0.27
KRAP	NDNT-KRAP	2020-07-08 06:00:00.0	50.49031	17.95681	221.341	180.364	2,415	1.5	-1.04	0.55	0.22	0.2
KRAP	NDNT-KRAP	2020-07-08 06:30:00.0	50.49031	17.95681	221.341	180.364	2,421.2	1.4	-0.32	-0.46	0.2	0.22
KRAP	NDNT-KRAP	2020-07-08 07:00:00.0	50.49031	17.95681	221.349	180.372	2,411.7	1.2	-0.57	0.48	0.14	0.13
KRAP	NDNT-KRAP	2020-07-08 07:30:00.0	50.49031	17.95681	221.349	180.372	2,410.9	1.4	-0.25	-0.84	0.19	0.17
KRAP	NDNT-KRAP	2020-07-08 08:00:00.0	50.49031	17.95681	221.357	180.38	2,406.9	1.3	-0.33	0.33	0.17	0.17
KRAW	12218M001	2020-07-08 03:30:00.0	50.06614	19.92047	267.129	227.045	2,369.2	1.1	-0.77	-0.8	0.15	0.15
KRAW	12218M001	2020-07-08 04:00:00.0	50.06614	19.92047	267.13	227.046	2,376.8	1.1	-1.03	-0.2	0.14	0.16
KRAW	12218M001	2020-07-08 04:30:00.0	50.06614	19.92047	267.13	227.046	2,372.1	1.2	-1.06	-0.64	0.16	0.25
KRAW	12218M001	2020-07-08 05:00:00.0	50.06614	19.92047	267.128	227.044	2,377.9	1.1	-1.31	-0.74	0.16	0.17
KRAW	12218M001	2020-07-08 05:30:00.0	50.06614	19.92047	267.128	227.044	2,378.9	1.3	-0.96	-0.32	0.19	0.18
KRAW	12218M001	2020-07-08 06:00:00.0	50.06614	19.92047	267.126	227.042	2,379.6	1.3	-0.58	-0.46	0.18	0.16
KRAW	12218M001	2020-07-08 06:30:00.0	50.06614	19.92047	267.126	227.042	2,378.7	1.2	-0.42	-0.59	0.17	0.17
KRAW	12218M001	2020-07-08 07:00:00.0	50.06614	19.92047	267.126	227.042	2,384.5	1.1	-0.84	-0.01	0.13	0.12
KRAW	12218M001	2020-07-08 07:30:00.0	50.06614	19.92047	267.126	227.042	2,387.6	1.3	-0.49	0.26	0.19	0.17
KRAW	12218M001	2020-07-08 08:00:00.0	50.06614	19.92047	267.128	227.044	2,391	1.2	-0.22	-0.96	0.17	0.17
KROS	12265M001	2020-07-08 03:30:00.0	49.67875	21.77464	347.527	311.122	2,342.5	1	-0.08	-1.42	0.11	0.12
KROS	12265M001	2020-07-08 04:00:00.0	49.67875	21.77464	347.533	311.128	2,340.3	1	-0.57	-0.48	0.1	0.12
KROS	12265M001	2020-07-08 04:30:00.0	49.67875	21.77464	347.533	311.128	2,335.4	1.1	-0.51	-0.9	0.13	0.21
KROS	12265M001	2020-07-08 05:00:00.0	49.67875	21.77464	347.531	311.126	2,337	1.1	-0.68	-0.49	0.14	0.16
KROS	12265M001	2020-07-08 05:30:00.0	49.67875	21.77464	347.531	311.126	2,339.9	1.4	-0.73	-0.46	0.18	0.17
KROS	12265M001	2020-07-08 06:00:00.0	49.67875	21.77464	347.531	311.126	2,346.3	1.2	-2.01	-0.39	0.17	0.14
KROS	12265M001	2020-07-08 06:30:00.0	49.67875	21.77464	347.531	311.126	2,346	1.3	-1.18	0	0.16	0.17
KROS	12265M001	2020-07-08 07:00:00.0	49.67875	21.77464	347.53	311.125	2,349.3	1	-1.33	0.16	0.12	0.11
KROS	12265M001	2020-07-08 07:30:00.0	49.67875	21.77464	347.53	311.125	2,345.9	1.2	-1.22	-0.22	0.17	0.19
KROS	12265M001	2020-07-08 08:00:00.0	49.67875	21.77464	347.533	311.128	2,351.7	1.2	-1.27	-1.2	0.17	0.17
KROT	12266M001	2020-07-08 03:30:00.0	51.69219	17.43719	186.256	148.458	2,417.8	1	-0.34	-1.08	0.14	0.15
KROT	12266M001	2020-07-08 04:00:00.0	51.69219	17.43719	186.257	148.459	2,415.3	1.3	-0.5	-0.82	0.19	0.19
KROT	12266M001	2020-07-08 04:30:00.0	51.69219	17.43719	186.257	148.459	2,414.5	1.5	-0.52	-1.13	0.22	0.28
KROT	12266M001	2020-07-08 05:00:00.0	51.69219	17.43719	186.258	148.46	2,423.4	1.1	-1.3	-0.32	0.15	0.17
KROT	12266M001	2020-07-08 05:30:00.0	51.69219	17.43719	186.258	148.46	2,414.8	1.3	-1.84	-0.15	0.2	0.19
KROT	12266M001	2020-07-08 06:00:00.0	51.69219	17.43719	186.253	148.455	2,409.2	1.3	-1.39	0.15	0.19	0.19
KROT	12266M001	2020-07-08 06:30:00.0	51.69219	17.43719	186.253	148.455	2,407.3	1.3	-1.13	0.12	0.17	0.18
KROT	12266M001	2020-07-08 07:00:00.0	51.69219	17.43719	186.245	148.447	2,416.4	1.1	-1.13	0.65	0.17	0.14
KROT	12266M001	2020-07-08 07:30:00.0	51.69219	17.43719	186.245	148.447	2,413.7	1.2	-1.05	0.3	0.21	0.17
KROT	12266M001	2020-07-08 08:00:00.0	51.69219	17.43719	186.245	148.447	2,410.4	1.5	-0.61	0.74	0.22	0.22
KUTN	12267M001	2020-07-08 03:30:00.0	52.22606	19.37497	159.853	127.724	2,401.2	1	-1.47	-0.44	0.13	0.14
KUTN	12267M001	2020-07-08 04:00:00.0	52.22606	19.37497	159.851	127.722	2,405.7	0.9	-0.85	-0.34	0.13	0.13
KUTN	12267M001	2020-07-08 04:30:00.0	52.22606	19.37497	159.851	127.722	2,403.5	1.1	-1	-0.21	0.14	0.21
KUTN	12267M001	2020-07-08 05:00:00.0	52.22606	19.37497	159.852	127.723	2,409.3	1.2	-1.35	0.21	0.19	0.22
KUTN	12267M001	2020-07-08 05:30:00.0	52.22606	19.37497	159.852	127.723	2,410.8	1.5	-1.55	0.87	0.24	0.26
KUTN	12267M001	2020-07-08 06:00:00.0	52.22606	19.37497	159.853	127.724	2,414.4	1.1	-1.39	-0.12	0.16	0.15
KUTN	12267M001	2020-07-08 06:30:00.0	52.22606	19.37497	159.853	127.724	2,411.9	1.1	-1.57	0.21	0.15	0.16
KUTN	12267M001	2020-07-08 07:00:00.0	52.22606	19.37497	159.85	127.721	2,412.8	1	-1.45	0.42	0.14	0.11
KUTN	12267M001	2020-07-08 07:30:00.0	52.22606	19.37497	159.85	127.721	2,411.3	1.2	-1.26	-0.45	0.18	0.17
KUTN	12267M001	2020-07-08 08:00:00.0	52.22606	19.37497	159.846	127.717	2,406.4	1.3	-1.52	0.64	0.18	0.18
LAN1	NDNT-LANC	2020-07-08 03:30:00.0	50.06586	22.22919	287.424	252.665	2,356.9	1	0.26	-0.3	0.11	0.12
LAN1	NDNT-LANC	2020-07-08 04:00:00.0	50.06586	22.22919	287.432	252.673	2,352.6	1	0.56	-0.05	0.09	0.11
LAN1	NDNT-LANC	2020-07-08 04:30:00.0	50.06586	22.22919	287.432	252.673	2,350	1.1	-0.89	0.14	0.12	0.19
LAN1	NDNT-LANC	2020-07-08 05:00:00.0	50.06586	22.22919	287.42	252.661	2,357.4	1.2	-0.73	-0.34	0.16	0.19
LAN1	NDNT-LANC	2020-07-08 05:30:00.0	50.06586	22.22919	287.42	252.661	2,356.5	1.4	-0.12	-0.28	0.22	0.23
LAN1	NDNT-LANC	2020-07-08 06:00:00.0	50.06586	22.22919	287.423	252.664	2,354.4	1.2	0.14	0.11	0.17	0.15
LAN1	NDNT-LANC	2020-07-08 06:30:00.0	50.06586	22.22919	287.423	252.664	2,353	1.3	-1.02	-0.61	0.17	0.17
LAN1	NDNT-LANC	2020-07-08 07:00:00.0	50.06586	22.22919	287.427	252.668	2,358.6	1	-0.52	0	0.11	0.1
LAN1	NDNT-LANC	2020-07-08 07:30:00.0	50.06586	22.22919	287.427	252.668	2,357.7	1.1	0.07	-0.18	0.17	0.14
LAN1	NDNT-LANC	2020-07-08 08:00:00.0	50.06586	22.22919	287.424	252.665	2,356.9	1.3	0.11	-0.11	0.18	0.19
LEGP	12268M001	2020-07-08 03:30:00.0	51.2	16.15497	181.345	139.962	2,429	1.3	-0.72	-0.49	0.18	0.18
LEGP	12268M001	2020-07-08 04:00:00.0	51.2	16.15497	181.348	139.965	2,431.6	1.1	-1.28	-0.67	0.15	0.14
LEGP	12268M001	2020-07-08 04:30:00.0	51.2	16.15497	181.348	139.965	2,429.1	1.3	-0.87	-1.04	0.15	0.22
LEGP	12268M001	2020-07-08 05:00:00.0	51.2	16.15497	181.343	139.96	2,429.3	1.1	-0.72	-0.72	0.15	0.19
LEGP	12268M001	2020-07-08 05:30:00.0	51.2	16.15497	181.343	139.96	2,426.5	1.3	-0.83	-0.14	0.21	0.23
LEGP	12268M001	2020-07-08 06:00:00.0	51.2	16.15497	181.341	139.958	2,422.9	1.2	-1.34	0.1	0.17	0.16
LEGP	12268M001	2020-07-08 06:30:00.0	51.2	16.15497	181.341	139.958	2,426.1	1.2	-1.5	0.29	0.16	0.18
LEGP	12268M001	2020-07-08 07:00:00.0	51.2	16.15497	181.333	139.95	2,432.7	1.1	-1.93	0.28	0.13	0.12
LEGP	12268M001	2020-07-08 07:30:00.0	51.2	16.15497	181.333	139.95	2,429.4	1.2	-2.12	-0.1	0.19	0.16
LEGP	12268M001	2020-07-08 08:00:00.0	51.2	16.15497	181.334	139.951	2,427.3	1.2	-1.58	-0.53	0.17	0.17
LELO	12269M001	2020-07-08 03:30:00.0	50.68289	19.62889	306.299	267.817	2,364.9	1	-0.73	-0.13	0.12	0.13
LELO	12269M001	2020-07-08 04:00:00.0	50.68289	19.62889	306.3	267.818	2,369.7	1	0.36	-0.22	0.12	0.14
LELO	12269M001	2020-07-08 04:30:00.0	50.68289	19.62889	306.3	267.818	2,366.6	1.1	-0.78	-0.24	0.14	0.22
LELO	12269M001	2020-07-08 05:00:00.0	50.68289	19.62889	306.299	267.817	2,370.8	1.1	-1.06	-0.11	0.15	0.18
LELO	12269M001	2020-07-08 05:30:00.0	50.68289	19.62889	306.299	267.817	2,373.4	1.3	-1.25	-0.31	0.2	0.2
LELO	12269M001	2020-07-08 06:00:00.0	50.68289	19.62889	306.299	267.817	2,369.3	1.2	-1.21	0.42	0.18	0.16
LELO	12269M001	2020-07-08 06:30:00.0	50.68289	19.62889	306.299	267.817	2,368.1	1.2	-0.96	-0.42	0.17	0.17
LELO	12269M001	2020-07-08 07:00:00.0	50.68289	19.62889	306.303	267.821	2,375	1.1	-0.92	-0.06	0.12	0.11
LELO	12269M001	2020-07-08 07:30:00.0	50.68289	19.62889	306.303	267.821	2,374	1.2	-1.16	-0.16	0.18	0.15
LELO	12269M001	2020-07-08 08:00:00.0	50.68289	19.62889	306.302	267.82	2,377.8	1.3	-0.96	-0.47	0.17	0.17
LES1	MUSE-LES1	2020-07-08 03:30:00.0	51.52717	16.14506	163.411	123.216	2,432.1	1.2	-0.91	-0.57	0.18	0.18
LES1	MUSE-LES1	2020-07-08 04:00:00.0	51.52717	16.14506	163.413	123.218	2,424.6	1.1	-0.66	-0.02	0.16	0.16
LES1	MUSE-LES1	2020-07-08 04:30:00.0	51.52717	16.14506	163.413	123.218	2,420	1.3	-1.06	0.39	0.16	0.24
LES1	MUSE-LES1	2020-07-08 05:00:00.0	51.52717	16.14506	163.412	123.217	2,422.7	1.2	-1.8	0.82	0.18	0.22
LES1	MUSE-LES1	2020-07-08 05:30:00.0	51.52717	16.14506	163.412	123.217	2,417.8	1.4	-1.66	1.08	0.23	0.28
LES1	MUSE-LES1	2020-07-08 06:00:00.0	51.52717	16.14506	163.407	123.212	2,416.6	1.3	-0.81	0.32	0.2	0.21
LES1	MUSE-LES1	2020-07-08 06:30:00.0	51.52717	16.14506	163.407	123.212	2,415.7	1.3	-1.45	-0.4	0.18	0.19
LES1	MUSE-LES1	2020-07-08 07:00:00.0	51.52717	16.14506	163.397	123.202	2,420.2	1.1	-1.52	-0.62	0.17	0.15
LES1	MUSE-LES1	2020-07-08 07:30:00.0	51.52717	16.14506	163.397	123.202	2,423	1.3	-1.53	-0.61	0.19	0.18
LES1	MUSE-LES1	2020-07-08 08:00:00.0	51.52717	16.14506	163.398	123.203	2,425.3	1.2	-2.68	-0.87	0.18	0.18
LODZ	12226M001	2020-07-08 03:30:00.0	51.77872	19.45953	259.436	225.937	2,372.8	1	-0.68	-0.06	0.14	0.15
LODZ	12226M001	2020-07-08 04:00:00.0	51.77872	19.45953	259.432	225.933	2,377.9	1	-1.18	-0.85	0.13	0.14
LODZ	12226M001	2020-07-08 04:30:00.0	51.77872	19.45953	259.432	225.933	2,377.3	1.1	-1.04	-0.06	0.14	0.22
LODZ	12226M001	2020-07-08 05:00:00.0	51.77872	19.45953	259.436	225.937	2,377	1	-1.03	-0.1	0.16	0.18
LODZ	12226M001	2020-07-08 05:30:00.0	51.77872	19.45953	259.436	225.937	2,378.2	1.2	-0.41	0.03	0.2	0.22
LODZ	12226M001	2020-07-08 06:00:00.0	51.77872	19.45953	259.431	225.932	2,382	1.1	-0.34	-0.52	0.17	0.15
LODZ	12226M001	2020-07-08 06:30:00.0	51.77872	19.45953	259.431	225.932	2,386.8	1.1	-0.58	-0.48	0.15	0.16
LODZ	12226M001	2020-07-08 07:00:00.0	51.77872	19.45953	259.43	225.931	2,390.9	1.2	-1.05	-0.04	0.16	0.16
LODZ	12226M001	2020-07-08 08:00:00.0	51.77872	19.45953	259.425	225.926	2,389.2	1.6	-1.11	0.31	0.22	0.21
LOMZ	12271M001	2020-07-08 03:30:00.0	53.174	22.08036	185.346	156.353	2,373.9	1	-0.34	-0.46	0.11	0.14
LOMZ	12271M001	2020-07-08 04:00:00.0	53.174	22.08036	185.345	156.352	2,370.8	1	-0.34	0.01	0.12	0.13
LOMZ	12271M001	2020-07-08 04:30:00.0	53.174	22.08036	185.345	156.352	2,367.2	1.2	-0.88	-0.19	0.15	0.22
LOMZ	12271M001	2020-07-08 05:00:00.0	53.174	22.08036	185.345	156.352	2,372.4	1	-1.23	-0.64	0.14	0.17
LOMZ	12271M001	2020-07-08 05:30:00.0	53.174	22.08036	185.345	156.352	2,379.2	1.2	-1.64	-0.73	0.19	0.18
LOMZ	12271M001	2020-07-08 06:00:00.0	53.174	22.08036	185.345	156.352	2,376.1	1.2	-1.64	-0.11	0.17	0.15
LOMZ	12271M001	2020-07-08 06:30:00.0	53.174	22.08036	185.345	156.352	2,382.1	1.2	-1.45	-0.12	0.16	0.16
LOMZ	12271M001	2020-07-08 07:00:00.0	53.174	22.08036	185.343	156.35	2,390	1	-0.8	-0.16	0.13	0.1
LOMZ	12271M001	2020-07-08 07:30:00.0	53.174	22.08036	185.343	156.35	2,391.8	1.1	-0.55	0.27	0.16	0.15
LOMZ	12271M001	2020-07-08 08:00:00.0	53.174	22.08036	185.345	156.352	2,393.4	1.2	-0.86	0.92	0.17	0.17
LUBL	12272M001	2020-07-08 03:30:00.0	51.25086	22.55472	242.198	210.388	2,354.8	1.1	-0.69	-1.2	0.14	0.15
LUBL	12272M001	2020-07-08 04:00:00.0	51.25086	22.55472	242.194	210.384	2,359.3	1.1	-1.13	-1.06	0.12	0.14
LUBL	12272M001	2020-07-08 04:30:00.0	51.25086	22.55472	242.194	210.384	2,358.4	1.2	-0.79	-1.15	0.15	0.25
LUBL	12272M001	2020-07-08 05:00:00.0	51.25086	22.55472	242.19	210.38	2,362.2	1.2	-0.63	-0.13	0.17	0.19
LUBL	12272M001	2020-07-08 05:30:00.0	51.25086	22.55472	242.19	210.38	2,365.8	1.4	-0.06	0.38	0.22	0.23
LUBL	12272M001	2020-07-08 06:00:00.0	51.25086	22.55472	242.187	210.377	2,370.8	1.3	-1.31	0.23	0.19	0.18
LUBL	12272M001	2020-07-08 06:30:00.0	51.25086	22.55472	242.187	210.377	2,366.4	1.3	-1.8	-0.66	0.2	0.18
LUBL	12272M001	2020-07-08 07:00:00.0	51.25086	22.55472	242.188	210.378	2,369.2	1	-1.16	-0.13	0.14	0.11
LUBL	12272M001	2020-07-08 07:30:00.0	51.25086	22.55472	242.188	210.378	2,371	1.2	-0.9	-0.22	0.18	0.18
LUBL	12272M001	2020-07-08 08:00:00.0	51.25086	22.55472	242.186	210.376	2,377.1	1.2	0.26	-0.61	0.18	0.17
MET3	10503M010	2020-07-08 03:30:00.0	60.21744	24.3945	79.193	60.426	2,373.9	1.4	-0.01	-0.49	0.21	0.16
MET3	10503M010	2020-07-08 04:00:00.0	60.21744	24.3945	79.194	60.427	2,374.6	1.4	0.18	-0.48	0.18	0.15
MET3	10503M010	2020-07-08 04:30:00.0	60.21744	24.3945	79.194	60.427	2,373.2	2	0.56	-0.48	0.24	0.25
MET3	10503M010	2020-07-08 05:00:00.0	60.21744	24.3945	79.196	60.429	2,377.4	1.6	0.02	0.04	0.22	0.22
MET3	10503M010	2020-07-08 05:30:00.0	60.21744	24.3945	79.196	60.429	2,375.6	1.7	-0.01	-0.36	0.26	0.26
MET3	10503M010	2020-07-08 06:00:00.0	60.21744	24.3945	79.203	60.436	2,370.9	1.5	-1.1	-0.52	0.22	0.19
MET3	10503M010	2020-07-08 06:30:00.0	60.21744	24.3945	79.203	60.436	2,369.4	1.7	-0.69	-0.74	0.21	0.19
MET3	10503M010	2020-07-08 07:00:00.0	60.21744	24.3945	79.19	60.423	2,374.6	1.1	0.2	0.37	0.2	0.11
MET3	10503M010	2020-07-08 07:30:00.0	60.21744	24.3945	79.19	60.423	2,376.2	1.4	-0.02	-0.18	0.18	0.14
MET3	10503M010	2020-07-08 08:00:00.0	60.21744	24.3945	79.196	60.429	2,372.9	1.6	-0.76	-1.13	0.22	0.19
MIEL	18967M001	2020-07-08 03:30:00.0	50.29119	21.438	224.537	188.512	2,375.9	1	-0.54	-0.49	0.13	0.13
MIEL	18967M001	2020-07-08 04:00:00.0	50.29119	21.438	224.542	188.517	2,375.3	1	-0.39	-0.35	0.13	0.14
MIEL	18967M001	2020-07-08 04:30:00.0	50.29119	21.438	224.542	188.517	2,376.2	1.2	-0.01	-0.31	0.16	0.24
MIEL	18967M001	2020-07-08 05:00:00.0	50.29119	21.438	224.541	188.516	2,375.7	1.1	-0.53	0.12	0.17	0.2
MIEL	18967M001	2020-07-08 05:30:00.0	50.29119	21.438	224.541	188.516	2,374	1.3	-0.36	0.14	0.23	0.24
MIEL	18967M001	2020-07-08 06:00:00.0	50.29119	21.438	224.537	188.512	2,375.5	1.2	-1.17	0.25	0.17	0.15
MIEL	18967M001	2020-07-08 06:30:00.0	50.29119	21.438	224.537	188.512	2,377	1.2	-1.06	-0.26	0.16	0.16
MIEL	18967M001	2020-07-08 07:00:00.0	50.29119	21.438	224.543	188.518	2,388.4	1	-0.25	-0.96	0.12	0.1
MIEL	18967M001	2020-07-08 07:30:00.0	50.29119	21.438	224.543	188.518	2,393.5	1.1	0.21	-1	0.17	0.15
MIEL	18967M001	2020-07-08 08:00:00.0	50.29119	21.438	224.545	188.52	2,400.2	1.2	-0.17	-1.24	0.17	0.17
MIEW	NDNT-MIEW	2020-07-08 03:30:00.0	50.36228	20.04022	336.585	297.589	2,354.8	1	-0.47	-0.46	0.12	0.12
MIEW	NDNT-MIEW	2020-07-08 04:00:00.0	50.36228	20.04022	336.587	297.591	2,356.1	0.9	-0.83	-0.07	0.13	0.13
MIEW	NDNT-MIEW	2020-07-08 04:30:00.0	50.36228	20.04022	336.587	297.591	2,354.5	1	-0.36	0.12	0.13	0.21
MIEW	NDNT-MIEW	2020-07-08 05:00:00.0	50.36228	20.04022	336.583	297.587	2,362.7	1.2	-0.66	-0.58	0.17	0.17
MIEW	NDNT-MIEW	2020-07-08 05:30:00.0	50.36228	20.04022	336.583	297.587	2,364.5	1.3	-0.79	-0.92	0.19	0.18
MIEW	NDNT-MIEW	2020-07-08 06:00:00.0	50.36228	20.04022	336.588	297.592	2,368.9	1.2	-0.18	-0.9	0.18	0.15
MIEW	NDNT-MIEW	2020-07-08 06:30:00.0	50.36228	20.04022	336.588	297.592	2,369.2	1.2	-0.2	-0.28	0.17	0.17
MIEW	NDNT-MIEW	2020-07-08 07:00:00.0	50.36228	20.04022	336.595	297.599	2,367.6	1.1	-0.21	0.21	0.13	0.11
MIEW	NDNT-MIEW	2020-07-08 07:30:00.0	50.36228	20.04022	336.595	297.599	2,364.7	1.2	-0.72	0.04	0.18	0.14
MIEW	NDNT-MIEW	2020-07-08 08:00:00.0	50.36228	20.04022	336.594	297.598	2,369.9	1.2	-0.06	0.22	0.18	0.16
MIKL	12335M001	2020-07-08 03:30:00.0	46.97278	31.97283	93.951	68.56	2,491.2	1.2	1.48	2.13	0.14	0.16
MIKL	12335M001	2020-07-08 04:00:00.0	46.97278	31.97283	93.95	68.559	2,482.1	1.1	1.42	1.91	0.12	0.12
MIKL	12335M001	2020-07-08 04:30:00.0	46.97278	31.97283	93.95	68.559	2,470.5	1.3	1.39	2.56	0.16	0.19
MIKL	12335M001	2020-07-08 05:00:00.0	46.97278	31.97283	93.95	68.559	2,464.2	1.5	1.06	1.43	0.2	0.21
MIKL	12335M001	2020-07-08 05:30:00.0	46.97278	31.97283	93.95	68.559	2,453.2	1.7	1.02	1.64	0.28	0.24
MIKL	12335M001	2020-07-08 06:00:00.0	46.97278	31.97283	93.957	68.566	2,434.9	1.7	1.08	1.92	0.23	0.17
MIKL	12335M001	2020-07-08 06:30:00.0	46.97278	31.97283	93.957	68.566	2,433.3	1.7	0.94	0.91	0.26	0.18
MIKL	12335M001	2020-07-08 07:00:00.0	46.97278	31.97283	93.947	68.556	2,429.4	1.2	1.02	0.57	0.15	0.12
MIKL	12335M001	2020-07-08 07:30:00.0	46.97278	31.97283	93.947	68.556	2,427.4	1.4	1.05	0.15	0.19	0.15
MIKL	12335M001	2020-07-08 08:00:00.0	46.97278	31.97283	93.94	68.549	2,421.8	1.3	1.45	0.47	0.19	0.18
MIMA	12273M001	2020-07-08 03:30:00.0	52.18131	21.55925	200.73	170.139	2,371.3	0.9	-0.75	-1.16	0.11	0.12
MIMA	12273M001	2020-07-08 04:00:00.0	52.18131	21.55925	200.73	170.139	2,372.8	1	-0.58	-0.7	0.12	0.14
MIMA	12273M001	2020-07-08 04:30:00.0	52.18131	21.55925	200.73	170.139	2,372.7	1.1	-0.82	-0.99	0.15	0.23
MIMA	12273M001	2020-07-08 05:00:00.0	52.18131	21.55925	200.726	170.135	2,379.2	1	-1.43	-0.48	0.14	0.16
MIMA	12273M001	2020-07-08 05:30:00.0	52.18131	21.55925	200.726	170.135	2,380.3	1.2	-0.76	-0.99	0.17	0.16
MIMA	12273M001	2020-07-08 06:00:00.0	52.18131	21.55925	200.728	170.137	2,388.2	1.2	-1.12	-0.35	0.17	0.15
MIMA	12273M001	2020-07-08 06:30:00.0	52.18131	21.55925	200.728	170.137	2,389.1	1.2	-1.13	-0.78	0.17	0.17
MIMA	12273M001	2020-07-08 07:00:00.0	52.18131	21.55925	200.724	170.133	2,395.1	1	-0.99	0.09	0.13	0.12
MIMA	12273M001	2020-07-08 07:30:00.0	52.18131	21.55925	200.724	170.133	2,396.4	1.1	-0.6	-0.26	0.16	0.15
MIMA	12273M001	2020-07-08 08:00:00.0	52.18131	21.55925	200.727	170.136	2,398.3	1.2	-0.86	0.5	0.17	0.17
MLCN	12274M001	2020-07-08 03:30:00.0	50.06589	21.97169	271.994	236.825	2,357.4	1.2	-0.09	-0.86	0.13	0.17
MLCN	12274M001	2020-07-08 04:00:00.0	50.06589	21.97169	271.986	236.817	2,360.2	1.2	0	-0.9	0.14	0.16
MLCN	12274M001	2020-07-08 04:30:00.0	50.06589	21.97169	271.986	236.817	2,362.6	1.5	0.26	-1.27	0.2	0.27
MLCN	12274M001	2020-07-08 05:00:00.0	50.06589	21.97169	271.987	236.818	2,359.7	1.2	-0.68	-0.34	0.18	0.21
MLCN	12274M001	2020-07-08 05:30:00.0	50.06589	21.97169	271.987	236.818	2,359.6	1.5	-0.79	-0.99	0.24	0.27
MLCN	12274M001	2020-07-08 06:00:00.0	50.06589	21.97169	271.986	236.817	2,363.7	1.3	-1.27	-0.59	0.18	0.16
MLCN	12274M001	2020-07-08 06:30:00.0	50.06589	21.97169	271.986	236.817	2,365.5	1.3	-0.96	-1.54	0.17	0.18
MLCN	12274M001	2020-07-08 07:00:00.0	50.06589	21.97169	271.987	236.818	2,370.5	1.1	-0.65	-1.01	0.12	0.15
MLCN	12274M001	2020-07-08 07:30:00.0	50.06589	21.97169	271.987	236.818	2,368.2	1.3	-0.15	-0.63	0.17	0.21
MLCN	12274M001	2020-07-08 08:00:00.0	50.06589	21.97169	271.988	236.819	2,372	1.4	0.28	-0.23	0.19	0.23
MSZA	NDNT-MSZA	2020-07-08 03:30:00.0	49.67928	20.07031	440.909	400.335	2,320.1	1.1	0.12	-0.5	0.15	0.14
MSZA	NDNT-MSZA	2020-07-08 04:00:00.0	49.67928	20.07031	440.914	400.34	2,331.5	1	-0.15	-1.73	0.13	0.14
MSZA	NDNT-MSZA	2020-07-08 04:30:00.0	49.67928	20.07031	440.914	400.34	2,328.9	1.2	-0.21	-0.99	0.16	0.23
MSZA	NDNT-MSZA	2020-07-08 05:00:00.0	49.67928	20.07031	440.909	400.335	2,332.3	1.1	-1.62	0.52	0.15	0.17
MSZA	NDNT-MSZA	2020-07-08 05:30:00.0	49.67928	20.07031	440.909	400.335	2,334.4	1.3	-1.97	-0.16	0.19	0.18
MSZA	NDNT-MSZA	2020-07-08 06:00:00.0	49.67928	20.07031	440.904	400.33	2,339	1.3	-1.27	-0.89	0.19	0.16
MSZA	NDNT-MSZA	2020-07-08 06:30:00.0	49.67928	20.07031	440.904	400.33	2,331	1.3	-0.62	-1.09	0.21	0.18
MSZA	NDNT-MSZA	2020-07-08 07:00:00.0	49.67928	20.07031	440.907	400.333	2,340.7	1.1	-0.45	-0.83	0.14	0.13
MSZA	NDNT-MSZA	2020-07-08 07:30:00.0	49.67928	20.07031	440.907	400.333	2,348.1	1.2	-0.37	-0.29	0.2	0.14
MSZA	NDNT-MSZA	2020-07-08 08:00:00.0	49.67928	20.07031	440.906	400.332	2,339.8	1.2	0.65	0.11	0.17	0.15
MYSZ	12275M001	2020-07-08 03:30:00.0	53.38653	21.34358	169.314	139.449	2,379.5	1	-0.8	-0.78	0.11	0.13
MYSZ	12275M001	2020-07-08 04:00:00.0	53.38653	21.34358	169.315	139.45	2,376.1	1	-1.01	-0.35	0.12	0.13
MYSZ	12275M001	2020-07-08 04:30:00.0	53.38653	21.34358	169.315	139.45	2,374.8	1.2	-0.9	-0.06	0.15	0.22
MYSZ	12275M001	2020-07-08 05:00:00.0	53.38653	21.34358	169.318	139.453	2,377.8	1	-1.26	0.32	0.14	0.16
MYSZ	12275M001	2020-07-08 05:30:00.0	53.38653	21.34358	169.318	139.453	2,385.3	1.2	-1.26	0.03	0.17	0.15
MYSZ	12275M001	2020-07-08 06:00:00.0	53.38653	21.34358	169.322	139.457	2,387.9	1	-1.7	-0.51	0.13	0.12
MYSZ	12275M001	2020-07-08 06:30:00.0	53.38653	21.34358	169.322	139.457	2,393.7	1	-1.52	-0.42	0.13	0.13
MYSZ	12275M001	2020-07-08 07:00:00.0	53.38653	21.34358	169.318	139.453	2,404.9	1	-0.59	0.11	0.14	0.1
MYSZ	12275M001	2020-07-08 07:30:00.0	53.38653	21.34358	169.318	139.453	2,400.7	1.1	-0.74	0.17	0.17	0.14
MYSZ	12275M001	2020-07-08 08:00:00.0	53.38653	21.34358	169.317	139.452	2,401.7	1.2	-1.06	0.35	0.17	0.16
NODW	12276M001	2020-07-08 03:30:00.0	52.43108	20.71058	125.694	94.457	2,398.6	0.9	-0.81	-0.42	0.11	0.13
NODW	12276M001	2020-07-08 04:00:00.0	52.43108	20.71058	125.695	94.458	2,402.5	0.9	-0.53	-0.72	0.12	0.13
NODW	12276M001	2020-07-08 04:30:00.0	52.43108	20.71058	125.695	94.458	2,405.7	1.1	-0.75	0.09	0.14	0.22
NODW	12276M001	2020-07-08 05:00:00.0	52.43108	20.71058	125.697	94.46	2,409	1	-1.33	0.08	0.14	0.16
NODW	12276M001	2020-07-08 05:30:00.0	52.43108	20.71058	125.697	94.46	2,412.6	1.2	-0.89	0.11	0.17	0.16
NODW	12276M001	2020-07-08 06:00:00.0	52.43108	20.71058	125.698	94.461	2,414.9	0.9	-1.25	0.12	0.12	0.1
NODW	12276M001	2020-07-08 06:30:00.0	52.43108	20.71058	125.698	94.461	2,415.9	1	-1	-0.05	0.11	0.11
NODW	12276M001	2020-07-08 07:00:00.0	52.43108	20.71058	125.697	94.46	2,423.8	0.9	-0.77	-0.01	0.1	0.08
NODW	12276M001	2020-07-08 07:30:00.0	52.43108	20.71058	125.697	94.46	2,423	1	-0.76	0.75	0.13	0.12
NODW	12276M001	2020-07-08 08:00:00.0	52.43108	20.71058	125.698	94.461	2,423.5	1	-1.64	1.01	0.14	0.13
NTML	12277M001	2020-07-08 03:30:00.0	52.32081	16.11803	126.621	89.814	2,423.8	1	-1.09	-0.15	0.12	0.12
NTML	12277M001	2020-07-08 04:00:00.0	52.32081	16.11803	126.613	89.806	2,426.1	1	-1.29	-0.24	0.13	0.14
NTML	12277M001	2020-07-08 04:30:00.0	52.32081	16.11803	126.613	89.806	2,424.5	1.2	-1.03	-0.02	0.15	0.22
NTML	12277M001	2020-07-08 05:00:00.0	52.32081	16.11803	126.617	89.81	2,420.4	1.1	-1.51	-0.59	0.15	0.18
NTML	12277M001	2020-07-08 05:30:00.0	52.32081	16.11803	126.617	89.81	2,422	1.3	-2.16	-0.06	0.2	0.21
NTML	12277M001	2020-07-08 06:00:00.0	52.32081	16.11803	126.623	89.816	2,417.2	1.3	-2.04	0.06	0.17	0.16
NTML	12277M001	2020-07-08 06:30:00.0	52.32081	16.11803	126.623	89.816	2,418.4	1.3	-1.54	-1.18	0.18	0.18
NTML	12277M001	2020-07-08 07:00:00.0	52.32081	16.11803	126.625	89.818	2,422.7	1.1	-1.9	-0.21	0.16	0.14
NTML	12277M001	2020-07-08 07:30:00.0	52.32081	16.11803	126.625	89.818	2,424	1.2	-2.27	-0.15	0.17	0.17
NTML	12277M001	2020-07-08 08:00:00.0	52.32081	16.11803	126.628	89.821	2,419.4	1.2	-2.12	0.65	0.16	0.17
NWSA	NDNT-NWSA	2020-07-08 03:30:00.0	49.63017	20.70711	338.702	299.642	2,344.9	1	-0.05	-0.78	0.14	0.15
NWSA	NDNT-NWSA	2020-07-08 04:00:00.0	49.63017	20.70711	338.703	299.643	2,347.7	1	0.36	-0.72	0.12	0.15
NWSA	NDNT-NWSA	2020-07-08 04:30:00.0	49.63017	20.70711	338.703	299.643	2,346.5	1.1	-0.09	-0.79	0.13	0.21
NWSA	NDNT-NWSA	2020-07-08 05:00:00.0	49.63017	20.70711	338.703	299.643	2,354.6	1.1	-0.03	-0.75	0.14	0.16
NWSA	NDNT-NWSA	2020-07-08 05:30:00.0	49.63017	20.70711	338.703	299.643	2,353.3	1.3	-0.29	-0.23	0.19	0.17
NWSA	NDNT-NWSA	2020-07-08 06:00:00.0	49.63017	20.70711	338.695	299.635	2,355.8	1.2	-1.34	-0.29	0.17	0.14
NWSA	NDNT-NWSA	2020-07-08 06:30:00.0	49.63017	20.70711	338.695	299.635	2,352.3	1.2	-1.33	-0.82	0.17	0.16
NWSA	NDNT-NWSA	2020-07-08 07:00:00.0	49.63017	20.70711	338.706	299.646	2,358.3	1.1	-0.63	-0.7	0.15	0.13
NWSA	NDNT-NWSA	2020-07-08 07:30:00.0	49.63017	20.70711	338.706	299.646	2,366.7	1.4	-0.53	-0.52	0.22	0.17
NWSA	NDNT-NWSA	2020-07-08 08:00:00.0	49.63017	20.70711	338.702	299.642	2,366.8	1.2	0.16	-0.65	0.18	0.16
NWSC	12231M001	2020-07-08 03:30:00.0	49.61844	20.69003	334.746	295.593	2,345.7	1	-0.09	-1.23	0.14	0.15
NWSC	12231M001	2020-07-08 04:00:00.0	49.61844	20.69003	334.752	295.599	2,345.2	1	0.13	-0.34	0.13	0.15
NWSC	12231M001	2020-07-08 04:30:00.0	49.61844	20.69003	334.752	295.599	2,345.6	1.1	0.03	-0.55	0.14	0.21
NWSC	12231M001	2020-07-08 05:00:00.0	49.61844	20.69003	334.748	295.595	2,354.2	1.1	0.65	-1.61	0.15	0.17
NWSC	12231M001	2020-07-08 05:30:00.0	49.61844	20.69003	334.748	295.595	2,350.4	1.3	0.97	0.35	0.19	0.18
NWSC	12231M001	2020-07-08 06:00:00.0	49.61844	20.69003	334.748	295.595	2,344.5	1.2	0.01	-0.27	0.17	0.14
NWSC	12231M001	2020-07-08 06:30:00.0	49.61844	20.69003	334.748	295.595	2,345.2	1.2	-0.59	-0.4	0.17	0.17
NWSC	12231M001	2020-07-08 07:00:00.0	49.61844	20.69003	334.759	295.606	2,363.4	1.2	0.15	-0.55	0.16	0.13
NWSC	12231M001	2020-07-08 07:30:00.0	49.61844	20.69003	334.759	295.606	2,366.7	1.4	-0.14	-0.16	0.24	0.18
NWSC	12231M001	2020-07-08 08:00:00.0	49.61844	20.69003	334.762	295.609	2,362.5	1.2	-0.11	-1.24	0.19	0.17
NWT1	12232M002	2020-07-08 03:30:00.0	49.47819	20.03444	654.923	613.667	2,259.3	1.2	-0.21	-1.13	0.17	0.19
NWT1	12232M002	2020-07-08 04:00:00.0	49.47819	20.03444	654.916	613.66	2,266.8	1.1	0.21	-0.84	0.17	0.19
NWT1	12232M002	2020-07-08 04:30:00.0	49.47819	20.03444	654.916	613.66	2,267.4	1.2	0.1	-0.39	0.14	0.23
NWT1	12232M002	2020-07-08 05:00:00.0	49.47819	20.03444	654.913	613.657	2,275.1	1.1	-0.04	-1.4	0.16	0.19
NWT1	12232M002	2020-07-08 05:30:00.0	49.47819	20.03444	654.913	613.657	2,267.8	1.4	-0.13	-1.59	0.22	0.23
NWT1	12232M002	2020-07-08 06:00:00.0	49.47819	20.03444	654.912	613.656	2,278.7	1.3	-2.14	-0.69	0.19	0.15
NWT1	12232M002	2020-07-08 06:30:00.0	49.47819	20.03444	654.912	613.656	2,273	1.3	-1.38	-0.13	0.18	0.18
NWT1	12232M002	2020-07-08 07:00:00.0	49.47819	20.03444	654.917	613.661	2,278.1	1.1	-0.72	-0.21	0.13	0.12
NWT1	12232M002	2020-07-08 07:30:00.0	49.47819	20.03444	654.917	613.661	2,284.1	1.2	-0.78	-0.37	0.19	0.15
NWT1	12232M002	2020-07-08 08:00:00.0	49.47819	20.03444	654.916	613.66	2,285.2	1.2	-0.47	-0.42	0.18	0.17
NYSA	12278M001	2020-07-08 03:30:00.0	50.47769	17.33375	250.611	208.681	2,388.4	1.1	-0.54	-0.2	0.13	0.15
NYSA	12278M001	2020-07-08 04:00:00.0	50.47769	17.33375	250.616	208.686	2,390.1	1.1	0.08	-0.24	0.15	0.15
NYSA	12278M001	2020-07-08 04:30:00.0	50.47769	17.33375	250.616	208.686	2,393.9	1.3	-1.03	-0.15	0.17	0.25
NYSA	12278M001	2020-07-08 05:00:00.0	50.47769	17.33375	250.616	208.686	2,399.4	1.3	-0.9	-0.38	0.19	0.23
NYSA	12278M001	2020-07-08 05:30:00.0	50.47769	17.33375	250.616	208.686	2,398	1.6	-1.14	-0.42	0.24	0.25
NYSA	12278M001	2020-07-08 06:00:00.0	50.47769	17.33375	250.609	208.679	2,401	1.5	-1.13	-0.07	0.2	0.2
NYSA	12278M001	2020-07-08 06:30:00.0	50.47769	17.33375	250.609	208.679	2,399	1.4	-1.29	0.11	0.19	0.22
NYSA	12278M001	2020-07-08 07:00:00.0	50.47769	17.33375	250.608	208.678	2,404	1.2	-1.2	0.13	0.14	0.14
NYSA	12278M001	2020-07-08 07:30:00.0	50.47769	17.33375	250.608	208.678	2,404	1.4	-1.17	0.26	0.19	0.18
NYSA	12278M001	2020-07-08 08:00:00.0	50.47769	17.33375	250.607	208.677	2,407.2	1.4	-1.09	-0.33	0.18	0.21
NYSN	NDNT-NYSN	2020-07-08 03:30:00.0	50.45656	17.34097	241.564	199.562	2,393.1	1.2	-0.33	0.47	0.18	0.21
NYSN	NDNT-NYSN	2020-07-08 04:00:00.0	50.45656	17.34097	241.566	199.564	2,397.3	1.1	0.63	-0.45	0.17	0.18
NYSN	NDNT-NYSN	2020-07-08 04:30:00.0	50.45656	17.34097	241.566	199.564	2,402.7	1.3	0.21	0.13	0.18	0.28
NYSN	NDNT-NYSN	2020-07-08 05:00:00.0	50.45656	17.34097	241.565	199.563	2,403.9	1.3	-0.86	0.59	0.19	0.23
NYSN	NDNT-NYSN	2020-07-08 05:30:00.0	50.45656	17.34097	241.565	199.563	2,403.6	1.6	-0.6	0.12	0.24	0.26
NYSN	NDNT-NYSN	2020-07-08 06:00:00.0	50.45656	17.34097	241.563	199.561	2,409.2	1.5	-0.38	-0.32	0.21	0.22
NYSN	NDNT-NYSN	2020-07-08 06:30:00.0	50.45656	17.34097	241.563	199.561	2,407.2	1.5	-0.49	0.43	0.2	0.23
NYSN	NDNT-NYSN	2020-07-08 07:00:00.0	50.45656	17.34097	241.566	199.564	2,407.6	1.3	-0.65	0.5	0.18	0.17
NYSN	NDNT-NYSN	2020-07-08 07:30:00.0	50.45656	17.34097	241.566	199.564	2,409.1	1.4	-0.82	0.37	0.2	0.21
NYSN	NDNT-NYSN	2020-07-08 08:00:00.0	50.45656	17.34097	241.568	199.566	2,411.6	1.3	0.2	0.15	0.18	0.19
OPLE	12283M001	2020-07-08 03:30:00.0	50.66761	17.91936	225.911	185.46	2,395.6	1.1	-1.11	-0.65	0.14	0.13
OPLE	12283M001	2020-07-08 04:00:00.0	50.66761	17.91936	225.912	185.461	2,396.8	1	-0.57	-0.35	0.13	0.12
OPLE	12283M001	2020-07-08 04:30:00.0	50.66761	17.91936	225.912	185.461	2,400.5	1.1	-1.05	-0.41	0.13	0.21
OPLE	12283M001	2020-07-08 05:00:00.0	50.66761	17.91936	225.912	185.461	2,402.9	1.3	-0.79	-0.42	0.18	0.22
OPLE	12283M001	2020-07-08 05:30:00.0	50.66761	17.91936	225.912	185.461	2,402.9	1.5	-1.11	-0.35	0.24	0.25
OPLE	12283M001	2020-07-08 06:00:00.0	50.66761	17.91936	225.907	185.456	2,405.4	1.4	-1.27	-0.17	0.2	0.19
OPLE	12283M001	2020-07-08 06:30:00.0	50.66761	17.91936	225.907	185.456	2,403.7	1.4	-1.23	-0.1	0.19	0.21
OPLE	12283M001	2020-07-08 07:00:00.0	50.66761	17.91936	225.91	185.459	2,409.7	1.2	-0.97	0.34	0.14	0.13
OPLE	12283M001	2020-07-08 07:30:00.0	50.66761	17.91936	225.91	185.459	2,406.6	1.4	-1.03	0.52	0.18	0.17
OPLE	12283M001	2020-07-08 08:00:00.0	50.66761	17.91936	225.914	185.463	2,407.3	1.3	-0.82	-0.15	0.17	0.16
OPNT	12203M003	2020-07-08 03:30:00.0	53.76369	20.51817	171.843	142.074	2,378.5	1.3	0.28	-0.93	0.18	0.19
OPNT	12203M003	2020-07-08 04:00:00.0	53.76369	20.51817	171.845	142.076	2,378.3	1.2	-0.42	-0.69	0.19	0.17
OPNT	12203M003	2020-07-08 04:30:00.0	53.76369	20.51817	171.845	142.076	2,387.7	1.5	-0.44	-0.89	0.26	0.3
OPNT	12203M003	2020-07-08 05:00:00.0	53.76369	20.51817	171.848	142.079	2,392.9	1.1	-0.92	-0.11	0.21	0.25
OPNT	12203M003	2020-07-08 05:30:00.0	53.76369	20.51817	171.848	142.079	2,393.2	1.3	-0.8	-0.01	0.25	0.3
OPNT	12203M003	2020-07-08 06:00:00.0	53.76369	20.51817	171.849	142.08	2,393.1	1.3	-1.32	-0.07	0.2	0.24
OPNT	12203M003	2020-07-08 06:30:00.0	53.76369	20.51817	171.849	142.08	2,396.7	1.3	-1.25	-0.15	0.17	0.28
OPNT	12203M003	2020-07-08 07:00:00.0	53.76369	20.51817	171.843	142.074	2,397.7	1.3	-0.77	0.54	0.16	0.18
OPNT	12203M003	2020-07-08 07:30:00.0	53.76369	20.51817	171.843	142.074	2,395.1	1.6	-0.57	0.4	0.18	0.27
OPNT	12203M003	2020-07-08 08:00:00.0	53.76369	20.51817	171.841	142.072	2,395.4	1.3	-0.48	0.72	0.21	0.21
OSMZ	12285M001	2020-07-08 03:30:00.0	52.80078	21.89169	166.307	137.112	2,375.4	1	-0.93	-0.37	0.12	0.14
OSMZ	12285M001	2020-07-08 04:00:00.0	52.80078	21.89169	166.306	137.111	2,382.1	1	0.86	-0.44	0.13	0.14
OSMZ	12285M001	2020-07-08 04:30:00.0	52.80078	21.89169	166.306	137.111	2,391.2	1.3	-0.55	0.25	0.18	0.25
OSMZ	12285M001	2020-07-08 05:00:00.0	52.80078	21.89169	166.303	137.108	2,387.6	1.1	0.76	-1.78	0.18	0.2
OSMZ	12285M001	2020-07-08 05:30:00.0	52.80078	21.89169	166.303	137.108	2,393.1	1.2	0.3	-2.94	0.21	0.22
OSMZ	12285M001	2020-07-08 06:00:00.0	52.80078	21.89169	166.286	137.091	2,388.8	1.2	-1.38	0.62	0.18	0.17
OSMZ	12285M001	2020-07-08 06:30:00.0	52.80078	21.89169	166.286	137.091	2,396.5	1.2	-0.58	0.19	0.17	0.18
OSMZ	12285M001	2020-07-08 07:00:00.0	52.80078	21.89169	166.316	137.121	2,397.8	1	-0.1	-0.29	0.14	0.11
OSMZ	12285M001	2020-07-08 07:30:00.0	52.80078	21.89169	166.316	137.121	2,400.4	1.2	0.46	-0.15	0.17	0.18
OSMZ	12285M001	2020-07-08 08:00:00.0	52.80078	21.89169	166.323	137.128	2,393.3	1.2	-0.86	2.5	0.17	0.17
OST3	NDNT-OSTR	2020-07-08 03:30:00.0	50.94231	21.38969	237.652	202.362	2,367.3	0.9	-0.3	-0.78	0.12	0.12
OST3	NDNT-OSTR	2020-07-08 04:00:00.0	50.94231	21.38969	237.654	202.364	2,372.5	1	-0.24	-0.85	0.12	0.13
OST3	NDNT-OSTR	2020-07-08 04:30:00.0	50.94231	21.38969	237.654	202.364	2,372.8	1.1	-0.36	-0.52	0.13	0.21
OST3	NDNT-OSTR	2020-07-08 05:00:00.0	50.94231	21.38969	237.652	202.362	2,374.9	1.1	-0.58	-0.3	0.15	0.17
OST3	NDNT-OSTR	2020-07-08 05:30:00.0	50.94231	21.38969	237.652	202.362	2,376.3	1.3	-1.42	0.21	0.19	0.19
OST3	NDNT-OSTR	2020-07-08 06:00:00.0	50.94231	21.38969	237.654	202.364	2,377.2	1.2	-0.27	-0.64	0.17	0.15
OST3	NDNT-OSTR	2020-07-08 06:30:00.0	50.94231	21.38969	237.654	202.364	2,381.6	1.2	0.02	-0.88	0.16	0.16
OST3	NDNT-OSTR	2020-07-08 07:00:00.0	50.94231	21.38969	237.66	202.37	2,386.9	1	0.11	-0.55	0.12	0.11
OST3	NDNT-OSTR	2020-07-08 07:30:00.0	50.94231	21.38969	237.66	202.37	2,386	1.1	-0.66	-1.18	0.17	0.13
OST3	NDNT-OSTR	2020-07-08 08:00:00.0	50.94231	21.38969	237.653	202.363	2,395.5	1.2	-0.42	0.49	0.17	0.16
PAJE	NDNT-PAJE	2020-07-08 03:30:00.0	51.14675	19.00064	287.438	250.096	2,378.4	1.2	0.3	0.14	0.18	0.18
PAJE	NDNT-PAJE	2020-07-08 04:00:00.0	51.14675	19.00064	287.443	250.101	2,376.2	1	0.3	0.65	0.16	0.16
PAJE	NDNT-PAJE	2020-07-08 04:30:00.0	51.14675	19.00064	287.443	250.101	2,376.5	1.2	-0.72	0.57	0.16	0.26
PAJE	NDNT-PAJE	2020-07-08 05:00:00.0	51.14675	19.00064	287.445	250.103	2,380.1	1	-0.27	-1.65	0.16	0.19
PAJE	NDNT-PAJE	2020-07-08 05:30:00.0	51.14675	19.00064	287.445	250.103	2,374.5	1.2	-0.35	0.75	0.2	0.21
PAJE	NDNT-PAJE	2020-07-08 06:00:00.0	51.14675	19.00064	287.452	250.11	2,382	1.2	-1.2	0.22	0.17	0.16
PAJE	NDNT-PAJE	2020-07-08 06:30:00.0	51.14675	19.00064	287.452	250.11	2,384.3	1.2	-1.41	-0.19	0.19	0.19
PAJE	NDNT-PAJE	2020-07-08 07:00:00.0	51.14675	19.00064	287.461	250.119	2,387.5	1.1	-0.66	-0.2	0.15	0.12
PAJE	NDNT-PAJE	2020-07-08 07:30:00.0	51.14675	19.00064	287.461	250.119	2,388.7	1.3	-0.14	-0.17	0.2	0.19
PAJE	NDNT-PAJE	2020-07-08 08:00:00.0	51.14675	19.00064	287.458	250.116	2,387.6	1.2	-0.14	0.44	0.17	0.18
PES1	MUSE-PES1	2020-07-08 03:30:00.0	50.2915	18.99467	362.274	321.101	2,398.8	2.5	-0.41	-3.37	0.4	0.42
PES1	MUSE-PES1	2020-07-08 04:00:00.0	50.2915	18.99467	362.28	321.107	2,391.7	2.1	-0.17	0.15	0.43	0.38
PES1	MUSE-PES1	2020-07-08 04:30:00.0	50.2915	18.99467	362.28	321.107	2,397.1	2.2	0	0.64	0.48	0.44
PES1	MUSE-PES1	2020-07-08 05:00:00.0	50.2915	18.99467	362.273	321.1	2,390	1.9	0.08	-0.14	0.33	0.36
PES1	MUSE-PES1	2020-07-08 05:30:00.0	50.2915	18.99467	362.273	321.1	2,388.4	2.1	0.86	0.11	0.35	0.45
PES1	MUSE-PES1	2020-07-08 06:00:00.0	50.2915	18.99467	362.277	321.104	2,377.3	1.9	2.67	1.19	0.31	0.38
PES1	MUSE-PES1	2020-07-08 06:30:00.0	50.2915	18.99467	362.277	321.104	2,384.8	2.1	1.87	1.73	0.34	0.43
PES1	MUSE-PES1	2020-07-08 07:00:00.0	50.2915	18.99467	362.282	321.109	2,389.4	2.9	0.83	3	0.42	0.52
PES1	MUSE-PES1	2020-07-08 07:30:00.0	50.2915	18.99467	362.282	321.109	2,388.1	2.7	0.59	2.99	0.44	0.57
PES1	MUSE-PES1	2020-07-08 08:00:00.0	50.2915	18.99467	362.296	321.123	2,406.6	2.3	2.49	-0.42	0.39	0.45
PITR	12287M001	2020-07-08 03:30:00.0	51.40167	19.69094	254.761	219.734	2,376.6	1.1	-0.44	-0.77	0.13	0.15
PITR	12287M001	2020-07-08 04:00:00.0	51.40167	19.69094	254.763	219.736	2,373.2	1	-0.49	-0.57	0.13	0.14
PITR	12287M001	2020-07-08 04:30:00.0	51.40167	19.69094	254.763	219.736	2,378.7	1.1	-0.3	-1.5	0.13	0.22
PITR	12287M001	2020-07-08 05:00:00.0	51.40167	19.69094	254.76	219.733	2,384.8	1	-0.79	-0.12	0.15	0.18
PITR	12287M001	2020-07-08 05:30:00.0	51.40167	19.69094	254.76	219.733	2,378	1.2	-0.57	0.35	0.21	0.21
PITR	12287M001	2020-07-08 06:00:00.0	51.40167	19.69094	254.756	219.729	2,377.4	1.2	-0.91	-0.2	0.17	0.15
PITR	12287M001	2020-07-08 06:30:00.0	51.40167	19.69094	254.756	219.729	2,381.5	1.2	-0.41	0.34	0.16	0.17
PITR	12287M001	2020-07-08 07:00:00.0	51.40167	19.69094	254.761	219.734	2,390.7	1	-0.24	-0.09	0.14	0.14
PITR	12287M001	2020-07-08 07:30:00.0	51.40167	19.69094	254.761	219.734	2,387.4	1.6	-0.16	-0.22	0.24	0.25
PITR	12287M001	2020-07-08 08:00:00.0	51.40167	19.69094	254.76	219.733	2,392.6	1.3	0.2	-0.34	0.19	0.19
POLV	12336M001	2020-07-08 03:30:00.0	49.60261	34.54294	178.411	160.144	2,465.5	1.2	0.19	-1.14	0.13	0.18
POLV	12336M001	2020-07-08 04:00:00.0	49.60261	34.54294	178.41	160.143	2,465.8	1.1	0.94	-2.5	0.12	0.14
POLV	12336M001	2020-07-08 04:30:00.0	49.60261	34.54294	178.41	160.143	2,468.4	1.5	0.76	-1.52	0.17	0.23
POLV	12336M001	2020-07-08 05:00:00.0	49.60261	34.54294	178.407	160.14	2,465.5	2.4	1.3	-1.08	0.31	0.34
POLV	12336M001	2020-07-08 06:00:00.0	49.60261	34.54294	178.414	160.147	2,465.4	2	0.24	-1.56	0.26	0.28
POLV	12336M001	2020-07-08 06:30:00.0	49.60261	34.54294	178.414	160.147	2,472	1.9	0.18	-2	0.26	0.22
POLV	12336M001	2020-07-08 07:00:00.0	49.60261	34.54294	178.411	160.144	2,477.1	1.4	-1.09	-2.47	0.15	0.17
POLV	12336M001	2020-07-08 07:30:00.0	49.60261	34.54294	178.411	160.144	2,494	1.5	-1.36	-1.94	0.18	0.2
POLV	12336M001	2020-07-08 08:00:00.0	49.60261	34.54294	178.426	160.159	2,490.1	1.4	-0.25	-1.64	0.18	0.2
POZN	12206M001	2020-07-08 03:30:00.0	52.43006	16.93494	171.563	136.76	2,406.6	1	-1.6	-0.36	0.13	0.15
POZN	12206M001	2020-07-08 04:00:00.0	52.43006	16.93494	171.561	136.758	2,406.3	1.1	-1.57	-0.59	0.14	0.15
POZN	12206M001	2020-07-08 04:30:00.0	52.43006	16.93494	171.561	136.758	2,402.2	1.2	-1.58	-0.79	0.15	0.23
POZN	12206M001	2020-07-08 05:00:00.0	52.43006	16.93494	171.562	136.759	2,407	1.1	-2.16	-0.16	0.14	0.16
POZN	12206M001	2020-07-08 05:30:00.0	52.43006	16.93494	171.562	136.759	2,402	1.3	-2.7	0.01	0.18	0.17
POZN	12206M001	2020-07-08 06:00:00.0	52.43006	16.93494	171.562	136.759	2,399.4	1.3	-2.09	-0.52	0.17	0.15
POZN	12206M001	2020-07-08 06:30:00.0	52.43006	16.93494	171.562	136.759	2,399.2	1.3	-1.97	-0.7	0.17	0.17
POZN	12206M001	2020-07-08 07:00:00.0	52.43006	16.93494	171.557	136.754	2,400.3	1.1	-1.67	-0.12	0.13	0.12
POZN	12206M001	2020-07-08 07:30:00.0	52.43006	16.93494	171.557	136.754	2,399.2	1.2	-1.73	-0.52	0.16	0.16
POZN	12206M001	2020-07-08 08:00:00.0	52.43006	16.93494	171.555	136.752	2,401.5	1.1	-1.95	-0.26	0.15	0.16
PPIL	12286M001	2020-07-08 03:30:00.0	53.15697	16.73828	121.744	88.198	2,417.4	0.9	-1.11	0.7	0.09	0.1
PPIL	12286M001	2020-07-08 04:00:00.0	53.15697	16.73828	121.741	88.195	2,408.9	1	-0.98	-0.06	0.13	0.14
PPIL	12286M001	2020-07-08 04:30:00.0	53.15697	16.73828	121.741	88.195	2,409.7	1.2	-1.28	-0.45	0.14	0.21
PPIL	12286M001	2020-07-08 05:00:00.0	53.15697	16.73828	121.741	88.195	2,403.1	0.9	-1.29	0.64	0.11	0.13
PPIL	12286M001	2020-07-08 05:30:00.0	53.15697	16.73828	121.741	88.195	2,393.5	1.1	-0.92	0.91	0.14	0.14
PPIL	12286M001	2020-07-08 06:00:00.0	53.15697	16.73828	121.741	88.195	2,392.3	1.2	-1.3	0.26	0.17	0.16
PPIL	12286M001	2020-07-08 06:30:00.0	53.15697	16.73828	121.741	88.195	2,395.5	1.3	-1.64	0.41	0.16	0.17
PPIL	12286M001	2020-07-08 07:00:00.0	53.15697	16.73828	121.74	88.194	2,398.1	1.1	-1.89	0.25	0.14	0.13
PPIL	12286M001	2020-07-08 07:30:00.0	53.15697	16.73828	121.74	88.194	2,399.1	1.2	-2.07	-0.1	0.16	0.15
PPIL	12286M001	2020-07-08 08:00:00.0	53.15697	16.73828	121.738	88.192	2,394.7	1	-1.24	0.09	0.13	0.13
PROS	12233M001	2020-07-08 03:30:00.0	50.19175	20.2885	279.906	241.106	2,368.4	1	-0.57	-0.83	0.13	0.13
PROS	12233M001	2020-07-08 04:00:00.0	50.19175	20.2885	279.914	241.114	2,372.4	1	-0.38	-0.75	0.12	0.13
PROS	12233M001	2020-07-08 04:30:00.0	50.19175	20.2885	279.914	241.114	2,373.6	1.1	-0.56	-0.31	0.14	0.22
PROS	12233M001	2020-07-08 05:00:00.0	50.19175	20.2885	279.913	241.113	2,376.1	1.1	-0.71	0.19	0.15	0.16
PROS	12233M001	2020-07-08 05:30:00.0	50.19175	20.2885	279.913	241.113	2,379.8	1.3	-1.39	-0.46	0.19	0.17
PROS	12233M001	2020-07-08 06:00:00.0	50.19175	20.2885	279.918	241.118	2,383.3	1.3	-1.45	-0.54	0.19	0.17
PROS	12233M001	2020-07-08 06:30:00.0	50.19175	20.2885	279.918	241.118	2,380	1.4	-0.29	-0.43	0.19	0.21
PROS	12233M001	2020-07-08 07:00:00.0	50.19175	20.2885	279.928	241.128	2,381.4	1.2	0.11	0.06	0.16	0.17
PROS	12233M001	2020-07-08 07:30:00.0	50.19175	20.2885	279.928	241.128	2,376.5	1.5	0.18	0.05	0.23	0.22
PROS	12233M001	2020-07-08 08:00:00.0	50.19175	20.2885	279.926	241.126	2,381.2	1.6	1.08	-0.43	0.22	0.24
RACI	NDNT-RACI	2020-07-08 03:30:00.0	50.07761	18.21494	242.639	200.437	2,398.6	1.3	-0.13	-0.77	0.18	0.18
RACI	NDNT-RACI	2020-07-08 04:00:00.0	50.07761	18.21494	242.64	200.438	2,396	1.2	-0.77	0.75	0.14	0.17
RACI	NDNT-RACI	2020-07-08 04:30:00.0	50.07761	18.21494	242.64	200.438	2,398	1.2	-0.99	0.73	0.15	0.24
RACI	NDNT-RACI	2020-07-08 05:00:00.0	50.07761	18.21494	242.636	200.434	2,401.2	1.1	-0.18	-0.33	0.15	0.17
RACI	NDNT-RACI	2020-07-08 05:30:00.0	50.07761	18.21494	242.636	200.434	2,398.3	1.3	-0.39	0.19	0.19	0.18
RACI	NDNT-RACI	2020-07-08 06:00:00.0	50.07761	18.21494	242.638	200.436	2,394.7	1.4	0.98	-0.5	0.2	0.19
RACI	NDNT-RACI	2020-07-08 06:30:00.0	50.07761	18.21494	242.638	200.436	2,401.3	1.4	0.76	-0.46	0.2	0.21
RACI	NDNT-RACI	2020-07-08 07:00:00.0	50.07761	18.21494	242.638	200.436	2,408.6	1.2	-0.33	-0.09	0.14	0.14
RACI	NDNT-RACI	2020-07-08 07:30:00.0	50.07761	18.21494	242.638	200.436	2,409.8	1.4	-0.53	0.03	0.19	0.18
RACI	NDNT-RACI	2020-07-08 08:00:00.0	50.07761	18.21494	242.644	200.442	2,409.9	1.3	-0.23	0.57	0.17	0.17
REDZ	12227M001	2020-07-08 03:30:00.0	54.47239	17.11753	108.28	76.794	2,407.9	1	-0.33	0.54	0.12	0.14
REDZ	12227M001	2020-07-08 04:00:00.0	54.47239	17.11753	108.273	76.787	2,408.2	1.1	0.16	0.41	0.16	0.16
REDZ	12227M001	2020-07-08 04:30:00.0	54.47239	17.11753	108.273	76.787	2,409.4	1.5	0.2	0.04	0.22	0.27
REDZ	12227M001	2020-07-08 05:00:00.0	54.47239	17.11753	108.28	76.794	2,404.3	1.2	-1.04	-0.86	0.16	0.19
REDZ	12227M001	2020-07-08 05:30:00.0	54.47239	17.11753	108.28	76.794	2,405.8	1.3	-0.75	-0.38	0.2	0.22
REDZ	12227M001	2020-07-08 06:00:00.0	54.47239	17.11753	108.281	76.795	2,395.8	1.3	-0.2	0.82	0.17	0.17
REDZ	12227M001	2020-07-08 06:30:00.0	54.47239	17.11753	108.281	76.795	2,405.8	1.4	0.59	0.09	0.19	0.19
REDZ	12227M001	2020-07-08 07:00:00.0	54.47239	17.11753	108.284	76.798	2,397	1.5	0.55	0.35	0.25	0.22
REDZ	12227M001	2020-07-08 08:00:00.0	54.47239	17.11753	108.286	76.8	2,390.8	1.6	-0.57	1.43	0.25	0.22
RES1	MUSE-RES1	2020-07-08 03:30:00.0	50.06244	18.46686	350.391	308.301	2,368	1.3	0.11	-0.29	0.19	0.23
RES1	MUSE-RES1	2020-07-08 04:00:00.0	50.06244	18.46686	350.393	308.303	2,363.7	1.1	-0.33	0.73	0.15	0.17
RES1	MUSE-RES1	2020-07-08 04:30:00.0	50.06244	18.46686	350.393	308.303	2,363.4	1.4	0.02	0.12	0.22	0.26
RES1	MUSE-RES1	2020-07-08 05:00:00.0	50.06244	18.46686	350.393	308.303	2,363.3	1.1	-1.05	0.45	0.16	0.19
RES1	MUSE-RES1	2020-07-08 05:30:00.0	50.06244	18.46686	350.393	308.303	2,365.1	1.3	-1.41	-0.41	0.22	0.23
RES1	MUSE-RES1	2020-07-08 06:00:00.0	50.06244	18.46686	350.389	308.299	2,360.7	1.5	-1.33	-0.92	0.22	0.23
RES1	MUSE-RES1	2020-07-08 06:30:00.0	50.06244	18.46686	350.389	308.299	2,363.3	1.5	-1.26	-1.41	0.22	0.23
RES1	MUSE-RES1	2020-07-08 07:00:00.0	50.06244	18.46686	350.385	308.295	2,372.6	1.2	-0.29	-0.44	0.16	0.15
RES1	MUSE-RES1	2020-07-08 07:30:00.0	50.06244	18.46686	350.385	308.295	2,372.9	1.6	-0.48	0.17	0.23	0.21
RES1	MUSE-RES1	2020-07-08 08:00:00.0	50.06244	18.46686	350.386	308.296	2,369	1.5	0.23	-0.1	0.24	0.2
RIGA	12302M002	2020-07-08 03:30:00.0	56.94861	24.05878	34.804	14.197	2,400.9	1.4	-0.31	-0.71	0.18	0.21
RIGA	12302M002	2020-07-08 04:00:00.0	56.94861	24.05878	34.806	14.199	2,402	1.2	-0.77	-0.41	0.16	0.16
RIGA	12302M002	2020-07-08 04:30:00.0	56.94861	24.05878	34.806	14.199	2,397.8	1.6	-0.75	-0.54	0.23	0.25
RIGA	12302M002	2020-07-08 05:00:00.0	56.94861	24.05878	34.81	14.203	2,398.7	1.6	-0.44	-0.07	0.21	0.22
RIGA	12302M002	2020-07-08 05:30:00.0	56.94861	24.05878	34.81	14.203	2,403.9	1.6	-0.21	-0.03	0.23	0.22
RIGA	12302M002	2020-07-08 06:00:00.0	56.94861	24.05878	34.817	14.21	2,404.6	1.4	-0.58	-0.48	0.19	0.18
RIGA	12302M002	2020-07-08 06:30:00.0	56.94861	24.05878	34.817	14.21	2,406.6	1.5	-0.86	-0.37	0.22	0.21
RIGA	12302M002	2020-07-08 07:00:00.0	56.94861	24.05878	34.803	14.196	2,412.2	1.1	-1.07	-0.92	0.19	0.13
RIGA	12302M002	2020-07-08 07:30:00.0	56.94861	24.05878	34.803	14.196	2,420.8	1.3	-0.99	-1.86	0.19	0.2
RIGA	12302M002	2020-07-08 08:00:00.0	56.94861	24.05878	34.806	14.199	2,427.3	1.5	-0.76	-0.33	0.2	0.2
RWM1	12281M002	2020-07-08 03:30:00.0	51.76431	20.25047	187.969	154.624	2,391.1	1	-1.08	-0.65	0.13	0.14
RWM1	12281M002	2020-07-08 04:00:00.0	51.76431	20.25047	187.971	154.626	2,387.7	1	-0.77	-0.25	0.14	0.14
RWM1	12281M002	2020-07-08 04:30:00.0	51.76431	20.25047	187.971	154.626	2,385.8	1.1	-0.98	-1.2	0.15	0.25
RWM1	12281M002	2020-07-08 05:00:00.0	51.76431	20.25047	187.973	154.628	2,395.3	1	-1.4	-0.55	0.15	0.18
RWM1	12281M002	2020-07-08 05:30:00.0	51.76431	20.25047	187.973	154.628	2,399.5	1.2	-1.08	-0.7	0.2	0.21
RWM1	12281M002	2020-07-08 06:00:00.0	51.76431	20.25047	187.971	154.626	2,399.3	1.1	-0.75	-0.77	0.17	0.15
RWM1	12281M002	2020-07-08 06:30:00.0	51.76431	20.25047	187.971	154.626	2,393.9	1.2	-0.95	-0.61	0.15	0.16
RWM1	12281M002	2020-07-08 07:00:00.0	51.76431	20.25047	187.964	154.619	2,405.1	1	-0.81	-0.09	0.12	0.1
RWM1	12281M002	2020-07-08 07:30:00.0	51.76431	20.25047	187.964	154.619	2,407.8	1.1	-0.93	0.33	0.17	0.15
RWM1	12281M002	2020-07-08 08:00:00.0	51.76431	20.25047	187.965	154.62	2,408.7	1.2	-1.2	-0.34	0.17	0.17
RYKI	12282M001	2020-07-08 03:30:00.0	51.62447	21.92722	204.081	171.948	2,376.2	1	-0.44	-0.44	0.15	0.14
RYKI	12282M001	2020-07-08 04:00:00.0	51.62447	21.92722	204.076	171.943	2,376.7	1.1	-1.18	-1.41	0.13	0.15
RYKI	12282M001	2020-07-08 04:30:00.0	51.62447	21.92722	204.076	171.943	2,375.7	1.3	-1.11	-1.91	0.18	0.26
RYKI	12282M001	2020-07-08 05:00:00.0	51.62447	21.92722	204.082	171.949	2,380.7	1.3	-1.59	-1.71	0.2	0.2
RYKI	12282M001	2020-07-08 05:30:00.0	51.62447	21.92722	204.082	171.949	2,381.2	1.4	-1.61	-1.2	0.22	0.21
RYKI	12282M001	2020-07-08 06:00:00.0	51.62447	21.92722	204.079	171.946	2,381.1	1.3	-0.07	-0.97	0.19	0.16
RYKI	12282M001	2020-07-08 06:30:00.0	51.62447	21.92722	204.079	171.946	2,380.5	1.3	-0.32	-1.42	0.2	0.18
RYKI	12282M001	2020-07-08 07:00:00.0	51.62447	21.92722	204.082	171.949	2,386.3	1	-0.71	-0.28	0.17	0.12
RYKI	12282M001	2020-07-08 07:30:00.0	51.62447	21.92722	204.082	171.949	2,400.4	1.2	-0.4	0.04	0.21	0.16
RYKI	12282M001	2020-07-08 08:00:00.0	51.62447	21.92722	204.091	171.958	2,406.6	1.2	-1.06	-0.69	0.19	0.18
RYMA	NDNT-RYMA	2020-07-08 03:30:00.0	49.57553	21.86561	399.436	362.758	2,320.1	1	0.12	-0.65	0.11	0.11
RYMA	NDNT-RYMA	2020-07-08 04:00:00.0	49.57553	21.86561	399.44	362.762	2,322.8	1.2	0.12	-0.33	0.15	0.17
RYMA	NDNT-RYMA	2020-07-08 04:30:00.0	49.57553	21.86561	399.44	362.762	2,325.2	1.4	-0.27	-0.12	0.17	0.26
RYMA	NDNT-RYMA	2020-07-08 05:00:00.0	49.57553	21.86561	399.439	362.761	2,323	1.2	-0.85	0.53	0.15	0.17
RYMA	NDNT-RYMA	2020-07-08 05:30:00.0	49.57553	21.86561	399.439	362.761	2,328.1	1.4	-1.28	0	0.19	0.18
RYMA	NDNT-RYMA	2020-07-08 06:00:00.0	49.57553	21.86561	399.442	362.764	2,327.8	1.2	-0.69	-0.33	0.17	0.14
RYMA	NDNT-RYMA	2020-07-08 06:30:00.0	49.57553	21.86561	399.442	362.764	2,330.7	1.3	0.06	0.39	0.16	0.17
RYMA	NDNT-RYMA	2020-07-08 07:00:00.0	49.57553	21.86561	399.449	362.771	2,334.3	1	-0.22	0.21	0.12	0.1
RYMA	NDNT-RYMA	2020-07-08 07:30:00.0	49.57553	21.86561	399.449	362.771	2,338.4	1.2	-1.29	0.65	0.17	0.14
RYMA	NDNT-RYMA	2020-07-08 08:00:00.0	49.57553	21.86561	399.451	362.773	2,337.3	1.2	-1.04	1.73	0.17	0.16
SIDZ	12288M001	2020-07-08 03:30:00.0	51.573	18.71758	190.025	154.414	2,402.6	1.3	-0.91	-0.23	0.2	0.2
SIDZ	12288M001	2020-07-08 04:00:00.0	51.573	18.71758	190.022	154.411	2,406.5	1	-0.38	-0.57	0.15	0.16
SIDZ	12288M001	2020-07-08 04:30:00.0	51.573	18.71758	190.022	154.411	2,405.1	1.2	-0.3	-0.6	0.19	0.26
SIDZ	12288M001	2020-07-08 05:00:00.0	51.573	18.71758	190.019	154.408	2,407.3	1.3	-0.84	-0.29	0.21	0.26
SIDZ	12288M001	2020-07-08 05:30:00.0	51.573	18.71758	190.019	154.408	2,409.8	1.6	-0.68	-0.78	0.28	0.32
SIDZ	12288M001	2020-07-08 06:00:00.0	51.573	18.71758	190.02	154.409	2,412.2	1.2	-1.2	-0.46	0.18	0.17
SIDZ	12288M001	2020-07-08 06:30:00.0	51.573	18.71758	190.02	154.409	2,414	1.2	-1.12	-0.86	0.16	0.17
SIDZ	12288M001	2020-07-08 07:00:00.0	51.573	18.71758	190.024	154.413	2,412.9	1.2	-0.66	-0.64	0.17	0.15
SIDZ	12288M001	2020-07-08 07:30:00.0	51.573	18.71758	190.024	154.413	2,412.1	1.3	-0.56	-0.02	0.21	0.2
SIDZ	12288M001	2020-07-08 08:00:00.0	51.573	18.71758	190.024	154.413	2,414.8	1.2	-0.77	-0.39	0.18	0.18
SIED	12289M001	2020-07-08 03:30:00.0	52.15744	22.29422	201.984	172.464	2,369.4	1	-0.81	-1.49	0.13	0.17
SIED	12289M001	2020-07-08 04:00:00.0	52.15744	22.29422	201.991	172.471	2,370.8	1	-0.07	-0.13	0.14	0.14
SIED	12289M001	2020-07-08 04:30:00.0	52.15744	22.29422	201.991	172.471	2,371	1.2	0.27	-0.61	0.15	0.24
SIED	12289M001	2020-07-08 05:00:00.0	52.15744	22.29422	201.994	172.474	2,372.6	1.1	-0.44	-0.07	0.16	0.18
SIED	12289M001	2020-07-08 05:30:00.0	52.15744	22.29422	201.994	172.474	2,366.9	1.2	-0.85	-0.7	0.2	0.2
SIED	12289M001	2020-07-08 06:00:00.0	52.15744	22.29422	201.991	172.471	2,371.3	1.2	-1.3	-0.93	0.18	0.15
SIED	12289M001	2020-07-08 06:30:00.0	52.15744	22.29422	201.991	172.471	2,374.9	1.3	-0.44	-1.47	0.2	0.18
SIED	12289M001	2020-07-08 07:00:00.0	52.15744	22.29422	201.992	172.472	2,385.3	1	-0.95	-0.78	0.15	0.11
SIED	12289M001	2020-07-08 07:30:00.0	52.15744	22.29422	201.992	172.472	2,391.9	1.1	-0.16	-0.61	0.16	0.15
SIED	12289M001	2020-07-08 08:00:00.0	52.15744	22.29422	201.996	172.476	2,392.7	1.2	-0.49	0.03	0.17	0.16
SIPC	12290M001	2020-07-08 03:30:00.0	52.85697	19.66269	163.167	132.561	2,396.1	0.8	-1.12	-0.77	0.09	0.1
SIPC	12290M001	2020-07-08 04:00:00.0	52.85697	19.66269	163.165	132.559	2,397	0.8	-1.33	-0.23	0.1	0.1
SIPC	12290M001	2020-07-08 04:30:00.0	52.85697	19.66269	163.165	132.559	2,403.3	1	-0.6	-0.56	0.11	0.18
SIPC	12290M001	2020-07-08 05:00:00.0	52.85697	19.66269	163.162	132.556	2,408.4	1	-0.87	-0.41	0.15	0.17
SIPC	12290M001	2020-07-08 05:30:00.0	52.85697	19.66269	163.162	132.556	2,411.3	1.3	-1.49	-0.02	0.21	0.19
SIPC	12290M001	2020-07-08 06:00:00.0	52.85697	19.66269	163.165	132.559	2,403.4	1.6	-1.31	0.04	0.24	0.23
SIPC	12290M001	2020-07-08 06:30:00.0	52.85697	19.66269	163.165	132.559	2,393.1	1.4	-1.55	-0.16	0.21	0.22
SIPC	12290M001	2020-07-08 07:00:00.0	52.85697	19.66269	163.161	132.555	2,400.8	1	-0.74	0.27	0.15	0.11
SIPC	12290M001	2020-07-08 07:30:00.0	52.85697	19.66269	163.161	132.555	2,398.6	1.1	-0.88	0.56	0.17	0.16
SIPC	12290M001	2020-07-08 08:00:00.0	52.85697	19.66269	163.154	132.548	2,386.4	1.2	-1.39	1.7	0.17	0.17
SMID	10114M001	2020-07-08 04:00:00.0	55.64064	9.55931	122.819	82.563	2,377.2	1.9	-0.45	-0.27	0.33	0.3
SMID	10114M001	2020-07-08 04:30:00.0	55.64064	9.55931	122.819	82.563	2,377.5	2	-0.46	-0.25	0.3	0.35
SMLA	15503M001	2020-07-08 03:30:00.0	49.20164	31.86631	183.071	159.579	2,481.1	1.1	-0.14	1.28	0.12	0.15
SMLA	15503M001	2020-07-08 04:00:00.0	49.20164	31.86631	183.076	159.584	2,477.2	1	0.33	0.66	0.11	0.12
SMLA	15503M001	2020-07-08 04:30:00.0	49.20164	31.86631	183.076	159.584	2,473.6	1.3	0.51	1.29	0.16	0.19
SMLA	15503M001	2020-07-08 05:00:00.0	49.20164	31.86631	183.081	159.589	2,473.9	1.2	0.28	2.68	0.15	0.17
SMLA	15503M001	2020-07-08 05:30:00.0	49.20164	31.86631	183.081	159.589	2,467.8	1.4	-0.34	2.56	0.2	0.19
SMLA	15503M001	2020-07-08 06:00:00.0	49.20164	31.86631	183.09	159.598	2,454.7	1.5	0.09	1.51	0.18	0.16
SMLA	15503M001	2020-07-08 06:30:00.0	49.20164	31.86631	183.09	159.598	2,448.1	1.4	0.42	2.34	0.19	0.15
SMLA	15503M001	2020-07-08 07:00:00.0	49.20164	31.86631	183.069	159.577	2,449.6	1.1	1.58	0.76	0.12	0.12
SMLA	15503M001	2020-07-08 07:30:00.0	49.20164	31.86631	183.069	159.577	2,433.8	1.3	2.82	-0.68	0.16	0.16
SMLA	15503M001	2020-07-08 08:00:00.0	49.20164	31.86631	183.064	159.572	2,424.4	1.3	0.96	-0.98	0.17	0.17
SOKL	12292M001	2020-07-08 03:30:00.0	53.40856	23.49575	222.224	194.353	2,357.5	1.2	-0.68	-0.61	0.17	0.2
SOKL	12292M001	2020-07-08 04:00:00.0	53.40856	23.49575	222.218	194.347	2,357	1.1	-1.7	-0.1	0.15	0.16
SOKL	12292M001	2020-07-08 04:30:00.0	53.40856	23.49575	222.218	194.347	2,359.4	1.4	-0.89	-0.09	0.21	0.27
SOKL	12292M001	2020-07-08 05:00:00.0	53.40856	23.49575	222.217	194.346	2,364.6	1.1	-1.43	0.33	0.18	0.2
SOKL	12292M001	2020-07-08 05:30:00.0	53.40856	23.49575	222.217	194.346	2,365.3	1.3	-1.27	1.02	0.22	0.24
SOKL	12292M001	2020-07-08 06:00:00.0	53.40856	23.49575	222.214	194.343	2,361.2	1.2	-0.47	0.28	0.18	0.17
SOKL	12292M001	2020-07-08 06:30:00.0	53.40856	23.49575	222.214	194.343	2,362.9	1.3	-0.22	0.69	0.18	0.18
SOKL	12292M001	2020-07-08 07:00:00.0	53.40856	23.49575	222.209	194.338	2,367.3	1.1	-0.54	0.07	0.19	0.15
SOKL	12292M001	2020-07-08 07:30:00.0	53.40856	23.49575	222.209	194.338	2,370	1.2	-0.85	-0.06	0.2	0.19
SOKL	12292M001	2020-07-08 08:00:00.0	53.40856	23.49575	222.216	194.345	2,371.6	1.2	-1.23	0	0.18	0.18
STA3	NDNT-STAS	2020-07-08 03:30:00.0	50.56283	21.18192	257.51	221.159	2,363.2	0.9	0.46	-0.1	0.11	0.11
STA3	NDNT-STAS	2020-07-08 04:00:00.0	50.56283	21.18192	257.516	221.165	2,367.1	0.9	0.25	-0.16	0.11	0.12
STA3	NDNT-STAS	2020-07-08 04:30:00.0	50.56283	21.18192	257.516	221.165	2,368.1	1.1	-0.49	0.07	0.13	0.2
STA3	NDNT-STAS	2020-07-08 05:00:00.0	50.56283	21.18192	257.518	221.167	2,371	1	-0.72	-0.42	0.14	0.16
STA3	NDNT-STAS	2020-07-08 05:30:00.0	50.56283	21.18192	257.518	221.167	2,370.5	1.2	-1.08	-1.1	0.18	0.17
STA3	NDNT-STAS	2020-07-08 06:00:00.0	50.56283	21.18192	257.516	221.165	2,377.9	1.1	-0.88	-1.21	0.14	0.12
STA3	NDNT-STAS	2020-07-08 06:30:00.0	50.56283	21.18192	257.516	221.165	2,374.8	1.1	0.29	-2.38	0.13	0.14
STA3	NDNT-STAS	2020-07-08 07:00:00.0	50.56283	21.18192	257.518	221.167	2,388.1	0.9	-0.04	-1.25	0.11	0.1
STA3	NDNT-STAS	2020-07-08 07:30:00.0	50.56283	21.18192	257.518	221.167	2,395.1	1.1	-1.32	-0.18	0.16	0.13
STA3	NDNT-STAS	2020-07-08 08:00:00.0	50.56283	21.18192	257.515	221.164	2,392.2	1.2	-1.14	1.34	0.17	0.15
STAL	NDNT-STAL	2020-07-08 03:30:00.0	50.56822	22.04811	210.534	175.484	2,377.3	0.9	-0.55	-0.35	0.1	0.09
STAL	NDNT-STAL	2020-07-08 04:00:00.0	50.56822	22.04811	210.537	175.487	2,377.7	0.9	-0.03	-0.31	0.09	0.1
STAL	NDNT-STAL	2020-07-08 04:30:00.0	50.56822	22.04811	210.537	175.487	2,371.2	1	-0.94	-0.87	0.12	0.19
STAL	NDNT-STAL	2020-07-08 05:00:00.0	50.56822	22.04811	210.522	175.472	2,383.5	1	-0.28	-0.52	0.12	0.13
STAL	NDNT-STAL	2020-07-08 05:30:00.0	50.56822	22.04811	210.522	175.472	2,382	1.1	-0.4	-0.66	0.15	0.14
STAL	NDNT-STAL	2020-07-08 06:00:00.0	50.56822	22.04811	210.516	175.466	2,388.2	1.3	0.55	0.23	0.18	0.17
STAL	NDNT-STAL	2020-07-08 06:30:00.0	50.56822	22.04811	210.516	175.466	2,384.2	1.3	-0.06	0.15	0.17	0.17
STAL	NDNT-STAL	2020-07-08 07:00:00.0	50.56822	22.04811	210.525	175.475	2,387.5	0.9	0.45	-0.09	0.09	0.08
STAL	NDNT-STAL	2020-07-08 07:30:00.0	50.56822	22.04811	210.525	175.475	2,386.3	1	-0.07	-0.09	0.14	0.11
STAL	NDNT-STAL	2020-07-08 08:00:00.0	50.56822	22.04811	210.529	175.479	2,389.2	1.2	-0.64	-1.4	0.17	0.16
STRG	18994M001	2020-07-08 03:30:00.0	53.96631	18.53	136.269	106.861	2,406.2	1	-0.68	-0.15	0.12	0.13
STRG	18994M001	2020-07-08 04:00:00.0	53.96631	18.53	136.27	106.862	2,408.3	1	-1.2	0.21	0.12	0.13
STRG	18994M001	2020-07-08 04:30:00.0	53.96631	18.53	136.27	106.862	2,399.9	1.2	-1.27	0.43	0.15	0.21
STRG	18994M001	2020-07-08 05:00:00.0	53.96631	18.53	136.271	106.863	2,396.9	1	-1.25	0.66	0.13	0.16
STRG	18994M001	2020-07-08 05:30:00.0	53.96631	18.53	136.271	106.863	2,396.2	1.2	-1.13	0.02	0.17	0.16
STRG	18994M001	2020-07-08 06:00:00.0	53.96631	18.53	136.269	106.861	2,397.2	1.1	-0.78	-0.42	0.15	0.14
STRG	18994M001	2020-07-08 06:30:00.0	53.96631	18.53	136.269	106.861	2,397.2	1.1	-1.23	0.25	0.14	0.15
STRG	18994M001	2020-07-08 07:00:00.0	53.96631	18.53	136.266	106.858	2,397.2	1	-1.06	0.48	0.14	0.12
STRG	18994M001	2020-07-08 07:30:00.0	53.96631	18.53	136.266	106.858	2,395.6	1.1	-0.73	0.95	0.16	0.18
STRG	18994M001	2020-07-08 08:00:00.0	53.96631	18.53	136.273	106.865	2,390.2	1.1	-0.3	-0.22	0.16	0.17
STRW	NDNT-STRW	2020-07-08 03:30:00.0	49.86972	21.78831	286.86	251.109	2,360.4	1	-0.62	-0.67	0.12	0.12
STRW	NDNT-STRW	2020-07-08 04:00:00.0	49.86972	21.78831	286.868	251.117	2,358.3	1.2	-0.45	-0.63	0.15	0.17
STRW	NDNT-STRW	2020-07-08 04:30:00.0	49.86972	21.78831	286.868	251.117	2,361	1.4	0.03	-0.61	0.17	0.27
STRW	NDNT-STRW	2020-07-08 05:00:00.0	49.86972	21.78831	286.871	251.12	2,356.8	1.4	-0.33	0.3	0.19	0.22
STRW	NDNT-STRW	2020-07-08 05:30:00.0	49.86972	21.78831	286.871	251.12	2,355.5	1.7	-0.1	-0.1	0.24	0.24
STRW	NDNT-STRW	2020-07-08 06:00:00.0	49.86972	21.78831	286.873	251.122	2,365	1.2	-0.95	-0.6	0.17	0.14
STRW	NDNT-STRW	2020-07-08 06:30:00.0	49.86972	21.78831	286.873	251.122	2,367.8	1.3	-0.98	0	0.16	0.17
STRW	NDNT-STRW	2020-07-08 07:00:00.0	49.86972	21.78831	286.868	251.117	2,367.3	1	-0.57	0.49	0.12	0.11
STRW	NDNT-STRW	2020-07-08 07:30:00.0	49.86972	21.78831	286.868	251.117	2,366.2	1.3	-0.99	0.71	0.18	0.19
STRW	NDNT-STRW	2020-07-08 08:00:00.0	49.86972	21.78831	286.868	251.117	2,368.7	1.2	1.66	-0.67	0.17	0.17
SULD	10113M001	2020-07-08 03:30:00.0	56.84175	9.74217	120.73	81.951	2,357.5	1.1	-1.66	-1.34	0.12	0.15
SULD	10113M001	2020-07-08 04:00:00.0	56.84175	9.74217	120.728	81.949	2,355.3	1.2	-0.78	-1.39	0.14	0.14
SULD	10113M001	2020-07-08 04:30:00.0	56.84175	9.74217	120.728	81.949	2,357.1	1.4	-1.13	-1.27	0.16	0.21
SULD	10113M001	2020-07-08 05:00:00.0	56.84175	9.74217	120.736	81.957	2,359.1	1.2	-1.35	-0.58	0.15	0.21
SULD	10113M001	2020-07-08 05:30:00.0	56.84175	9.74217	120.736	81.957	2,355.7	1.4	-0.76	0.37	0.19	0.26
SULD	10113M001	2020-07-08 06:00:00.0	56.84175	9.74217	120.745	81.966	2,355.8	1.4	-0.6	-0.21	0.15	0.2
SULD	10113M001	2020-07-08 06:30:00.0	56.84175	9.74217	120.745	81.966	2,360.1	1.4	-0.62	-0.17	0.15	0.21
SULD	10113M001	2020-07-08 07:00:00.0	56.84175	9.74217	120.746	81.967	2,360.6	1.4	-0.23	-0.13	0.18	0.18
SULD	10113M001	2020-07-08 07:30:00.0	56.84175	9.74217	120.746	81.967	2,363.9	1.4	-0.24	-0.4	0.18	0.17
SULD	10113M001	2020-07-08 08:00:00.0	56.84175	9.74217	120.744	81.965	2,358.7	1.4	-0.17	0.18	0.18	0.18
SWIB	12293M001	2020-07-08 03:30:00.0	52.24792	15.53631	132.003	93.694	2,424.8	1	-0.78	-0.39	0.13	0.12
SWIB	12293M001	2020-07-08 04:00:00.0	52.24792	15.53631	132.001	93.692	2,426.3	1.1	-0.67	-0.77	0.15	0.16
SWIB	12293M001	2020-07-08 04:30:00.0	52.24792	15.53631	132.001	93.692	2,424.8	1.3	-0.83	-0.38	0.17	0.26
SWIB	12293M001	2020-07-08 05:00:00.0	52.24792	15.53631	132.005	93.696	2,418.9	1.2	-1.79	-0.03	0.16	0.19
SWIB	12293M001	2020-07-08 05:30:00.0	52.24792	15.53631	132.005	93.696	2,418.3	1.4	-2.45	0.07	0.21	0.23
SWIB	12293M001	2020-07-08 06:00:00.0	52.24792	15.53631	132.008	93.699	2,414.9	1.3	-1.63	-0.77	0.17	0.18
SWIB	12293M001	2020-07-08 06:30:00.0	52.24792	15.53631	132.008	93.699	2,420.5	1.3	-1.37	-0.56	0.17	0.19
SWIB	12293M001	2020-07-08 07:00:00.0	52.24792	15.53631	131.999	93.69	2,422.4	1.1	-1.41	-0.02	0.14	0.14
SWIB	12293M001	2020-07-08 07:30:00.0	52.24792	15.53631	131.999	93.69	2,425.5	1.2	-1.28	-0.48	0.19	0.16
SWIB	12293M001	2020-07-08 08:00:00.0	52.24792	15.53631	132	93.691	2,424.9	1.2	-1.03	0.06	0.17	0.17
SWKI	12228M001	2020-07-08 03:30:00.0	54.09861	22.92822	215.924	188.529	2,358.9	1	-0.36	0.02	0.11	0.14
SWKI	12228M001	2020-07-08 04:00:00.0	54.09861	22.92822	215.926	188.531	2,360.7	1	0.09	-0.46	0.12	0.14
SWKI	12228M001	2020-07-08 04:30:00.0	54.09861	22.92822	215.926	188.531	2,363.3	1.3	-0.48	-0.51	0.16	0.23
SWKI	12228M001	2020-07-08 05:00:00.0	54.09861	22.92822	215.93	188.535	2,360.6	0.9	-0.62	-0.76	0.12	0.14
SWKI	12228M001	2020-07-08 05:30:00.0	54.09861	22.92822	215.93	188.535	2,365.1	1.1	0.6	-1.54	0.15	0.14
SWKI	12228M001	2020-07-08 06:00:00.0	54.09861	22.92822	215.931	188.536	2,366.1	1.2	-0.13	-0.39	0.17	0.15
SWKI	12228M001	2020-07-08 06:30:00.0	54.09861	22.92822	215.931	188.536	2,363.5	1.2	-0.48	-0.68	0.16	0.16
SWKI	12228M001	2020-07-08 07:00:00.0	54.09861	22.92822	215.923	188.528	2,371.8	1.2	-0.27	0.42	0.19	0.16
SWKI	12228M001	2020-07-08 08:00:00.0	54.09861	22.92822	215.93	188.535	2,370.8	1.9	-0.55	0.31	0.25	0.24
SZE2	12294M001	2020-07-08 03:30:00.0	53.70019	16.70139	193.745	160.995	2,389.2	0.9	-1.07	-0.36	0.12	0.13
SZE2	12294M001	2020-07-08 04:00:00.0	53.70019	16.70139	193.743	160.993	2,382.3	1.1	-1.24	0.22	0.14	0.15
SZE2	12294M001	2020-07-08 04:30:00.0	53.70019	16.70139	193.743	160.993	2,380.8	1.2	-0.92	-0.13	0.15	0.22
SZE2	12294M001	2020-07-08 05:00:00.0	53.70019	16.70139	193.742	160.992	2,374.3	1.1	-0.73	0.2	0.15	0.18
SZE2	12294M001	2020-07-08 05:30:00.0	53.70019	16.70139	193.742	160.992	2,372.8	1.3	-0.64	-0.28	0.2	0.22
SZE2	12294M001	2020-07-08 06:00:00.0	53.70019	16.70139	193.74	160.99	2,372.1	1.2	-1.03	-0.08	0.17	0.16
SZE2	12294M001	2020-07-08 06:30:00.0	53.70019	16.70139	193.74	160.99	2,368.5	1.3	-0.69	0.94	0.2	0.19
SZE2	12294M001	2020-07-08 07:00:00.0	53.70019	16.70139	193.739	160.989	2,368.8	1.1	-0.8	0.42	0.15	0.13
SZE2	12294M001	2020-07-08 07:30:00.0	53.70019	16.70139	193.739	160.989	2,366.1	1.2	-0.82	0.13	0.15	0.16
SZE2	12294M001	2020-07-08 08:00:00.0	53.70019	16.70139	193.735	160.985	2,366.5	1.2	-1.06	0.13	0.17	0.17
TABG	12295M001	2020-07-08 03:30:00.0	50.57097	21.67119	214.736	179.199	2,371.3	1.1	-0.55	-1.1	0.15	0.16
TABG	12295M001	2020-07-08 04:00:00.0	50.57097	21.67119	214.739	179.202	2,374.2	1	-0.55	-0.63	0.12	0.13
TABG	12295M001	2020-07-08 04:30:00.0	50.57097	21.67119	214.739	179.202	2,375.9	1.2	-0.23	-0.38	0.15	0.23
TABG	12295M001	2020-07-08 05:00:00.0	50.57097	21.67119	214.735	179.198	2,378.5	1.1	-0.31	-0.18	0.16	0.18
TABG	12295M001	2020-07-08 05:30:00.0	50.57097	21.67119	214.735	179.198	2,380.1	1.3	0.13	-0.28	0.21	0.21
TABG	12295M001	2020-07-08 06:00:00.0	50.57097	21.67119	214.731	179.194	2,381.1	1.3	-0.72	-0.07	0.18	0.17
TABG	12295M001	2020-07-08 06:30:00.0	50.57097	21.67119	214.731	179.194	2,379.5	1.3	-0.4	-0.16	0.16	0.17
TABG	12295M001	2020-07-08 07:00:00.0	50.57097	21.67119	214.737	179.2	2,385.9	1	-0.16	-0.89	0.12	0.1
TABG	12295M001	2020-07-08 07:30:00.0	50.57097	21.67119	214.737	179.2	2,393	1.1	-0.3	-1.24	0.18	0.15
TABG	12295M001	2020-07-08 08:00:00.0	50.57097	21.67119	214.736	179.199	2,398.8	1.2	-0.49	-0.96	0.17	0.17
TAR1	12296M002	2020-07-08 03:30:00.0	50.45164	18.85814	352.072	311.361	2,364.1	1.2	0.22	-0.96	0.16	0.14
TAR1	12296M002	2020-07-08 04:00:00.0	50.45164	18.85814	352.074	311.363	2,363.3	1	-0.44	-0.36	0.14	0.15
TAR1	12296M002	2020-07-08 04:30:00.0	50.45164	18.85814	352.074	311.363	2,359.7	1.2	-0.43	-0.67	0.15	0.25
TAR1	12296M002	2020-07-08 05:00:00.0	50.45164	18.85814	352.071	311.36	2,361.6	1.2	-0.78	-0.94	0.17	0.21
TAR1	12296M002	2020-07-08 05:30:00.0	50.45164	18.85814	352.071	311.36	2,360.7	1.4	-0.89	-0.59	0.23	0.26
TAR1	12296M002	2020-07-08 06:00:00.0	50.45164	18.85814	352.071	311.36	2,362.1	1.3	-1.39	-1.15	0.19	0.2
TAR1	12296M002	2020-07-08 06:30:00.0	50.45164	18.85814	352.071	311.36	2,365.8	1.3	-1.35	-0.97	0.17	0.19
TAR1	12296M002	2020-07-08 07:00:00.0	50.45164	18.85814	352.073	311.362	2,368.6	1.2	-0.64	0.03	0.15	0.15
TAR1	12296M002	2020-07-08 07:30:00.0	50.45164	18.85814	352.073	311.362	2,368.1	1.3	-1.09	-0.08	0.2	0.18
TAR1	12296M002	2020-07-08 08:00:00.0	50.45164	18.85814	352.074	311.363	2,373.4	1.3	-1.11	-0.12	0.18	0.19
TORU	12202M001	2020-07-08 03:30:00.0	53.01839	18.63494	118.387	88.527	2,423.9	0.8	-0.45	-0.41	0.09	0.11
TORU	12202M001	2020-07-08 04:00:00.0	53.01839	18.63494	118.387	88.527	2,423.8	0.9	-1.63	-0.52	0.1	0.11
TORU	12202M001	2020-07-08 04:30:00.0	53.01839	18.63494	118.387	88.527	2,416.9	1	-1.35	-0.05	0.11	0.17
TORU	12202M001	2020-07-08 05:00:00.0	53.01839	18.63494	118.388	88.528	2,406.1	1	-0.85	0.24	0.13	0.14
TORU	12202M001	2020-07-08 05:30:00.0	53.01839	18.63494	118.388	88.528	2,411.9	1.1	-0.32	-0.47	0.16	0.15
TORU	12202M001	2020-07-08 06:00:00.0	53.01839	18.63494	118.383	88.523	2,410.1	1	-1.52	0.87	0.13	0.12
TORU	12202M001	2020-07-08 06:30:00.0	53.01839	18.63494	118.383	88.523	2,410.6	1	-1.03	1.03	0.13	0.13
TORU	12202M001	2020-07-08 07:00:00.0	53.01839	18.63494	118.377	88.517	2,411.8	0.9	-0.47	1.08	0.12	0.11
TORU	12202M001	2020-07-08 07:30:00.0	53.01839	18.63494	118.377	88.517	2,408.6	1	-0.58	0.48	0.15	0.14
TORU	12202M001	2020-07-08 08:00:00.0	53.01839	18.63494	118.376	88.516	2,404.1	1.2	-0.89	0.1	0.17	0.17
TRNW	12230M001	2020-07-08 03:30:00.0	50.01608	20.98414	277.069	239.844	2,360.8	0.9	-0.52	-0.73	0.12	0.13
TRNW	12230M001	2020-07-08 04:00:00.0	50.01608	20.98414	277.069	239.844	2,361.3	1	0.01	-0.21	0.12	0.14
TRNW	12230M001	2020-07-08 04:30:00.0	50.01608	20.98414	277.069	239.844	2,360.7	1.1	0.25	-0.2	0.14	0.22
TRNW	12230M001	2020-07-08 05:00:00.0	50.01608	20.98414	277.069	239.844	2,364.4	1.1	-0.48	-0.21	0.14	0.16
TRNW	12230M001	2020-07-08 05:30:00.0	50.01608	20.98414	277.069	239.844	2,363.9	1.3	-0.94	-0.75	0.19	0.17
TRNW	12230M001	2020-07-08 06:00:00.0	50.01608	20.98414	277.069	239.844	2,368.7	1.2	-1.13	-0.1	0.17	0.14
TRNW	12230M001	2020-07-08 06:30:00.0	50.01608	20.98414	277.069	239.844	2,367.9	1.2	-0.59	-0.04	0.16	0.16
TRNW	12230M001	2020-07-08 07:00:00.0	50.01608	20.98414	277.077	239.852	2,376.8	1	0.27	-0.71	0.12	0.11
TRNW	12230M001	2020-07-08 07:30:00.0	50.01608	20.98414	277.077	239.852	2,380.1	1.4	0.54	-0.34	0.23	0.19
TRNW	12230M001	2020-07-08 08:00:00.0	50.01608	20.98414	277.078	239.853	2,383.3	1.3	0.21	-0.3	0.2	0.18
TRZ1	NDNT-TRZE	2020-07-08 03:30:00.0	50.16033	19.46908	373.72	332.791	2,351.4	1.1	-0.76	-0.72	0.14	0.14
TRZ1	NDNT-TRZE	2020-07-08 04:00:00.0	50.16033	19.46908	373.72	332.791	2,352.7	0.9	-0.27	-0.47	0.12	0.12
TRZ1	NDNT-TRZE	2020-07-08 04:30:00.0	50.16033	19.46908	373.72	332.791	2,351.6	1	-0.22	0.13	0.13	0.2
TRZ1	NDNT-TRZE	2020-07-08 05:00:00.0	50.16033	19.46908	373.721	332.792	2,357.4	1.1	-1.28	-0.15	0.15	0.17
TRZ1	NDNT-TRZE	2020-07-08 05:30:00.0	50.16033	19.46908	373.721	332.792	2,356.7	1.3	-0.88	0.38	0.19	0.17
TRZ1	NDNT-TRZE	2020-07-08 06:00:00.0	50.16033	19.46908	373.728	332.799	2,358.3	1.2	-0.72	-0.11	0.18	0.15
TRZ1	NDNT-TRZE	2020-07-08 06:30:00.0	50.16033	19.46908	373.728	332.799	2,356.8	1.2	-1.1	0.2	0.17	0.17
TRZ1	NDNT-TRZE	2020-07-08 07:00:00.0	50.16033	19.46908	373.73	332.801	2,358.8	1.1	-0.36	0.11	0.12	0.11
TRZ1	NDNT-TRZE	2020-07-08 07:30:00.0	50.16033	19.46908	373.73	332.801	2,362.8	1.2	-0.29	-0.31	0.18	0.14
TRZ1	NDNT-TRZE	2020-07-08 08:00:00.0	50.16033	19.46908	373.732	332.803	2,360	1.3	0.2	-0.35	0.18	0.16
TUBO	11503M001	2020-07-08 06:00:00.0	49.20589	16.59283	324.573	279.831	2,379.3	1.4	-0.73	-0.22	0.2	0.16
TUBO	11503M001	2020-07-08 06:30:00.0	49.20589	16.59283	324.573	279.831	2,376.8	1.4	-0.34	-0.11	0.18	0.19
TUBO	11503M001	2020-07-08 08:00:00.0	49.20589	16.59283	324.574	279.832	2,393.8	1.7	-0.38	-0.88	0.22	0.21
USDL	12229M001	2020-07-08 03:30:00.0	49.43292	22.58578	529.742	494.136	2,280.9	1.2	-0.78	-1.42	0.15	0.15
USDL	12229M001	2020-07-08 04:00:00.0	49.43292	22.58578	529.746	494.14	2,275.2	1	-0.79	-0.32	0.12	0.13
USDL	12229M001	2020-07-08 04:30:00.0	49.43292	22.58578	529.746	494.14	2,281.7	1.2	-0.64	-0.86	0.14	0.23
USDL	12229M001	2020-07-08 05:00:00.0	49.43292	22.58578	529.743	494.137	2,284.4	1.2	-0.82	0.03	0.15	0.17
USDL	12229M001	2020-07-08 05:30:00.0	49.43292	22.58578	529.743	494.137	2,285.9	1.4	-0.95	0.13	0.21	0.2
USDL	12229M001	2020-07-08 06:00:00.0	49.43292	22.58578	529.739	494.133	2,292.1	1.3	-1.5	-0.84	0.18	0.15
USDL	12229M001	2020-07-08 06:30:00.0	49.43292	22.58578	529.739	494.133	2,286.5	1.3	-0.83	-0.25	0.17	0.17
USDL	12229M001	2020-07-08 07:00:00.0	49.43292	22.58578	529.741	494.135	2,296.7	1.2	-0.04	-1.46	0.17	0.16
USDL	12229M001	2020-07-08 08:00:00.0	49.43292	22.58578	529.739	494.133	2,290.3	1.6	-0.6	-0.87	0.23	0.22
VLNS	10801M001	2020-07-08 03:30:00.0	54.65314	25.29867	240.902	215.935	2,337.9	0.9	-0.19	0.25	0.1	0.14
VLNS	10801M001	2020-07-08 04:00:00.0	54.65314	25.29867	240.902	215.935	2,332.2	1	-0.18	-0.1	0.1	0.13
VLNS	10801M001	2020-07-08 04:30:00.0	54.65314	25.29867	240.902	215.935	2,331.6	1.2	-0.5	-1.33	0.15	0.2
VLNS	10801M001	2020-07-08 05:00:00.0	54.65314	25.29867	240.902	215.935	2,341.1	1.1	-0.34	-1.18	0.13	0.15
VLNS	10801M001	2020-07-08 05:30:00.0	54.65314	25.29867	240.902	215.935	2,339.5	1.3	-0.33	-0.65	0.15	0.14
VLNS	10801M001	2020-07-08 06:00:00.0	54.65314	25.29867	240.905	215.938	2,338.9	1.1	-0.78	-0.38	0.14	0.13
VLNS	10801M001	2020-07-08 06:30:00.0	54.65314	25.29867	240.905	215.938	2,338.5	1.1	-1.21	0.08	0.14	0.13
VLNS	10801M001	2020-07-08 07:00:00.0	54.65314	25.29867	240.898	215.931	2,341.9	1.1	-0.48	0	0.13	0.11
VLNS	10801M001	2020-07-08 07:30:00.0	54.65314	25.29867	240.898	215.931	2,347.5	1.1	-0.9	0.17	0.13	0.13
VLNS	10801M001	2020-07-08 08:00:00.0	54.65314	25.29867	240.906	215.939	2,339	1.2	-0.81	-0.3	0.16	0.16
WADO	NDNT-WADO	2020-07-08 03:30:00.0	49.88408	19.48592	329.982	288.468	2,360.7	1.4	-1.07	0	0.2	0.23
WADO	NDNT-WADO	2020-07-08 04:00:00.0	49.88408	19.48592	329.976	288.462	2,368.2	1.1	0.25	-0.37	0.17	0.2
WADO	NDNT-WADO	2020-07-08 04:30:00.0	49.88408	19.48592	329.976	288.462	2,376.8	1.3	0.65	-0.1	0.18	0.31
WADO	NDNT-WADO	2020-07-08 05:00:00.0	49.88408	19.48592	329.967	288.453	2,372.2	1.2	-0.64	0.4	0.18	0.22
WADO	NDNT-WADO	2020-07-08 05:30:00.0	49.88408	19.48592	329.967	288.453	2,374.7	1.4	-0.39	0.11	0.22	0.24
WADO	NDNT-WADO	2020-07-08 06:00:00.0	49.88408	19.48592	329.96	288.446	2,370.8	1.3	0.84	-1.85	0.2	0.18
WADO	NDNT-WADO	2020-07-08 06:30:00.0	49.88408	19.48592	329.96	288.446	2,375.2	1.3	0.44	-1.08	0.19	0.19
WADO	NDNT-WADO	2020-07-08 07:00:00.0	49.88408	19.48592	329.968	288.454	2,376.8	1.3	0.54	-0.48	0.21	0.15
WADO	NDNT-WADO	2020-07-08 07:30:00.0	49.88408	19.48592	329.968	288.454	2,374.4	1.5	0.75	-0.11	0.25	0.2
WADO	NDNT-WADO	2020-07-08 08:00:00.0	49.88408	19.48592	329.967	288.453	2,381.3	1.4	0.76	0.89	0.2	0.2
WARN	14277M002	2020-07-08 03:30:00.0	54.16978	12.10142	50.812	12.673	2,412.9	1	-0.93	-0.66	0.1	0.13
WARN	14277M002	2020-07-08 04:00:00.0	54.16978	12.10142	50.811	12.672	2,410.3	1.1	-1.04	0.1	0.13	0.13
WARN	14277M002	2020-07-08 04:30:00.0	54.16978	12.10142	50.811	12.672	2,407.5	1.3	-1	0.02	0.16	0.21
WARN	14277M002	2020-07-08 05:00:00.0	54.16978	12.10142	50.815	12.676	2,402.2	1.1	-0.32	-0.08	0.13	0.16
WARN	14277M002	2020-07-08 05:30:00.0	54.16978	12.10142	50.815	12.676	2,403.3	1.3	-0.69	0.38	0.18	0.19
WARN	14277M002	2020-07-08 06:00:00.0	54.16978	12.10142	50.814	12.675	2,400.4	1.3	-0.45	-0.34	0.15	0.17
WARN	14277M002	2020-07-08 06:30:00.0	54.16978	12.10142	50.814	12.675	2,404.3	1.3	-0.45	-0.06	0.15	0.19
WARN	14277M002	2020-07-08 07:00:00.0	54.16978	12.10142	50.816	12.677	2,404.6	1.3	-0.47	-0.07	0.15	0.15
WARN	14277M002	2020-07-08 07:30:00.0	54.16978	12.10142	50.816	12.677	2,403.2	1.4	-0.28	-0.47	0.16	0.17
WARN	14277M002	2020-07-08 08:00:00.0	54.16978	12.10142	50.809	12.67	2,399.9	1.3	0.17	0.09	0.17	0.17
WAT1	12297M001	2020-07-08 03:30:00.0	52.25383	20.90383	151.651	120.304	2,394.8	1.2	-0.6	-0.62	0.18	0.17
WAT1	12297M001	2020-07-08 04:00:00.0	52.25383	20.90383	151.651	120.304	2,401	1	-0.65	-1.08	0.14	0.15
WAT1	12297M001	2020-07-08 04:30:00.0	52.25383	20.90383	151.651	120.304	2,403	1.3	-0.49	-0.7	0.18	0.25
WAT1	12297M001	2020-07-08 05:00:00.0	52.25383	20.90383	151.65	120.303	2,404.5	1	-0.8	-0.33	0.14	0.16
WAT1	12297M001	2020-07-08 05:30:00.0	52.25383	20.90383	151.65	120.303	2,407	1.2	-1.01	-0.11	0.18	0.16
WAT1	12297M001	2020-07-08 06:00:00.0	52.25383	20.90383	151.652	120.305	2,410.2	1.2	-1.81	-0.43	0.18	0.15
WAT1	12297M001	2020-07-08 06:30:00.0	52.25383	20.90383	151.652	120.305	2,416.2	1.3	-2.39	-0.02	0.2	0.18
WAT1	12297M001	2020-07-08 07:00:00.0	52.25383	20.90383	151.656	120.309	2,418.8	1	-1.72	-0.36	0.15	0.12
WAT1	12297M001	2020-07-08 07:30:00.0	52.25383	20.90383	151.656	120.309	2,420.2	1.2	-1.12	-0.83	0.16	0.17
WAT1	12297M001	2020-07-08 08:00:00.0	52.25383	20.90383	151.653	120.306	2,422.3	1.2	-1.23	-0.16	0.17	0.17
WIEL	18968M001	2020-07-08 03:30:00.0	51.21936	18.57175	233.929	196.056	2,389.9	1.4	-0.51	0.26	0.22	0.26
WIEL	18968M001	2020-07-08 04:00:00.0	51.21936	18.57175	233.928	196.055	2,396.8	1.1	0.22	-0.26	0.16	0.18
WIEL	18968M001	2020-07-08 04:30:00.0	51.21936	18.57175	233.928	196.055	2,396.6	1.3	-0.32	-0.24	0.18	0.29
WIEL	18968M001	2020-07-08 05:00:00.0	51.21936	18.57175	233.93	196.057	2,393.2	1.4	-0.85	0.98	0.23	0.28
WIEL	18968M001	2020-07-08 05:30:00.0	51.21936	18.57175	233.93	196.057	2,393.5	1.7	-1.42	0.12	0.27	0.31
WIEL	18968M001	2020-07-08 06:00:00.0	51.21936	18.57175	233.929	196.056	2,399.2	1.2	-0.68	-0.55	0.18	0.16
WIEL	18968M001	2020-07-08 06:30:00.0	51.21936	18.57175	233.929	196.056	2,405.1	1.3	-0.58	-0.43	0.2	0.2
WIEL	18968M001	2020-07-08 07:00:00.0	51.21936	18.57175	233.931	196.058	2,402.3	1.3	-0.44	-0.09	0.19	0.15
WIEL	18968M001	2020-07-08 07:30:00.0	51.21936	18.57175	233.931	196.058	2,404.3	1.3	-0.45	-0.16	0.2	0.16
WIEL	18968M001	2020-07-08 08:00:00.0	51.21936	18.57175	233.929	196.056	2,404.3	1.3	-0.12	0.72	0.18	0.17
WLAD	12222M001	2020-07-08 03:30:00.0	54.79675	18.41875	34.76	5.88	2,431.5	1.1	-0.7	-0.21	0.14	0.15
WLAD	12222M001	2020-07-08 04:00:00.0	54.79675	18.41875	34.756	5.876	2,429	1.1	-1.11	-0.03	0.15	0.15
WLAD	12222M001	2020-07-08 04:30:00.0	54.79675	18.41875	34.756	5.876	2,418.7	1.3	-1.62	0.36	0.16	0.25
WLAD	12222M001	2020-07-08 05:00:00.0	54.79675	18.41875	34.758	5.878	2,416.1	1	-0.79	0.37	0.15	0.18
WLAD	12222M001	2020-07-08 05:30:00.0	54.79675	18.41875	34.758	5.878	2,421	1.2	-0.31	-0.24	0.2	0.22
WLAD	12222M001	2020-07-08 06:00:00.0	54.79675	18.41875	34.755	5.875	2,419.6	1.1	-0.89	0	0.16	0.15
WLAD	12222M001	2020-07-08 06:30:00.0	54.79675	18.41875	34.755	5.875	2,407	1.2	-1.94	0.69	0.15	0.16
WLAD	12222M001	2020-07-08 07:00:00.0	54.79675	18.41875	34.751	5.871	2,414.5	1	-1.74	0.44	0.16	0.14
WLAD	12222M001	2020-07-08 07:30:00.0	54.79675	18.41875	34.751	5.871	2,409.5	1.2	-1.58	0.64	0.18	0.19
WLAD	12222M001	2020-07-08 08:00:00.0	54.79675	18.41875	34.753	5.873	2,407.8	1.2	-2.17	0.11	0.18	0.17
WLDW	12299M001	2020-07-08 03:30:00.0	51.54528	23.55719	210.957	182.302	2,364.4	1.1	-0.86	-0.74	0.15	0.12
WLDW	12299M001	2020-07-08 04:00:00.0	51.54528	23.55719	210.959	182.304	2,364.1	1.1	-0.83	-0.56	0.13	0.14
WLDW	12299M001	2020-07-08 04:30:00.0	51.54528	23.55719	210.959	182.304	2,363.5	1.3	-0.93	-0.41	0.16	0.23
WLDW	12299M001	2020-07-08 05:00:00.0	51.54528	23.55719	210.955	182.3	2,368.5	1.3	-1.16	-0.26	0.16	0.19
WLDW	12299M001	2020-07-08 05:30:00.0	51.54528	23.55719	210.955	182.3	2,369.5	1.4	-0.98	-0.39	0.22	0.22
WLDW	12299M001	2020-07-08 06:00:00.0	51.54528	23.55719	210.95	182.295	2,367.7	1.3	-1.94	0	0.18	0.18
WLDW	12299M001	2020-07-08 06:30:00.0	51.54528	23.55719	210.95	182.295	2,365.7	1.3	-1.63	-0.53	0.17	0.17
WLDW	12299M001	2020-07-08 07:00:00.0	51.54528	23.55719	210.959	182.304	2,369.9	1	-0.92	-0.59	0.12	0.1
WLDW	12299M001	2020-07-08 07:30:00.0	51.54528	23.55719	210.959	182.304	2,372.9	1.3	-1.01	-1.31	0.19	0.19
WLDW	12299M001	2020-07-08 08:00:00.0	51.54528	23.55719	210.957	182.302	2,373.4	1.4	-1.06	-1.11	0.2	0.22
WLOC	18999M001	2020-07-08 03:30:00.0	52.65872	19.06694	107.571	76.679	2,421	0.9	-0.88	-0.17	0.12	0.13
WLOC	18999M001	2020-07-08 04:00:00.0	52.65872	19.06694	107.568	76.676	2,423.7	0.9	-0.86	-0.11	0.13	0.13
WLOC	18999M001	2020-07-08 04:30:00.0	52.65872	19.06694	107.568	76.676	2,427.2	1.1	-0.98	-0.22	0.14	0.21
WLOC	18999M001	2020-07-08 05:00:00.0	52.65872	19.06694	107.568	76.676	2,429	1	-1.54	0.42	0.13	0.15
WLOC	18999M001	2020-07-08 05:30:00.0	52.65872	19.06694	107.568	76.676	2,420.5	1.1	-1.48	0.26	0.16	0.15
WLOC	18999M001	2020-07-08 06:00:00.0	52.65872	19.06694	107.562	76.67	2,413.2	1.1	-2.16	0.84	0.16	0.14
WLOC	18999M001	2020-07-08 06:30:00.0	52.65872	19.06694	107.562	76.67	2,414.8	1.1	-1.9	0.77	0.15	0.16
WLOC	18999M001	2020-07-08 07:00:00.0	52.65872	19.06694	107.559	76.667	2,421	0.9	-1.62	0.48	0.13	0.1
WLOC	18999M001	2020-07-08 07:30:00.0	52.65872	19.06694	107.559	76.667	2,417.3	1.1	-1.85	0.89	0.17	0.14
WLOC	18999M001	2020-07-08 08:00:00.0	52.65872	19.06694	107.56	76.668	2,407.1	1.2	-1.39	0.59	0.17	0.17
WLOS	NDNT-WLOS	2020-07-08 03:30:00.0	50.84944	19.97483	294.425	257.074	2,367.2	0.8	-1.13	-0.55	0.08	0.09
WLOS	NDNT-WLOS	2020-07-08 04:00:00.0	50.84944	19.97483	294.426	257.075	2,365.5	0.8	-0.64	-0.71	0.1	0.1
WLOS	NDNT-WLOS	2020-07-08 04:30:00.0	50.84944	19.97483	294.426	257.075	2,365.7	0.9	-0.66	-0.35	0.11	0.17
WLOS	NDNT-WLOS	2020-07-08 05:00:00.0	50.84944	19.97483	294.436	257.085	2,372.9	0.8	-0.59	0.05	0.1	0.12
WLOS	NDNT-WLOS	2020-07-08 05:30:00.0	50.84944	19.97483	294.436	257.085	2,374.4	1	-0.81	-0.23	0.13	0.11
WLOS	NDNT-WLOS	2020-07-08 06:00:00.0	50.84944	19.97483	294.433	257.082	2,377.6	1	-1.02	0.59	0.14	0.11
WLOS	NDNT-WLOS	2020-07-08 06:30:00.0	50.84944	19.97483	294.433	257.082	2,378.2	1	-1.27	-0.35	0.13	0.13
WLOS	NDNT-WLOS	2020-07-08 07:00:00.0	50.84944	19.97483	294.436	257.085	2,383	0.9	-0.21	-0.17	0.1	0.09
WLOS	NDNT-WLOS	2020-07-08 07:30:00.0	50.84944	19.97483	294.436	257.085	2,376.9	1	-0.34	-0.36	0.14	0.11
WLOS	NDNT-WLOS	2020-07-08 08:00:00.0	50.84944	19.97483	294.43	257.079	2,374.9	1	-0.86	1.83	0.14	0.13
WOD1	18998M001	2020-07-08 03:30:00.0	50.00017	18.45844	298.995	256.744	2,383.8	1.1	-0.12	-1.12	0.14	0.14
WOD1	18998M001	2020-07-08 04:00:00.0	50.00017	18.45844	298.993	256.742	2,377.1	1	-1.07	0.12	0.13	0.14
WOD1	18998M001	2020-07-08 04:30:00.0	50.00017	18.45844	298.993	256.742	2,377.6	1.2	-1.12	0.58	0.15	0.24
WOD1	18998M001	2020-07-08 05:00:00.0	50.00017	18.45844	298.988	256.737	2,382.4	1	-0.82	-0.99	0.15	0.17
WOD1	18998M001	2020-07-08 05:30:00.0	50.00017	18.45844	298.988	256.737	2,385	1.3	-0.62	-0.01	0.19	0.17
WOD1	18998M001	2020-07-08 06:00:00.0	50.00017	18.45844	298.99	256.739	2,381.9	1.4	-1.64	0.1	0.2	0.19
WOD1	18998M001	2020-07-08 06:30:00.0	50.00017	18.45844	298.99	256.739	2,375.9	1.4	-1.17	-0.73	0.19	0.2
WOD1	18998M001	2020-07-08 07:00:00.0	50.00017	18.45844	298.991	256.74	2,385.2	1.2	-0.33	-0.43	0.14	0.13
WOD1	18998M001	2020-07-08 07:30:00.0	50.00017	18.45844	298.991	256.74	2,392.2	1.4	-0.86	0.11	0.19	0.17
WOD1	18998M001	2020-07-08 08:00:00.0	50.00017	18.45844	298.989	256.738	2,392.1	1.3	-0.92	-0.41	0.17	0.17
WRKI	18997M001	2020-07-08 03:30:00.0	52.70556	16.37108	95.277	60.767	2,435	1.1	-1.21	-0.41	0.14	0.14
WRKI	18997M001	2020-07-08 04:00:00.0	52.70556	16.37108	95.274	60.764	2,425.9	1.1	-1.82	-0.01	0.14	0.15
WRKI	18997M001	2020-07-08 04:30:00.0	52.70556	16.37108	95.274	60.764	2,424.4	1.3	-1.52	-0.59	0.17	0.23
WRKI	18997M001	2020-07-08 05:00:00.0	52.70556	16.37108	95.273	60.763	2,419	1.1	-1.74	0.17	0.16	0.19
WRKI	18997M001	2020-07-08 05:30:00.0	52.70556	16.37108	95.273	60.763	2,412.9	1.4	-2.17	-0.67	0.21	0.23
WRKI	18997M001	2020-07-08 06:00:00.0	52.70556	16.37108	95.275	60.765	2,416.6	1.3	-2.44	0.16	0.17	0.16
WRKI	18997M001	2020-07-08 06:30:00.0	52.70556	16.37108	95.275	60.765	2,412.4	1.3	-2.54	-0.3	0.18	0.19
WRKI	18997M001	2020-07-08 07:00:00.0	52.70556	16.37108	95.276	60.766	2,416.4	1.1	-2	-0.61	0.16	0.15
WRKI	18997M001	2020-07-08 07:30:00.0	52.70556	16.37108	95.276	60.766	2,419.9	1.2	-1.63	0.35	0.2	0.16
WRKI	18997M001	2020-07-08 08:00:00.0	52.70556	16.37108	95.271	60.761	2,413.1	1.2	-1.66	1.04	0.16	0.17
WROC	12217M001	2020-07-08 03:30:00.0	51.11325	17.06206	180.824	140.548	2,415.4	1.5	-1.49	-0.99	0.21	0.19
WROC	12217M001	2020-07-08 04:00:00.0	51.11325	17.06206	180.826	140.55	2,420.2	1.2	-0.85	-0.64	0.17	0.17
WROC	12217M001	2020-07-08 04:30:00.0	51.11325	17.06206	180.826	140.55	2,415	1.4	-1	-0.38	0.18	0.26
WROC	12217M001	2020-07-08 05:00:00.0	51.11325	17.06206	180.824	140.548	2,424.8	1	-0.58	-0.9	0.14	0.16
WROC	12217M001	2020-07-08 05:30:00.0	51.11325	17.06206	180.824	140.548	2,420	1.3	-0.59	-1.01	0.18	0.17
WROC	12217M001	2020-07-08 06:00:00.0	51.11325	17.06206	180.822	140.546	2,425.2	1	-0.58	-0.12	0.14	0.12
WROC	12217M001	2020-07-08 06:30:00.0	51.11325	17.06206	180.822	140.546	2,427.1	1.1	-0.55	-0.05	0.13	0.14
WROC	12217M001	2020-07-08 07:00:00.0	51.11325	17.06206	180.821	140.545	2,426.7	1.2	-0.91	0.13	0.14	0.14
WROC	12217M001	2020-07-08 07:30:00.0	51.11325	17.06206	180.821	140.545	2,421.8	1.4	-1	0.11	0.2	0.18
WROC	12217M001	2020-07-08 08:00:00.0	51.11325	17.06206	180.816	140.54	2,419.4	1.3	-0.87	-0.01	0.18	0.16
WROE	MUSE-WROE	2020-07-08 03:30:00.0	51.11325	17.06206	180.728	140.452	2,417.5	1.5	-0.97	-0.92	0.21	0.19
WROE	MUSE-WROE	2020-07-08 04:00:00.0	51.11325	17.06206	180.728	140.452	2,420.1	1.2	-0.54	-0.52	0.17	0.17
WROE	MUSE-WROE	2020-07-08 04:30:00.0	51.11325	17.06206	180.728	140.452	2,416.1	1.4	-0.59	-0.53	0.18	0.26
WROE	MUSE-WROE	2020-07-08 05:00:00.0	51.11325	17.06206	180.73	140.454	2,424.3	1.1	-0.89	-0.69	0.16	0.19
WROE	MUSE-WROE	2020-07-08 05:30:00.0	51.11325	17.06206	180.73	140.454	2,422.7	1.3	-0.75	-0.53	0.21	0.21
WROE	MUSE-WROE	2020-07-08 06:00:00.0	51.11325	17.06206	180.729	140.453	2,425.1	1.2	-0.57	-0.36	0.17	0.16
WROE	MUSE-WROE	2020-07-08 06:30:00.0	51.11325	17.06206	180.729	140.453	2,422.6	1.3	-1.01	-0.1	0.16	0.18
WROE	MUSE-WROE	2020-07-08 07:00:00.0	51.11325	17.06206	180.724	140.448	2,424.5	1.2	-1.27	-0.02	0.14	0.15
WROE	MUSE-WROE	2020-07-08 07:30:00.0	51.11325	17.06206	180.724	140.448	2,424.8	1.4	-1.2	0.31	0.21	0.19
WROE	MUSE-WROE	2020-07-08 08:00:00.0	51.11325	17.06206	180.726	140.45	2,419.3	1.3	-0.95	0.15	0.18	0.18
ZAWA	NDNT-ZAWA	2020-07-08 03:30:00.0	50.60956	18.48086	264.425	224.011	2,385.2	1	-0.61	0.28	0.13	0.13
ZAWA	NDNT-ZAWA	2020-07-08 04:00:00.0	50.60956	18.48086	264.421	224.007	2,386	1	-0.36	0.9	0.14	0.16
ZAWA	NDNT-ZAWA	2020-07-08 04:30:00.0	50.60956	18.48086	264.421	224.007	2,384.6	1.1	-0.44	0.52	0.14	0.24
ZAWA	NDNT-ZAWA	2020-07-08 05:00:00.0	50.60956	18.48086	264.419	224.005	2,393.8	1.1	-1.04	0.26	0.15	0.18
ZAWA	NDNT-ZAWA	2020-07-08 05:30:00.0	50.60956	18.48086	264.419	224.005	2,396.9	1.3	-1.47	0.38	0.2	0.2
ZAWA	NDNT-ZAWA	2020-07-08 06:00:00.0	50.60956	18.48086	264.419	224.005	2,392.2	1.3	-0.24	-0.11	0.19	0.2
ZAWA	NDNT-ZAWA	2020-07-08 06:30:00.0	50.60956	18.48086	264.419	224.005	2,392.6	1.3	-0.38	-0.22	0.17	0.18
ZAWA	NDNT-ZAWA	2020-07-08 07:00:00.0	50.60956	18.48086	264.424	224.01	2,397.2	1.2	-0.77	0.32	0.14	0.14
ZAWA	NDNT-ZAWA	2020-07-08 07:30:00.0	50.60956	18.48086	264.424	224.01	2,397.2	1.3	-1.26	0.64	0.21	0.15
ZAWA	NDNT-ZAWA	2020-07-08 08:00:00.0	50.60956	18.48086	264.426	224.012	2,390.8	1.2	-0.01	0.8	0.18	0.16
ZAWI	NDNT-ZAWI	2020-07-08 03:30:00.0	50.49467	19.41042	382.915	343.173	2,350.1	0.9	-0.17	-0.61	0.11	0.1
ZAWI	NDNT-ZAWI	2020-07-08 04:00:00.0	50.49467	19.41042	382.915	343.173	2,352.4	0.8	-0.41	-1.15	0.09	0.1
ZAWI	NDNT-ZAWI	2020-07-08 04:30:00.0	50.49467	19.41042	382.915	343.173	2,352.5	0.9	-0.35	-0.41	0.1	0.17
ZAWI	NDNT-ZAWI	2020-07-08 05:00:00.0	50.49467	19.41042	382.912	343.17	2,353.7	0.9	-0.99	-0.08	0.1	0.12
ZAWI	NDNT-ZAWI	2020-07-08 05:30:00.0	50.49467	19.41042	382.912	343.17	2,354.7	1	-0.79	0.2	0.13	0.12
ZAWI	NDNT-ZAWI	2020-07-08 06:00:00.0	50.49467	19.41042	382.914	343.172	2,357.2	1.1	-0.57	-0.31	0.14	0.12
ZAWI	NDNT-ZAWI	2020-07-08 06:30:00.0	50.49467	19.41042	382.914	343.172	2,357.1	1.1	-0.08	-0.32	0.13	0.14
ZAWI	NDNT-ZAWI	2020-07-08 07:00:00.0	50.49467	19.41042	382.921	343.179	2,361	1	-0.5	0.15	0.11	0.1
ZAWI	NDNT-ZAWI	2020-07-08 07:30:00.0	50.49467	19.41042	382.921	343.179	2,357.3	1.1	-1.04	0.17	0.15	0.12
ZAWI	NDNT-ZAWI	2020-07-08 08:00:00.0	50.49467	19.41042	382.926	343.184	2,354.9	1	-0.18	-0.14	0.12	0.12
ZIGR	18995M001	2020-07-08 03:30:00.0	51.94031	15.51431	225.635	186.018	2,393.7	1	-1.72	-0.75	0.13	0.12
ZIGR	18995M001	2020-07-08 04:00:00.0	51.94031	15.51431	225.631	186.014	2,394.4	1.1	-1.34	-0.17	0.15	0.16
ZIGR	18995M001	2020-07-08 04:30:00.0	51.94031	15.51431	225.631	186.014	2,391.2	1.3	-1.51	-0.59	0.17	0.25
ZIGR	18995M001	2020-07-08 05:00:00.0	51.94031	15.51431	225.629	186.012	2,395.1	1.2	-1.35	-0.04	0.16	0.19
ZIGR	18995M001	2020-07-08 05:30:00.0	51.94031	15.51431	225.629	186.012	2,392.9	1.4	-1.01	-0.54	0.21	0.22
ZIGR	18995M001	2020-07-08 06:00:00.0	51.94031	15.51431	225.633	186.016	2,389.2	1.3	-1.34	-0.45	0.18	0.17
ZIGR	18995M001	2020-07-08 06:30:00.0	51.94031	15.51431	225.633	186.016	2,388.8	1.3	-1.25	-0.08	0.18	0.19
ZIGR	18995M001	2020-07-08 07:00:00.0	51.94031	15.51431	225.628	186.011	2,397.8	1.1	-1.18	-0.28	0.14	0.13
ZIGR	18995M001	2020-07-08 07:30:00.0	51.94031	15.51431	225.628	186.011	2,400.6	1.2	-1.18	-0.39	0.18	0.16
ZIGR	18995M001	2020-07-08 08:00:00.0	51.94031	15.51431	225.625	186.008	2,397.2	1.2	-1.44	0.13	0.17	0.17
ZIM2	14001M008	2020-07-08 03:30:00.0	46.87708	7.46503	956.45	907.613	2,178.3	1.3	-1.55	-0.61	0.18	0.19
ZIM2	14001M008	2020-07-08 04:00:00.0	46.87708	7.46503	956.457	907.62	2,176.5	1.2	-0.46	-0.36	0.16	0.15
ZIM2	14001M008	2020-07-08 04:30:00.0	46.87708	7.46503	956.457	907.62	2,173.3	1.4	-0.76	0.12	0.17	0.21
ZIM2	14001M008	2020-07-08 05:00:00.0	46.87708	7.46503	956.456	907.619	2,175.3	1.3	-1.45	-0.36	0.17	0.2
ZIM2	14001M008	2020-07-08 05:30:00.0	46.87708	7.46503	956.456	907.619	2,176.7	1.5	-1.77	-0.12	0.21	0.23
ZIM2	14001M008	2020-07-08 06:00:00.0	46.87708	7.46503	956.465	907.628	2,179.3	1.5	-1.54	-0.26	0.19	0.22
ZIM2	14001M008	2020-07-08 06:30:00.0	46.87708	7.46503	956.465	907.628	2,176.7	1.5	-1.13	-0.4	0.15	0.26
ZIM2	14001M008	2020-07-08 07:00:00.0	46.87708	7.46503	956.454	907.617	2,179.9	1.7	-1.81	-0.16	0.2	0.23
ZIM2	14001M008	2020-07-08 07:30:00.0	46.87708	7.46503	956.454	907.617	2,179.3	1.8	-1.95	-0.29	0.25	0.23
ZIM2	14001M008	2020-07-08 08:00:00.0	46.87708	7.46503	956.45	907.613	2,173.2	1.5	-1.57	-0.41	0.17	0.19
ZYWE	NDNT-ZYWE	2020-07-08 03:30:00.0	49.68817	19.19736	405.805	363.695	2,346.9	1.1	-0.61	-0.56	0.15	0.15
ZYWE	NDNT-ZYWE	2020-07-08 04:00:00.0	49.68817	19.19736	405.806	363.696	2,346.1	1	0.44	-0.29	0.13	0.13
ZYWE	NDNT-ZYWE	2020-07-08 04:30:00.0	49.68817	19.19736	405.806	363.696	2,351.6	1.1	-0.52	0.6	0.14	0.2
ZYWE	NDNT-ZYWE	2020-07-08 05:00:00.0	49.68817	19.19736	405.803	363.693	2,349.1	1	-1.48	0.36	0.15	0.16
ZYWE	NDNT-ZYWE	2020-07-08 05:30:00.0	49.68817	19.19736	405.803	363.693	2,349.6	1.3	-1.76	-0.89	0.19	0.17
ZYWE	NDNT-ZYWE	2020-07-08 06:00:00.0	49.68817	19.19736	405.799	363.689	2,359.3	1.4	-1.2	-0.69	0.2	0.18
ZYWE	NDNT-ZYWE	2020-07-08 06:30:00.0	49.68817	19.19736	405.799	363.689	2,359.4	1.4	-0.78	0.04	0.2	0.2
ZYWE	NDNT-ZYWE	2020-07-08 07:00:00.0	49.68817	19.19736	405.808	363.698	2,357	1.3	-0.18	0.08	0.18	0.15
ZYWE	NDNT-ZYWE	2020-07-08 07:30:00.0	49.68817	19.19736	405.808	363.698	2,355	1.6	0.19	-0.01	0.24	0.21
ZYWE	NDNT-ZYWE	2020-07-08 08:00:00.0	49.68817	19.19736	405.809	363.699	2,356.1	1.3	0.46	0.4	0.18	0.17
ZYWI	12220S001	2020-07-08 03:30:00.0	49.68669	19.20594	412.786	370.684	2,339.5	1.1	0.05	-0.76	0.15	0.15
ZYWI	12220S001	2020-07-08 04:00:00.0	49.68669	19.20597	412.783	370.681	2,342.6	1	0.11	-0.4	0.13	0.14
ZYWI	12220S001	2020-07-08 04:30:00.0	49.68669	19.20597	412.783	370.681	2,342.9	1.2	-0.54	-1.15	0.16	0.23
ZYWI	12220S001	2020-07-08 05:00:00.0	49.68669	19.20597	412.776	370.674	2,341.5	1.1	-1.35	0.17	0.15	0.16
ZYWI	12220S001	2020-07-08 05:30:00.0	49.68669	19.20597	412.776	370.674	2,340.7	1.3	-0.8	-0.61	0.19	0.17
ZYWI	12220S001	2020-07-08 06:00:00.0	49.68669	19.20597	412.77	370.668	2,349.8	1.4	-1.34	-0.62	0.2	0.18
ZYWI	12220S001	2020-07-08 06:30:00.0	49.68669	19.20597	412.77	370.668	2,349.2	1.4	-1.09	-0.43	0.2	0.2
ZYWI	12220S001	2020-07-08 07:00:00.0	49.68669	19.20597	412.777	370.675	2,350.3	1.5	-1.13	-0.08	0.22	0.21
ZYWI	12220S001	2020-07-08 08:00:00.0	49.68669	19.20594	412.77	370.668	2,359.2	1.7	-0.42	-0.47	0.23	0.22
BART	12234M001	2020-07-08 09:00:00.0	54.25069	20.81544	93.241	65.267	2,401	1.1	-1.33	1.16	0.15	0.15
BART	12234M001	2020-07-08 09:30:00.0	54.25069	20.81544	93.241	65.267	2,408.7	1.1	-0.94	0.64	0.17	0.14
BART	12234M001	2020-07-08 10:00:00.0	54.25069	20.81544	93.239	65.265	2,414	0.9	-0.64	-0.65	0.13	0.15
BART	12234M001	2020-07-08 10:30:00.0	54.25069	20.81544	93.239	65.265	2,422.2	1.2	-0.67	0.9	0.14	0.19
BART	12234M001	2020-07-08 11:00:00.0	54.25069	20.81544	93.23	65.256	2,416.2	1.3	-0.35	0.01	0.22	0.2
BART	12234M001	2020-07-08 11:30:00.0	54.25069	20.81544	93.23	65.256	2,415.4	1.6	-0.97	0.13	0.27	0.29
BART	12234M001	2020-07-08 12:00:00.0	54.25069	20.81544	93.234	65.26	2,413.2	1.4	-2.8	0.62	0.19	0.2
BART	12234M001	2020-07-08 12:30:00.0	54.25069	20.81544	93.234	65.26	2,418.4	1.3	-2.66	0.44	0.19	0.18
BART	12234M001	2020-07-08 13:00:00.0	54.25069	20.81544	93.229	65.255	2,417.4	1	-1.4	0.35	0.13	0.15
BART	12234M001	2020-07-08 13:30:00.0	54.25069	20.81544	93.229	65.255	2,421.9	1.2	-0.59	-1.09	0.2	0.21
BART	12234M001	2020-07-08 14:00:00.0	54.25069	20.81544	93.224	65.25	2,418.9	1.1	-0.84	2.82	0.2	0.17
BART	12234M001	2020-07-08 14:30:00.0	54.25069	20.81544	93.224	65.25	2,411.8	1.3	-0.61	1.38	0.25	0.23
BART	12234M001	2020-07-08 15:00:00.0	54.25069	20.81544	93.219	65.245	2,426.6	1.3	-0.73	-0.76	0.17	0.2
BART	12234M001	2020-07-08 15:30:00.0	54.25069	20.81544	93.219	65.245	2,424.8	1.3	-0.8	0.3	0.18	0.2
BART	12234M001	2020-07-08 16:00:00.0	54.25069	20.81544	93.224	65.25	2,406.9	1.3	-1.09	1.4	0.18	0.22
BART	12234M001	2020-07-08 16:30:00.0	54.25069	20.81544	93.224	65.25	2,405.5	1.4	-1.31	1.96	0.21	0.31
BART	12234M001	2020-07-08 17:00:00.0	54.25069	20.81544	93.224	65.25	2,410.3	1.1	-0.71	-0.04	0.15	0.17
BART	12234M001	2020-07-08 17:30:00.0	54.25069	20.81544	93.224	65.25	2,416.2	1.1	-1.23	0.42	0.14	0.17
BART	12234M001	2020-07-08 18:00:00.0	54.25069	20.81544	93.226	65.252	2,414.3	1	-0.9	0.78	0.16	0.15
BART	12234M001	2020-07-08 18:30:00.0	54.25069	20.81544	93.226	65.252	2,411.7	1	-1.05	0.58	0.16	0.14
BART	12234M001	2020-07-08 19:00:00.0	54.25069	20.81544	93.227	65.253	2,405.1	0.8	-1.04	0.45	0.12	0.1
BEDZ	NDNT-BEDZ	2020-07-08 09:00:00.0	50.34453	19.15936	315.218	274.426	2,386	1.3	-0.36	-0.28	0.16	0.17
BEDZ	NDNT-BEDZ	2020-07-08 09:30:00.0	50.34453	19.15936	315.218	274.426	2,385.6	1.3	-0.53	0.07	0.17	0.17
BEDZ	NDNT-BEDZ	2020-07-08 10:00:00.0	50.34453	19.15936	315.215	274.423	2,391.1	1.2	-0.96	-0.26	0.13	0.16
BEDZ	NDNT-BEDZ	2020-07-08 10:30:00.0	50.34453	19.15936	315.215	274.423	2,387.4	1.4	-1.09	-0.3	0.19	0.17
BEDZ	NDNT-BEDZ	2020-07-08 11:00:00.0	50.34453	19.15936	315.215	274.423	2,388.8	1.4	-1.05	-0.24	0.23	0.15
BEDZ	NDNT-BEDZ	2020-07-08 11:30:00.0	50.34453	19.15936	315.215	274.423	2,389.4	1.8	-1.22	-0.34	0.3	0.22
BEDZ	NDNT-BEDZ	2020-07-08 12:00:00.0	50.34453	19.15936	315.211	274.419	2,393.5	1.4	-1.32	-0.12	0.21	0.16
BEDZ	NDNT-BEDZ	2020-07-08 12:30:00.0	50.34453	19.15936	315.211	274.419	2,399.4	1.3	-1.55	0.07	0.16	0.18
BEDZ	NDNT-BEDZ	2020-07-08 13:00:00.0	50.34453	19.15936	315.212	274.42	2,408.3	1.2	-1.28	-0.45	0.15	0.16
BEDZ	NDNT-BEDZ	2020-07-08 13:30:00.0	50.34453	19.15936	315.212	274.42	2,410.2	1.4	-1.38	0.37	0.19	0.22
BEDZ	NDNT-BEDZ	2020-07-08 14:00:00.0	50.34453	19.15936	315.214	274.422	2,409.6	1.4	-1.29	0.24	0.21	0.2
BEDZ	NDNT-BEDZ	2020-07-08 14:30:00.0	50.34453	19.15936	315.214	274.422	2,412.5	1.6	-1.26	0.25	0.26	0.24
BEDZ	NDNT-BEDZ	2020-07-08 15:00:00.0	50.34453	19.15936	315.217	274.425	2,417.2	1.4	-0.98	0.37	0.18	0.18
BEDZ	NDNT-BEDZ	2020-07-08 15:30:00.0	50.34453	19.15936	315.217	274.425	2,412.1	1.4	-1.13	0.27	0.16	0.17
BEDZ	NDNT-BEDZ	2020-07-08 16:00:00.0	50.34453	19.15936	315.218	274.426	2,414.2	1.1	-1.09	0.08	0.14	0.14
BEDZ	NDNT-BEDZ	2020-07-08 16:30:00.0	50.34453	19.15936	315.218	274.426	2,416.3	1.3	-0.86	0.43	0.17	0.2
BEDZ	NDNT-BEDZ	2020-07-08 17:00:00.0	50.34453	19.15936	315.217	274.425	2,424	1.1	-0.49	0.04	0.15	0.16
BEDZ	NDNT-BEDZ	2020-07-08 17:30:00.0	50.34453	19.15936	315.217	274.425	2,420.8	1.1	-0.79	-0.06	0.13	0.17
BEDZ	NDNT-BEDZ	2020-07-08 18:00:00.0	50.34453	19.15936	315.22	274.428	2,420.3	1.3	-1.2	-0.54	0.17	0.17
BEDZ	NDNT-BEDZ	2020-07-08 18:30:00.0	50.34453	19.15936	315.22	274.428	2,422.4	1.3	-1.13	-0.4	0.18	0.17
BEDZ	NDNT-BEDZ	2020-07-08 19:00:00.0	50.34453	19.15936	315.222	274.43	2,420.8	1	-1.54	-0.3	0.11	0.11
BES1	MUSE-BES1	2020-07-08 09:00:00.0	50.32831	19.12436	310.629	269.729	2,379.8	1.4	-1.72	-0.54	0.18	0.19
BES1	MUSE-BES1	2020-07-08 09:30:00.0	50.32831	19.12436	310.629	269.729	2,386.4	1.4	-1.33	-0.61	0.18	0.19
BES1	MUSE-BES1	2020-07-08 10:00:00.0	50.32831	19.12436	310.63	269.73	2,389.9	1.3	-1.44	-1.09	0.14	0.17
BES1	MUSE-BES1	2020-07-08 10:30:00.0	50.32831	19.12436	310.63	269.73	2,387.4	1.8	-0.86	-0.39	0.24	0.26
BES1	MUSE-BES1	2020-07-08 11:00:00.0	50.32831	19.12436	310.63	269.73	2,399	1.9	-1.06	-0.37	0.29	0.3
BES1	MUSE-BES1	2020-07-08 11:30:00.0	50.32831	19.12436	310.63	269.73	2,396	2.1	-1.73	-0.54	0.34	0.37
BES1	MUSE-BES1	2020-07-08 12:00:00.0	50.32831	19.12436	310.628	269.728	2,403.5	1.9	-1.74	-0.22	0.28	0.33
BES1	MUSE-BES1	2020-07-08 12:30:00.0	50.32831	19.12436	310.628	269.728	2,402.5	1.8	-1.03	-0.02	0.24	0.37
BES1	MUSE-BES1	2020-07-08 13:00:00.0	50.32831	19.12436	310.631	269.731	2,409.3	1.4	-1.02	-0.53	0.19	0.24
BES1	MUSE-BES1	2020-07-08 13:30:00.0	50.32831	19.12436	310.631	269.731	2,408.9	1.6	-1.13	-0.03	0.25	0.3
BES1	MUSE-BES1	2020-07-08 14:00:00.0	50.32831	19.12436	310.629	269.729	2,411.9	1.6	-1.52	0.49	0.25	0.24
BES1	MUSE-BES1	2020-07-08 14:30:00.0	50.32831	19.12436	310.629	269.729	2,418.7	1.8	-1.4	0.73	0.29	0.31
BES1	MUSE-BES1	2020-07-08 15:00:00.0	50.32831	19.12436	310.628	269.728	2,421.1	1.6	-1.51	0.26	0.22	0.23
BES1	MUSE-BES1	2020-07-08 15:30:00.0	50.32831	19.12436	310.628	269.728	2,417.8	1.6	-0.84	0.02	0.19	0.26
BES1	MUSE-BES1	2020-07-08 16:00:00.0	50.32831	19.12436	310.631	269.731	2,413.8	1.4	-1.94	0.77	0.19	0.24
BES1	MUSE-BES1	2020-07-08 16:30:00.0	50.32831	19.12436	310.631	269.731	2,417.9	1.5	-1.79	0.53	0.23	0.33
BES1	MUSE-BES1	2020-07-08 17:00:00.0	50.32831	19.12436	310.639	269.739	2,421.7	1.2	-2.08	0.54	0.18	0.23
BES1	MUSE-BES1	2020-07-08 17:30:00.0	50.32831	19.12436	310.639	269.739	2,419.1	1.3	-1.7	0.34	0.17	0.27
BES1	MUSE-BES1	2020-07-08 18:00:00.0	50.32831	19.12436	310.644	269.744	2,417	1.4	-1.69	0.37	0.18	0.2
BES1	MUSE-BES1	2020-07-08 18:30:00.0	50.32831	19.12436	310.644	269.744	2,419.6	1.4	-1.36	-0.06	0.19	0.21
BES1	MUSE-BES1	2020-07-08 19:00:00.0	50.32831	19.12436	310.646	269.746	2,419.1	1.2	-1.7	-0.06	0.16	0.16
BIA2	NDNT-BIAL	2020-07-08 09:00:00.0	49.39022	20.09875	754.863	713.424	2,254.8	1.3	-0.21	-1.04	0.16	0.17
BIA2	NDNT-BIAL	2020-07-08 09:30:00.0	49.39022	20.09875	754.863	713.424	2,256.9	1.3	-0.23	-0.24	0.17	0.17
BIA2	NDNT-BIAL	2020-07-08 10:00:00.0	49.39022	20.09875	754.867	713.428	2,260.1	1.2	-0.7	-0.6	0.14	0.18
BIA2	NDNT-BIAL	2020-07-08 10:30:00.0	49.39022	20.09875	754.867	713.428	2,264.9	1.6	-1.43	-1.06	0.21	0.23
BIA2	NDNT-BIAL	2020-07-08 11:00:00.0	49.39022	20.09875	754.866	713.427	2,260	1.3	-0.48	-0.7	0.22	0.15
BIA2	NDNT-BIAL	2020-07-08 11:30:00.0	49.39022	20.09875	754.866	713.427	2,252.4	1.6	0.16	-0.81	0.28	0.22
BIA2	NDNT-BIAL	2020-07-08 12:00:00.0	49.39022	20.09875	754.86	713.421	2,262.3	1.3	-0.96	0.12	0.19	0.16
BIA2	NDNT-BIAL	2020-07-08 12:30:00.0	49.39022	20.09875	754.86	713.421	2,259.2	1.2	-1.2	0.22	0.15	0.18
BIA2	NDNT-BIAL	2020-07-08 13:00:00.0	49.39022	20.09875	754.865	713.426	2,259.9	1.1	-0.99	-0.44	0.15	0.12
BIA2	NDNT-BIAL	2020-07-08 13:30:00.0	49.39022	20.09875	754.865	713.426	2,264.9	1.2	-0.66	-0.28	0.17	0.2
BIA2	NDNT-BIAL	2020-07-08 14:00:00.0	49.39022	20.09875	754.87	713.431	2,259.9	1.3	-0.19	-0.56	0.17	0.19
BIA2	NDNT-BIAL	2020-07-08 14:30:00.0	49.39022	20.09875	754.87	713.431	2,268.4	1.6	-0.22	-0.59	0.24	0.25
BIA2	NDNT-BIAL	2020-07-08 15:00:00.0	49.39022	20.09875	754.875	713.436	2,270.4	1.4	-0.54	-0.03	0.19	0.18
BIA2	NDNT-BIAL	2020-07-08 15:30:00.0	49.39022	20.09875	754.875	713.436	2,276.5	1.4	-0.28	-0.27	0.17	0.17
BIA2	NDNT-BIAL	2020-07-08 16:00:00.0	49.39022	20.09875	754.866	713.427	2,274.3	1.3	-0.92	-0.65	0.17	0.18
BIA2	NDNT-BIAL	2020-07-08 16:30:00.0	49.39022	20.09875	754.866	713.427	2,272.9	1.6	-0.38	-0.84	0.21	0.26
BIA2	NDNT-BIAL	2020-07-08 17:00:00.0	49.39022	20.09875	754.872	713.433	2,284.8	1.2	-0.33	-0.13	0.17	0.19
BIA2	NDNT-BIAL	2020-07-08 17:30:00.0	49.39022	20.09875	754.872	713.433	2,284.3	1.2	-0.55	-0.46	0.15	0.2
BIA2	NDNT-BIAL	2020-07-08 18:00:00.0	49.39022	20.09875	754.873	713.434	2,285.8	1.3	-1.06	-0.36	0.17	0.17
BIA2	NDNT-BIAL	2020-07-08 18:30:00.0	49.39022	20.09875	754.873	713.434	2,286.1	1.4	-1.45	-0.89	0.19	0.17
BIA2	NDNT-BIAL	2020-07-08 19:00:00.0	49.39022	20.09875	754.866	713.427	2,286.2	0.9	-0.85	-0.23	0.11	0.11
BILG	12236M001	2020-07-08 09:00:00.0	50.5315	22.71858	242.978	209.289	2,366.3	1.4	-0.52	-0.41	0.17	0.17
BILG	12236M001	2020-07-08 09:30:00.0	50.5315	22.71858	242.978	209.289	2,376.6	1.4	-0.39	-1.01	0.17	0.15
BILG	12236M001	2020-07-08 10:00:00.0	50.5315	22.71858	242.977	209.288	2,389.8	1.2	-0.73	-1.62	0.13	0.14
BILG	12236M001	2020-07-08 10:30:00.0	50.5315	22.71858	242.977	209.288	2,396.1	1.5	0.08	-1	0.2	0.19
BILG	12236M001	2020-07-08 11:00:00.0	50.5315	22.71858	242.98	209.291	2,393.1	1.3	0.53	0.03	0.24	0.15
BILG	12236M001	2020-07-08 11:30:00.0	50.5315	22.71858	242.98	209.291	2,406.2	1.6	-0.92	-0.04	0.28	0.19
BILG	12236M001	2020-07-08 12:00:00.0	50.5315	22.71858	242.967	209.278	2,404	1.3	-2.52	0.49	0.18	0.14
BILG	12236M001	2020-07-08 12:30:00.0	50.5315	22.71858	242.967	209.278	2,392.9	1.2	-0.81	0.03	0.15	0.17
BILG	12236M001	2020-07-08 13:00:00.0	50.5315	22.71858	242.962	209.273	2,399.1	1.1	-0.24	-0.53	0.14	0.14
BILG	12236M001	2020-07-08 13:30:00.0	50.5315	22.71858	242.962	209.273	2,402.3	1.3	-1.16	-0.25	0.18	0.2
BILG	12236M001	2020-07-08 14:00:00.0	50.5315	22.71858	242.974	209.285	2,394.8	1.3	-1.55	-0.06	0.19	0.16
BILG	12236M001	2020-07-08 14:30:00.0	50.5315	22.71858	242.974	209.285	2,396.4	1.6	-2.26	0.55	0.24	0.2
BILG	12236M001	2020-07-08 15:00:00.0	50.5315	22.71858	242.974	209.285	2,405.8	1.3	-0.47	-0.26	0.15	0.14
BILG	12236M001	2020-07-08 15:30:00.0	50.5315	22.71858	242.974	209.285	2,405.2	1.3	-0.61	-0.65	0.13	0.14
BILG	12236M001	2020-07-08 16:00:00.0	50.5315	22.71858	242.976	209.287	2,407.3	1.1	-1.01	-0.22	0.13	0.13
BILG	12236M001	2020-07-08 16:30:00.0	50.5315	22.71858	242.976	209.287	2,413.7	1.3	-0.85	0.03	0.15	0.24
BILG	12236M001	2020-07-08 17:00:00.0	50.5315	22.71858	242.975	209.286	2,415.8	1.2	-0.91	-1.15	0.16	0.17
BILG	12236M001	2020-07-08 17:30:00.0	50.5315	22.71858	242.975	209.286	2,418.8	1.1	-0.57	-1.31	0.13	0.16
BILG	12236M001	2020-07-08 18:00:00.0	50.5315	22.71858	242.973	209.284	2,422.9	1.3	-1.86	-0.86	0.17	0.16
BILG	12236M001	2020-07-08 18:30:00.0	50.5315	22.71858	242.973	209.284	2,423.5	1.3	-1.44	-0.76	0.17	0.15
BILG	12236M001	2020-07-08 19:00:00.0	50.5315	22.71858	242.972	209.283	2,423	1	-1.13	-0.2	0.11	0.11
BOGI	12207M003	2020-07-08 09:00:00.0	52.475	21.03522	139.974	109.166	2,417.9	1.9	-1.12	0.38	0.29	0.29
BOGI	12207M003	2020-07-08 10:00:00.0	52.475	21.03522	139.972	109.164	2,419.1	1.6	-1.21	2.05	0.25	0.25
BOGI	12207M003	2020-07-08 10:30:00.0	52.475	21.03522	139.972	109.164	2,412.5	1.6	-1.08	1.59	0.24	0.25
BOGI	12207M003	2020-07-08 11:00:00.0	52.475	21.03522	139.959	109.151	2,416.2	1.4	-0.1	1.2	0.25	0.17
BOGI	12207M003	2020-07-08 11:30:00.0	52.475	21.03522	139.959	109.151	2,426.5	1.7	-0.52	1.52	0.3	0.23
BOGI	12207M003	2020-07-08 12:00:00.0	52.475	21.03522	139.969	109.161	2,413.4	1.6	-3.48	1.23	0.25	0.23
BOGI	12207M003	2020-07-08 12:30:00.0	52.475	21.03522	139.969	109.161	2,404.3	1.5	-3.11	0.65	0.25	0.23
BOGI	12207M003	2020-07-08 13:00:00.0	52.475	21.03522	139.966	109.158	2,395	1.3	-1.97	1.12	0.19	0.2
BOGI	12207M003	2020-07-08 13:30:00.0	52.475	21.03522	139.966	109.158	2,399	1.5	-3.08	0.91	0.22	0.25
BOGI	12207M003	2020-07-08 14:00:00.0	52.475	21.03522	139.964	109.156	2,400.3	1.3	-2.34	0.26	0.2	0.2
BOGI	12207M003	2020-07-08 14:30:00.0	52.475	21.03522	139.964	109.156	2,402.2	1.7	-2.49	0.04	0.27	0.27
BOGI	12207M003	2020-07-08 15:00:00.0	52.475	21.03522	139.968	109.16	2,400.7	1.3	-1.12	0.1	0.18	0.17
BOGI	12207M003	2020-07-08 15:30:00.0	52.475	21.03522	139.968	109.16	2,401.7	1.3	-1.02	0.02	0.21	0.19
BOGI	12207M003	2020-07-08 16:00:00.0	52.475	21.03522	139.973	109.165	2,390.7	1.1	-1.23	0.74	0.15	0.17
BOGI	12207M003	2020-07-08 16:30:00.0	52.475	21.03522	139.973	109.165	2,389.7	1.3	-0.32	0.25	0.19	0.27
BOGI	12207M003	2020-07-08 17:00:00.0	52.475	21.03522	139.969	109.161	2,392.9	1.1	-1.53	0.58	0.16	0.2
BOGI	12207M003	2020-07-08 17:30:00.0	52.475	21.03522	139.969	109.161	2,399.7	1.2	-1.46	1.25	0.17	0.2
BOGI	12207M003	2020-07-08 18:00:00.0	52.475	21.03522	139.966	109.158	2,398.7	1.2	-2.19	-0.59	0.19	0.17
BOGI	12207M003	2020-07-08 18:30:00.0	52.475	21.03522	139.966	109.158	2,403.7	1.2	-0.71	-1.51	0.19	0.18
BOGI	12207M003	2020-07-08 19:00:00.0	52.475	21.03522	139.969	109.161	2,402.3	1	-0.71	-0.7	0.15	0.14
BOGO	12207M002	2020-07-08 09:00:00.0	52.47594	21.03536	149.611	118.805	2,411	1.2	-1.91	0.8	0.16	0.16
BOGO	12207M002	2020-07-08 09:30:00.0	52.47594	21.03536	149.611	118.805	2,411.9	1.2	-1.55	0.83	0.18	0.16
BOGO	12207M002	2020-07-08 10:00:00.0	52.47594	21.03536	149.614	118.808	2,412.5	1	-1.17	0.48	0.14	0.16
BOGO	12207M002	2020-07-08 10:30:00.0	52.47594	21.03536	149.614	118.808	2,412.4	1.3	-0.99	-0.28	0.16	0.2
BOGO	12207M002	2020-07-08 11:00:00.0	52.47594	21.03536	149.613	118.807	2,411.3	1.2	-0.21	0.35	0.22	0.14
BOGO	12207M002	2020-07-08 11:30:00.0	52.47594	21.03536	149.613	118.807	2,410.2	1.5	-1.06	0.39	0.26	0.21
BOGO	12207M002	2020-07-08 12:00:00.0	52.47594	21.03536	149.61	118.804	2,411.3	1.5	-3.12	-0.3	0.21	0.19
BOGO	12207M002	2020-07-08 12:30:00.0	52.47594	21.03536	149.61	118.804	2,407.2	1.4	-3.33	-0.55	0.2	0.2
BOGO	12207M002	2020-07-08 13:00:00.0	52.47594	21.03536	149.613	118.807	2,395.3	1.2	-2.19	0.27	0.17	0.19
BOGO	12207M002	2020-07-08 13:30:00.0	52.47594	21.03536	149.613	118.807	2,402.4	1.4	-1.51	0.07	0.2	0.25
BOGO	12207M002	2020-07-08 14:00:00.0	52.47594	21.03536	149.609	118.803	2,390.7	1.3	-1.14	0.23	0.2	0.2
BOGO	12207M002	2020-07-08 14:30:00.0	52.47594	21.03536	149.609	118.803	2,388.3	1.6	-1.08	0.11	0.25	0.26
BOGO	12207M002	2020-07-08 15:00:00.0	52.47594	21.03536	149.602	118.796	2,407.9	1.2	-0.96	-1.15	0.17	0.16
BOGO	12207M002	2020-07-08 15:30:00.0	52.47594	21.03536	149.602	118.796	2,398.5	1.2	-1.34	-0.7	0.17	0.17
BOGO	12207M002	2020-07-08 16:00:00.0	52.47594	21.03536	149.607	118.801	2,390.8	1.1	-1.49	-0.57	0.14	0.15
BOGO	12207M002	2020-07-08 16:30:00.0	52.47594	21.03536	149.607	118.801	2,386.6	1.3	-0.6	-1.46	0.19	0.26
BOGO	12207M002	2020-07-08 17:00:00.0	52.47594	21.03536	149.608	118.802	2,397.8	1.1	-2.14	0.18	0.16	0.18
BOGO	12207M002	2020-07-08 17:30:00.0	52.47594	21.03536	149.608	118.802	2,399.5	1.1	-2.74	-0.17	0.15	0.17
BOGO	12207M002	2020-07-08 18:00:00.0	52.47594	21.03536	149.61	118.804	2,398.3	1.1	-1.58	0.74	0.18	0.16
BOGO	12207M002	2020-07-08 18:30:00.0	52.47594	21.03536	149.61	118.804	2,399.7	1.1	-1.71	0.18	0.17	0.16
BOGO	12207M002	2020-07-08 19:00:00.0	52.47594	21.03536	149.61	118.804	2,404.9	0.9	-1.75	0.1	0.13	0.12
BOR1	12205M002	2020-07-08 09:00:00.0	52.27694	17.07347	124.421	89.07	2,420.6	1.2	-1.71	-0.04	0.18	0.17
BOR1	12205M002	2020-07-08 09:30:00.0	52.27694	17.07347	124.421	89.07	2,422.9	1.2	-2.33	-0.03	0.17	0.15
BOR1	12205M002	2020-07-08 10:00:00.0	52.27694	17.07347	124.42	89.069	2,424.1	1.2	-2.14	0.19	0.16	0.16
BOR1	12205M002	2020-07-08 10:30:00.0	52.27694	17.07347	124.42	89.069	2,422	1.5	-2.07	0.34	0.23	0.21
BOR1	12205M002	2020-07-08 11:00:00.0	52.27694	17.07347	124.423	89.072	2,423	2.2	-1.95	-0.49	0.36	0.28
BOR1	12205M002	2020-07-08 12:00:00.0	52.27697	17.07347	124.422	89.071	2,419.1	2.1	-1.6	-0.14	0.36	0.28
BOR1	12205M002	2020-07-08 12:30:00.0	52.27697	17.07347	124.422	89.071	2,419.3	1.8	-1.45	-0.26	0.29	0.26
BOR1	12205M002	2020-07-08 13:00:00.0	52.27694	17.07347	124.428	89.077	2,419.3	1.3	-1.25	0.16	0.21	0.18
BOR1	12205M002	2020-07-08 13:30:00.0	52.27694	17.07347	124.428	89.077	2,419.3	1.4	-1.46	0.01	0.22	0.24
BOR1	12205M002	2020-07-08 14:00:00.0	52.27694	17.07347	124.421	89.07	2,420.1	1.2	-1.03	0.1	0.2	0.18
BOR1	12205M002	2020-07-08 14:30:00.0	52.27694	17.07347	124.421	89.07	2,418.2	1.5	-1.28	0.4	0.26	0.21
BOR1	12205M002	2020-07-08 15:00:00.0	52.27694	17.07347	124.413	89.062	2,422.3	1.5	-1.81	-0.48	0.21	0.2
BOR1	12205M002	2020-07-08 15:30:00.0	52.27694	17.07347	124.413	89.062	2,425.5	1.6	-1.74	-0.21	0.22	0.23
BOR1	12205M002	2020-07-08 16:00:00.0	52.27694	17.07347	124.418	89.067	2,420.9	1.1	-1.78	-0.25	0.16	0.18
BOR1	12205M002	2020-07-08 16:30:00.0	52.27694	17.07347	124.418	89.067	2,420.8	1.3	-1.58	-0.24	0.19	0.29
BOR1	12205M002	2020-07-08 17:00:00.0	52.27694	17.07347	124.417	89.066	2,419.6	1.3	-2.15	-0.54	0.18	0.23
BOR1	12205M002	2020-07-08 17:30:00.0	52.27694	17.07347	124.417	89.066	2,420.5	1.4	-2.32	-0.44	0.2	0.26
BOR1	12205M002	2020-07-08 18:00:00.0	52.27694	17.07347	124.42	89.069	2,421.4	1.2	-0.72	-0.36	0.19	0.19
BOR1	12205M002	2020-07-08 18:30:00.0	52.27694	17.07347	124.42	89.069	2,421	1.2	-0.73	-0.57	0.16	0.18
BOR1	12205M002	2020-07-08 19:00:00.0	52.27694	17.07347	124.416	89.065	2,418.8	1.1	-1.28	-0.28	0.17	0.17
BPDL	12223M001	2020-07-08 09:00:00.0	52.03528	23.12736	196.359	167.425	2,406.1	1.9	-0.65	-1.33	0.25	0.29
BPDL	12223M001	2020-07-08 10:00:00.0	52.03528	23.12736	196.366	167.432	2,398.8	1.5	-0.72	0.07	0.19	0.24
BPDL	12223M001	2020-07-08 10:30:00.0	52.03528	23.12736	196.366	167.432	2,406.5	1.6	-0.58	0.08	0.21	0.25
BPDL	12223M001	2020-07-08 11:00:00.0	52.03528	23.12736	196.373	167.439	2,408.5	2.4	-1.27	1.01	0.35	0.36
BPDL	12223M001	2020-07-08 19:00:00.0	52.03528	23.12736	196.355	167.421	2,405.2	1.2	-1.57	-0.11	0.16	0.2
BRZE	NDNT-BRZE	2020-07-08 09:00:00.0	49.969	20.59017	327.381	289.021	2,380.8	1.3	0.49	0.12	0.14	0.16
BRZE	NDNT-BRZE	2020-07-08 09:30:00.0	49.969	20.59017	327.381	289.021	2,384	1.3	-0.15	0.61	0.16	0.15
BRZE	NDNT-BRZE	2020-07-08 10:00:00.0	49.969	20.59017	327.382	289.022	2,385.6	1.1	-0.32	-0.35	0.13	0.15
BRZE	NDNT-BRZE	2020-07-08 10:30:00.0	49.969	20.59017	327.382	289.022	2,387.3	1.6	-0.17	-0.02	0.23	0.21
BRZE	NDNT-BRZE	2020-07-08 11:00:00.0	49.969	20.59017	327.388	289.028	2,382	1.6	-0.37	-0.5	0.27	0.2
BRZE	NDNT-BRZE	2020-07-08 11:30:00.0	49.969	20.59017	327.388	289.028	2,390.4	2.1	-1.59	-0.11	0.36	0.27
BRZE	NDNT-BRZE	2020-07-08 12:00:00.0	49.969	20.59017	327.385	289.025	2,381	1.5	-2.27	-0.15	0.25	0.18
BRZE	NDNT-BRZE	2020-07-08 12:30:00.0	49.969	20.59017	327.385	289.025	2,384.4	1.3	-1.05	-1.08	0.16	0.2
BRZE	NDNT-BRZE	2020-07-08 13:00:00.0	49.969	20.59017	327.382	289.022	2,388.1	1.3	0.08	-0.92	0.17	0.16
BRZE	NDNT-BRZE	2020-07-08 13:30:00.0	49.969	20.59017	327.382	289.022	2,394.1	1.5	-0.4	-0.25	0.21	0.25
BRZE	NDNT-BRZE	2020-07-08 14:00:00.0	49.969	20.59017	327.386	289.026	2,394.8	1.3	-0.27	-0.3	0.19	0.19
BRZE	NDNT-BRZE	2020-07-08 14:30:00.0	49.969	20.59017	327.386	289.026	2,389.5	1.5	-0.03	0.75	0.26	0.23
BRZE	NDNT-BRZE	2020-07-08 15:00:00.0	49.969	20.59017	327.392	289.032	2,406.8	1.3	-0.4	-0.27	0.17	0.17
BRZE	NDNT-BRZE	2020-07-08 15:30:00.0	49.969	20.59017	327.392	289.032	2,405.6	1.2	-0.82	0.17	0.14	0.14
BRZE	NDNT-BRZE	2020-07-08 16:00:00.0	49.969	20.59017	327.383	289.023	2,406.3	1.1	-0.99	-0.62	0.12	0.13
BRZE	NDNT-BRZE	2020-07-08 16:30:00.0	49.969	20.59017	327.383	289.023	2,407.9	1.2	-0.85	-0.59	0.15	0.2
BRZE	NDNT-BRZE	2020-07-08 17:00:00.0	49.969	20.59017	327.384	289.024	2,414.5	1.1	0.32	-1.5	0.15	0.17
BRZE	NDNT-BRZE	2020-07-08 17:30:00.0	49.969	20.59017	327.384	289.024	2,415.8	1.1	-0.33	-0.86	0.13	0.16
BRZE	NDNT-BRZE	2020-07-08 18:00:00.0	49.969	20.59017	327.377	289.017	2,425	1.2	-0.57	-0.92	0.15	0.15
BRZE	NDNT-BRZE	2020-07-08 18:30:00.0	49.969	20.59017	327.377	289.017	2,421	1.2	-0.57	-1.72	0.17	0.16
BRZE	NDNT-BRZE	2020-07-08 19:00:00.0	49.969	20.59017	327.374	289.014	2,425.8	0.9	-0.78	-0.65	0.11	0.11
BRZG	NDNT-BRZG	2020-07-08 09:00:00.0	50.86219	17.45103	190.694	150.345	2,427.9	1.5	-0.16	0.23	0.19	0.2
BRZG	NDNT-BRZG	2020-07-08 09:30:00.0	50.86219	17.45103	190.694	150.345	2,428.2	1.5	-0.18	0.5	0.19	0.19
BRZG	NDNT-BRZG	2020-07-08 10:00:00.0	50.86219	17.45103	190.692	150.343	2,436.5	1.4	-1.09	-0.24	0.15	0.18
BRZG	NDNT-BRZG	2020-07-08 10:30:00.0	50.86219	17.45103	190.692	150.343	2,436.5	1.6	-1.13	-0.22	0.2	0.2
BRZG	NDNT-BRZG	2020-07-08 11:00:00.0	50.86219	17.45103	190.696	150.347	2,440.8	1.4	-1.27	-0.52	0.24	0.15
BRZG	NDNT-BRZG	2020-07-08 11:30:00.0	50.86219	17.45103	190.696	150.347	2,440.1	1.8	-1.1	-0.87	0.29	0.25
BRZG	NDNT-BRZG	2020-07-08 12:00:00.0	50.86219	17.45103	190.692	150.343	2,446	1.5	-0.98	-0.86	0.22	0.22
BRZG	NDNT-BRZG	2020-07-08 12:30:00.0	50.86219	17.45103	190.692	150.343	2,446.1	1.4	-0.89	-0.25	0.18	0.22
BRZG	NDNT-BRZG	2020-07-08 13:00:00.0	50.86219	17.45103	190.691	150.342	2,444.9	1.3	-1.22	-0.21	0.16	0.22
BRZG	NDNT-BRZG	2020-07-08 13:30:00.0	50.86219	17.45103	190.691	150.342	2,440.1	1.5	-1.29	-0.48	0.26	0.29
BRZG	NDNT-BRZG	2020-07-08 14:00:00.0	50.86219	17.45103	190.695	150.346	2,442.8	1.5	-1.62	0.5	0.24	0.24
BRZG	NDNT-BRZG	2020-07-08 14:30:00.0	50.86219	17.45103	190.695	150.346	2,444.6	1.7	-1.88	0.32	0.29	0.32
BRZG	NDNT-BRZG	2020-07-08 15:00:00.0	50.86219	17.45103	190.7	150.351	2,447.8	1.5	-1.16	0.6	0.23	0.21
BRZG	NDNT-BRZG	2020-07-08 15:30:00.0	50.86219	17.45103	190.7	150.351	2,443.5	1.4	-1.43	0.4	0.2	0.17
BRZG	NDNT-BRZG	2020-07-08 16:00:00.0	50.86219	17.45103	190.699	150.35	2,440.1	1.3	-1.75	0.61	0.17	0.19
BRZG	NDNT-BRZG	2020-07-08 16:30:00.0	50.86219	17.45103	190.699	150.35	2,440.9	1.5	-1.28	0.04	0.18	0.28
BRZG	NDNT-BRZG	2020-07-08 17:00:00.0	50.86219	17.45103	190.693	150.344	2,440.2	1.2	-1.88	0.23	0.16	0.17
BRZG	NDNT-BRZG	2020-07-08 17:30:00.0	50.86219	17.45103	190.693	150.344	2,444	1.2	-2.54	-0.23	0.17	0.18
BRZG	NDNT-BRZG	2020-07-08 18:00:00.0	50.86219	17.45103	190.693	150.344	2,440.2	1.4	-1.42	-0.23	0.19	0.2
BRZG	NDNT-BRZG	2020-07-08 18:30:00.0	50.86219	17.45103	190.693	150.344	2,437.8	1.3	-2.11	-0.17	0.18	0.18
BRZG	NDNT-BRZG	2020-07-08 19:00:00.0	50.86219	17.45103	190.691	150.342	2,435.3	1.1	-1.94	0.12	0.12	0.12
BUCU	11401M001	2020-07-08 09:00:00.0	44.46394	26.12575	143.331	108.82	2,419.4	1.6	-0.81	0.06	0.19	0.17
BUCU	11401M001	2020-07-08 09:30:00.0	44.46394	26.12575	143.331	108.82	2,417.2	1.5	-0.66	0.11	0.23	0.21
BUCU	11401M001	2020-07-08 10:00:00.0	44.46394	26.12575	143.331	108.82	2,424.3	1.4	-0.48	0.2	0.2	0.17
BUCU	11401M001	2020-07-08 10:30:00.0	44.46394	26.12575	143.331	108.82	2,416.3	1.7	-0.81	0.18	0.28	0.25
BUCU	11401M001	2020-07-08 11:00:00.0	44.46394	26.12575	143.341	108.83	2,417	1.6	-1.45	-0.69	0.28	0.17
BUCU	11401M001	2020-07-08 11:30:00.0	44.46394	26.12575	143.341	108.83	2,416.2	1.8	-0.75	-0.73	0.3	0.23
BUCU	11401M001	2020-07-08 12:00:00.0	44.46394	26.12575	143.337	108.826	2,414.6	1.5	-0.97	-0.74	0.23	0.16
BUCU	11401M001	2020-07-08 12:30:00.0	44.46394	26.12575	143.337	108.826	2,412.9	1.5	-0.6	-0.54	0.2	0.17
BUCU	11401M001	2020-07-08 13:00:00.0	44.46394	26.12575	143.334	108.823	2,414.6	1.3	-0.4	-0.19	0.2	0.13
BUCU	11401M001	2020-07-08 13:30:00.0	44.46394	26.12575	143.334	108.823	2,417.7	1.4	0.17	-0.18	0.25	0.21
BUCU	11401M001	2020-07-08 14:00:00.0	44.46394	26.12575	143.34	108.829	2,417.1	1.4	0.4	-0.67	0.21	0.17
BUCU	11401M001	2020-07-08 14:30:00.0	44.46394	26.12575	143.34	108.829	2,418.9	1.6	-0.14	0.65	0.27	0.23
BUCU	11401M001	2020-07-08 15:00:00.0	44.46394	26.12575	143.342	108.831	2,420.3	1.4	0.55	-0.36	0.21	0.16
BUCU	11401M001	2020-07-08 15:30:00.0	44.46394	26.12575	143.342	108.831	2,419.4	1.4	0.25	-0.71	0.2	0.13
BUCU	11401M001	2020-07-08 16:00:00.0	44.46394	26.12575	143.338	108.827	2,420.4	1.3	1.04	-0.51	0.19	0.17
BUCU	11401M001	2020-07-08 16:30:00.0	44.46394	26.12575	143.338	108.827	2,420.5	1.5	1.29	-0.2	0.2	0.23
BUCU	11401M001	2020-07-08 17:00:00.0	44.46394	26.12575	143.34	108.829	2,423.1	1.3	-0.04	0.07	0.19	0.16
BUCU	11401M001	2020-07-08 17:30:00.0	44.46394	26.12575	143.34	108.829	2,422.9	1.4	0.53	-0.27	0.19	0.16
BUCU	11401M001	2020-07-08 18:00:00.0	44.46394	26.12575	143.341	108.83	2,425.8	1.4	-0.5	-0.96	0.21	0.14
BUCU	11401M001	2020-07-08 18:30:00.0	44.46394	26.12575	143.341	108.83	2,423.6	1.4	0.2	-0.95	0.25	0.17
BUCU	11401M001	2020-07-08 19:00:00.0	44.46394	26.12575	143.344	108.833	2,423.1	1.3	0.11	-0.18	0.17	0.14
BUSK	NDNT-BUSK	2020-07-08 09:00:00.0	50.47422	20.71275	311.417	274.021	2,382.8	1.3	-0.32	0.23	0.15	0.17
BUSK	NDNT-BUSK	2020-07-08 09:30:00.0	50.47422	20.71275	311.417	274.021	2,374.3	1.3	0.33	0.01	0.16	0.15
BUSK	NDNT-BUSK	2020-07-08 10:00:00.0	50.47422	20.71275	311.416	274.02	2,381.4	1.1	-0.11	-0.21	0.13	0.14
BUSK	NDNT-BUSK	2020-07-08 10:30:00.0	50.47422	20.71275	311.416	274.02	2,379.6	1.3	-0.5	0.14	0.18	0.17
BUSK	NDNT-BUSK	2020-07-08 11:00:00.0	50.47422	20.71275	311.42	274.024	2,385.6	1.2	-0.13	-0.4	0.22	0.13
BUSK	NDNT-BUSK	2020-07-08 11:30:00.0	50.47422	20.71275	311.42	274.024	2,387	1.5	0.31	-0.89	0.27	0.19
BUSK	NDNT-BUSK	2020-07-08 12:00:00.0	50.47422	20.71278	311.417	274.021	2,390.2	1.3	0.52	0.08	0.19	0.16
BUSK	NDNT-BUSK	2020-07-08 12:30:00.0	50.47422	20.71278	311.417	274.021	2,392.2	1.2	-0.6	-0.25	0.14	0.18
BUSK	NDNT-BUSK	2020-07-08 13:00:00.0	50.47422	20.71275	311.416	274.02	2,400.7	1.1	-1.13	-0.08	0.13	0.11
BUSK	NDNT-BUSK	2020-07-08 13:30:00.0	50.47422	20.71275	311.416	274.02	2,399.6	1.2	-1.05	-0.1	0.16	0.19
BUSK	NDNT-BUSK	2020-07-08 14:00:00.0	50.47422	20.71275	311.419	274.023	2,400	1.3	-1.13	0.82	0.18	0.17
BUSK	NDNT-BUSK	2020-07-08 14:30:00.0	50.47422	20.71275	311.419	274.023	2,397.1	1.5	-0.67	0.73	0.23	0.21
BUSK	NDNT-BUSK	2020-07-08 15:00:00.0	50.47422	20.71275	311.42	274.024	2,398	1.3	-0.56	0.39	0.16	0.16
BUSK	NDNT-BUSK	2020-07-08 15:30:00.0	50.47422	20.71275	311.42	274.024	2,396.9	1.3	-0.91	-0.53	0.13	0.15
BUSK	NDNT-BUSK	2020-07-08 16:00:00.0	50.47422	20.71275	311.42	274.024	2,400.5	1.1	-0.73	-0.6	0.12	0.13
BUSK	NDNT-BUSK	2020-07-08 16:30:00.0	50.47422	20.71275	311.42	274.024	2,410.2	1.2	-0.16	-0.65	0.15	0.21
BUSK	NDNT-BUSK	2020-07-08 17:00:00.0	50.47422	20.71275	311.415	274.019	2,413.1	1.1	-0.58	-0.04	0.17	0.19
BUSK	NDNT-BUSK	2020-07-08 17:30:00.0	50.47422	20.71275	311.415	274.019	2,413.9	1.2	-0.69	-0.39	0.15	0.21
BUSK	NDNT-BUSK	2020-07-08 18:00:00.0	50.47422	20.71275	311.416	274.02	2,418	1.2	-0.78	-0.5	0.15	0.15
BUSK	NDNT-BUSK	2020-07-08 18:30:00.0	50.47422	20.71275	311.416	274.02	2,419.3	1.2	-1	-0.29	0.16	0.15
BUSK	NDNT-BUSK	2020-07-08 19:00:00.0	50.47422	20.71275	311.42	274.024	2,417.9	0.9	-1.01	-0.31	0.11	0.11
BUZD	12238M001	2020-07-08 09:00:00.0	50.46622	20.71894	299.283	261.888	2,385	1.4	-0.72	-0.38	0.17	0.17
BUZD	12238M001	2020-07-08 09:30:00.0	50.46622	20.71894	299.283	261.888	2,373.8	1.3	-1.21	-0.79	0.17	0.15
BUZD	12238M001	2020-07-08 10:00:00.0	50.46622	20.71894	299.283	261.888	2,379	1.1	-0.6	-0.26	0.13	0.15
BUZD	12238M001	2020-07-08 10:30:00.0	50.46622	20.71894	299.283	261.888	2,385.3	1.4	0.06	-0.21	0.19	0.19
BUZD	12238M001	2020-07-08 11:00:00.0	50.46622	20.71894	299.287	261.892	2,387.5	1.2	-1.3	-0.73	0.22	0.14
BUZD	12238M001	2020-07-08 11:30:00.0	50.46622	20.71894	299.287	261.892	2,393.3	1.6	-1.61	-0.99	0.28	0.2
BUZD	12238M001	2020-07-08 12:00:00.0	50.46622	20.71894	299.285	261.89	2,392	1.3	-0.8	0.06	0.2	0.16
BUZD	12238M001	2020-07-08 12:30:00.0	50.46622	20.71894	299.285	261.89	2,393.9	1.3	-1.01	-0.33	0.18	0.19
BUZD	12238M001	2020-07-08 13:00:00.0	50.46622	20.71894	299.286	261.891	2,400.9	1.2	-1.32	-0.28	0.17	0.15
BUZD	12238M001	2020-07-08 13:30:00.0	50.46622	20.71894	299.286	261.891	2,395.3	1.3	-1.92	-0.12	0.2	0.21
BUZD	12238M001	2020-07-08 14:00:00.0	50.46622	20.71894	299.287	261.892	2,400.9	1.3	-0.94	0.16	0.21	0.18
BUZD	12238M001	2020-07-08 14:30:00.0	50.46622	20.71894	299.287	261.892	2,398.9	1.5	-0.19	-0.02	0.25	0.22
BUZD	12238M001	2020-07-08 15:00:00.0	50.46622	20.71894	299.286	261.891	2,400	1.4	-0.94	-0.08	0.18	0.17
BUZD	12238M001	2020-07-08 15:30:00.0	50.46622	20.71894	299.286	261.891	2,395	1.4	-1.86	-0.11	0.15	0.17
BUZD	12238M001	2020-07-08 16:00:00.0	50.46622	20.71894	299.284	261.889	2,403.3	1.1	-0.85	-0.42	0.13	0.15
BUZD	12238M001	2020-07-08 16:30:00.0	50.46622	20.71894	299.284	261.889	2,411.7	1.3	-0.83	-0.4	0.17	0.24
BUZD	12238M001	2020-07-08 17:00:00.0	50.46622	20.71894	299.284	261.889	2,421.4	1.2	-1.77	-0.63	0.18	0.22
BUZD	12238M001	2020-07-08 17:30:00.0	50.46622	20.71894	299.284	261.889	2,420.3	1.3	-0.65	-1.71	0.18	0.25
BUZD	12238M001	2020-07-08 18:00:00.0	50.46622	20.71894	299.281	261.886	2,425	1.2	-1.09	-1.01	0.16	0.16
BUZD	12238M001	2020-07-08 18:30:00.0	50.46622	20.71894	299.281	261.886	2,418.4	1.2	-1.15	-0.97	0.16	0.16
BUZD	12238M001	2020-07-08 19:00:00.0	50.46622	20.71894	299.283	261.888	2,416.8	0.9	-1.54	-0.07	0.11	0.11
BYDG	12224M001	2020-07-08 09:00:00.0	53.13456	17.99364	104.437	73.829	2,402	1.6	-0.82	-0.8	0.25	0.24
BYDG	12224M001	2020-07-08 10:00:00.0	53.13456	17.99364	104.434	73.826	2,400.5	1.5	-0.86	-0.53	0.19	0.22
BYDG	12224M001	2020-07-08 10:30:00.0	53.13456	17.99364	104.434	73.826	2,408.8	1.3	-1.55	-0.66	0.16	0.18
BYDG	12224M001	2020-07-08 11:00:00.0	53.13456	17.99364	104.438	73.83	2,416.7	2.2	-0.95	0.22	0.32	0.29
BYDG	12224M001	2020-07-08 19:00:00.0	53.13456	17.99364	104.409	73.801	2,413.9	1.5	-0.33	0.3	0.2	0.22
CBKA	12221M001	2020-07-08 09:00:00.0	52.21472	21.06769	125.194	93.946	2,428	1.2	-1.23	0.38	0.14	0.15
CBKA	12221M001	2020-07-08 09:30:00.0	52.21472	21.06769	125.194	93.946	2,424.8	1.2	-1.42	1.06	0.16	0.15
CBKA	12221M001	2020-07-08 10:00:00.0	52.21472	21.06769	125.195	93.947	2,422.1	1	-1.05	0.21	0.13	0.15
CBKA	12221M001	2020-07-08 10:30:00.0	52.21472	21.06769	125.195	93.947	2,422.1	1.2	-1.62	0.71	0.15	0.18
CBKA	12221M001	2020-07-08 11:00:00.0	52.21472	21.06769	125.188	93.94	2,421	1.2	-2.35	-0.02	0.22	0.14
CBKA	12221M001	2020-07-08 11:30:00.0	52.21472	21.06769	125.188	93.94	2,418.3	1.5	-2.41	-0.27	0.26	0.2
CBKA	12221M001	2020-07-08 12:00:00.0	52.21472	21.06769	125.192	93.944	2,415.8	1.4	-1.46	-0.12	0.21	0.18
CBKA	12221M001	2020-07-08 12:30:00.0	52.21472	21.06769	125.192	93.944	2,415.6	1.3	-1.8	0.44	0.18	0.19
CBKA	12221M001	2020-07-08 13:00:00.0	52.21472	21.06769	125.194	93.946	2,421.5	1.2	-2.88	0.33	0.15	0.16
CBKA	12221M001	2020-07-08 13:30:00.0	52.21472	21.06769	125.194	93.946	2,417	1.4	-2.59	0.65	0.18	0.21
CBKA	12221M001	2020-07-08 14:00:00.0	52.21472	21.06769	125.196	93.948	2,412.8	1.1	-2.42	0.62	0.17	0.15
CBKA	12221M001	2020-07-08 14:30:00.0	52.21472	21.06769	125.196	93.948	2,411.7	1.3	-1.71	0.29	0.21	0.18
CBKA	12221M001	2020-07-08 15:00:00.0	52.21472	21.06769	125.193	93.945	2,413.7	1.6	-1.78	0.53	0.22	0.22
CBKA	12221M001	2020-07-08 15:30:00.0	52.21472	21.06769	125.193	93.945	2,413.6	1.9	-1.76	0.77	0.27	0.25
CBKA	12221M001	2020-07-08 16:00:00.0	52.21472	21.06769	125.194	93.946	2,405.4	1.1	-1.27	0.48	0.15	0.15
CBKA	12221M001	2020-07-08 16:30:00.0	52.21472	21.06769	125.194	93.946	2,406.4	1.3	-1.31	0.17	0.17	0.23
CBKA	12221M001	2020-07-08 17:00:00.0	52.21472	21.06769	125.193	93.945	2,406.9	1.1	-1.41	-0.17	0.15	0.16
CBKA	12221M001	2020-07-08 17:30:00.0	52.21472	21.06769	125.193	93.945	2,407.4	1	-1.17	-0.71	0.13	0.16
CBKA	12221M001	2020-07-08 18:00:00.0	52.21472	21.06769	125.188	93.94	2,409.1	1.4	-1.49	0.37	0.2	0.19
CBKA	12221M001	2020-07-08 18:30:00.0	52.21472	21.06769	125.188	93.94	2,411.8	1.4	-1.75	0.09	0.2	0.19
CBKA	12221M001	2020-07-08 19:00:00.0	52.21472	21.06769	125.186	93.938	2,412.3	0.9	-1.71	-0.17	0.11	0.11
CCHN	12239M001	2020-07-08 09:00:00.0	52.88281	20.59783	167.621	136.727	2,393.9	1.2	-1.46	0.73	0.17	0.17
CCHN	12239M001	2020-07-08 09:30:00.0	52.88281	20.59783	167.621	136.727	2,390.2	1.2	-1.84	0.67	0.18	0.17
CCHN	12239M001	2020-07-08 10:00:00.0	52.88281	20.59783	167.63	136.736	2,393.8	1.1	-0.42	0.14	0.14	0.16
CCHN	12239M001	2020-07-08 10:30:00.0	52.88281	20.59783	167.63	136.736	2,397.1	1.3	-0.39	1.25	0.17	0.18
CCHN	12239M001	2020-07-08 11:00:00.0	52.88281	20.59783	167.634	136.74	2,390.1	1.1	-2.19	1.54	0.22	0.13
CCHN	12239M001	2020-07-08 11:30:00.0	52.88281	20.59783	167.634	136.74	2,384	1.5	-0.69	1.5	0.27	0.2
CCHN	12239M001	2020-07-08 12:00:00.0	52.88281	20.59783	167.628	136.734	2,391.6	1.7	-0.57	1.06	0.25	0.22
CCHN	12239M001	2020-07-08 12:30:00.0	52.88281	20.59783	167.628	136.734	2,395.2	1.6	-0.34	1.07	0.24	0.23
CCHN	12239M001	2020-07-08 13:00:00.0	52.88281	20.59783	167.639	136.745	2,394.2	1.2	-0.02	0.02	0.18	0.17
CCHN	12239M001	2020-07-08 13:30:00.0	52.88281	20.59783	167.639	136.745	2,388.2	1.5	-1.65	0.2	0.23	0.25
CCHN	12239M001	2020-07-08 14:00:00.0	52.88281	20.59783	167.637	136.743	2,379	1.3	-1.69	0.58	0.21	0.2
CCHN	12239M001	2020-07-08 14:30:00.0	52.88281	20.59783	167.637	136.743	2,381.6	1.6	-1.31	0.27	0.27	0.26
CCHN	12239M001	2020-07-08 15:00:00.0	52.88281	20.59783	167.647	136.753	2,375.9	1.2	-0.88	0.53	0.15	0.17
CCHN	12239M001	2020-07-08 15:30:00.0	52.88281	20.59783	167.647	136.753	2,375.7	1.1	-1.49	-0.48	0.16	0.15
CCHN	12239M001	2020-07-08 16:00:00.0	52.88281	20.59783	167.645	136.751	2,379.5	1	-1.11	-0.72	0.14	0.17
CCHN	12239M001	2020-07-08 16:30:00.0	52.88281	20.59783	167.645	136.751	2,376.7	1.3	-1.13	-0.58	0.19	0.26
CCHN	12239M001	2020-07-08 17:00:00.0	52.88281	20.59783	167.639	136.745	2,378.2	1.1	-0.82	-0.29	0.16	0.17
CCHN	12239M001	2020-07-08 17:30:00.0	52.88281	20.59783	167.639	136.745	2,385.2	1.1	-0.86	-0.6	0.14	0.16
CCHN	12239M001	2020-07-08 18:00:00.0	52.88281	20.59783	167.64	136.746	2,387.3	1.1	-0.74	0.06	0.17	0.16
CCHN	12239M001	2020-07-08 18:30:00.0	52.88281	20.59783	167.64	136.746	2,380.4	1.2	-0.65	0.31	0.16	0.17
CCHN	12239M001	2020-07-08 19:00:00.0	52.88281	20.59783	167.633	136.739	2,386.4	0.9	-0.54	0.7	0.13	0.12
CHEL	12240M001	2020-07-08 09:00:00.0	51.13	23.48042	255.527	225.91	2,368.2	1.4	-0.93	0.73	0.15	0.16
CHEL	12240M001	2020-07-08 09:30:00.0	51.13	23.48042	255.527	225.91	2,367.7	1.4	-0.61	0.13	0.17	0.15
CHEL	12240M001	2020-07-08 10:00:00.0	51.13	23.48042	255.533	225.916	2,374.5	1.3	-0.16	-0.54	0.14	0.14
CHEL	12240M001	2020-07-08 10:30:00.0	51.13	23.48042	255.533	225.916	2,374	1.6	-0.13	-0.14	0.21	0.2
CHEL	12240M001	2020-07-08 11:00:00.0	51.13	23.48042	255.536	225.919	2,385	1.3	0.12	-1.05	0.24	0.14
CHEL	12240M001	2020-07-08 11:30:00.0	51.13	23.48042	255.536	225.919	2,387.3	1.6	0.02	-0.61	0.28	0.2
CHEL	12240M001	2020-07-08 12:00:00.0	51.13	23.48042	255.533	225.916	2,380.2	1.4	-0.38	-0.9	0.19	0.19
CHEL	12240M001	2020-07-08 12:30:00.0	51.13	23.48042	255.533	225.916	2,385.8	1.3	-0.89	-1.23	0.14	0.17
CHEL	12240M001	2020-07-08 13:00:00.0	51.13	23.48042	255.531	225.914	2,399.6	1.2	-1.01	-0.45	0.15	0.13
CHEL	12240M001	2020-07-08 13:30:00.0	51.13	23.48042	255.531	225.914	2,396.7	1.4	-0.8	-0.51	0.19	0.18
CHEL	12240M001	2020-07-08 14:00:00.0	51.13	23.48042	255.538	225.921	2,397.7	1.3	-0.72	0.06	0.19	0.15
CHEL	12240M001	2020-07-08 14:30:00.0	51.13	23.48042	255.538	225.921	2,398.2	1.5	-0.06	-0.27	0.24	0.2
CHEL	12240M001	2020-07-08 15:00:00.0	51.13	23.48042	255.537	225.92	2,398.3	1.4	-0.65	-0.46	0.16	0.15
CHEL	12240M001	2020-07-08 15:30:00.0	51.13	23.48042	255.537	225.92	2,401.6	1.4	-0.94	-0.73	0.13	0.15
CHEL	12240M001	2020-07-08 16:00:00.0	51.13	23.48042	255.532	225.915	2,403.3	1.2	-0.99	-0.8	0.14	0.16
CHEL	12240M001	2020-07-08 16:30:00.0	51.13	23.48042	255.532	225.915	2,407.8	1.4	-1.22	-0.59	0.16	0.27
CHEL	12240M001	2020-07-08 17:00:00.0	51.13	23.48042	255.528	225.911	2,416.5	1.2	-1.1	-0.17	0.16	0.18
CHEL	12240M001	2020-07-08 17:30:00.0	51.13	23.48042	255.528	225.911	2,409.2	1.1	-1.14	-0.09	0.13	0.17
CHEL	12240M001	2020-07-08 18:00:00.0	51.13	23.48042	255.534	225.917	2,410.4	1.3	-1.9	-0.14	0.17	0.16
CHEL	12240M001	2020-07-08 18:30:00.0	51.13	23.48042	255.534	225.917	2,411.7	1.3	-1.69	-0.05	0.18	0.16
CHEL	12240M001	2020-07-08 19:00:00.0	51.13	23.48042	255.535	225.918	2,413.9	1	-1.54	0	0.11	0.11
CHNO	12241M001	2020-07-08 09:00:00.0	53.16406	15.41406	105.404	70.649	2,398.1	1.6	-0.98	0.1	0.23	0.24
CHNO	12241M001	2020-07-08 09:30:00.0	53.16406	15.41406	105.404	70.649	2,393.7	1.6	-0.8	0.52	0.22	0.24
CHNO	12241M001	2020-07-08 10:00:00.0	53.16406	15.41406	105.388	70.633	2,401.2	1	-0.85	-0.67	0.14	0.18
CHNO	12241M001	2020-07-08 10:30:00.0	53.16406	15.41406	105.388	70.633	2,396.1	1.3	-0.71	-0.87	0.17	0.21
CHNO	12241M001	2020-07-08 11:00:00.0	53.16406	15.41406	105.382	70.627	2,408.4	1.5	-0.12	-1.28	0.23	0.2
CHNO	12241M001	2020-07-08 11:30:00.0	53.16406	15.41406	105.382	70.627	2,404.5	1.8	-0.73	-2.44	0.3	0.3
CHNO	12241M001	2020-07-08 12:00:00.0	53.16406	15.41406	105.389	70.634	2,396.3	1.6	-1.02	-1.27	0.21	0.24
CHNO	12241M001	2020-07-08 12:30:00.0	53.16406	15.41406	105.389	70.634	2,398.1	1.6	-0.4	-0.68	0.21	0.25
CHNO	12241M001	2020-07-08 13:00:00.0	53.16406	15.41406	105.389	70.634	2,400.2	1.2	-0.82	-0.76	0.14	0.21
CHNO	12241M001	2020-07-08 13:30:00.0	53.16406	15.41406	105.389	70.634	2,401.1	1.5	-1.56	-0.55	0.23	0.27
CHNO	12241M001	2020-07-08 14:00:00.0	53.16406	15.41406	105.385	70.63	2,401.6	1.2	-1.6	-1.03	0.19	0.18
CHNO	12241M001	2020-07-08 14:30:00.0	53.16406	15.41406	105.385	70.63	2,401.8	1.6	-1.47	-0.9	0.23	0.23
CHNO	12241M001	2020-07-08 15:00:00.0	53.16406	15.41406	105.384	70.629	2,401	1.4	-1.32	-0.53	0.19	0.17
CHNO	12241M001	2020-07-08 15:30:00.0	53.16406	15.41406	105.384	70.629	2,406.9	1.4	0.01	-1.41	0.22	0.21
CHNO	12241M001	2020-07-08 16:00:00.0	53.16406	15.41406	105.388	70.633	2,393.9	1.1	-1.2	0.02	0.15	0.17
CHNO	12241M001	2020-07-08 16:30:00.0	53.16406	15.41406	105.388	70.633	2,395.8	1.4	-1.3	0.31	0.19	0.27
CHNO	12241M001	2020-07-08 17:00:00.0	53.16406	15.41406	105.39	70.635	2,398.8	1.3	-0.4	-0.46	0.17	0.22
CHNO	12241M001	2020-07-08 17:30:00.0	53.16406	15.41406	105.39	70.635	2,400.6	1.4	-0.23	-1.07	0.18	0.24
CHNO	12241M001	2020-07-08 18:00:00.0	53.16406	15.41406	105.39	70.635	2,403.6	1.2	-0.52	-0.66	0.17	0.18
CHNO	12241M001	2020-07-08 18:30:00.0	53.16406	15.41406	105.39	70.635	2,403.9	1.2	-0.54	-0.24	0.16	0.19
CHNO	12241M001	2020-07-08 19:00:00.0	53.16406	15.41406	105.383	70.628	2,404	1	-0.35	-0.67	0.12	0.15
CHOJ	12242M001	2020-07-08 09:00:00.0	53.69519	17.55236	204.061	173.311	2,364.5	1.2	-0.49	-0.09	0.17	0.18
CHOJ	12242M001	2020-07-08 09:30:00.0	53.69519	17.55236	204.061	173.311	2,359.5	1.2	-1.26	0.04	0.16	0.17
CHOJ	12242M001	2020-07-08 10:00:00.0	53.69519	17.55236	204.06	173.31	2,364.6	1.2	-0.52	0.64	0.17	0.2
CHOJ	12242M001	2020-07-08 10:30:00.0	53.69519	17.55236	204.06	173.31	2,370.7	1.7	-0.48	0.91	0.23	0.26
CHOJ	12242M001	2020-07-08 11:00:00.0	53.69519	17.55236	204.053	173.303	2,371.3	1.6	-0.08	0.21	0.25	0.19
CHOJ	12242M001	2020-07-08 11:30:00.0	53.69519	17.55236	204.053	173.303	2,373.7	1.8	0.02	-0.16	0.31	0.28
CHOJ	12242M001	2020-07-08 12:00:00.0	53.69519	17.55236	204.059	173.309	2,369.4	1.6	-0.21	0	0.24	0.23
CHOJ	12242M001	2020-07-08 12:30:00.0	53.69519	17.55236	204.059	173.309	2,367.5	1.6	-1.24	-0.12	0.24	0.25
CHOJ	12242M001	2020-07-08 13:00:00.0	53.69519	17.55236	204.057	173.307	2,367.8	1	-0.66	1	0.12	0.17
CHOJ	12242M001	2020-07-08 13:30:00.0	53.69519	17.55236	204.057	173.307	2,371.5	1.3	0.31	-0.16	0.2	0.24
CHOJ	12242M001	2020-07-08 14:00:00.0	53.69519	17.55236	204.052	173.302	2,364.1	1.2	0.1	0.45	0.19	0.18
CHOJ	12242M001	2020-07-08 14:30:00.0	53.69519	17.55236	204.052	173.302	2,367.9	1.5	0.49	-0.05	0.22	0.23
CHOJ	12242M001	2020-07-08 15:00:00.0	53.69519	17.55236	204.054	173.304	2,376.5	1.5	0.08	0.07	0.19	0.19
CHOJ	12242M001	2020-07-08 15:30:00.0	53.69519	17.55236	204.054	173.304	2,373.3	1.6	-0.62	-0.3	0.22	0.27
CHOJ	12242M001	2020-07-08 16:00:00.0	53.69519	17.55236	204.057	173.307	2,371.5	1.4	0	-0.77	0.19	0.21
CHOJ	12242M001	2020-07-08 16:30:00.0	53.69519	17.55236	204.057	173.307	2,367.2	1.3	-0.2	-0.81	0.2	0.26
CHOJ	12242M001	2020-07-08 17:00:00.0	53.69519	17.55236	204.06	173.31	2,365.5	1.4	-0.45	0.54	0.2	0.29
CHOJ	12242M001	2020-07-08 17:30:00.0	53.69519	17.55236	204.06	173.31	2,365.2	1.6	-0.89	0.44	0.22	0.32
CHOJ	12242M001	2020-07-08 18:00:00.0	53.69519	17.55236	204.06	173.31	2,371.6	1.1	-0.72	-0.02	0.19	0.21
CHOJ	12242M001	2020-07-08 18:30:00.0	53.69519	17.55236	204.06	173.31	2,372.9	1.2	-0.69	-0.55	0.16	0.19
CHOJ	12242M001	2020-07-08 19:00:00.0	53.69519	17.55236	204.062	173.312	2,364.1	1	-1.3	0.08	0.13	0.14
CLIB	11526M001	2020-07-08 09:00:00.0	50.77169	15.05989	448.421	405.131	2,356.9	1.1	-1.02	0.09	0.14	0.15
CLIB	11526M001	2020-07-08 09:30:00.0	50.77169	15.05989	448.421	405.131	2,364.5	1.2	-1.38	0.25	0.16	0.15
CLIB	11526M001	2020-07-08 10:00:00.0	50.77169	15.05989	448.428	405.138	2,363.9	1	-1.31	0.25	0.11	0.15
CLIB	11526M001	2020-07-08 10:30:00.0	50.77169	15.05989	448.428	405.138	2,369.2	1.1	-1.15	-0.12	0.17	0.15
CLIB	11526M001	2020-07-08 11:00:00.0	50.77169	15.05989	448.437	405.147	2,373.5	1.2	-1.12	-0.44	0.22	0.13
CLIB	11526M001	2020-07-08 11:30:00.0	50.77169	15.05989	448.437	405.147	2,375	1.6	-1.13	-0.52	0.28	0.21
CLIB	11526M001	2020-07-08 12:00:00.0	50.77169	15.05989	448.443	405.153	2,374.8	1.3	-1.39	-0.02	0.19	0.15
CLIB	11526M001	2020-07-08 12:30:00.0	50.77169	15.05989	448.443	405.153	2,375.8	1.3	-1.47	-0.25	0.14	0.16
CLIB	11526M001	2020-07-08 13:00:00.0	50.77169	15.05989	448.441	405.151	2,378.3	1.1	-1.57	-0.37	0.13	0.13
CLIB	11526M001	2020-07-08 13:30:00.0	50.77169	15.05989	448.441	405.151	2,375.7	1.2	-1.55	-1.16	0.16	0.21
CLIB	11526M001	2020-07-08 14:00:00.0	50.77169	15.05989	448.437	405.147	2,372.4	1.1	-2.01	0.67	0.17	0.16
CLIB	11526M001	2020-07-08 14:30:00.0	50.77169	15.05989	448.437	405.147	2,373.5	1.4	-2.09	0.43	0.23	0.21
CLIB	11526M001	2020-07-08 15:00:00.0	50.77169	15.05989	448.437	405.147	2,375.1	1.2	-2.11	-0.22	0.16	0.15
CLIB	11526M001	2020-07-08 15:30:00.0	50.77169	15.05989	448.437	405.147	2,370.8	1.2	-2.21	0.11	0.16	0.15
CLIB	11526M001	2020-07-08 16:00:00.0	50.77169	15.05989	448.433	405.143	2,365.5	1.1	-2.24	0.07	0.13	0.13
CLIB	11526M001	2020-07-08 16:30:00.0	50.77169	15.05989	448.433	405.143	2,363.8	1.2	-2.37	-0.23	0.15	0.15
CLIB	11526M001	2020-07-08 17:00:00.0	50.77169	15.05989	448.438	405.148	2,364.4	1.1	-2.4	-0.11	0.14	0.15
CLIB	11526M001	2020-07-08 17:30:00.0	50.77169	15.05989	448.438	405.148	2,356.6	1.2	-3.06	-0.51	0.14	0.18
CLIB	11526M001	2020-07-08 18:00:00.0	50.77169	15.05989	448.432	405.142	2,345.1	1.1	-3.45	0.14	0.15	0.15
CLIB	11526M001	2020-07-08 18:30:00.0	50.77169	15.05989	448.432	405.142	2,343.8	1.1	-3.04	-1.26	0.15	0.16
CLIB	11526M001	2020-07-08 19:00:00.0	50.77169	15.05989	448.421	405.131	2,343.6	1	-3.11	-0.25	0.12	0.13
CNIV	15501M001	2020-07-08 09:00:00.0	51.51894	31.31361	175.944	151.194	2,436.6	1.2	0.93	1.27	0.16	0.18
CNIV	15501M001	2020-07-08 09:30:00.0	51.51894	31.31361	175.944	151.194	2,427.8	1.2	-0.81	1.91	0.21	0.19
CNIV	15501M001	2020-07-08 10:00:00.0	51.51894	31.31361	175.934	151.184	2,430.1	1.1	-0.29	3	0.16	0.16
CNIV	15501M001	2020-07-08 10:30:00.0	51.51894	31.31361	175.934	151.184	2,430.8	1.3	-0.07	1.9	0.17	0.22
CNIV	15501M001	2020-07-08 11:00:00.0	51.51894	31.31361	175.923	151.173	2,415.4	1.8	-1	2.31	0.28	0.23
CNIV	15501M001	2020-07-08 11:30:00.0	51.51894	31.31361	175.923	151.173	2,410	1.9	-1.11	2.72	0.31	0.26
CNIV	15501M001	2020-07-08 12:00:00.0	51.51894	31.31361	175.931	151.181	2,389.9	1.8	-0.87	3.5	0.3	0.31
CNIV	15501M001	2020-07-08 13:00:00.0	51.51894	31.31361	175.916	151.166	2,370	1.8	-1.68	2.42	0.27	0.24
CNIV	15501M001	2020-07-08 13:30:00.0	51.51894	31.31361	175.916	151.166	2,378.9	1.7	-1.42	0.71	0.28	0.19
CNIV	15501M001	2020-07-08 14:00:00.0	51.51894	31.31361	175.924	151.174	2,380.3	1.5	-0.42	-0.28	0.24	0.2
CNIV	15501M001	2020-07-08 14:30:00.0	51.51894	31.31361	175.924	151.174	2,370.1	1.8	-0.83	-1.09	0.3	0.23
CNIV	15501M001	2020-07-08 15:00:00.0	51.51894	31.31361	175.935	151.185	2,381.1	1.5	-0.34	-2.26	0.18	0.16
CNIV	15501M001	2020-07-08 15:30:00.0	51.51894	31.31361	175.935	151.185	2,375.2	1.4	-0.54	-1.76	0.15	0.15
CNIV	15501M001	2020-07-08 16:00:00.0	51.51894	31.31361	175.945	151.195	2,373.8	1.2	-0.28	-1.11	0.14	0.16
CNIV	15501M001	2020-07-08 16:30:00.0	51.51894	31.31361	175.945	151.195	2,374.7	1.5	-0.93	-1.19	0.16	0.25
CNIV	15501M001	2020-07-08 17:00:00.0	51.51894	31.31361	175.942	151.192	2,372.9	1.5	-0.32	-0.85	0.21	0.24
CNIV	15501M001	2020-07-08 17:30:00.0	51.51894	31.31361	175.942	151.192	2,372.5	1.5	0.14	-1.17	0.19	0.22
CNIV	15501M001	2020-07-08 18:00:00.0	51.51894	31.31361	175.943	151.193	2,383.7	1.2	0.82	0.23	0.18	0.16
CNIV	15501M001	2020-07-08 18:30:00.0	51.51894	31.31361	175.943	151.193	2,381.7	1.2	0.49	0.49	0.19	0.15
CNIV	15501M001	2020-07-08 19:00:00.0	51.51894	31.31361	175.952	151.202	2,377.7	0.9	-0.16	0.31	0.1	0.12
CPAR	11527M001	2020-07-08 09:00:00.0	50.03956	15.78325	283.35	239.245	2,400.2	1.2	-1.53	-0.8	0.15	0.17
CPAR	11527M001	2020-07-08 09:30:00.0	50.03956	15.78325	283.35	239.245	2,402.4	1.2	-1.92	-0.67	0.17	0.15
CPAR	11527M001	2020-07-08 10:00:00.0	50.03956	15.78325	283.35	239.245	2,410.6	1	-1.2	-0.3	0.12	0.15
CPAR	11527M001	2020-07-08 10:30:00.0	50.03956	15.78325	283.35	239.245	2,416.5	1.2	-0.98	-0.02	0.18	0.16
CPAR	11527M001	2020-07-08 11:00:00.0	50.03956	15.78325	283.351	239.246	2,425.7	1.2	-1.59	-0.83	0.22	0.13
CPAR	11527M001	2020-07-08 11:30:00.0	50.03956	15.78325	283.351	239.246	2,425.1	1.6	-1.13	-0.97	0.29	0.21
CPAR	11527M001	2020-07-08 12:00:00.0	50.03956	15.78325	283.355	239.25	2,424.5	1.7	-0.7	-1.22	0.28	0.24
CPAR	11527M001	2020-07-08 15:00:00.0	50.03956	15.78325	283.33	239.225	2,448.9	2.3	-1.64	-0.31	0.32	0.35
CPAR	11527M001	2020-07-08 15:30:00.0	50.03956	15.78325	283.33	239.225	2,450.8	1.8	-1.95	-0.11	0.25	0.25
CPAR	11527M001	2020-07-08 16:00:00.0	50.03956	15.78325	283.323	239.218	2,445.3	1.2	-1.7	0.01	0.14	0.14
CPAR	11527M001	2020-07-08 16:30:00.0	50.03956	15.78325	283.323	239.218	2,447.2	1.3	-1.87	0.42	0.17	0.16
CPAR	11527M001	2020-07-08 19:00:00.0	50.03956	15.78325	283.347	239.242	2,435.2	1.4	-1.21	0.79	0.16	0.19
CRAK	11528M001	2020-07-08 09:00:00.0	50.10239	13.72925	381.949	336.111	2,385.4	1.1	-0.68	-0.55	0.15	0.16
CRAK	11528M001	2020-07-08 09:30:00.0	50.10239	13.72925	381.949	336.111	2,392.7	1.2	-0.39	-0.69	0.15	0.17
CRAK	11528M001	2020-07-08 10:00:00.0	50.10239	13.72925	381.951	336.113	2,400.8	1.1	-0.99	-0.43	0.12	0.16
CRAK	11528M001	2020-07-08 10:30:00.0	50.10239	13.72925	381.951	336.113	2,404.5	1.2	-1.18	-0.07	0.17	0.16
CRAK	11528M001	2020-07-08 11:00:00.0	50.10239	13.72925	381.953	336.115	2,413.5	2	-1.07	-1.03	0.32	0.24
CRAK	11528M001	2020-07-08 12:00:00.0	50.10239	13.72925	381.963	336.125	2,415	2	-1.12	-0.77	0.28	0.24
CRAK	11528M001	2020-07-08 12:30:00.0	50.10239	13.72925	381.963	336.125	2,410.5	1.6	-1.77	-0.87	0.2	0.2
CRAK	11528M001	2020-07-08 13:00:00.0	50.10239	13.72925	381.96	336.122	2,414.8	1.2	-1.05	-0.74	0.16	0.14
CRAK	11528M001	2020-07-08 13:30:00.0	50.10239	13.72925	381.96	336.122	2,418.9	1.3	-1.13	-0.58	0.17	0.21
CRAK	11528M001	2020-07-08 14:00:00.0	50.10239	13.72925	381.954	336.116	2,415.5	1.2	-1	-0.39	0.17	0.17
CRAK	11528M001	2020-07-08 14:30:00.0	50.10239	13.72925	381.954	336.116	2,418.4	1.5	-0.46	-0.4	0.23	0.22
CRAK	11528M001	2020-07-08 15:00:00.0	50.10239	13.72925	381.954	336.116	2,417.3	1.3	-1.1	-0.09	0.17	0.15
CRAK	11528M001	2020-07-08 15:30:00.0	50.10239	13.72925	381.954	336.116	2,416	1.3	-1.85	-0.18	0.17	0.16
CRAK	11528M001	2020-07-08 16:00:00.0	50.10239	13.72925	381.952	336.114	2,407.5	1.1	-1.84	-0.03	0.14	0.13
CRAK	11528M001	2020-07-08 16:30:00.0	50.10239	13.72925	381.952	336.114	2,406	1.2	-1.7	0.24	0.16	0.16
CRAK	11528M001	2020-07-08 17:00:00.0	50.10239	13.72925	381.955	336.117	2,402.3	1.2	-1.67	-1.05	0.15	0.17
CRAK	11528M001	2020-07-08 17:30:00.0	50.10239	13.72925	381.955	336.117	2,406.8	1.2	-1.45	-0.66	0.15	0.2
CRAK	11528M001	2020-07-08 18:00:00.0	50.10239	13.72925	381.958	336.12	2,405.9	1.4	-1.95	-0.44	0.19	0.21
CRAK	11528M001	2020-07-08 18:30:00.0	50.10239	13.72925	381.958	336.12	2,409.2	1.4	-2.22	-0.5	0.19	0.21
CRAK	11528M001	2020-07-08 19:00:00.0	50.10239	13.72925	381.95	336.112	2,408.5	1	-2	-0.54	0.13	0.12
CZES	NDNT-CZES	2020-07-08 09:00:00.0	50.78419	19.15317	312.112	273.26	2,380.7	1.4	-0.34	0.11	0.17	0.18
CZES	NDNT-CZES	2020-07-08 09:30:00.0	50.78419	19.15317	312.112	273.26	2,392.8	1.4	-0.53	0.08	0.19	0.17
CZES	NDNT-CZES	2020-07-08 10:00:00.0	50.78419	19.15317	312.103	273.251	2,387.5	1.3	-1.2	0.11	0.15	0.17
CZES	NDNT-CZES	2020-07-08 10:30:00.0	50.78419	19.15317	312.103	273.251	2,386.1	1.5	-1.69	0.13	0.2	0.19
CZES	NDNT-CZES	2020-07-08 11:00:00.0	50.78419	19.15317	312.108	273.256	2,393.3	1.4	-1	-0.49	0.25	0.15
CZES	NDNT-CZES	2020-07-08 11:30:00.0	50.78419	19.15317	312.108	273.256	2,393	1.9	-1.03	-0.41	0.32	0.23
CZES	NDNT-CZES	2020-07-08 12:00:00.0	50.78419	19.15317	312.098	273.246	2,404.6	1.5	-1	-0.05	0.23	0.18
CZES	NDNT-CZES	2020-07-08 12:30:00.0	50.78419	19.15317	312.098	273.246	2,402.4	1.4	-0.77	0.28	0.17	0.19
CZES	NDNT-CZES	2020-07-08 13:00:00.0	50.78419	19.15317	312.097	273.245	2,408.3	1.3	-1.55	-0.59	0.17	0.17
CZES	NDNT-CZES	2020-07-08 13:30:00.0	50.78419	19.15317	312.097	273.245	2,410.2	1.8	-1.06	-0.89	0.24	0.26
CZES	NDNT-CZES	2020-07-08 14:00:00.0	50.78419	19.15317	312.095	273.243	2,396.8	1.4	-1.21	0.31	0.21	0.2
CZES	NDNT-CZES	2020-07-08 14:30:00.0	50.78419	19.15317	312.095	273.243	2,406.3	1.6	-2.37	0.56	0.27	0.23
CZES	NDNT-CZES	2020-07-08 15:00:00.0	50.78419	19.15317	312.104	273.252	2,407.5	1.3	-1.64	0.1	0.16	0.15
CZES	NDNT-CZES	2020-07-08 15:30:00.0	50.78419	19.15317	312.104	273.252	2,407	1.2	-0.95	-0.07	0.14	0.15
CZES	NDNT-CZES	2020-07-08 16:00:00.0	50.78419	19.15317	312.102	273.25	2,403.5	1.2	-0.97	0.55	0.14	0.15
CZES	NDNT-CZES	2020-07-08 16:30:00.0	50.78419	19.15317	312.102	273.25	2,408.9	1.4	-0.79	0.65	0.18	0.2
CZES	NDNT-CZES	2020-07-08 17:00:00.0	50.78419	19.15317	312.105	273.253	2,413.3	1.1	-1.74	0.63	0.15	0.17
CZES	NDNT-CZES	2020-07-08 17:30:00.0	50.78419	19.15317	312.105	273.253	2,409.7	1.1	-1.72	0.27	0.13	0.18
CZES	NDNT-CZES	2020-07-08 18:00:00.0	50.78419	19.15317	312.104	273.252	2,404.8	1.2	-2.81	0.57	0.16	0.16
CZES	NDNT-CZES	2020-07-08 18:30:00.0	50.78419	19.15317	312.104	273.252	2,402.4	1.2	-1.67	0.76	0.16	0.16
CZES	NDNT-CZES	2020-07-08 19:00:00.0	50.78419	19.15317	312.114	273.262	2,397.9	1	-2.43	0.49	0.12	0.12
DAB1	NDNT-DABT	2020-07-08 09:00:00.0	50.17606	20.992	249.891	212.854	2,398.1	1.2	-0.45	1.28	0.12	0.13
DAB1	NDNT-DABT	2020-07-08 09:30:00.0	50.17606	20.992	249.891	212.854	2,402.4	1.2	1.08	0.82	0.13	0.12
DAB1	NDNT-DABT	2020-07-08 10:00:00.0	50.17606	20.992	249.898	212.861	2,400.1	1.1	-0.95	0.44	0.12	0.13
DAB1	NDNT-DABT	2020-07-08 10:30:00.0	50.17606	20.992	249.898	212.861	2,399.6	1.3	-1.64	-1.44	0.17	0.16
DAB1	NDNT-DABT	2020-07-08 11:00:00.0	50.17606	20.992	249.899	212.862	2,401.9	1.3	-2.44	-1.48	0.19	0.15
DAB1	NDNT-DABT	2020-07-08 11:30:00.0	50.17606	20.992	249.899	212.862	2,398.8	1.5	-3.06	-1.12	0.24	0.2
DAB1	NDNT-DABT	2020-07-08 12:00:00.0	50.17606	20.992	249.895	212.858	2,403.3	1.2	-0.75	-0.12	0.17	0.14
DAB1	NDNT-DABT	2020-07-08 12:30:00.0	50.17606	20.992	249.895	212.858	2,400.5	1.2	-0.84	0.27	0.14	0.17
DAB1	NDNT-DABT	2020-07-08 13:00:00.0	50.17606	20.992	249.898	212.861	2,410.8	1.1	-1.05	-0.11	0.14	0.13
DAB1	NDNT-DABT	2020-07-08 13:30:00.0	50.17606	20.992	249.898	212.861	2,417.1	1.2	-0.18	0.7	0.17	0.19
DAB1	NDNT-DABT	2020-07-08 14:00:00.0	50.17606	20.992	249.901	212.864	2,418	1.2	2	-0.47	0.18	0.17
DAB1	NDNT-DABT	2020-07-08 14:30:00.0	50.17606	20.992	249.901	212.864	2,428.1	1.4	0.82	-0.76	0.24	0.21
DAB1	NDNT-DABT	2020-07-08 15:00:00.0	50.17606	20.992	249.892	212.855	2,431.3	1.3	-1.17	0.08	0.16	0.15
DAB1	NDNT-DABT	2020-07-08 15:30:00.0	50.17606	20.992	249.892	212.855	2,431.5	1.2	-0.93	-0.24	0.13	0.14
DAB1	NDNT-DABT	2020-07-08 16:00:00.0	50.17606	20.992	249.883	212.846	2,422.8	1.1	-0.67	-0.05	0.12	0.12
DAB1	NDNT-DABT	2020-07-08 16:30:00.0	50.17606	20.992	249.883	212.846	2,428.9	1.2	0.31	-0.25	0.14	0.2
DAB1	NDNT-DABT	2020-07-08 17:00:00.0	50.17606	20.992	249.882	212.845	2,435.7	1.1	-1.4	0.02	0.15	0.16
DAB1	NDNT-DABT	2020-07-08 17:30:00.0	50.17606	20.992	249.882	212.845	2,442.3	1.1	-1.09	-0.38	0.12	0.16
DAB1	NDNT-DABT	2020-07-08 18:00:00.0	50.17606	20.992	249.876	212.839	2,444.8	1.2	-1.28	0.42	0.15	0.15
DAB1	NDNT-DABT	2020-07-08 18:30:00.0	50.17606	20.992	249.876	212.839	2,444.5	1.2	-1.92	-0.39	0.16	0.14
DAB1	NDNT-DABT	2020-07-08 19:00:00.0	50.17606	20.992	249.877	212.84	2,442.4	0.9	-1.28	0.07	0.1	0.1
DEBI	NDNT-DEBI	2020-07-08 09:00:00.0	50.04361	21.41992	258.88	222.704	2,403.2	1.3	0.4	-0.73	0.14	0.16
DEBI	NDNT-DEBI	2020-07-08 09:30:00.0	50.04361	21.41992	258.88	222.704	2,400.3	1.4	-0.01	0.85	0.16	0.16
DEBI	NDNT-DEBI	2020-07-08 10:00:00.0	50.04361	21.41992	258.875	222.699	2,405.1	1.3	-0.16	-0.39	0.16	0.18
DEBI	NDNT-DEBI	2020-07-08 10:30:00.0	50.04361	21.41992	258.875	222.699	2,404.4	1.7	-0.05	0.09	0.23	0.23
DEBI	NDNT-DEBI	2020-07-08 11:00:00.0	50.04361	21.41992	258.871	222.695	2,408	1.5	0.08	0.46	0.24	0.19
DEBI	NDNT-DEBI	2020-07-08 11:30:00.0	50.04361	21.41992	258.871	222.695	2,408.4	1.9	0.86	0.01	0.3	0.25
DEBI	NDNT-DEBI	2020-07-08 12:00:00.0	50.04361	21.41992	258.874	222.698	2,398.7	1.2	0.05	-0.54	0.17	0.14
DEBI	NDNT-DEBI	2020-07-08 12:30:00.0	50.04361	21.41992	258.874	222.698	2,406.8	1.2	-0.5	-0.29	0.14	0.17
DEBI	NDNT-DEBI	2020-07-08 13:00:00.0	50.04361	21.41992	258.869	222.693	2,402.6	1.1	-0.66	0.62	0.14	0.13
DEBI	NDNT-DEBI	2020-07-08 13:30:00.0	50.04361	21.41992	258.869	222.693	2,398	1.2	-0.24	-0.67	0.17	0.18
DEBI	NDNT-DEBI	2020-07-08 14:00:00.0	50.04361	21.41992	258.872	222.696	2,406	1.2	-0.28	0.7	0.18	0.17
DEBI	NDNT-DEBI	2020-07-08 14:30:00.0	50.04361	21.41992	258.872	222.696	2,402.3	1.5	-1.51	-0.09	0.24	0.21
DEBI	NDNT-DEBI	2020-07-08 15:00:00.0	50.04361	21.41992	258.871	222.695	2,418.7	1.3	-1.22	-1.53	0.16	0.16
DEBI	NDNT-DEBI	2020-07-08 15:30:00.0	50.04361	21.41992	258.871	222.695	2,424	1.2	-0.22	-0.56	0.14	0.14
DEBI	NDNT-DEBI	2020-07-08 16:00:00.0	50.04361	21.41992	258.868	222.692	2,427.8	1.1	-0.51	-0.27	0.12	0.13
DEBI	NDNT-DEBI	2020-07-08 16:30:00.0	50.04361	21.41992	258.868	222.692	2,424.2	1.2	-1.12	0.54	0.15	0.23
DEBI	NDNT-DEBI	2020-07-08 17:00:00.0	50.04361	21.41992	258.863	222.687	2,429.8	1.1	-1.03	0.7	0.15	0.17
DEBI	NDNT-DEBI	2020-07-08 17:30:00.0	50.04361	21.41992	258.863	222.687	2,430.6	1.1	-0.99	0.71	0.13	0.16
DEBI	NDNT-DEBI	2020-07-08 18:00:00.0	50.04361	21.41992	258.864	222.688	2,435.5	1.2	-0.51	-0.82	0.15	0.15
DEBI	NDNT-DEBI	2020-07-08 18:30:00.0	50.04361	21.41992	258.864	222.688	2,441.9	1.2	-0.83	-0.66	0.16	0.14
DEBI	NDNT-DEBI	2020-07-08 19:00:00.0	50.04361	21.41992	258.867	222.691	2,443.8	0.9	-0.88	0.17	0.1	0.1
DRWP	12243M001	2020-07-08 09:00:00.0	53.52633	15.81747	171.093	136.797	2,368.3	1.1	-1.81	-0.16	0.16	0.16
DRWP	12243M001	2020-07-08 09:30:00.0	53.52633	15.81747	171.093	136.797	2,363.6	1.1	-2.15	-0.89	0.15	0.15
DRWP	12243M001	2020-07-08 10:00:00.0	53.52633	15.81747	171.09	136.794	2,365.5	1	-1.11	1.7	0.14	0.16
DRWP	12243M001	2020-07-08 10:30:00.0	53.52633	15.81747	171.09	136.794	2,367.7	1.2	-0.09	1.72	0.16	0.21
DRWP	12243M001	2020-07-08 11:00:00.0	53.52633	15.81747	171.09	136.794	2,383.9	1.3	-0.36	0.82	0.23	0.18
DRWP	12243M001	2020-07-08 11:30:00.0	53.52633	15.81747	171.09	136.794	2,384.4	1.6	0.08	2.72	0.28	0.26
DRWP	12243M001	2020-07-08 12:00:00.0	53.52633	15.81747	171.08	136.784	2,380.9	1.4	0.39	0.47	0.19	0.19
DRWP	12243M001	2020-07-08 12:30:00.0	53.52633	15.81747	171.08	136.784	2,368.5	1.4	-0.13	-0.19	0.19	0.18
DRWP	12243M001	2020-07-08 13:00:00.0	53.52633	15.81747	171.067	136.771	2,379.3	1.1	0.13	-0.32	0.13	0.17
DRWP	12243M001	2020-07-08 13:30:00.0	53.52633	15.81747	171.067	136.771	2,386.2	1.4	-0.38	0.04	0.2	0.23
DRWP	12243M001	2020-07-08 14:00:00.0	53.52633	15.81747	171.074	136.778	2,386.6	1.2	-0.43	-0.92	0.18	0.18
DRWP	12243M001	2020-07-08 14:30:00.0	53.52633	15.81747	171.074	136.778	2,387.1	1.4	0.13	-0.31	0.23	0.23
DRWP	12243M001	2020-07-08 15:00:00.0	53.52633	15.81747	171.083	136.787	2,387.9	1.2	0.44	1.32	0.16	0.18
DRWP	12243M001	2020-07-08 15:30:00.0	53.52633	15.81747	171.083	136.787	2,381.7	1.3	-0.5	0.75	0.2	0.19
DRWP	12243M001	2020-07-08 16:00:00.0	53.52633	15.81747	171.099	136.803	2,378.7	1.2	-1.11	0.02	0.17	0.19
DRWP	12243M001	2020-07-08 16:30:00.0	53.52633	15.81747	171.099	136.803	2,382.9	1.4	-0.74	-0.11	0.2	0.29
DRWP	12243M001	2020-07-08 17:00:00.0	53.52633	15.81747	171.105	136.809	2,373	1.3	-0.15	-1.53	0.16	0.19
DRWP	12243M001	2020-07-08 17:30:00.0	53.52633	15.81747	171.105	136.809	2,380.7	1.3	0.72	-0.39	0.17	0.21
DRWP	12243M001	2020-07-08 18:00:00.0	53.52633	15.81747	171.126	136.83	2,379.8	1.3	-1.52	0.04	0.2	0.2
DRWP	12243M001	2020-07-08 18:30:00.0	53.52633	15.81747	171.126	136.83	2,370.7	1.3	-1.4	-0.81	0.19	0.21
DRWP	12243M001	2020-07-08 19:00:00.0	53.52633	15.81747	171.106	136.81	2,378.7	0.9	-1.05	0.26	0.12	0.12
DYNW	NDNT-DYNW	2020-07-08 09:00:00.0	49.81286	22.22936	311.654	276.596	2,374.2	1.8	0.46	-0.65	0.27	0.27
DYNW	NDNT-DYNW	2020-07-08 09:30:00.0	49.81286	22.22936	311.654	276.596	2,370.3	1.6	0.22	0.03	0.25	0.24
DYNW	NDNT-DYNW	2020-07-08 10:00:00.0	49.81286	22.22936	311.672	276.614	2,378.5	1.3	-0.05	-1.13	0.16	0.17
DYNW	NDNT-DYNW	2020-07-08 10:30:00.0	49.81286	22.22936	311.672	276.614	2,380.8	1.6	0.06	-0.26	0.22	0.23
DYNW	NDNT-DYNW	2020-07-08 11:00:00.0	49.81286	22.22936	311.691	276.633	2,380.5	1.6	-0.67	0.39	0.3	0.18
DYNW	NDNT-DYNW	2020-07-08 11:30:00.0	49.81286	22.22936	311.691	276.633	2,379	2.2	-0.85	0.25	0.36	0.28
DYNW	NDNT-DYNW	2020-07-08 12:00:00.0	49.81286	22.22936	311.682	276.624	2,391.4	1.5	-0.54	1.45	0.22	0.24
DYNW	NDNT-DYNW	2020-07-08 12:30:00.0	49.81286	22.22936	311.682	276.624	2,387.4	1.5	-1.57	1.73	0.21	0.24
DYNW	NDNT-DYNW	2020-07-08 13:00:00.0	49.81286	22.22936	311.674	276.616	2,384.5	1.3	-0.85	-0.4	0.17	0.21
DYNW	NDNT-DYNW	2020-07-08 13:30:00.0	49.81286	22.22936	311.674	276.616	2,385.5	1.6	-0.48	-0.04	0.28	0.29
DYNW	NDNT-DYNW	2020-07-08 14:00:00.0	49.81286	22.22936	311.677	276.619	2,391.7	1.5	-0.78	0.94	0.25	0.22
DYNW	NDNT-DYNW	2020-07-08 14:30:00.0	49.81286	22.22936	311.677	276.619	2,386.1	1.8	-1.1	1.93	0.29	0.28
DYNW	NDNT-DYNW	2020-07-08 15:00:00.0	49.81286	22.22936	311.675	276.617	2,389.8	1.5	0.22	0.01	0.21	0.19
DYNW	NDNT-DYNW	2020-07-08 15:30:00.0	49.81286	22.22936	311.675	276.617	2,399.4	1.4	0.1	-0.37	0.15	0.17
DYNW	NDNT-DYNW	2020-07-08 16:00:00.0	49.81286	22.22936	311.669	276.611	2,398.3	1.4	-1.04	0.22	0.19	0.19
DYNW	NDNT-DYNW	2020-07-08 16:30:00.0	49.81286	22.22936	311.669	276.611	2,405	1.7	-0.4	1.07	0.24	0.29
DYNW	NDNT-DYNW	2020-07-08 17:00:00.0	49.81286	22.22936	311.672	276.614	2,410.6	1.4	0.75	0	0.22	0.27
DYNW	NDNT-DYNW	2020-07-08 17:30:00.0	49.81286	22.22936	311.672	276.614	2,411.8	1.7	0.87	-0.51	0.28	0.33
DYNW	NDNT-DYNW	2020-07-08 18:00:00.0	49.81286	22.22936	311.654	276.596	2,425.6	1.5	-0.46	0.25	0.22	0.25
DYNW	NDNT-DYNW	2020-07-08 18:30:00.0	49.81286	22.22936	311.654	276.596	2,431	1.6	-0.68	0.68	0.24	0.23
DYNW	NDNT-DYNW	2020-07-08 19:00:00.0	49.81286	22.22936	311.662	276.604	2,429.7	1.1	-0.92	-0.13	0.12	0.14
DZIA	12244M001	2020-07-08 09:00:00.0	53.23033	20.16739	206.575	176.057	2,378.9	1	-1.16	0.53	0.12	0.13
DZIA	12244M001	2020-07-08 09:30:00.0	53.23033	20.16739	206.575	176.057	2,382.2	1	0.23	0.52	0.14	0.13
DZIA	12244M001	2020-07-08 10:00:00.0	53.23033	20.16739	206.578	176.06	2,378	0.8	-0.67	0.88	0.1	0.12
DZIA	12244M001	2020-07-08 10:30:00.0	53.23033	20.16739	206.578	176.06	2,378.2	1	-0.77	-0.22	0.11	0.14
DZIA	12244M001	2020-07-08 11:00:00.0	53.23033	20.16739	206.571	176.053	2,380.9	1.1	0.06	0.21	0.21	0.13
DZIA	12244M001	2020-07-08 11:30:00.0	53.23033	20.16739	206.571	176.053	2,382.7	1.4	-0.41	0.01	0.26	0.2
DZIA	12244M001	2020-07-08 12:00:00.0	53.23033	20.16739	206.567	176.049	2,377.7	1.3	-0.41	0.06	0.18	0.17
DZIA	12244M001	2020-07-08 12:30:00.0	53.23033	20.16739	206.567	176.049	2,378	1.3	-0.72	-0.23	0.17	0.17
DZIA	12244M001	2020-07-08 13:00:00.0	53.23033	20.16739	206.574	176.056	2,372.2	1	-0.92	1.1	0.12	0.12
DZIA	12244M001	2020-07-08 13:30:00.0	53.23033	20.16739	206.574	176.056	2,364.9	1.1	-0.86	0.98	0.15	0.18
DZIA	12244M001	2020-07-08 14:00:00.0	53.23033	20.16739	206.578	176.06	2,369.2	1.3	-1.64	-1.23	0.2	0.19
DZIA	12244M001	2020-07-08 14:30:00.0	53.23033	20.16739	206.578	176.06	2,364.7	1.6	-1.11	-0.28	0.26	0.24
DZIA	12244M001	2020-07-08 15:00:00.0	53.23033	20.16739	206.578	176.06	2,359	1.1	-0.67	0.37	0.14	0.14
DZIA	12244M001	2020-07-08 15:30:00.0	53.23033	20.16739	206.578	176.06	2,365	1.1	-1.06	-0.08	0.14	0.15
DZIA	12244M001	2020-07-08 16:00:00.0	53.23033	20.16739	206.579	176.061	2,365.4	1	-0.81	-0.07	0.12	0.14
DZIA	12244M001	2020-07-08 16:30:00.0	53.23033	20.16739	206.579	176.061	2,362.9	1.1	-0.53	-0.33	0.15	0.23
DZIA	12244M001	2020-07-08 17:00:00.0	53.23033	20.16739	206.583	176.065	2,366.3	1.1	-0.02	0.77	0.15	0.16
DZIA	12244M001	2020-07-08 17:30:00.0	53.23033	20.16739	206.583	176.065	2,370.4	1.1	-0.05	0.39	0.13	0.16
DZIA	12244M001	2020-07-08 18:00:00.0	53.23033	20.16739	206.583	176.065	2,386.4	0.9	-0.37	-1.38	0.13	0.12
DZIA	12244M001	2020-07-08 18:30:00.0	53.23033	20.16739	206.583	176.065	2,375.5	0.9	-0.66	0.92	0.13	0.13
DZIA	12244M001	2020-07-08 19:00:00.0	53.23033	20.16739	206.579	176.061	2,374.7	0.8	-0.84	0.4	0.1	0.09
ELBL	18991M001	2020-07-08 09:00:00.0	54.15556	19.40036	52.687	23.679	2,415	1.1	-1.54	1.4	0.15	0.15
ELBL	18991M001	2020-07-08 09:30:00.0	54.15556	19.40036	52.687	23.679	2,417.5	1.1	-1.06	-0.11	0.16	0.14
ELBL	18991M001	2020-07-08 10:00:00.0	54.15556	19.40036	52.689	23.681	2,411.9	0.9	-1.93	0.87	0.13	0.15
ELBL	18991M001	2020-07-08 10:30:00.0	54.15556	19.40036	52.689	23.681	2,413.1	1.2	-1.28	0.67	0.13	0.17
ELBL	18991M001	2020-07-08 11:00:00.0	54.15556	19.40036	52.681	23.673	2,422.3	1.1	0.05	1	0.21	0.13
ELBL	18991M001	2020-07-08 11:30:00.0	54.15556	19.40036	52.681	23.673	2,432.7	1.5	-2.57	1.32	0.26	0.21
ELBL	18991M001	2020-07-08 12:00:00.0	54.15556	19.40036	52.69	23.682	2,427.7	1.3	-0.93	0.65	0.18	0.17
ELBL	18991M001	2020-07-08 12:30:00.0	54.15556	19.40036	52.69	23.682	2,429.7	1.3	-1.2	1.64	0.17	0.17
ELBL	18991M001	2020-07-08 13:00:00.0	54.15556	19.40036	52.697	23.689	2,427.2	1	-0.96	-0.05	0.12	0.14
ELBL	18991M001	2020-07-08 13:30:00.0	54.15556	19.40036	52.697	23.689	2,432.4	1.2	0.04	-0.13	0.18	0.19
ELBL	18991M001	2020-07-08 14:00:00.0	54.15556	19.40036	52.695	23.687	2,416.8	1.1	-1.07	3.7	0.18	0.16
ELBL	18991M001	2020-07-08 14:30:00.0	54.15556	19.40036	52.695	23.687	2,401.1	1.3	-0.51	2.5	0.23	0.21
ELBL	18991M001	2020-07-08 15:00:00.0	54.15556	19.40036	52.689	23.681	2,421.6	1.3	-0.39	0.79	0.15	0.18
ELBL	18991M001	2020-07-08 15:30:00.0	54.15556	19.40036	52.689	23.681	2,417.2	1.3	-1.09	1.59	0.17	0.17
ELBL	18991M001	2020-07-08 16:00:00.0	54.15556	19.40036	52.692	23.684	2,409.9	1.2	-0.9	-0.23	0.14	0.16
ELBL	18991M001	2020-07-08 16:30:00.0	54.15556	19.40036	52.692	23.684	2,417.7	1.4	-1.12	0.65	0.19	0.24
ELBL	18991M001	2020-07-08 17:00:00.0	54.15556	19.40036	52.704	23.696	2,411.7	1.2	-0.29	-0.6	0.16	0.2
ELBL	18991M001	2020-07-08 17:30:00.0	54.15556	19.40036	52.704	23.696	2,413	1.1	-0.85	0.18	0.13	0.19
ELBL	18991M001	2020-07-08 18:00:00.0	54.15556	19.40036	52.698	23.69	2,409.3	1	-1.23	2.05	0.16	0.15
ELBL	18991M001	2020-07-08 18:30:00.0	54.15556	19.40036	52.698	23.69	2,410.5	1	-0.69	0.91	0.16	0.14
ELBL	18991M001	2020-07-08 19:00:00.0	54.15556	19.40036	52.69	23.682	2,407.4	0.8	-0.66	0	0.11	0.1
GDA1	12252M002	2020-07-08 09:00:00.0	54.35142	18.64108	63.172	33.94	2,408.2	1.1	-1.32	-0.32	0.15	0.15
GDA1	12252M002	2020-07-08 09:30:00.0	54.35142	18.64108	63.172	33.94	2,411.8	1.1	-0.83	0.39	0.16	0.15
GDA1	12252M002	2020-07-08 10:00:00.0	54.35142	18.64108	63.174	33.942	2,413.9	1.2	-0.54	0.83	0.16	0.18
GDA1	12252M002	2020-07-08 10:30:00.0	54.35142	18.64108	63.174	33.942	2,410.1	1.4	-1.03	0.27	0.18	0.22
GDA1	12252M002	2020-07-08 11:00:00.0	54.35142	18.64108	63.169	33.937	2,419.7	1.2	-1.82	0.13	0.22	0.15
GDA1	12252M002	2020-07-08 11:30:00.0	54.35142	18.64108	63.169	33.937	2,419.6	1.6	-0.71	0.11	0.26	0.22
GDA1	12252M002	2020-07-08 12:00:00.0	54.35142	18.64108	63.17	33.938	2,409.9	1.3	-0.68	0.26	0.17	0.18
GDA1	12252M002	2020-07-08 12:30:00.0	54.35142	18.64108	63.17	33.938	2,411.4	1.3	-1.65	0.98	0.19	0.17
GDA1	12252M002	2020-07-08 13:00:00.0	54.35142	18.64108	63.173	33.941	2,410.9	1	-0.64	0.46	0.13	0.16
GDA1	12252M002	2020-07-08 13:30:00.0	54.35142	18.64108	63.173	33.941	2,419.1	1.2	-0.77	0.96	0.16	0.23
GDA1	12252M002	2020-07-08 14:00:00.0	54.35142	18.64108	63.172	33.94	2,406.9	1.1	-1.47	1.75	0.19	0.18
GDA1	12252M002	2020-07-08 14:30:00.0	54.35142	18.64108	63.172	33.94	2,410.3	1.4	-0.25	1.45	0.24	0.22
GDA1	12252M002	2020-07-08 15:00:00.0	54.35142	18.64108	63.173	33.941	2,411.7	1.2	-0.52	1.76	0.15	0.17
GDA1	12252M002	2020-07-08 15:30:00.0	54.35142	18.64108	63.173	33.941	2,403.6	1.3	-1.24	1.46	0.18	0.17
GDA1	12252M002	2020-07-08 16:00:00.0	54.35142	18.64108	63.181	33.949	2,396.3	1.2	-0.93	0.79	0.16	0.19
GDA1	12252M002	2020-07-08 16:30:00.0	54.35142	18.64108	63.181	33.949	2,399.6	1.5	-1.21	0.32	0.21	0.26
GDA1	12252M002	2020-07-08 17:00:00.0	54.35142	18.64108	63.177	33.945	2,396	1.1	-1.02	0.68	0.14	0.16
GDA1	12252M002	2020-07-08 17:30:00.0	54.35142	18.64108	63.177	33.945	2,397.7	1.2	-0.42	-0.54	0.15	0.17
GDA1	12252M002	2020-07-08 18:00:00.0	54.35142	18.64108	63.173	33.941	2,404	1.1	0.26	-0.19	0.16	0.15
GDA1	12252M002	2020-07-08 18:30:00.0	54.35142	18.64108	63.173	33.941	2,400.6	1	-0.07	0.08	0.14	0.15
GDA1	12252M002	2020-07-08 19:00:00.0	54.35142	18.64108	63.171	33.939	2,406	0.9	-0.08	0.44	0.12	0.12
GIZY	12253M001	2020-07-08 09:00:00.0	54.03578	21.76778	166.821	138.581	2,395.5	1.3	-0.69	0.76	0.19	0.18
GIZY	12253M001	2020-07-08 09:30:00.0	54.03578	21.76778	166.821	138.581	2,394.7	1.3	-0.54	0.04	0.2	0.17
GIZY	12253M001	2020-07-08 10:00:00.0	54.03578	21.76778	166.82	138.58	2,395.5	1.1	-0.94	0.81	0.13	0.15
GIZY	12253M001	2020-07-08 10:30:00.0	54.03578	21.76778	166.82	138.58	2,388	1.3	-1.08	0.72	0.16	0.2
GIZY	12253M001	2020-07-08 11:00:00.0	54.03578	21.76778	166.813	138.573	2,394.7	1.1	0.25	-0.76	0.21	0.14
GIZY	12253M001	2020-07-08 11:30:00.0	54.03578	21.76778	166.813	138.573	2,402.9	1.5	0.71	0	0.25	0.21
GIZY	12253M001	2020-07-08 12:00:00.0	54.03578	21.76778	166.814	138.574	2,398.1	1.3	-1.88	0.72	0.17	0.18
GIZY	12253M001	2020-07-08 12:30:00.0	54.03578	21.76778	166.814	138.574	2,397.3	1.3	-1.84	-0.6	0.16	0.17
GIZY	12253M001	2020-07-08 13:00:00.0	54.03578	21.76778	166.815	138.575	2,399.3	1.2	-1.09	-0.76	0.18	0.16
GIZY	12253M001	2020-07-08 13:30:00.0	54.03578	21.76778	166.815	138.575	2,406.3	1.5	-0.18	0.49	0.24	0.22
GIZY	12253M001	2020-07-08 14:00:00.0	54.03578	21.76778	166.807	138.567	2,393.3	1.3	0.25	1.34	0.21	0.19
GIZY	12253M001	2020-07-08 14:30:00.0	54.03578	21.76778	166.807	138.567	2,394.7	1.5	-0.38	1.55	0.26	0.23
GIZY	12253M001	2020-07-08 15:00:00.0	54.03578	21.76778	166.815	138.575	2,392.8	1.2	-0.09	0.6	0.14	0.16
GIZY	12253M001	2020-07-08 15:30:00.0	54.03578	21.76778	166.815	138.575	2,388.8	1.1	-0.67	1.12	0.15	0.15
GIZY	12253M001	2020-07-08 16:00:00.0	54.03578	21.76778	166.81	138.57	2,388	1.2	-0.32	0.1	0.16	0.19
GIZY	12253M001	2020-07-08 16:30:00.0	54.03578	21.76778	166.81	138.57	2,397.6	1.5	0.39	-1.62	0.2	0.29
GIZY	12253M001	2020-07-08 17:00:00.0	54.03578	21.76778	166.813	138.573	2,399.6	1.3	0.39	0.75	0.18	0.21
GIZY	12253M001	2020-07-08 17:30:00.0	54.03578	21.76778	166.813	138.573	2,391.2	1.3	0.54	0.91	0.17	0.21
GIZY	12253M001	2020-07-08 18:00:00.0	54.03578	21.76778	166.814	138.574	2,393.5	1.1	0.22	0.88	0.17	0.16
GIZY	12253M001	2020-07-08 18:30:00.0	54.03578	21.76778	166.814	138.574	2,391	1.1	-0.42	0.21	0.16	0.15
GIZY	12253M001	2020-07-08 19:00:00.0	54.03578	21.76778	166.818	138.578	2,392.8	1.1	-0.5	-0.48	0.16	0.14
GLIW	NDNT-GLIW	2020-07-08 09:00:00.0	50.22644	18.60972	284.039	242.463	2,404	1.6	-0.54	0.57	0.24	0.23
GLIW	NDNT-GLIW	2020-07-08 09:30:00.0	50.22644	18.60972	284.039	242.463	2,400.5	1.6	-1.35	0.37	0.22	0.22
GLIW	NDNT-GLIW	2020-07-08 10:00:00.0	50.22644	18.60972	284.041	242.465	2,400.5	1.4	-1.71	1.01	0.18	0.21
GLIW	NDNT-GLIW	2020-07-08 10:30:00.0	50.22644	18.60972	284.041	242.465	2,403	1.8	-1.59	0.8	0.24	0.3
GLIW	NDNT-GLIW	2020-07-08 11:00:00.0	50.22644	18.60972	284.05	242.474	2,402.7	1.8	0.03	-0.92	0.28	0.23
GLIW	NDNT-GLIW	2020-07-08 11:30:00.0	50.22644	18.60972	284.05	242.474	2,405.6	2.1	0.06	-0.71	0.33	0.3
GLIW	NDNT-GLIW	2020-07-08 12:00:00.0	50.22644	18.60972	284.057	242.481	2,412.7	1.6	-0.46	0.74	0.24	0.21
GLIW	NDNT-GLIW	2020-07-08 12:30:00.0	50.22644	18.60972	284.057	242.481	2,412.1	1.5	-0.35	0.94	0.21	0.23
GLIW	NDNT-GLIW	2020-07-08 13:00:00.0	50.22644	18.60972	284.055	242.479	2,417.4	1.4	-1.1	-0.47	0.2	0.22
GLIW	NDNT-GLIW	2020-07-08 13:30:00.0	50.22644	18.60972	284.055	242.479	2,418.9	1.6	-0.52	-0.87	0.28	0.29
GLIW	NDNT-GLIW	2020-07-08 14:00:00.0	50.22644	18.60972	284.048	242.472	2,423	1.6	-0.55	0.64	0.26	0.25
GLIW	NDNT-GLIW	2020-07-08 14:30:00.0	50.22644	18.60972	284.048	242.472	2,425.2	1.8	-0.29	1.09	0.3	0.31
GLIW	NDNT-GLIW	2020-07-08 15:00:00.0	50.22644	18.60972	284.054	242.478	2,430.3	1.6	0.07	0.14	0.22	0.23
GLIW	NDNT-GLIW	2020-07-08 15:30:00.0	50.22644	18.60972	284.054	242.478	2,432.4	1.7	-0.39	-0.63	0.23	0.23
GLIW	NDNT-GLIW	2020-07-08 16:00:00.0	50.22644	18.60972	284.052	242.476	2,427.5	1.4	-1.01	-0.19	0.19	0.22
GLIW	NDNT-GLIW	2020-07-08 16:30:00.0	50.22644	18.60972	284.052	242.476	2,431.1	1.5	-0.46	-0.48	0.23	0.28
GLIW	NDNT-GLIW	2020-07-08 17:00:00.0	50.22644	18.60972	284.039	242.463	2,434.7	1.5	0.14	-0.56	0.23	0.24
GLIW	NDNT-GLIW	2020-07-08 17:30:00.0	50.22644	18.60972	284.039	242.463	2,434.1	1.4	0.02	-0.25	0.23	0.26
GLIW	NDNT-GLIW	2020-07-08 18:00:00.0	50.22644	18.60972	284.031	242.455	2,439.5	1.5	-0.88	0.26	0.22	0.21
GLIW	NDNT-GLIW	2020-07-08 18:30:00.0	50.22644	18.60972	284.031	242.455	2,440.5	1.4	-1.39	0.18	0.21	0.21
GLIW	NDNT-GLIW	2020-07-08 19:00:00.0	50.22644	18.60972	284.037	242.461	2,434.4	1.1	-1.26	-0.04	0.12	0.14
GLOG	12254M001	2020-07-08 09:00:00.0	51.66525	16.07428	144.426	104.583	2,429.8	1.2	-1.28	-0.99	0.17	0.17
GLOG	12254M001	2020-07-08 09:30:00.0	51.66525	16.07428	144.426	104.583	2,429.3	1.4	-1.33	-0.42	0.2	0.18
GLOG	12254M001	2020-07-08 10:00:00.0	51.66525	16.07428	144.43	104.587	2,436.7	1	-1.69	0.18	0.13	0.16
GLOG	12254M001	2020-07-08 10:30:00.0	51.66525	16.07428	144.43	104.587	2,434.9	1.3	-2.36	-0.19	0.18	0.2
GLOG	12254M001	2020-07-08 11:00:00.0	51.66525	16.07428	144.43	104.587	2,438.3	1.2	-2.13	-0.59	0.22	0.14
GLOG	12254M001	2020-07-08 11:30:00.0	51.66525	16.07428	144.43	104.587	2,434.4	1.7	-2.72	-0.49	0.28	0.25
GLOG	12254M001	2020-07-08 12:00:00.0	51.66525	16.07428	144.432	104.589	2,429.4	1.4	-3.29	-0.5	0.2	0.21
GLOG	12254M001	2020-07-08 12:30:00.0	51.66525	16.07428	144.432	104.589	2,426.6	1.4	-3.07	-0.61	0.22	0.23
GLOG	12254M001	2020-07-08 13:00:00.0	51.66525	16.07428	144.428	104.585	2,429.1	1.2	-2.05	-0.42	0.15	0.19
GLOG	12254M001	2020-07-08 13:30:00.0	51.66525	16.07428	144.428	104.585	2,427.7	1.4	-2.02	-0.84	0.22	0.26
GLOG	12254M001	2020-07-08 14:00:00.0	51.66525	16.07428	144.425	104.582	2,432.1	1.3	-1.87	-0.21	0.22	0.19
GLOG	12254M001	2020-07-08 14:30:00.0	51.66525	16.07428	144.425	104.582	2,434.1	1.5	-1.93	-0.04	0.25	0.24
GLOG	12254M001	2020-07-08 15:00:00.0	51.66525	16.07428	144.424	104.581	2,436.2	1.3	-2.18	-0.67	0.18	0.17
GLOG	12254M001	2020-07-08 15:30:00.0	51.66525	16.07428	144.424	104.581	2,433.5	1.3	-2.18	-0.04	0.19	0.16
GLOG	12254M001	2020-07-08 16:00:00.0	51.66525	16.07428	144.421	104.578	2,430.2	1.1	-2.08	-0.32	0.14	0.16
GLOG	12254M001	2020-07-08 16:30:00.0	51.66525	16.07428	144.421	104.578	2,427.7	1.3	-1.39	-0.72	0.19	0.25
GLOG	12254M001	2020-07-08 17:00:00.0	51.66525	16.07428	144.421	104.578	2,429.9	1.3	-1.54	0.1	0.18	0.22
GLOG	12254M001	2020-07-08 17:30:00.0	51.66525	16.07428	144.421	104.578	2,426.2	1.3	-1.19	-0.38	0.19	0.24
GLOG	12254M001	2020-07-08 18:00:00.0	51.66525	16.07428	144.416	104.573	2,426.5	1.3	-1.21	0.23	0.19	0.22
GLOG	12254M001	2020-07-08 18:30:00.0	51.66525	16.07428	144.416	104.573	2,422.1	1.2	-0.94	0.49	0.17	0.19
GLOG	12254M001	2020-07-08 19:00:00.0	51.66525	16.07428	144.412	104.569	2,416.6	1	-1.7	0.53	0.14	0.14
GLSV	12356M001	2020-07-08 09:00:00.0	50.36419	30.49675	226.321	200.949	2,381.9	1	-0.58	5.02	0.12	0.14
GLSV	12356M001	2020-07-08 09:30:00.0	50.36419	30.49675	226.321	200.949	2,369	1.1	-0.99	3.44	0.16	0.16
GLSV	12356M001	2020-07-08 10:00:00.0	50.36419	30.49675	226.311	200.939	2,370.6	0.9	-0.48	1.34	0.11	0.11
GLSV	12356M001	2020-07-08 10:30:00.0	50.36419	30.49675	226.311	200.939	2,362.6	1.2	0.02	2.05	0.16	0.2
GLSV	12356M001	2020-07-08 11:00:00.0	50.36419	30.49675	226.32	200.948	2,356.8	1.4	-0.24	0.81	0.21	0.17
GLSV	12356M001	2020-07-08 11:30:00.0	50.36419	30.49675	226.32	200.948	2,349.1	1.5	-0.99	-0.02	0.22	0.19
GLSV	12356M001	2020-07-08 12:00:00.0	50.36419	30.49675	226.319	200.947	2,340.9	1.7	-1.54	0.17	0.27	0.3
GLSV	12356M001	2020-07-08 13:00:00.0	50.36419	30.49672	226.307	200.935	2,347.5	1.6	-1.29	-0.19	0.21	0.21
GLSV	12356M001	2020-07-08 13:30:00.0	50.36419	30.49672	226.307	200.935	2,352.4	1.4	-1.17	-0.36	0.19	0.14
GLSV	12356M001	2020-07-08 14:00:00.0	50.36419	30.49672	226.321	200.949	2,354.5	1.4	-1.21	-0.88	0.18	0.15
GLSV	12356M001	2020-07-08 14:30:00.0	50.36419	30.49672	226.321	200.949	2,354.8	1.5	-0.73	-0.46	0.24	0.17
GLSV	12356M001	2020-07-08 15:00:00.0	50.36419	30.49672	226.324	200.952	2,356.4	1.4	-1.01	0.05	0.16	0.14
GLSV	12356M001	2020-07-08 15:30:00.0	50.36419	30.49672	226.324	200.952	2,361.4	1.3	-0.44	-0.59	0.12	0.14
GLSV	12356M001	2020-07-08 16:00:00.0	50.36419	30.49672	226.321	200.949	2,360.8	1.1	0.06	-0.57	0.13	0.14
GLSV	12356M001	2020-07-08 16:30:00.0	50.36419	30.49672	226.321	200.949	2,360.7	1.4	0.4	-0.48	0.15	0.23
GLSV	12356M001	2020-07-08 17:00:00.0	50.36419	30.49675	226.317	200.945	2,367.4	1.2	0.2	-0.61	0.17	0.19
GLSV	12356M001	2020-07-08 17:30:00.0	50.36419	30.49675	226.317	200.945	2,362.3	1.2	-0.56	-0.37	0.14	0.16
GLSV	12356M001	2020-07-08 18:00:00.0	50.36419	30.49675	226.31	200.938	2,366.9	1	-0.81	0.29	0.13	0.12
GLSV	12356M001	2020-07-08 18:30:00.0	50.36419	30.49675	226.31	200.938	2,370	1	-0.59	-0.59	0.15	0.12
GLSV	12356M001	2020-07-08 19:00:00.0	50.36419	30.49675	226.305	200.933	2,370.4	0.9	-0.42	-0.48	0.1	0.1
GLUB	NDNT-GLUB	2020-07-08 09:00:00.0	50.20236	17.81056	321.379	279.155	2,387.6	1.5	-0.38	-0.12	0.21	0.21
GLUB	NDNT-GLUB	2020-07-08 09:30:00.0	50.20236	17.81056	321.379	279.155	2,384.8	1.6	-0.2	0.36	0.2	0.22
GLUB	NDNT-GLUB	2020-07-08 10:00:00.0	50.20236	17.81056	321.382	279.158	2,394.1	1.4	-0.32	-0.19	0.16	0.2
GLUB	NDNT-GLUB	2020-07-08 10:30:00.0	50.20236	17.81056	321.382	279.158	2,393.9	1.7	-0.8	-0.59	0.24	0.23
GLUB	NDNT-GLUB	2020-07-08 11:00:00.0	50.20236	17.81056	321.382	279.158	2,400.5	1.6	-0.28	-0.28	0.29	0.18
GLUB	NDNT-GLUB	2020-07-08 11:30:00.0	50.20236	17.81056	321.382	279.158	2,401	2.2	-0.13	0.29	0.37	0.27
GLUB	NDNT-GLUB	2020-07-08 12:00:00.0	50.20236	17.81056	321.38	279.156	2,409.2	1.7	-1.41	0.24	0.26	0.23
GLUB	NDNT-GLUB	2020-07-08 12:30:00.0	50.20236	17.81056	321.38	279.156	2,409.6	1.5	-1.29	-0.19	0.19	0.2
GLUB	NDNT-GLUB	2020-07-08 13:00:00.0	50.20236	17.81056	321.378	279.154	2,416.6	1.4	-1.35	0.28	0.19	0.2
GLUB	NDNT-GLUB	2020-07-08 13:30:00.0	50.20236	17.81056	321.378	279.154	2,414.6	1.6	-1.63	0.43	0.23	0.28
GLUB	NDNT-GLUB	2020-07-08 14:00:00.0	50.20236	17.81056	321.374	279.15	2,414.5	1.9	-1.44	1.42	0.29	0.29
GLUB	NDNT-GLUB	2020-07-08 14:30:00.0	50.20236	17.81056	321.374	279.15	2,412.6	2.2	-1.55	1.26	0.35	0.33
GLUB	NDNT-GLUB	2020-07-08 15:00:00.0	50.20236	17.81056	321.381	279.157	2,420.8	1.5	-0.77	0.39	0.21	0.2
GLUB	NDNT-GLUB	2020-07-08 15:30:00.0	50.20236	17.81056	321.381	279.157	2,420.6	1.5	-0.47	0.61	0.2	0.19
GLUB	NDNT-GLUB	2020-07-08 16:00:00.0	50.20236	17.81056	321.375	279.151	2,421.1	1.2	-1.24	0.03	0.14	0.17
GLUB	NDNT-GLUB	2020-07-08 16:30:00.0	50.20236	17.81056	321.375	279.151	2,419.5	1.4	-0.84	0.57	0.17	0.25
GLUB	NDNT-GLUB	2020-07-08 17:00:00.0	50.20236	17.81056	321.369	279.145	2,427.9	1.3	-1	0.31	0.18	0.21
GLUB	NDNT-GLUB	2020-07-08 17:30:00.0	50.20236	17.81056	321.369	279.145	2,427.6	1.3	-1.23	0.13	0.16	0.23
GLUB	NDNT-GLUB	2020-07-08 18:00:00.0	50.20236	17.81056	321.372	279.148	2,430.4	1.7	-1.12	-0.59	0.21	0.25
GLUB	NDNT-GLUB	2020-07-08 18:30:00.0	50.20236	17.81056	321.372	279.148	2,426.9	1.6	-1.1	-0.4	0.22	0.24
GLUB	NDNT-GLUB	2020-07-08 19:00:00.0	50.20236	17.81056	321.374	279.15	2,420.7	1.1	-1.56	0.51	0.12	0.12
GNIE	12255M001	2020-07-08 09:00:00.0	52.53294	17.58386	172.122	138.86	2,395	1.1	-2.11	-0.69	0.14	0.15
GNIE	12255M001	2020-07-08 09:30:00.0	52.53294	17.58386	172.122	138.86	2,395	1.1	-1.24	-0.03	0.15	0.16
GNIE	12255M001	2020-07-08 10:00:00.0	52.53294	17.58386	172.123	138.861	2,396.1	1	-1.89	-0.28	0.13	0.15
GNIE	12255M001	2020-07-08 10:30:00.0	52.53294	17.58386	172.123	138.861	2,396.1	1.2	-2.22	-0.11	0.16	0.18
GNIE	12255M001	2020-07-08 11:00:00.0	52.53294	17.58386	172.118	138.856	2,394.5	1.2	-1.22	-0.27	0.22	0.14
GNIE	12255M001	2020-07-08 11:30:00.0	52.53294	17.58386	172.118	138.856	2,396.4	1.6	-1.98	-0.27	0.27	0.23
GNIE	12255M001	2020-07-08 12:00:00.0	52.53294	17.58386	172.123	138.861	2,396.2	1.5	-1.13	-0.21	0.23	0.2
GNIE	12255M001	2020-07-08 12:30:00.0	52.53294	17.58386	172.123	138.861	2,395.6	1.5	-1.53	-0.01	0.22	0.18
GNIE	12255M001	2020-07-08 13:00:00.0	52.53294	17.58386	172.121	138.859	2,399.3	1.1	-1.86	-0.89	0.12	0.17
GNIE	12255M001	2020-07-08 13:30:00.0	52.53294	17.58386	172.121	138.859	2,394	1.2	-2.14	-0.31	0.21	0.23
GNIE	12255M001	2020-07-08 14:00:00.0	52.53294	17.58386	172.116	138.854	2,396.8	1.4	-2.09	0.52	0.23	0.21
GNIE	12255M001	2020-07-08 14:30:00.0	52.53294	17.58386	172.116	138.854	2,392.6	1.6	-1.99	0.62	0.27	0.25
GNIE	12255M001	2020-07-08 15:00:00.0	52.53294	17.58386	172.121	138.859	2,396.7	1.5	-0.72	0.22	0.2	0.19
GNIE	12255M001	2020-07-08 15:30:00.0	52.53294	17.58386	172.121	138.859	2,396.1	1.5	-0.8	0.12	0.21	0.23
GNIE	12255M001	2020-07-08 16:00:00.0	52.53294	17.58386	172.122	138.86	2,391.6	1.1	-1.1	0.26	0.15	0.16
GNIE	12255M001	2020-07-08 16:30:00.0	52.53294	17.58386	172.122	138.86	2,390.1	1.3	-1.32	0.81	0.19	0.28
GNIE	12255M001	2020-07-08 17:00:00.0	52.53294	17.58386	172.122	138.86	2,395.8	1.3	-1.47	-1.27	0.19	0.23
GNIE	12255M001	2020-07-08 17:30:00.0	52.53294	17.58386	172.122	138.86	2,402	1.4	-0.93	-1.11	0.2	0.26
GNIE	12255M001	2020-07-08 18:00:00.0	52.53294	17.58386	172.124	138.862	2,396.7	1.1	0.08	-0.79	0.17	0.17
GNIE	12255M001	2020-07-08 18:30:00.0	52.53294	17.58386	172.124	138.862	2,399.9	1.2	-0.51	-0.22	0.16	0.17
GNIE	12255M001	2020-07-08 19:00:00.0	52.53294	17.58386	172.12	138.858	2,396.4	0.9	-0.45	-0.22	0.12	0.12
GOLE	12256M001	2020-07-08 09:00:00.0	53.55872	14.838	68.869	33.692	2,397.9	1.3	-0.79	0.49	0.18	0.18
GOLE	12256M001	2020-07-08 09:30:00.0	53.55872	14.838	68.869	33.692	2,397	1.4	-0.17	0.86	0.2	0.2
GOLE	12256M001	2020-07-08 10:00:00.0	53.55872	14.838	68.87	33.693	2,397.8	1	-0.05	-0.2	0.12	0.15
GOLE	12256M001	2020-07-08 10:30:00.0	53.55872	14.838	68.87	33.693	2,403.9	1.1	-1	0.02	0.14	0.15
GOLE	12256M001	2020-07-08 11:00:00.0	53.55872	14.838	68.866	33.689	2,401.4	1.2	-0.32	-0.29	0.21	0.13
GOLE	12256M001	2020-07-08 11:30:00.0	53.55872	14.838	68.866	33.689	2,402.3	1.5	-0.49	-0.22	0.27	0.21
GOLE	12256M001	2020-07-08 12:00:00.0	53.55872	14.838	68.873	33.696	2,401.2	1.4	-0.51	-0.33	0.19	0.19
GOLE	12256M001	2020-07-08 12:30:00.0	53.55872	14.838	68.873	33.696	2,401.7	1.4	-0.59	-0.4	0.2	0.19
GOLE	12256M001	2020-07-08 13:00:00.0	53.55872	14.838	68.872	33.695	2,407.7	1.1	-0.54	-0.37	0.11	0.14
GOLE	12256M001	2020-07-08 13:30:00.0	53.55872	14.838	68.872	33.695	2,407.6	1.3	-0.25	-0.32	0.18	0.21
GOLE	12256M001	2020-07-08 14:00:00.0	53.55872	14.838	68.868	33.691	2,406.3	1.1	-0.41	0.37	0.18	0.16
GOLE	12256M001	2020-07-08 14:30:00.0	53.55872	14.838	68.868	33.691	2,403.9	1.3	0.65	-0.29	0.22	0.19
GOLE	12256M001	2020-07-08 15:00:00.0	53.55872	14.838	68.868	33.691	2,410.5	1.1	-0.76	-0.49	0.15	0.14
GOLE	12256M001	2020-07-08 15:30:00.0	53.55872	14.838	68.868	33.691	2,409.3	1.2	-1.11	0.58	0.18	0.16
GOLE	12256M001	2020-07-08 16:00:00.0	53.55872	14.838	68.87	33.693	2,405.5	1.1	-0.91	-0.68	0.13	0.14
GOLE	12256M001	2020-07-08 16:30:00.0	53.55872	14.838	68.87	33.693	2,408.8	1.2	-0.57	-1.22	0.18	0.18
GOLE	12256M001	2020-07-08 17:00:00.0	53.55872	14.838	68.872	33.695	2,409.3	1.3	-0.36	-0.63	0.18	0.22
GOLE	12256M001	2020-07-08 17:30:00.0	53.55872	14.838	68.872	33.695	2,410.1	1.4	-0.34	-0.65	0.19	0.24
GOLE	12256M001	2020-07-08 18:00:00.0	53.55872	14.838	68.872	33.695	2,418	1.2	-0.29	-0.85	0.16	0.17
GOLE	12256M001	2020-07-08 18:30:00.0	53.55872	14.838	68.872	33.695	2,418.7	1.2	-0.83	-0.91	0.15	0.17
GOLE	12256M001	2020-07-08 19:00:00.0	53.55872	14.838	68.872	33.695	2,419.8	0.9	-1.54	-1.08	0.1	0.11
GOPE	11502M002	2020-07-08 09:00:00.0	49.91369	14.78564	592.722	547.553	2,317.2	1.2	-1.19	-0.44	0.17	0.17
GOPE	11502M002	2020-07-08 09:30:00.0	49.91369	14.78564	592.722	547.553	2,316.1	1.2	-1.07	-0.4	0.17	0.18
GOPE	11502M002	2020-07-08 10:00:00.0	49.91369	14.78564	592.721	547.552	2,329.2	1.1	-0.87	-0.19	0.15	0.16
GOPE	11502M002	2020-07-08 10:30:00.0	49.91369	14.78564	592.721	547.552	2,330.8	1.2	-0.76	-0.28	0.2	0.16
GOPE	11502M002	2020-07-08 11:00:00.0	49.91369	14.78564	592.722	547.553	2,338.1	1.2	-0.18	-0.81	0.24	0.13
GOPE	11502M002	2020-07-08 11:30:00.0	49.91369	14.78564	592.722	547.553	2,342.3	1.6	-0.05	-0.9	0.29	0.22
GOPE	11502M002	2020-07-08 12:00:00.0	49.91369	14.78564	592.729	547.56	2,342.7	1.4	-0.4	-0.57	0.2	0.15
GOPE	11502M002	2020-07-08 12:30:00.0	49.91369	14.78564	592.729	547.56	2,349.1	1.3	-0.79	-0.45	0.16	0.17
GOPE	11502M002	2020-07-08 13:00:00.0	49.91369	14.78564	592.725	547.556	2,350.3	1.1	-1.36	-0.18	0.17	0.14
GOPE	11502M002	2020-07-08 13:30:00.0	49.91369	14.78564	592.725	547.556	2,353.4	1.3	-1.13	0.45	0.21	0.23
GOPE	11502M002	2020-07-08 14:00:00.0	49.91369	14.78564	592.722	547.553	2,350.8	1.1	-1.14	0.28	0.19	0.17
GOPE	11502M002	2020-07-08 14:30:00.0	49.91369	14.78564	592.722	547.553	2,355.2	1.4	-0.86	0.21	0.23	0.22
GOPE	11502M002	2020-07-08 15:00:00.0	49.91369	14.78564	592.724	547.555	2,355.2	1.3	-1.41	0.01	0.18	0.16
GOPE	11502M002	2020-07-08 15:30:00.0	49.91369	14.78564	592.724	547.555	2,355.5	1.3	-1.39	-0.52	0.18	0.15
GOPE	11502M002	2020-07-08 16:00:00.0	49.91369	14.78564	592.727	547.558	2,350.7	1.1	-1.29	0	0.15	0.13
GOPE	11502M002	2020-07-08 16:30:00.0	49.91369	14.78564	592.727	547.558	2,345.4	1.2	-1.84	0.2	0.17	0.15
GOPE	11502M002	2020-07-08 17:00:00.0	49.91369	14.78564	592.729	547.56	2,344.9	1.2	-1.74	-0.04	0.15	0.17
GOPE	11502M002	2020-07-08 17:30:00.0	49.91369	14.78564	592.729	547.56	2,345.3	1.2	-1.92	-0.59	0.15	0.19
GOPE	11502M002	2020-07-08 18:00:00.0	49.91369	14.78564	592.728	547.559	2,341.6	1.4	-1.39	-0.59	0.2	0.21
GOPE	11502M002	2020-07-08 18:30:00.0	49.91369	14.78564	592.728	547.559	2,339.1	1.4	-1.16	-0.46	0.21	0.21
GOPE	11502M002	2020-07-08 19:00:00.0	49.91369	14.78564	592.721	547.552	2,342.2	1.1	-1.76	-0.81	0.15	0.13
GOR1	NDNT-GORL	2020-07-08 09:00:00.0	49.65586	21.13944	381.248	343.393	2,358.1	1.3	-0.01	0.22	0.14	0.16
GOR1	NDNT-GORL	2020-07-08 09:30:00.0	49.65586	21.13944	381.248	343.393	2,366.6	1.4	0.33	0.58	0.16	0.16
GOR1	NDNT-GORL	2020-07-08 10:00:00.0	49.65586	21.13944	381.25	343.395	2,365	1.1	-0.64	0.49	0.13	0.14
GOR1	NDNT-GORL	2020-07-08 10:30:00.0	49.65586	21.13944	381.25	343.395	2,363.6	1.4	-0.97	-0.38	0.19	0.18
GOR1	NDNT-GORL	2020-07-08 11:00:00.0	49.65586	21.13944	381.249	343.394	2,364.9	1.6	-1.6	-0.24	0.24	0.19
GOR1	NDNT-GORL	2020-07-08 11:30:00.0	49.65586	21.13944	381.249	343.394	2,359.5	1.9	-0.88	-0.21	0.31	0.25
GOR1	NDNT-GORL	2020-07-08 12:00:00.0	49.65586	21.13944	381.243	343.388	2,365.8	1.3	-0.44	-0.08	0.19	0.15
GOR1	NDNT-GORL	2020-07-08 12:30:00.0	49.65586	21.13944	381.243	343.388	2,365.1	1.2	-0.59	0.02	0.15	0.18
GOR1	NDNT-GORL	2020-07-08 13:00:00.0	49.65586	21.13944	381.246	343.391	2,369.8	1.1	-1.05	0.06	0.15	0.12
GOR1	NDNT-GORL	2020-07-08 13:30:00.0	49.65586	21.13944	381.246	343.391	2,368.8	1.2	-0.59	0.71	0.18	0.19
GOR1	NDNT-GORL	2020-07-08 14:00:00.0	49.65586	21.13944	381.255	343.4	2,366.4	1.3	-0.91	0.59	0.18	0.17
GOR1	NDNT-GORL	2020-07-08 14:30:00.0	49.65586	21.13944	381.255	343.4	2,370.6	1.5	-0.58	0.11	0.24	0.21
GOR1	NDNT-GORL	2020-07-08 15:00:00.0	49.65586	21.13944	381.256	343.401	2,380.8	1.3	0.01	-0.21	0.17	0.16
GOR1	NDNT-GORL	2020-07-08 15:30:00.0	49.65586	21.13944	381.256	343.401	2,384.9	1.2	-0.15	0.12	0.14	0.14
GOR1	NDNT-GORL	2020-07-08 16:00:00.0	49.65586	21.13944	381.25	343.395	2,388.8	1.1	-0.11	0.09	0.12	0.12
GOR1	NDNT-GORL	2020-07-08 16:30:00.0	49.65586	21.13944	381.25	343.395	2,387.9	1.2	-0.06	-0.04	0.15	0.2
GOR1	NDNT-GORL	2020-07-08 17:00:00.0	49.65586	21.13944	381.25	343.395	2,396.5	1.1	-0.31	0.2	0.16	0.17
GOR1	NDNT-GORL	2020-07-08 17:30:00.0	49.65586	21.13944	381.25	343.395	2,393.8	1.1	-0.27	-0.25	0.13	0.16
GOR1	NDNT-GORL	2020-07-08 18:00:00.0	49.65586	21.13944	381.249	343.394	2,402.1	1.2	-1.04	-0.24	0.15	0.15
GOR1	NDNT-GORL	2020-07-08 18:30:00.0	49.65586	21.13944	381.249	343.394	2,403.9	1.2	-0.63	-0.31	0.16	0.14
GOR1	NDNT-GORL	2020-07-08 19:00:00.0	49.65586	21.13944	381.251	343.396	2,405.3	0.9	-0.92	0.27	0.11	0.1
GRAJ	12245M001	2020-07-08 09:00:00.0	53.65106	22.45231	165.18	136.664	2,399	1.3	-0.47	1.36	0.21	0.2
GRAJ	12245M001	2020-07-08 09:30:00.0	53.65106	22.45231	165.18	136.664	2,401.8	1.4	-0.44	2.34	0.22	0.21
GRAJ	12245M001	2020-07-08 10:00:00.0	53.65106	22.45231	165.193	136.677	2,390.5	1.1	-0.34	1.26	0.17	0.18
GRAJ	12245M001	2020-07-08 10:30:00.0	53.65106	22.45231	165.193	136.677	2,395.7	1.5	-0.21	0.86	0.23	0.25
GRAJ	12245M001	2020-07-08 11:00:00.0	53.65106	22.45231	165.193	136.677	2,397	1.2	0.28	1.63	0.23	0.17
GRAJ	12245M001	2020-07-08 11:30:00.0	53.65106	22.45231	165.193	136.677	2,389.2	1.6	0.69	2.14	0.28	0.26
GRAJ	12245M001	2020-07-08 12:00:00.0	53.65106	22.45231	165.189	136.673	2,391.6	1.6	-1.16	0.95	0.23	0.23
GRAJ	12245M001	2020-07-08 12:30:00.0	53.65106	22.45231	165.189	136.673	2,391.5	1.6	-1.8	1.22	0.25	0.23
GRAJ	12245M001	2020-07-08 13:00:00.0	53.65106	22.45231	165.189	136.673	2,389.1	1.3	-1.96	0.12	0.2	0.19
GRAJ	12245M001	2020-07-08 13:30:00.0	53.65106	22.45231	165.189	136.673	2,391.2	1.5	-1.02	-0.64	0.25	0.25
GRAJ	12245M001	2020-07-08 14:00:00.0	53.65106	22.45231	165.183	136.667	2,404.3	1.4	0.84	-0.66	0.22	0.2
GRAJ	12245M001	2020-07-08 14:30:00.0	53.65106	22.45231	165.183	136.667	2,400.1	1.6	-0.26	0.61	0.28	0.25
GRAJ	12245M001	2020-07-08 15:00:00.0	53.65106	22.45231	165.182	136.666	2,385.4	1.3	-0.64	0.79	0.18	0.18
GRAJ	12245M001	2020-07-08 15:30:00.0	53.65106	22.45231	165.182	136.666	2,384.9	1.2	-0.42	0.04	0.19	0.17
GRAJ	12245M001	2020-07-08 16:00:00.0	53.65106	22.45231	165.177	136.661	2,387.4	1.3	-0.53	0.51	0.18	0.21
GRAJ	12245M001	2020-07-08 16:30:00.0	53.65106	22.45231	165.177	136.661	2,384.5	1.5	-0.48	1.08	0.22	0.3
GRAJ	12245M001	2020-07-08 17:00:00.0	53.65106	22.45231	165.178	136.662	2,394.1	1.4	-0.22	-1.38	0.19	0.25
GRAJ	12245M001	2020-07-08 17:30:00.0	53.65106	22.45231	165.178	136.662	2,394.7	1.4	0.32	0.36	0.19	0.25
GRAJ	12245M001	2020-07-08 18:00:00.0	53.65106	22.45231	165.176	136.66	2,391.3	1.1	-0.05	1.23	0.18	0.17
GRAJ	12245M001	2020-07-08 18:30:00.0	53.65106	22.45231	165.176	136.66	2,396.5	1.2	-0.4	0.91	0.19	0.18
GRAJ	12245M001	2020-07-08 19:00:00.0	53.65106	22.45231	165.177	136.661	2,391.1	1.1	-0.06	0.49	0.19	0.15
GWWL	12225M001	2020-07-08 09:00:00.0	52.73797	15.20522	127.157	90.868	2,408.4	1.6	-1.73	-0.07	0.24	0.23
GWWL	12225M001	2020-07-08 10:00:00.0	52.73797	15.20522	127.159	90.87	2,410.8	1.6	-1.31	-0.5	0.21	0.22
GWWL	12225M001	2020-07-08 10:30:00.0	52.73797	15.20522	127.159	90.87	2,409.7	1.4	-1.14	-0.41	0.2	0.17
GWWL	12225M001	2020-07-08 11:00:00.0	52.73797	15.20522	127.153	90.864	2,412.1	2.2	-1.12	-0.54	0.33	0.26
GWWL	12225M001	2020-07-08 19:00:00.0	52.73797	15.20522	127.155	90.866	2,397.1	1.3	-0.02	0.15	0.16	0.19
HAJN	12247M001	2020-07-08 09:00:00.0	52.74097	23.56589	196.607	168.336	2,394.4	1.3	-0.28	0.64	0.19	0.2
HAJN	12247M001	2020-07-08 09:30:00.0	52.74097	23.56589	196.607	168.336	2,394.1	1.3	-0.15	0.65	0.21	0.18
HAJN	12247M001	2020-07-08 10:00:00.0	52.74097	23.56589	196.612	168.341	2,403.5	1.1	-0.45	0.03	0.15	0.16
HAJN	12247M001	2020-07-08 10:30:00.0	52.74097	23.56589	196.612	168.341	2,407.2	1.3	-0.76	1.23	0.18	0.23
HAJN	12247M001	2020-07-08 11:00:00.0	52.74097	23.56589	196.61	168.339	2,412.6	1.2	-0.01	1.01	0.22	0.15
HAJN	12247M001	2020-07-08 11:30:00.0	52.74097	23.56589	196.61	168.339	2,414.3	1.6	-0.14	1.03	0.27	0.25
HAJN	12247M001	2020-07-08 12:00:00.0	52.74097	23.56589	196.613	168.342	2,417.5	1.6	-1.7	2.78	0.22	0.23
HAJN	12247M001	2020-07-08 12:30:00.0	52.74097	23.56589	196.613	168.342	2,407.5	1.6	-1.47	2.72	0.21	0.23
HAJN	12247M001	2020-07-08 13:00:00.0	52.74097	23.56589	196.622	168.351	2,395.4	1.3	-2.14	1.89	0.18	0.21
HAJN	12247M001	2020-07-08 13:30:00.0	52.74097	23.56589	196.622	168.351	2,391.7	1.5	-2.39	2.66	0.25	0.26
HAJN	12247M001	2020-07-08 14:00:00.0	52.74097	23.56589	196.622	168.351	2,387.3	1.4	-1.29	0.18	0.23	0.21
HAJN	12247M001	2020-07-08 14:30:00.0	52.74097	23.56589	196.622	168.351	2,386.7	1.7	-1.17	0.01	0.3	0.25
HAJN	12247M001	2020-07-08 15:00:00.0	52.74097	23.56589	196.626	168.355	2,383.8	1.2	-0.78	0.85	0.15	0.18
HAJN	12247M001	2020-07-08 15:30:00.0	52.74097	23.56589	196.626	168.355	2,385.7	1.3	-0.73	0.49	0.17	0.21
HAJN	12247M001	2020-07-08 16:00:00.0	52.74097	23.56589	196.625	168.354	2,372.8	1.2	-0.26	0.75	0.15	0.22
HAJN	12247M001	2020-07-08 16:30:00.0	52.74097	23.56589	196.625	168.354	2,369.8	1.5	-1.46	0.67	0.19	0.29
HAJN	12247M001	2020-07-08 17:00:00.0	52.74097	23.56589	196.625	168.354	2,380.4	1.4	-0.37	-1.06	0.18	0.21
HAJN	12247M001	2020-07-08 17:30:00.0	52.74097	23.56589	196.625	168.354	2,387.1	1.4	-0.72	-0.66	0.18	0.21
HAJN	12247M001	2020-07-08 18:00:00.0	52.74097	23.56589	196.625	168.354	2,379.2	1.3	-0.56	-0.36	0.18	0.2
HAJN	12247M001	2020-07-08 18:30:00.0	52.74097	23.56589	196.625	168.354	2,379.4	1.2	-0.99	0.04	0.17	0.18
HAJN	12247M001	2020-07-08 19:00:00.0	52.74097	23.56589	196.63	168.359	2,381.2	1.2	-0.03	0.52	0.16	0.15
HOZD	12248M001	2020-07-08 09:00:00.0	50.18886	23.36225	298.847	266.976	2,355.3	1.4	0.33	-1.67	0.17	0.18
HOZD	12248M001	2020-07-08 09:30:00.0	50.18886	23.36225	298.847	266.976	2,359.3	1.4	0.37	-0.98	0.18	0.16
HOZD	12248M001	2020-07-08 10:00:00.0	50.18886	23.36225	298.861	266.99	2,360.5	1.3	-0.68	0.09	0.15	0.16
HOZD	12248M001	2020-07-08 10:30:00.0	50.18886	23.36225	298.861	266.99	2,360.4	1.6	-0.48	-0.21	0.21	0.23
HOZD	12248M001	2020-07-08 11:00:00.0	50.18886	23.36225	298.863	266.992	2,370.2	1.7	0.42	0.29	0.25	0.22
HOZD	12248M001	2020-07-08 11:30:00.0	50.18886	23.36225	298.863	266.992	2,374.1	1.8	0.5	-1.01	0.29	0.24
HOZD	12248M001	2020-07-08 12:00:00.0	50.18886	23.36225	298.856	266.985	2,364.3	1.4	-1.11	-0.22	0.2	0.19
HOZD	12248M001	2020-07-08 12:30:00.0	50.18886	23.36225	298.856	266.985	2,374.4	1.5	-1.35	-1.27	0.17	0.22
HOZD	12248M001	2020-07-08 13:00:00.0	50.18886	23.36225	298.858	266.987	2,371.9	1.3	-0.94	-0.42	0.16	0.18
HOZD	12248M001	2020-07-08 13:30:00.0	50.18886	23.36225	298.858	266.987	2,371.4	1.4	-1.36	-0.65	0.22	0.23
HOZD	12248M001	2020-07-08 14:00:00.0	50.18886	23.36225	298.87	266.999	2,368.1	1.4	-1.62	0.1	0.22	0.2
HOZD	12248M001	2020-07-08 14:30:00.0	50.18886	23.36225	298.87	266.999	2,369.5	1.6	-0.38	0.42	0.25	0.22
HOZD	12248M001	2020-07-08 15:00:00.0	50.18886	23.36225	298.879	267.008	2,384.6	1.4	0	-0.92	0.18	0.17
HOZD	12248M001	2020-07-08 15:30:00.0	50.18886	23.36225	298.879	267.008	2,384	1.4	-0.86	0.32	0.15	0.18
HOZD	12248M001	2020-07-08 16:00:00.0	50.18886	23.36225	298.867	266.996	2,379.8	1.3	-1.5	-1.27	0.17	0.18
HOZD	12248M001	2020-07-08 16:30:00.0	50.18886	23.36225	298.867	266.996	2,377.8	1.5	-1.12	-2.71	0.22	0.3
HOZD	12248M001	2020-07-08 17:00:00.0	50.18886	23.36225	298.855	266.984	2,382.9	1.2	-1.12	-0.21	0.18	0.2
HOZD	12248M001	2020-07-08 17:30:00.0	50.18886	23.36225	298.855	266.984	2,389.9	1.2	-1.93	-1.18	0.14	0.18
HOZD	12248M001	2020-07-08 18:00:00.0	50.18886	23.36225	298.865	266.994	2,400.2	1.3	-1.39	-2.02	0.19	0.18
HOZD	12248M001	2020-07-08 18:30:00.0	50.18886	23.36225	298.865	266.994	2,417.5	1.4	-2.13	-2.44	0.18	0.18
HRUB	12249M001	2020-07-08 09:00:00.0	50.80469	23.88628	234.447	204.519	2,374.3	1.5	-1.48	1.36	0.19	0.19
HRUB	12249M001	2020-07-08 09:30:00.0	50.80469	23.88628	234.447	204.519	2,372.5	1.5	-0.76	1.17	0.19	0.19
HRUB	12249M001	2020-07-08 10:00:00.0	50.80469	23.88628	234.444	204.516	2,377.2	1.4	1.97	-0.76	0.19	0.21
HRUB	12249M001	2020-07-08 10:30:00.0	50.80469	23.88628	234.444	204.516	2,386.1	1.8	1.21	0.24	0.29	0.29
HRUB	12249M001	2020-07-08 11:00:00.0	50.80469	23.88628	234.444	204.516	2,391.7	1.9	-1.1	3.13	0.32	0.28
HRUB	12249M001	2020-07-08 11:30:00.0	50.80469	23.88628	234.444	204.516	2,393.5	2.2	-0.9	2.97	0.37	0.36
HRUB	12249M001	2020-07-08 12:00:00.0	50.80469	23.88628	234.448	204.52	2,397.1	1.5	0.3	-0.18	0.21	0.2
HRUB	12249M001	2020-07-08 12:30:00.0	50.80469	23.88628	234.448	204.52	2,389.9	1.5	1.01	-0.8	0.2	0.23
HRUB	12249M001	2020-07-08 13:00:00.0	50.80469	23.88628	234.454	204.526	2,405.8	1.3	-0.53	-0.89	0.18	0.17
HRUB	12249M001	2020-07-08 13:30:00.0	50.80469	23.88628	234.454	204.526	2,394.1	1.5	-0.28	-1.53	0.24	0.23
HRUB	12249M001	2020-07-08 14:00:00.0	50.80469	23.88628	234.458	204.53	2,392.8	1.4	-2.3	-1.13	0.21	0.2
HRUB	12249M001	2020-07-08 14:30:00.0	50.80469	23.88628	234.458	204.53	2,403.2	1.7	-4	-0.72	0.29	0.29
HRUB	12249M001	2020-07-08 15:00:00.0	50.80469	23.88628	234.464	204.536	2,409.2	1.5	-0.98	-0.41	0.23	0.19
HRUB	12249M001	2020-07-08 15:30:00.0	50.80469	23.88628	234.464	204.536	2,396.9	1.4	0.44	0.66	0.21	0.17
HRUB	12249M001	2020-07-08 16:00:00.0	50.80469	23.88628	234.459	204.531	2,398.7	1.3	-0.55	-0.32	0.17	0.22
HRUB	12249M001	2020-07-08 16:30:00.0	50.80469	23.88628	234.459	204.531	2,408.5	1.4	-1.03	-0.47	0.19	0.28
HRUB	12249M001	2020-07-08 17:00:00.0	50.80469	23.88628	234.451	204.523	2,418.6	1.3	-2.75	-0.06	0.18	0.2
HRUB	12249M001	2020-07-08 17:30:00.0	50.80469	23.88628	234.451	204.523	2,419.4	1.4	-1.26	-0.17	0.21	0.21
HRUB	12249M001	2020-07-08 18:00:00.0	50.80469	23.88628	234.448	204.52	2,426.4	1.3	-0.97	-1.11	0.19	0.18
HRUB	12249M001	2020-07-08 18:30:00.0	50.80469	23.88628	234.448	204.52	2,429.1	1.4	-1.03	-0.07	0.19	0.18
IGEO	15101M001	2020-07-08 09:00:00.0	47.03036	28.84353	105.866	74.627	2,383.4	1.1	0.57	-0.59	0.17	0.16
IGEO	15101M001	2020-07-08 09:30:00.0	47.03036	28.84353	105.866	74.627	2,384.5	1.1	0.82	-0.02	0.19	0.19
IGEO	15101M001	2020-07-08 10:00:00.0	47.03036	28.84353	105.86	74.621	2,388.8	1	0.3	0.24	0.15	0.13
IGEO	15101M001	2020-07-08 10:30:00.0	47.03036	28.84353	105.86	74.621	2,390.8	1.4	0.14	-0.63	0.2	0.21
IGEO	15101M001	2020-07-08 11:00:00.0	47.03036	28.84353	105.864	74.625	2,388.4	1.5	-0.22	-0.67	0.23	0.17
IGEO	15101M001	2020-07-08 11:30:00.0	47.03036	28.84353	105.864	74.625	2,389.6	1.6	-0.34	-0.35	0.23	0.2
IGEO	15101M001	2020-07-08 12:00:00.0	47.03036	28.84353	105.867	74.628	2,389.9	1.4	-0.33	-1.39	0.17	0.18
IGEO	15101M001	2020-07-08 12:30:00.0	47.03036	28.84353	105.867	74.628	2,395.1	1.4	-0.31	-0.83	0.17	0.17
IGEO	15101M001	2020-07-08 13:00:00.0	47.03036	28.84353	105.866	74.627	2,400.4	1.2	-0.31	-0.08	0.15	0.14
IGEO	15101M001	2020-07-08 13:30:00.0	47.03036	28.84353	105.866	74.627	2,399.5	1.4	-0.37	-0.05	0.2	0.18
IGEO	15101M001	2020-07-08 14:00:00.0	47.03036	28.84353	105.873	74.634	2,397.1	1.3	-0.14	-0.28	0.18	0.16
IGEO	15101M001	2020-07-08 14:30:00.0	47.03036	28.84353	105.873	74.634	2,398.7	1.4	-0.32	-0.37	0.26	0.2
IGEO	15101M001	2020-07-08 15:00:00.0	47.03036	28.84353	105.872	74.633	2,398.7	1.4	-0.77	-0.1	0.18	0.16
IGEO	15101M001	2020-07-08 15:30:00.0	47.03036	28.84353	105.872	74.633	2,398.1	1.3	-0.5	-0.22	0.15	0.14
IGEO	15101M001	2020-07-08 16:00:00.0	47.03036	28.84353	105.872	74.633	2,398	1.2	0.61	-0.49	0.15	0.13
IGEO	15101M001	2020-07-08 16:30:00.0	47.03036	28.84353	105.872	74.633	2,396.9	1.4	0.89	0.5	0.16	0.23
IGEO	15101M001	2020-07-08 17:00:00.0	47.03036	28.84353	105.868	74.629	2,403.4	1.2	0.3	-0.21	0.18	0.18
IGEO	15101M001	2020-07-08 17:30:00.0	47.03036	28.84353	105.868	74.629	2,400	1.2	-0.76	-0.57	0.16	0.17
IGEO	15101M001	2020-07-08 18:00:00.0	47.03036	28.84353	105.867	74.628	2,409.3	1.2	-0.35	-0.34	0.19	0.13
IGEO	15101M001	2020-07-08 18:30:00.0	47.03036	28.84353	105.867	74.628	2,414.3	1.2	0.53	-0.36	0.22	0.14
ILAW	12250M001	2020-07-08 09:00:00.0	53.58714	19.56797	162.819	133.335	2,388	0.9	-1.28	0.16	0.11	0.12
ILAW	12250M001	2020-07-08 09:30:00.0	53.58714	19.56797	162.819	133.335	2,381.3	0.9	-1.1	1.14	0.12	0.11
ILAW	12250M001	2020-07-08 10:00:00.0	53.58714	19.56797	162.816	133.332	2,386.9	0.8	0.85	-1.31	0.1	0.11
ILAW	12250M001	2020-07-08 10:30:00.0	53.58714	19.56797	162.816	133.332	2,388.5	0.9	-0.85	0.32	0.1	0.13
ILAW	12250M001	2020-07-08 11:00:00.0	53.58714	19.56797	162.811	133.327	2,395.4	1.1	0.2	1.99	0.21	0.12
ILAW	12250M001	2020-07-08 11:30:00.0	53.58714	19.56797	162.811	133.327	2,392.8	1.4	1.26	0.79	0.25	0.2
ILAW	12250M001	2020-07-08 12:00:00.0	53.58714	19.56797	162.812	133.328	2,388	1.3	-0.39	0.24	0.16	0.15
ILAW	12250M001	2020-07-08 12:30:00.0	53.58714	19.56797	162.812	133.328	2,396.7	1.3	-1.03	1.44	0.16	0.15
ILAW	12250M001	2020-07-08 13:00:00.0	53.58714	19.56797	162.815	133.331	2,383.3	1	-1.01	0.63	0.11	0.13
ILAW	12250M001	2020-07-08 13:30:00.0	53.58714	19.56797	162.815	133.331	2,391.1	1.1	-0.19	-0.46	0.13	0.18
ILAW	12250M001	2020-07-08 14:00:00.0	53.58714	19.56797	162.808	133.324	2,384.6	1	-0.17	1.31	0.15	0.14
ILAW	12250M001	2020-07-08 14:30:00.0	53.58714	19.56797	162.808	133.324	2,386	1.1	-0.61	0.53	0.19	0.18
ILAW	12250M001	2020-07-08 15:00:00.0	53.58714	19.56797	162.813	133.329	2,388.8	1	0.41	-1.63	0.11	0.13
ILAW	12250M001	2020-07-08 15:30:00.0	53.58714	19.56797	162.813	133.329	2,402.5	1.1	0.92	0.23	0.14	0.13
ILAW	12250M001	2020-07-08 16:00:00.0	53.58714	19.56797	162.811	133.327	2,383.2	0.9	-0.1	1.59	0.1	0.12
ILAW	12250M001	2020-07-08 16:30:00.0	53.58714	19.56797	162.811	133.327	2,385.6	1.1	0.68	-0.51	0.14	0.18
ILAW	12250M001	2020-07-08 17:00:00.0	53.58714	19.56797	162.816	133.332	2,387.8	1.1	-0.22	0.02	0.15	0.16
ILAW	12250M001	2020-07-08 17:30:00.0	53.58714	19.56797	162.816	133.332	2,383.8	1.1	-0.48	0.4	0.13	0.16
ILAW	12250M001	2020-07-08 18:00:00.0	53.58714	19.56797	162.815	133.331	2,388.2	1	-0.74	-0.38	0.15	0.14
ILAW	12250M001	2020-07-08 18:30:00.0	53.58714	19.56797	162.815	133.331	2,385.9	1	-1.06	0.54	0.13	0.13
JAR1	NDNT-JARO	2020-07-08 09:00:00.0	50.01719	22.67853	268.959	235.12	2,374.6	1.3	0.46	-0.73	0.14	0.16
JAR1	NDNT-JARO	2020-07-08 09:30:00.0	50.01719	22.67853	268.959	235.12	2,374.8	1.4	-0.96	-0.79	0.17	0.15
JAR1	NDNT-JARO	2020-07-08 10:00:00.0	50.01719	22.67853	268.948	235.109	2,381.8	1.2	-0.31	-0.61	0.13	0.14
JAR1	NDNT-JARO	2020-07-08 10:30:00.0	50.01719	22.67853	268.948	235.109	2,388.1	1.5	-0.3	-0.95	0.19	0.18
JAR1	NDNT-JARO	2020-07-08 11:00:00.0	50.01719	22.67853	268.946	235.107	2,391.3	1.2	-2.11	-0.97	0.18	0.11
JAR1	NDNT-JARO	2020-07-08 11:30:00.0	50.01719	22.67853	268.946	235.107	2,389.7	1.4	-2.45	-1.47	0.22	0.15
JAR1	NDNT-JARO	2020-07-08 12:00:00.0	50.01719	22.67853	268.941	235.102	2,388.4	1.1	-1.39	-1.77	0.13	0.11
JAR1	NDNT-JARO	2020-07-08 12:30:00.0	50.01719	22.67853	268.941	235.102	2,389.8	1.1	-1.15	0.12	0.11	0.14
JAR1	NDNT-JARO	2020-07-08 13:00:00.0	50.01719	22.67853	268.938	235.099	2,394.3	1	-1.84	0.07	0.11	0.09
JAR1	NDNT-JARO	2020-07-08 13:30:00.0	50.01719	22.67853	268.938	235.099	2,397.5	1.1	-0.86	-0.49	0.14	0.15
JAR1	NDNT-JARO	2020-07-08 14:00:00.0	50.01719	22.67853	268.942	235.103	2,402.1	1.2	-0.89	1.25	0.17	0.15
JAR1	NDNT-JARO	2020-07-08 14:30:00.0	50.01719	22.67853	268.942	235.103	2,403.2	1.4	-1.08	-0.45	0.21	0.19
JAR1	NDNT-JARO	2020-07-08 15:00:00.0	50.01719	22.67853	268.944	235.105	2,408.3	1.2	-0.33	-0.27	0.12	0.11
JAR1	NDNT-JARO	2020-07-08 15:30:00.0	50.01719	22.67853	268.944	235.105	2,406.1	1.1	-0.22	-0.21	0.1	0.11
JAR1	NDNT-JARO	2020-07-08 16:00:00.0	50.01719	22.67853	268.942	235.103	2,406.7	1	-0.04	-0.22	0.1	0.1
JAR1	NDNT-JARO	2020-07-08 16:30:00.0	50.01719	22.67853	268.942	235.103	2,407.3	1.1	-0.24	-0.02	0.12	0.19
JAR1	NDNT-JARO	2020-07-08 17:00:00.0	50.01719	22.67853	268.935	235.096	2,413.8	1	-0.19	0.59	0.13	0.14
JAR1	NDNT-JARO	2020-07-08 17:30:00.0	50.01719	22.67853	268.935	235.096	2,429.1	1	-0.71	-0.27	0.1	0.12
JAR1	NDNT-JARO	2020-07-08 18:00:00.0	50.01719	22.67853	268.939	235.1	2,434	1.2	-0.4	-0.39	0.14	0.15
JAR1	NDNT-JARO	2020-07-08 18:30:00.0	50.01719	22.67853	268.939	235.1	2,429.6	1.3	-0.92	-0.79	0.17	0.15
JAST	NDNT-JAST	2020-07-08 09:00:00.0	49.95256	18.61192	342.808	300.535	2,376.9	1.3	-0.76	-0.82	0.15	0.17
JAST	NDNT-JAST	2020-07-08 09:30:00.0	49.95256	18.61192	342.808	300.535	2,381.3	1.3	-0.06	-0.61	0.16	0.16
JAST	NDNT-JAST	2020-07-08 10:00:00.0	49.95256	18.61192	342.809	300.536	2,383.3	1.2	-1.05	-0.41	0.13	0.15
JAST	NDNT-JAST	2020-07-08 10:30:00.0	49.95256	18.61192	342.809	300.536	2,381.6	1.3	-0.74	-0.42	0.18	0.16
JAST	NDNT-JAST	2020-07-08 11:00:00.0	49.95256	18.61192	342.813	300.54	2,381.5	1.3	-1.21	-1.15	0.21	0.14
JAST	NDNT-JAST	2020-07-08 11:30:00.0	49.95256	18.61192	342.813	300.54	2,378.4	1.7	-1.58	-2.17	0.27	0.2
JAST	NDNT-JAST	2020-07-08 12:00:00.0	49.95256	18.61192	342.816	300.543	2,382.3	1.5	-0.8	-0.56	0.21	0.17
JAST	NDNT-JAST	2020-07-08 12:30:00.0	49.95256	18.61192	342.816	300.543	2,383.2	1.4	-1.68	0.02	0.17	0.19
JAST	NDNT-JAST	2020-07-08 13:00:00.0	49.95256	18.61192	342.816	300.543	2,392.8	1.2	-2.2	0.16	0.15	0.14
JAST	NDNT-JAST	2020-07-08 13:30:00.0	49.95256	18.61192	342.816	300.543	2,389.3	1.4	-2.06	-0.24	0.19	0.22
JAST	NDNT-JAST	2020-07-08 14:00:00.0	49.95256	18.61192	342.813	300.54	2,400.7	1.4	0.09	-0.78	0.2	0.2
JAST	NDNT-JAST	2020-07-08 14:30:00.0	49.95256	18.61192	342.813	300.54	2,403.5	1.6	-0.43	-0.06	0.26	0.24
JAST	NDNT-JAST	2020-07-08 15:00:00.0	49.95256	18.61192	342.811	300.538	2,416.8	1.4	-0.91	0.47	0.18	0.18
JAST	NDNT-JAST	2020-07-08 15:30:00.0	49.95256	18.61192	342.811	300.538	2,415.1	1.4	-0.62	0.16	0.17	0.17
JAST	NDNT-JAST	2020-07-08 16:00:00.0	49.95256	18.61192	342.802	300.529	2,409.7	1.2	-0.7	-0.19	0.14	0.15
JAST	NDNT-JAST	2020-07-08 16:30:00.0	49.95256	18.61192	342.802	300.529	2,408.7	1.3	-0.67	-0.78	0.17	0.21
JAST	NDNT-JAST	2020-07-08 17:00:00.0	49.95256	18.61192	342.796	300.523	2,421	1.1	-1.07	0.65	0.14	0.15
JAST	NDNT-JAST	2020-07-08 17:30:00.0	49.95256	18.61192	342.796	300.523	2,425.8	1.1	-1.37	0.22	0.12	0.15
JAST	NDNT-JAST	2020-07-08 18:00:00.0	49.95256	18.61192	342.795	300.522	2,427.6	1.3	-1.03	-0.18	0.17	0.17
JAST	NDNT-JAST	2020-07-08 18:30:00.0	49.95256	18.61192	342.795	300.522	2,429.1	1.4	-0.36	-0.21	0.19	0.18
JEDR	NDNT-JEDR	2020-07-08 09:00:00.0	50.64175	20.30078	297.619	259.88	2,378.1	1.3	-1.17	-0.89	0.14	0.16
JEDR	NDNT-JEDR	2020-07-08 09:30:00.0	50.64175	20.30078	297.619	259.88	2,374.2	1.3	-2.17	-1.65	0.16	0.15
JEDR	NDNT-JEDR	2020-07-08 10:00:00.0	50.64175	20.30078	297.62	259.881	2,391.7	1.1	-1.26	-0.49	0.12	0.14
JEDR	NDNT-JEDR	2020-07-08 10:30:00.0	50.64175	20.30078	297.62	259.881	2,393.8	1.3	-1.24	0.39	0.18	0.16
JEDR	NDNT-JEDR	2020-07-08 11:00:00.0	50.64175	20.30078	297.616	259.877	2,395	1.2	-0.17	-0.27	0.21	0.13
JEDR	NDNT-JEDR	2020-07-08 11:30:00.0	50.64175	20.30078	297.616	259.877	2,397.8	1.5	0.62	-0.67	0.27	0.19
JEDR	NDNT-JEDR	2020-07-08 12:00:00.0	50.64175	20.30078	297.614	259.875	2,395.1	1.1	0.6	0.32	0.14	0.11
JEDR	NDNT-JEDR	2020-07-08 12:30:00.0	50.64175	20.30078	297.614	259.875	2,399.6	1	-0.17	-0.36	0.11	0.13
JEDR	NDNT-JEDR	2020-07-08 13:00:00.0	50.64175	20.30078	297.614	259.875	2,400.5	0.9	-0.68	-0.39	0.1	0.09
JEDR	NDNT-JEDR	2020-07-08 13:30:00.0	50.64175	20.30078	297.614	259.875	2,406.2	1.1	-0.45	-0.71	0.13	0.15
JEDR	NDNT-JEDR	2020-07-08 14:00:00.0	50.64175	20.30078	297.618	259.879	2,396.8	1.1	-0.6	-0.43	0.15	0.14
JEDR	NDNT-JEDR	2020-07-08 14:30:00.0	50.64175	20.30078	297.618	259.879	2,410.5	1.2	-0.66	0.08	0.19	0.17
JEDR	NDNT-JEDR	2020-07-08 15:00:00.0	50.64175	20.30078	297.615	259.876	2,413	1.2	-0.5	0.85	0.15	0.15
JEDR	NDNT-JEDR	2020-07-08 15:30:00.0	50.64175	20.30078	297.615	259.876	2,408.2	1.2	-1.5	0.12	0.15	0.15
JEDR	NDNT-JEDR	2020-07-08 16:00:00.0	50.64175	20.30078	297.618	259.879	2,406.2	1.2	-1.57	-0.46	0.14	0.16
JEDR	NDNT-JEDR	2020-07-08 16:30:00.0	50.64175	20.30078	297.618	259.879	2,401.5	1.4	-2.01	0.22	0.18	0.23
JEDR	NDNT-JEDR	2020-07-08 17:00:00.0	50.64175	20.30078	297.618	259.879	2,414	1.1	-1.12	-0.8	0.15	0.16
JEDR	NDNT-JEDR	2020-07-08 17:30:00.0	50.64175	20.30078	297.618	259.879	2,412.5	1	-1.48	-0.21	0.12	0.16
JEDR	NDNT-JEDR	2020-07-08 18:00:00.0	50.64175	20.30078	297.617	259.878	2,420.8	1.2	-0.84	-0.69	0.15	0.15
JEDR	NDNT-JEDR	2020-07-08 18:30:00.0	50.64175	20.30078	297.617	259.878	2,413.8	1.2	-1.89	-0.77	0.16	0.16
JLGR	12251M001	2020-07-08 09:00:00.0	50.91947	15.73325	408.19	365.338	2,371	1.2	-1.47	-0.35	0.16	0.16
JLGR	12251M001	2020-07-08 09:30:00.0	50.91947	15.73325	408.19	365.338	2,371	1.2	-1.2	-0.55	0.16	0.15
JLGR	12251M001	2020-07-08 10:00:00.0	50.91947	15.73325	408.192	365.34	2,374.2	1	-0.98	-0.15	0.12	0.15
JLGR	12251M001	2020-07-08 10:30:00.0	50.91947	15.73325	408.192	365.34	2,374.8	1.3	-1.31	0.18	0.19	0.2
JLGR	12251M001	2020-07-08 11:00:00.0	50.91947	15.73325	408.194	365.342	2,381.9	1.2	-1	-0.78	0.23	0.14
JLGR	12251M001	2020-07-08 11:30:00.0	50.91947	15.73325	408.194	365.342	2,382.2	1.6	-0.89	-0.94	0.28	0.23
JLGR	12251M001	2020-07-08 12:00:00.0	50.91947	15.73325	408.2	365.348	2,379	1.4	-1.31	-0.62	0.2	0.17
JLGR	12251M001	2020-07-08 12:30:00.0	50.91947	15.73325	408.2	365.348	2,378.4	1.4	-1.15	-0.48	0.16	0.17
JLGR	12251M001	2020-07-08 13:00:00.0	50.91947	15.73325	408.196	365.344	2,380.8	1.2	-1.2	-0.31	0.16	0.16
JLGR	12251M001	2020-07-08 13:30:00.0	50.91947	15.73325	408.196	365.344	2,384.9	1.3	-1.4	-0.67	0.19	0.23
JLGR	12251M001	2020-07-08 14:00:00.0	50.91947	15.73325	408.193	365.341	2,384.1	1.2	-1.34	-0.24	0.19	0.18
JLGR	12251M001	2020-07-08 14:30:00.0	50.91947	15.73325	408.193	365.341	2,386.9	1.5	-0.87	-0.01	0.24	0.23
JLGR	12251M001	2020-07-08 15:00:00.0	50.91947	15.73325	408.193	365.341	2,386.2	1.3	-1.9	0.26	0.18	0.17
JLGR	12251M001	2020-07-08 15:30:00.0	50.91947	15.73325	408.193	365.341	2,384.8	1.3	-2.12	0.07	0.18	0.16
JLGR	12251M001	2020-07-08 16:00:00.0	50.91947	15.73325	408.195	365.343	2,374	1.1	-2.26	0.2	0.15	0.15
JLGR	12251M001	2020-07-08 16:30:00.0	50.91947	15.73325	408.195	365.343	2,372.1	1.3	-2.17	-0.17	0.2	0.18
JLGR	12251M001	2020-07-08 17:00:00.0	50.91947	15.73325	408.197	365.345	2,368.5	1.2	-2.08	0.22	0.17	0.19
JLGR	12251M001	2020-07-08 17:30:00.0	50.91947	15.73325	408.197	365.345	2,364.9	1.3	-2.83	0.35	0.15	0.22
JLGR	12251M001	2020-07-08 18:00:00.0	50.91947	15.73325	408.198	365.346	2,357.6	1.2	-3.54	0.4	0.17	0.17
JLGR	12251M001	2020-07-08 18:30:00.0	50.91947	15.73325	408.198	365.346	2,350.6	1.2	-2.97	0.56	0.16	0.18
JOZ2	12204M002	2020-07-08 09:00:00.0	52.09783	21.03236	152.514	120.875	2,423.3	1.2	-0.94	0.3	0.15	0.15
JOZ2	12204M002	2020-07-08 09:30:00.0	52.09783	21.03236	152.514	120.875	2,421.1	1.2	-1.13	0.39	0.17	0.15
JOZ2	12204M002	2020-07-08 10:00:00.0	52.09783	21.03236	152.515	120.876	2,417.3	1	-1.81	0.97	0.13	0.15
JOZ2	12204M002	2020-07-08 10:30:00.0	52.09783	21.03236	152.515	120.876	2,416.7	1.2	-1.36	0.35	0.15	0.18
JOZ2	12204M002	2020-07-08 11:00:00.0	52.09783	21.03236	152.512	120.873	2,419.3	1.3	-1.52	0.25	0.23	0.16
JOZ2	12204M002	2020-07-08 11:30:00.0	52.09783	21.03236	152.512	120.873	2,420.2	1.6	-1.83	-0.08	0.27	0.22
JOZ2	12204M002	2020-07-08 12:00:00.0	52.09783	21.03236	152.51	120.871	2,412.4	1.4	-2.61	0.47	0.21	0.18
JOZ2	12204M002	2020-07-08 12:30:00.0	52.09783	21.03236	152.51	120.871	2,416.1	1.4	-2.15	0.17	0.18	0.19
JOZ2	12204M002	2020-07-08 13:00:00.0	52.09783	21.03236	152.512	120.873	2,414.1	1.2	-2.32	0.05	0.16	0.16
JOZ2	12204M002	2020-07-08 13:30:00.0	52.09783	21.03236	152.512	120.873	2,412.7	1.4	-2.76	-0.34	0.19	0.22
JOZ2	12204M002	2020-07-08 14:00:00.0	52.09783	21.03236	152.51	120.871	2,412	1.4	-2.15	0.23	0.21	0.2
JOZ2	12204M002	2020-07-08 14:30:00.0	52.09783	21.03236	152.51	120.871	2,407	1.6	-1.83	0.22	0.26	0.23
JOZ2	12204M002	2020-07-08 15:00:00.0	52.09783	21.03236	152.506	120.867	2,410.8	1.2	-1.28	0.35	0.16	0.15
JOZ2	12204M002	2020-07-08 15:30:00.0	52.09783	21.03236	152.506	120.867	2,409.7	1.2	-2.09	0.34	0.16	0.16
JOZ2	12204M002	2020-07-08 16:00:00.0	52.09783	21.03236	152.505	120.866	2,406.4	1	-1.96	0.01	0.12	0.14
JOZ2	12204M002	2020-07-08 16:30:00.0	52.09783	21.03236	152.505	120.866	2,404.3	1.2	-2.29	0.38	0.16	0.22
JOZ2	12204M002	2020-07-08 17:00:00.0	52.09783	21.03236	152.504	120.865	2,407.9	1.1	-1.66	-0.21	0.15	0.16
JOZ2	12204M002	2020-07-08 17:30:00.0	52.09783	21.03236	152.504	120.865	2,406.8	1	-1.91	-0.07	0.13	0.15
JOZ2	12204M002	2020-07-08 18:00:00.0	52.09783	21.03236	152.504	120.865	2,412.6	1.1	-2.17	-0.09	0.16	0.15
JOZ2	12204M002	2020-07-08 18:30:00.0	52.09783	21.03236	152.504	120.865	2,414.2	1.1	-1.92	-0.35	0.16	0.15
JOZE	12204M001	2020-07-08 09:00:00.0	52.09728	21.03156	141.617	109.976	2,427.1	1.2	-1.26	0.03	0.17	0.17
JOZE	12204M001	2020-07-08 09:30:00.0	52.09728	21.03156	141.617	109.976	2,427.2	1.2	-1.5	0.4	0.19	0.18
JOZE	12204M001	2020-07-08 10:00:00.0	52.09728	21.03156	141.616	109.975	2,426.1	1.1	-1.84	0.78	0.15	0.17
JOZE	12204M001	2020-07-08 10:30:00.0	52.09728	21.03156	141.616	109.975	2,426.6	1.5	-0.9	-0.09	0.22	0.23
JOZE	12204M001	2020-07-08 11:00:00.0	52.09728	21.03156	141.611	109.97	2,426.8	1.6	-1.73	-0.31	0.27	0.19
JOZE	12204M001	2020-07-08 11:30:00.0	52.09728	21.03156	141.611	109.97	2,426.3	1.9	-1.68	-0.26	0.33	0.27
JOZE	12204M001	2020-07-08 12:00:00.0	52.09728	21.03156	141.611	109.97	2,417	1.5	-2.65	0.76	0.23	0.2
JOZE	12204M001	2020-07-08 12:30:00.0	52.09728	21.03156	141.611	109.97	2,419.5	1.4	-2.24	0.26	0.21	0.22
JOZE	12204M001	2020-07-08 13:00:00.0	52.09728	21.03156	141.612	109.971	2,421	1.3	-3.19	-0.06	0.21	0.17
JOZE	12204M001	2020-07-08 13:30:00.0	52.09728	21.03156	141.612	109.971	2,416	1.5	-3.91	0.04	0.24	0.25
JOZE	12204M001	2020-07-08 14:00:00.0	52.09728	21.03156	141.609	109.968	2,416.6	1.4	-2.69	0.12	0.23	0.21
JOZE	12204M001	2020-07-08 14:30:00.0	52.09728	21.03156	141.609	109.968	2,413.8	1.7	-2.52	0.28	0.28	0.25
JOZE	12204M001	2020-07-08 15:00:00.0	52.09728	21.03156	141.606	109.965	2,416.7	1.5	-1.61	0.39	0.22	0.2
JOZE	12204M001	2020-07-08 15:30:00.0	52.09728	21.03156	141.606	109.965	2,415.4	1.5	-2.06	0.44	0.22	0.23
JOZE	12204M001	2020-07-08 16:00:00.0	52.09728	21.03156	141.606	109.965	2,409.8	1.1	-2.61	0.15	0.16	0.16
JOZE	12204M001	2020-07-08 16:30:00.0	52.09728	21.03156	141.606	109.965	2,410.3	1.3	-2.89	0.62	0.18	0.23
JOZE	12204M001	2020-07-08 17:00:00.0	52.09728	21.03156	141.606	109.965	2,413.2	1.2	-2.38	0.21	0.17	0.21
JOZE	12204M001	2020-07-08 17:30:00.0	52.09728	21.03156	141.606	109.965	2,410.8	1.1	-1.86	0.34	0.15	0.21
JOZE	12204M001	2020-07-08 18:00:00.0	52.09728	21.03156	141.607	109.966	2,417.6	1.3	-2.29	-0.48	0.2	0.2
JOZE	12204M001	2020-07-08 18:30:00.0	52.09728	21.03156	141.607	109.966	2,420.4	1.4	-1.61	-0.19	0.21	0.21
KALI	12257M001	2020-07-08 09:00:00.0	51.75389	18.09517	147.733	111.735	2,420.5	1.5	-1.12	-0.47	0.19	0.2
KALI	12257M001	2020-07-08 09:30:00.0	51.75389	18.09517	147.733	111.735	2,420.2	1.5	-1.15	-0.84	0.2	0.19
KALI	12257M001	2020-07-08 10:00:00.0	51.75389	18.09517	147.733	111.735	2,430.8	1.1	-1.32	-0.66	0.17	0.17
KALI	12257M001	2020-07-08 10:30:00.0	51.75389	18.09517	147.733	111.735	2,432.5	1.4	-0.95	0.27	0.25	0.2
KALI	12257M001	2020-07-08 11:00:00.0	51.75389	18.09517	147.729	111.731	2,434.1	1.6	-0.82	0.15	0.28	0.2
KALI	12257M001	2020-07-08 11:30:00.0	51.75389	18.09517	147.729	111.731	2,436.4	2.1	-0.81	0.22	0.35	0.29
KALI	12257M001	2020-07-08 12:00:00.0	51.75389	18.09517	147.733	111.735	2,431.2	1.4	-2.57	0.28	0.23	0.2
KALI	12257M001	2020-07-08 12:30:00.0	51.75389	18.09517	147.733	111.735	2,424.4	1.4	-3.09	0.13	0.24	0.23
KALI	12257M001	2020-07-08 13:00:00.0	51.75389	18.09517	147.734	111.736	2,424.9	1.4	-2.85	0.22	0.23	0.21
KALI	12257M001	2020-07-08 13:30:00.0	51.75389	18.09517	147.734	111.736	2,420.8	1.6	-2.66	0.17	0.29	0.29
KALI	12257M001	2020-07-08 14:00:00.0	51.75389	18.09517	147.738	111.74	2,413.2	1.4	-1.77	-0.34	0.24	0.22
KALI	12257M001	2020-07-08 14:30:00.0	51.75389	18.09517	147.738	111.74	2,419.1	1.7	-2.09	-0.81	0.29	0.26
KALI	12257M001	2020-07-08 15:00:00.0	51.75389	18.09517	147.743	111.745	2,419.8	1.3	-1.69	0.47	0.18	0.18
KALI	12257M001	2020-07-08 15:30:00.0	51.75389	18.09517	147.743	111.745	2,416.1	1.3	-1.7	-0.01	0.2	0.19
KALI	12257M001	2020-07-08 16:00:00.0	51.75389	18.09517	147.742	111.744	2,418.8	1.2	-1.58	0.18	0.18	0.21
KALI	12257M001	2020-07-08 16:30:00.0	51.75389	18.09517	147.742	111.744	2,424.6	1.4	-0.69	0.41	0.22	0.31
KALI	12257M001	2020-07-08 17:00:00.0	51.75389	18.09517	147.738	111.74	2,422.7	1.3	-0.71	0.26	0.19	0.24
KALI	12257M001	2020-07-08 17:30:00.0	51.75389	18.09517	147.738	111.74	2,416.5	1.4	-1.2	0.62	0.21	0.27
KALI	12257M001	2020-07-08 18:00:00.0	51.75389	18.09517	147.733	111.735	2,421	1.2	-0.46	0.21	0.18	0.18
KALI	12257M001	2020-07-08 18:30:00.0	51.75389	18.09517	147.733	111.735	2,422.2	1.2	-0.07	-0.02	0.21	0.19
KAM1	12258M001	2020-07-08 09:00:00.0	53.96306	14.77739	57.754	22.804	2,403.2	1.3	0.47	0.69	0.19	0.18
KAM1	12258M001	2020-07-08 09:30:00.0	53.96306	14.77739	57.754	22.804	2,405.3	1.4	0.47	0.1	0.2	0.19
KAM1	12258M001	2020-07-08 10:00:00.0	53.96306	14.77739	57.76	22.81	2,411.6	1	0.66	-0.34	0.15	0.16
KAM1	12258M001	2020-07-08 10:30:00.0	53.96306	14.77739	57.76	22.81	2,418	1.1	0.98	0.28	0.2	0.15
KAM1	12258M001	2020-07-08 11:00:00.0	53.96306	14.77739	57.754	22.804	2,426.1	1.2	0.01	-0.12	0.22	0.14
KAM1	12258M001	2020-07-08 11:30:00.0	53.96306	14.77739	57.754	22.804	2,423.2	1.6	-0.26	0.07	0.27	0.22
KAM1	12258M001	2020-07-08 12:00:00.0	53.96306	14.77739	57.761	22.811	2,415	1.4	-0.53	0.02	0.2	0.19
KAM1	12258M001	2020-07-08 12:30:00.0	53.96306	14.77739	57.761	22.811	2,420.6	1.4	-0.59	0.02	0.21	0.2
KAM1	12258M001	2020-07-08 13:00:00.0	53.96306	14.77739	57.756	22.806	2,416.2	1.3	-0.94	0.06	0.16	0.18
KAM1	12258M001	2020-07-08 13:30:00.0	53.96306	14.77739	57.756	22.806	2,413.7	1.6	-1.02	-0.52	0.22	0.25
KAM1	12258M001	2020-07-08 14:00:00.0	53.96306	14.77739	57.752	22.802	2,416	1.2	-0.34	-0.06	0.18	0.17
KAM1	12258M001	2020-07-08 14:30:00.0	53.96306	14.77739	57.752	22.802	2,416	1.4	-0.27	-0.02	0.22	0.19
KAM1	12258M001	2020-07-08 15:00:00.0	53.96306	14.77739	57.752	22.802	2,418.1	1.2	-1.03	-0.09	0.17	0.15
KAM1	12258M001	2020-07-08 15:30:00.0	53.96306	14.77739	57.752	22.802	2,419.7	1.3	-0.88	-0.18	0.21	0.18
KAM1	12258M001	2020-07-08 16:00:00.0	53.96306	14.77739	57.753	22.803	2,414.8	1.2	-0.66	-0.08	0.16	0.15
KAM1	12258M001	2020-07-08 16:30:00.0	53.96306	14.77739	57.753	22.803	2,416.1	1.3	-0.85	0.06	0.21	0.22
KAM1	12258M001	2020-07-08 17:00:00.0	53.96306	14.77739	57.755	22.805	2,413.7	1.2	-1.16	0.2	0.17	0.19
KAM1	12258M001	2020-07-08 17:30:00.0	53.96306	14.77739	57.755	22.805	2,411.4	1.4	-1.37	0.04	0.2	0.22
KAM1	12258M001	2020-07-08 18:00:00.0	53.96306	14.77739	57.749	22.799	2,409.2	1.4	-0.8	-0.15	0.19	0.21
KAM1	12258M001	2020-07-08 18:30:00.0	53.96306	14.77739	57.749	22.799	2,411.8	1.4	-0.59	-0.09	0.18	0.21
KATO	12219S001	2020-07-08 09:00:00.0	50.25328	19.03564	332.878	291.613	2,387.5	2.1	-1.27	-0.14	0.26	0.29
KATO	12219S001	2020-07-08 10:00:00.0	50.25328	19.03564	332.888	291.623	2,381.1	1.7	-1.73	0.41	0.19	0.24
KATO	12219S001	2020-07-08 10:30:00.0	50.25328	19.03564	332.888	291.623	2,383.6	1.7	-1.72	0.21	0.22	0.21
KATO	12219S001	2020-07-08 11:00:00.0	50.25328	19.03564	332.886	291.621	2,384.6	2.4	-1.31	-0.08	0.35	0.32
KAZ1	NDNT-KAZA	2020-07-08 09:00:00.0	50.30422	20.45164	261.171	222.968	2,400.1	1.3	-1.13	0.66	0.14	0.16
KAZ1	NDNT-KAZA	2020-07-08 09:30:00.0	50.30422	20.45164	261.171	222.968	2,393.8	1.3	-0.38	0.07	0.16	0.15
KAZ1	NDNT-KAZA	2020-07-08 10:00:00.0	50.30422	20.45164	261.176	222.973	2,398.4	1.1	-0.38	-0.41	0.13	0.14
KAZ1	NDNT-KAZA	2020-07-08 10:30:00.0	50.30422	20.45164	261.176	222.973	2,406.7	1.3	0.15	-0.92	0.18	0.17
KAZ1	NDNT-KAZA	2020-07-08 11:00:00.0	50.30422	20.45164	261.178	222.975	2,401.5	1.2	-0.8	-0.05	0.21	0.13
KAZ1	NDNT-KAZA	2020-07-08 11:30:00.0	50.30422	20.45164	261.178	222.975	2,404.3	1.6	0.1	-0.01	0.27	0.2
KAZ1	NDNT-KAZA	2020-07-08 12:00:00.0	50.30422	20.45164	261.176	222.973	2,402.3	1.2	0.43	-0.25	0.18	0.14
KAZ1	NDNT-KAZA	2020-07-08 12:30:00.0	50.30422	20.45164	261.176	222.973	2,404.8	1.2	-0.04	0.04	0.15	0.18
KAZ1	NDNT-KAZA	2020-07-08 13:00:00.0	50.30422	20.45164	261.176	222.973	2,416.5	1.1	-1.19	-0.84	0.15	0.14
KAZ1	NDNT-KAZA	2020-07-08 13:30:00.0	50.30422	20.45164	261.176	222.973	2,414.6	1.4	-0.52	-0.27	0.18	0.2
KAZ1	NDNT-KAZA	2020-07-08 14:00:00.0	50.30422	20.45164	261.177	222.974	2,417.7	1.2	-0.52	0.96	0.17	0.17
KAZ1	NDNT-KAZA	2020-07-08 14:30:00.0	50.30422	20.45164	261.177	222.974	2,414.4	1.4	-1.9	-0.02	0.24	0.21
KAZ1	NDNT-KAZA	2020-07-08 15:00:00.0	50.30422	20.45164	261.168	222.965	2,417.2	1.5	-2.06	-0.1	0.2	0.19
KAZ1	NDNT-KAZA	2020-07-08 15:30:00.0	50.30422	20.45164	261.168	222.965	2,422.2	1.4	-1.37	0.24	0.19	0.19
KAZ1	NDNT-KAZA	2020-07-08 16:00:00.0	50.30422	20.45164	261.172	222.969	2,423.3	1.1	-1.13	-0.27	0.13	0.14
KAZ1	NDNT-KAZA	2020-07-08 16:30:00.0	50.30422	20.45164	261.172	222.969	2,426.1	1.3	-1.59	-0.4	0.16	0.22
KAZ1	NDNT-KAZA	2020-07-08 17:00:00.0	50.30422	20.45164	261.167	222.964	2,428.1	1.1	-1.46	-0.04	0.15	0.17
KAZ1	NDNT-KAZA	2020-07-08 17:30:00.0	50.30422	20.45164	261.167	222.964	2,432.1	1.1	-1.22	0.34	0.13	0.17
KAZ1	NDNT-KAZA	2020-07-08 18:00:00.0	50.30422	20.45164	261.164	222.961	2,438.9	1.2	-1.4	-0.74	0.16	0.15
KAZ1	NDNT-KAZA	2020-07-08 18:30:00.0	50.30422	20.45164	261.164	222.961	2,442.7	1.2	-1.61	-0.75	0.17	0.16
KEPN	12259M001	2020-07-08 09:00:00.0	51.28017	17.98358	220.291	181.804	2,407.7	1.5	-1.32	-0.24	0.17	0.19
KEPN	12259M001	2020-07-08 09:30:00.0	51.28017	17.98358	220.291	181.804	2,407.1	1.5	-0.92	-0.61	0.19	0.19
KEPN	12259M001	2020-07-08 10:00:00.0	51.28017	17.98358	220.289	181.802	2,413.7	1.4	-1.86	0.07	0.16	0.18
KEPN	12259M001	2020-07-08 10:30:00.0	51.28017	17.98358	220.289	181.802	2,415.8	1.6	-1.47	-0.35	0.22	0.2
KEPN	12259M001	2020-07-08 11:00:00.0	51.28017	17.98358	220.291	181.804	2,419.5	1.5	-1.26	-0.36	0.23	0.17
KEPN	12259M001	2020-07-08 11:30:00.0	51.28017	17.98358	220.291	181.804	2,419.2	1.8	-1.08	0.09	0.3	0.23
KEPN	12259M001	2020-07-08 12:00:00.0	51.28017	17.98358	220.292	181.805	2,420.2	1.5	-1.74	-0.19	0.21	0.18
KEPN	12259M001	2020-07-08 12:30:00.0	51.28017	17.98358	220.292	181.805	2,419.5	1.4	-2.43	-0.27	0.19	0.19
KEPN	12259M001	2020-07-08 13:00:00.0	51.28017	17.98358	220.296	181.809	2,424.9	1.3	-2.49	0.19	0.16	0.18
KEPN	12259M001	2020-07-08 13:30:00.0	51.28017	17.98358	220.296	181.809	2,422.7	1.4	-2.43	0.52	0.2	0.24
KEPN	12259M001	2020-07-08 14:00:00.0	51.28017	17.98358	220.294	181.807	2,424.6	1.4	-2.13	-0.06	0.24	0.22
KEPN	12259M001	2020-07-08 14:30:00.0	51.28017	17.98358	220.294	181.807	2,427.4	1.7	-1.94	0.25	0.28	0.27
KEPN	12259M001	2020-07-08 15:00:00.0	51.28017	17.98358	220.304	181.817	2,423.7	1.4	-2.17	0.29	0.17	0.17
KEPN	12259M001	2020-07-08 15:30:00.0	51.28017	17.98358	220.304	181.817	2,422	1.3	-2.59	0.12	0.14	0.16
KEPN	12259M001	2020-07-08 16:00:00.0	51.28017	17.98358	220.297	181.81	2,417.3	1.2	-2.8	0.36	0.16	0.16
KEPN	12259M001	2020-07-08 16:30:00.0	51.28017	17.98358	220.297	181.81	2,416.9	1.4	-2.15	-0.48	0.19	0.26
KEPN	12259M001	2020-07-08 17:00:00.0	51.28017	17.98358	220.296	181.809	2,418.2	1.2	-2.06	0.18	0.16	0.17
KEPN	12259M001	2020-07-08 17:30:00.0	51.28017	17.98358	220.296	181.809	2,415.7	1.1	-2.13	-0.39	0.13	0.18
KEPN	12259M001	2020-07-08 18:00:00.0	51.28017	17.98358	220.292	181.805	2,411.3	1.2	-2.12	0.45	0.16	0.17
KEPN	12259M001	2020-07-08 18:30:00.0	51.28017	17.98358	220.292	181.805	2,412.1	1.3	-1.97	0.03	0.16	0.17
KES1	MUSE-KES1	2020-07-08 09:00:00.0	50.27158	19.02614	339.944	298.732	2,376.5	1.5	-0.81	0.29	0.19	0.22
KES1	MUSE-KES1	2020-07-08 09:30:00.0	50.27158	19.02614	339.944	298.732	2,378.5	1.4	-0.92	-0.64	0.21	0.23
KES1	MUSE-KES1	2020-07-08 10:00:00.0	50.27158	19.02614	339.946	298.734	2,378.8	1.3	-1.94	0.36	0.15	0.18
KES1	MUSE-KES1	2020-07-08 10:30:00.0	50.27158	19.02614	339.946	298.734	2,373.8	1.8	-2.34	0.05	0.25	0.25
KES1	MUSE-KES1	2020-07-08 11:00:00.0	50.27158	19.02614	339.953	298.741	2,382.6	1.9	-1.86	-0.06	0.29	0.3
KES1	MUSE-KES1	2020-07-08 11:30:00.0	50.27158	19.02614	339.953	298.741	2,382.6	2.4	-2.37	-0.46	0.39	0.38
KES1	MUSE-KES1	2020-07-08 12:00:00.0	50.27158	19.02614	339.941	298.729	2,381.7	2.1	-1.49	-0.32	0.31	0.36
KES1	MUSE-KES1	2020-07-08 12:30:00.0	50.27158	19.02614	339.941	298.729	2,388.7	1.9	-0.96	-0.39	0.26	0.39
KES1	MUSE-KES1	2020-07-08 13:00:00.0	50.27158	19.02614	339.933	298.721	2,400.7	1.6	-1.1	-0.68	0.22	0.26
KES1	MUSE-KES1	2020-07-08 13:30:00.0	50.27158	19.02614	339.933	298.721	2,399.9	1.8	-0.81	-0.95	0.25	0.31
KES1	MUSE-KES1	2020-07-08 14:00:00.0	50.27158	19.02614	339.933	298.721	2,406.4	1.5	-1.34	0.18	0.23	0.23
KES1	MUSE-KES1	2020-07-08 14:30:00.0	50.27158	19.02614	339.933	298.721	2,401.8	1.8	-1.19	0.06	0.29	0.3
KES1	MUSE-KES1	2020-07-08 15:00:00.0	50.27158	19.02614	339.935	298.723	2,407.8	1.6	-0.81	-0.94	0.21	0.22
KES1	MUSE-KES1	2020-07-08 15:30:00.0	50.27158	19.02614	339.935	298.723	2,410.7	1.5	-0.8	-1.18	0.21	0.22
KES1	MUSE-KES1	2020-07-08 16:00:00.0	50.27158	19.02614	339.939	298.727	2,410.2	1.4	-0.64	-0.49	0.2	0.21
KES1	MUSE-KES1	2020-07-08 16:30:00.0	50.27158	19.02614	339.939	298.727	2,407.1	1.5	-0.87	-0.36	0.22	0.23
KES1	MUSE-KES1	2020-07-08 17:00:00.0	50.27158	19.02614	339.94	298.728	2,410.8	1.3	-0.83	-0.34	0.2	0.25
KES1	MUSE-KES1	2020-07-08 17:30:00.0	50.27158	19.02614	339.94	298.728	2,410.6	1.4	-0.67	-0.14	0.21	0.29
KES1	MUSE-KES1	2020-07-08 18:00:00.0	50.27158	19.02614	339.946	298.734	2,411	1.4	-1.92	-0.31	0.21	0.23
KES1	MUSE-KES1	2020-07-08 18:30:00.0	50.27158	19.02614	339.946	298.734	2,415.9	1.4	-1.79	-0.31	0.18	0.21
KILE	NDNT-KIEL	2020-07-08 09:00:00.0	50.90847	20.66397	364.642	328.081	2,361.7	1.3	0.26	-0.4	0.16	0.16
KILE	NDNT-KIEL	2020-07-08 09:30:00.0	50.90847	20.66397	364.642	328.081	2,366.6	1.3	0.71	-0.28	0.17	0.15
KILE	NDNT-KIEL	2020-07-08 10:00:00.0	50.90847	20.66397	364.643	328.082	2,373.4	1.1	-0.06	-0.32	0.13	0.15
KILE	NDNT-KIEL	2020-07-08 10:30:00.0	50.90847	20.66397	364.643	328.082	2,374.8	1.4	-0.43	-0.07	0.21	0.2
KILE	NDNT-KIEL	2020-07-08 11:00:00.0	50.90847	20.66397	364.643	328.082	2,370.8	1.4	0.08	-0.3	0.26	0.16
KILE	NDNT-KIEL	2020-07-08 11:30:00.0	50.90847	20.66397	364.643	328.082	2,373.7	2	0.21	-0.17	0.35	0.27
KILE	NDNT-KIEL	2020-07-08 12:00:00.0	50.90847	20.66397	364.635	328.074	2,384.2	1.5	-0.91	-0.09	0.25	0.2
KILE	NDNT-KIEL	2020-07-08 12:30:00.0	50.90847	20.66397	364.635	328.074	2,384.5	1.3	-0.1	0.36	0.2	0.18
KILE	NDNT-KIEL	2020-07-08 13:00:00.0	50.90847	20.66397	364.635	328.074	2,383.2	1.1	-0.82	-0.13	0.14	0.16
KILE	NDNT-KIEL	2020-07-08 13:30:00.0	50.90847	20.66397	364.635	328.074	2,384.4	1.4	-0.9	-1.49	0.24	0.24
KILE	NDNT-KIEL	2020-07-08 14:00:00.0	50.90847	20.66397	364.631	328.07	2,381.5	1.2	-0.85	0.11	0.2	0.18
KILE	NDNT-KIEL	2020-07-08 14:30:00.0	50.90847	20.66397	364.631	328.07	2,380.7	1.5	-1.69	0.42	0.26	0.22
KILE	NDNT-KIEL	2020-07-08 15:00:00.0	50.90847	20.66397	364.628	328.067	2,387.8	1.3	-1.74	-0.41	0.18	0.17
KILE	NDNT-KIEL	2020-07-08 15:30:00.0	50.90847	20.66397	364.628	328.067	2,385.4	1.3	-0.82	0.12	0.17	0.17
KILE	NDNT-KIEL	2020-07-08 16:00:00.0	50.90847	20.66397	364.634	328.073	2,379.1	1.2	-1.09	0.21	0.16	0.18
KILE	NDNT-KIEL	2020-07-08 16:30:00.0	50.90847	20.66397	364.634	328.073	2,381.4	1.5	-0.28	-0.53	0.19	0.27
KILE	NDNT-KIEL	2020-07-08 17:00:00.0	50.90847	20.66397	364.633	328.072	2,389.7	1.1	-1.25	1.04	0.16	0.17
KILE	NDNT-KIEL	2020-07-08 17:30:00.0	50.90847	20.66397	364.633	328.072	2,392.8	1.1	-1.7	0.69	0.14	0.16
KILE	NDNT-KIEL	2020-07-08 18:00:00.0	50.90847	20.66397	364.639	328.078	2,392.1	1.2	-1.62	-0.23	0.17	0.17
KILE	NDNT-KIEL	2020-07-08 18:30:00.0	50.90847	20.66397	364.639	328.078	2,396.8	1.3	-1.25	0.1	0.17	0.18
KLCE	12260M001	2020-07-08 09:00:00.0	50.87575	20.62967	333.558	296.866	2,370.4	1.3	-1.08	-0.32	0.16	0.16
KLCE	12260M001	2020-07-08 09:30:00.0	50.87575	20.62967	333.558	296.866	2,369.9	1.3	-0.73	-0.63	0.17	0.15
KLCE	12260M001	2020-07-08 10:00:00.0	50.87575	20.62967	333.559	296.867	2,380	1.1	-0.8	-0.3	0.13	0.15
KLCE	12260M001	2020-07-08 10:30:00.0	50.87575	20.62967	333.559	296.867	2,377	1.4	-0.52	-0.09	0.21	0.2
KLCE	12260M001	2020-07-08 11:00:00.0	50.87575	20.62967	333.562	296.87	2,377.9	1.2	-1.18	-0.82	0.22	0.15
KLCE	12260M001	2020-07-08 11:30:00.0	50.87575	20.62967	333.562	296.87	2,380.8	1.6	-1.72	-0.3	0.28	0.23
KLCE	12260M001	2020-07-08 12:00:00.0	50.87575	20.62967	333.56	296.868	2,383.5	1.3	-1.4	-0.22	0.19	0.17
KLCE	12260M001	2020-07-08 12:30:00.0	50.87575	20.62967	333.56	296.868	2,388.9	1.2	-1.49	-0.22	0.19	0.17
KLCE	12260M001	2020-07-08 13:00:00.0	50.87575	20.62967	333.562	296.87	2,391.6	1.1	-1.37	-0.19	0.14	0.16
KLCE	12260M001	2020-07-08 13:30:00.0	50.87575	20.62967	333.562	296.87	2,390.8	1.4	-1.32	0.49	0.23	0.24
KLCE	12260M001	2020-07-08 14:00:00.0	50.87575	20.62967	333.563	296.871	2,390.3	1.2	-1.1	0.04	0.19	0.18
KLCE	12260M001	2020-07-08 14:30:00.0	50.87575	20.62967	333.563	296.871	2,389.1	1.5	-1.38	0.44	0.25	0.22
KLCE	12260M001	2020-07-08 15:00:00.0	50.87575	20.62967	333.557	296.865	2,392.6	1.3	-1.21	0.14	0.18	0.16
KLCE	12260M001	2020-07-08 15:30:00.0	50.87575	20.62967	333.557	296.865	2,395.5	1.3	-1.42	0.21	0.17	0.17
KLCE	12260M001	2020-07-08 16:00:00.0	50.87575	20.62967	333.56	296.868	2,386.3	1.2	-1.11	0.09	0.16	0.18
KLCE	12260M001	2020-07-08 16:30:00.0	50.87575	20.62967	333.56	296.868	2,387.2	1.5	-1.54	0.2	0.19	0.27
KLCE	12260M001	2020-07-08 17:00:00.0	50.87575	20.62964	333.562	296.87	2,398.1	1.1	-1.26	-0.19	0.16	0.17
KLCE	12260M001	2020-07-08 17:30:00.0	50.87575	20.62964	333.562	296.87	2,398.8	1.1	-1.55	0.33	0.14	0.16
KLCE	12260M001	2020-07-08 18:00:00.0	50.87575	20.62964	333.563	296.871	2,399.8	1.2	-2.57	-0.02	0.17	0.17
KLCE	12260M001	2020-07-08 18:30:00.0	50.87575	20.62964	333.563	296.871	2,403.8	1.3	-2.08	0.08	0.17	0.18
KLDZ	12261M001	2020-07-08 08:30:00.0	50.43558	16.65189	359.549	316.309	2,373.1	1.4	-0.81	0.2	0.13	0.18
KLDZ	12261M001	2020-07-08 09:00:00.0	50.43558	16.65189	359.547	316.307	2,384	1.6	-1.09	-0.18	0.19	0.21
KLDZ	12261M001	2020-07-08 09:30:00.0	50.43558	16.65189	359.547	316.307	2,376.6	1.5	-1.38	-0.39	0.18	0.2
KLDZ	12261M001	2020-07-08 10:00:00.0	50.43558	16.65189	359.549	316.309	2,382.4	1.7	-1.3	-0.11	0.19	0.23
KLDZ	12261M001	2020-07-08 10:30:00.0	50.43558	16.65189	359.549	316.309	2,385.4	2	-1.17	-0.23	0.27	0.27
KLDZ	12261M001	2020-07-08 11:00:00.0	50.43558	16.65189	359.56	316.32	2,389.1	1.7	-1.68	-0.01	0.27	0.18
KLDZ	12261M001	2020-07-08 11:30:00.0	50.43558	16.65189	359.56	316.32	2,393.1	2.1	-2.24	0.35	0.32	0.27
KLDZ	12261M001	2020-07-08 12:00:00.0	50.43558	16.65189	359.557	316.317	2,393.6	1.6	-1.69	-0.75	0.26	0.21
KLDZ	12261M001	2020-07-08 12:30:00.0	50.43558	16.65189	359.557	316.317	2,394.1	1.4	-1.44	-0.88	0.18	0.21
KLDZ	12261M001	2020-07-08 13:00:00.0	50.43558	16.65189	359.562	316.322	2,401.2	1.4	-1.74	-0.46	0.16	0.2
KLDZ	12261M001	2020-07-08 13:30:00.0	50.43558	16.65189	359.562	316.322	2,404.4	1.6	-1.07	-0.18	0.24	0.3
KLDZ	12261M001	2020-07-08 14:00:00.0	50.43558	16.65189	359.566	316.326	2,400.9	1.5	-1.26	-0.03	0.21	0.22
KLDZ	12261M001	2020-07-08 14:30:00.0	50.43558	16.65189	359.566	316.326	2,400.5	1.7	-0.6	-0.07	0.26	0.25
KLDZ	12261M001	2020-07-08 15:00:00.0	50.43558	16.65189	359.565	316.325	2,411.5	1.4	-0.82	-0.23	0.18	0.19
KLDZ	12261M001	2020-07-08 15:30:00.0	50.43558	16.65189	359.565	316.325	2,405.5	1.4	-1.46	-0.72	0.17	0.18
KLDZ	12261M001	2020-07-08 16:00:00.0	50.43558	16.65189	359.567	316.327	2,401.4	1.3	-1.77	-0.27	0.17	0.19
KLDZ	12261M001	2020-07-08 16:30:00.0	50.43558	16.65189	359.567	316.327	2,394.3	1.6	-2.79	-0.4	0.22	0.27
KLDZ	12261M001	2020-07-08 17:00:00.0	50.43558	16.65189	359.565	316.325	2,403.2	1.3	-2.23	0.16	0.18	0.21
KLDZ	12261M001	2020-07-08 17:30:00.0	50.43558	16.65189	359.565	316.325	2,401.9	1.2	-2.28	0.17	0.16	0.23
KLDZ	12261M001	2020-07-08 18:00:00.0	50.43558	16.65189	359.566	316.326	2,399.2	1.3	-2.96	0.18	0.17	0.2
KLDZ	12261M001	2020-07-08 18:30:00.0	50.43558	16.65189	359.566	316.326	2,391.3	1.3	-2.76	-0.55	0.16	0.19
KLOB	12219M001	2020-07-08 08:30:00.0	50.90553	18.93689	301.642	262.938	2,383.5	1.3	-1.17	-0.02	0.15	0.17
KLOB	12219M001	2020-07-08 09:00:00.0	50.90553	18.93689	301.638	262.934	2,386.5	1.3	-1.15	0.2	0.15	0.18
KLOB	12219M001	2020-07-08 09:30:00.0	50.90553	18.93689	301.638	262.934	2,384.9	1.3	-1.2	-0.24	0.17	0.16
KLOB	12219M001	2020-07-08 10:00:00.0	50.90553	18.93689	301.637	262.933	2,389.9	1.4	-2.01	-0.47	0.16	0.17
KLOB	12219M001	2020-07-08 10:30:00.0	50.90553	18.93689	301.637	262.933	2,390.4	1.7	-1.74	-0.03	0.23	0.2
KLOB	12219M001	2020-07-08 11:00:00.0	50.90553	18.93689	301.642	262.938	2,394	1.5	-2.67	-0.59	0.27	0.16
KLOB	12219M001	2020-07-08 11:30:00.0	50.90553	18.93689	301.642	262.938	2,391.8	2	-2.32	-0.44	0.34	0.25
KLOB	12219M001	2020-07-08 12:00:00.0	50.90553	18.93689	301.638	262.934	2,397.1	1.6	-1.7	-0.86	0.26	0.22
KLOB	12219M001	2020-07-08 12:30:00.0	50.90553	18.93689	301.638	262.934	2,399.1	1.5	-1.67	-0.99	0.21	0.21
KLOB	12219M001	2020-07-08 13:00:00.0	50.90553	18.93689	301.641	262.937	2,404.8	1.2	-2.1	0.05	0.17	0.17
KLOB	12219M001	2020-07-08 13:30:00.0	50.90553	18.93689	301.641	262.937	2,399.3	1.6	-2.45	-0.54	0.24	0.27
KLOB	12219M001	2020-07-08 14:00:00.0	50.90553	18.93689	301.638	262.934	2,405.4	1.4	-1.37	-0.23	0.21	0.2
KLOB	12219M001	2020-07-08 14:30:00.0	50.90553	18.93689	301.638	262.934	2,403.1	1.6	-1.58	-0.15	0.26	0.23
KLOB	12219M001	2020-07-08 15:00:00.0	50.90553	18.93689	301.643	262.939	2,401.2	1.4	-2.24	0.23	0.18	0.17
KLOB	12219M001	2020-07-08 15:30:00.0	50.90553	18.93689	301.643	262.939	2,406.2	1.3	-1.72	-0.35	0.14	0.17
KLOB	12219M001	2020-07-08 16:00:00.0	50.90553	18.93689	301.641	262.937	2,400.5	1.2	-2.58	0.82	0.15	0.16
KLOB	12219M001	2020-07-08 16:30:00.0	50.90553	18.93689	301.641	262.937	2,403.5	1.4	-2.75	0.7	0.2	0.26
KLOB	12219M001	2020-07-08 17:00:00.0	50.90553	18.93689	301.643	262.939	2,409.3	1.3	-1.82	0.25	0.17	0.19
KLOB	12219M001	2020-07-08 17:30:00.0	50.90553	18.93689	301.643	262.939	2,403.9	1.2	-2.26	0.49	0.15	0.21
KLOB	12219M001	2020-07-08 18:00:00.0	50.90553	18.93689	301.643	262.939	2,399.3	1.2	-2.67	0.6	0.16	0.16
KLOB	12219M001	2020-07-08 18:30:00.0	50.90553	18.93689	301.643	262.939	2,394.7	1.3	-2.45	0.23	0.17	0.16
KLUC	NDNT-KLUC	2020-07-08 08:30:00.0	50.96822	18.21419	232.961	193.533	2,408.6	1.2	-0.56	0.46	0.13	0.14
KLUC	NDNT-KLUC	2020-07-08 09:00:00.0	50.96822	18.21419	232.956	193.528	2,407.6	1.4	-1	-0.01	0.17	0.19
KLUC	NDNT-KLUC	2020-07-08 09:30:00.0	50.96822	18.21419	232.956	193.528	2,409.9	1.5	-0.63	-0.25	0.19	0.18
KLUC	NDNT-KLUC	2020-07-08 10:00:00.0	50.96822	18.21419	232.955	193.527	2,416	1.3	-1.27	-0.44	0.15	0.17
KLUC	NDNT-KLUC	2020-07-08 10:30:00.0	50.96822	18.21419	232.955	193.527	2,418.4	1.5	-1.51	-0.43	0.19	0.19
KLUC	NDNT-KLUC	2020-07-08 11:00:00.0	50.96822	18.21419	232.957	193.529	2,420.9	1.4	-0.08	0.16	0.22	0.14
KLUC	NDNT-KLUC	2020-07-08 11:30:00.0	50.96822	18.21419	232.957	193.529	2,418.8	1.7	1.04	0.02	0.28	0.21
KLUC	NDNT-KLUC	2020-07-08 12:00:00.0	50.96822	18.21419	232.952	193.524	2,428.6	1.4	-0.99	0.13	0.19	0.16
KLUC	NDNT-KLUC	2020-07-08 12:30:00.0	50.96822	18.21419	232.952	193.524	2,428.2	1.3	-1.18	0.05	0.16	0.18
KLUC	NDNT-KLUC	2020-07-08 13:00:00.0	50.96822	18.21419	232.954	193.526	2,432.9	1.3	-1.41	0.11	0.16	0.18
KLUC	NDNT-KLUC	2020-07-08 13:30:00.0	50.96822	18.21419	232.954	193.526	2,432.9	1.4	-1.77	0.26	0.2	0.23
KLUC	NDNT-KLUC	2020-07-08 14:00:00.0	50.96822	18.21419	232.959	193.531	2,428.9	1.4	-1.06	-0.15	0.2	0.21
KLUC	NDNT-KLUC	2020-07-08 14:30:00.0	50.96822	18.21419	232.959	193.531	2,428.2	1.7	-0.43	0.34	0.26	0.25
KLUC	NDNT-KLUC	2020-07-08 15:00:00.0	50.96822	18.21419	232.961	193.533	2,430.6	1.4	-0.36	-0.26	0.22	0.19
KLUC	NDNT-KLUC	2020-07-08 15:30:00.0	50.96822	18.21419	232.961	193.533	2,427.8	1.4	-0.23	-0.13	0.21	0.17
KLUC	NDNT-KLUC	2020-07-08 16:00:00.0	50.96822	18.21419	232.96	193.532	2,423.6	1.2	-1.64	-0.16	0.16	0.16
KLUC	NDNT-KLUC	2020-07-08 16:30:00.0	50.96822	18.21419	232.96	193.532	2,421.6	1.4	-1.98	0.46	0.17	0.2
KLUC	NDNT-KLUC	2020-07-08 17:00:00.0	50.96822	18.21419	232.954	193.526	2,424.2	1.3	-1.9	0.64	0.17	0.19
KLUC	NDNT-KLUC	2020-07-08 17:30:00.0	50.96822	18.21419	232.954	193.526	2,425	1.2	-2.23	0.25	0.15	0.2
KLUC	NDNT-KLUC	2020-07-08 18:00:00.0	50.96822	18.21419	232.953	193.525	2,423.3	1.2	-1.57	-0.38	0.15	0.16
KLUC	NDNT-KLUC	2020-07-08 18:30:00.0	50.96822	18.21419	232.953	193.525	2,422.8	1.2	-1.91	-0.47	0.16	0.16
KOLB	NDNT-KOLA	2020-07-08 08:30:00.0	50.24403	21.78331	250.588	215.139	2,387.8	1.2	-0.14	0.48	0.14	0.16
KOLB	NDNT-KOLA	2020-07-08 09:00:00.0	50.24403	21.78331	250.593	215.144	2,392.5	1.4	0.45	1.56	0.17	0.19
KOLB	NDNT-KOLA	2020-07-08 09:30:00.0	50.24403	21.78331	250.593	215.144	2,400.9	1.5	0.09	0.94	0.2	0.18
KOLB	NDNT-KOLA	2020-07-08 10:00:00.0	50.24403	21.78331	250.604	215.155	2,399.3	1.3	-0.54	1.08	0.16	0.18
KOLB	NDNT-KOLA	2020-07-08 10:30:00.0	50.24403	21.78331	250.604	215.155	2,399.3	1.8	-0.95	0.9	0.23	0.25
KOLB	NDNT-KOLA	2020-07-08 11:00:00.0	50.24403	21.78331	250.603	215.154	2,400.8	1.5	-2.55	1.04	0.25	0.19
KOLB	NDNT-KOLA	2020-07-08 11:30:00.0	50.24403	21.78331	250.603	215.154	2,396.8	1.9	-2.36	0.53	0.3	0.25
KOLB	NDNT-KOLA	2020-07-08 12:00:00.0	50.24403	21.78331	250.595	215.146	2,398.8	1.3	-1.93	0.6	0.18	0.16
KOLB	NDNT-KOLA	2020-07-08 12:30:00.0	50.24403	21.78331	250.595	215.146	2,395.3	1.3	-0.94	1.02	0.18	0.18
KOLB	NDNT-KOLA	2020-07-08 13:00:00.0	50.24403	21.78331	250.59	215.141	2,394.7	1.1	-0.82	0.83	0.16	0.14
KOLB	NDNT-KOLA	2020-07-08 13:30:00.0	50.24403	21.78331	250.59	215.141	2,402.3	1.3	-0.86	-0.55	0.17	0.19
KOLB	NDNT-KOLA	2020-07-08 14:00:00.0	50.24403	21.78331	250.594	215.145	2,405.4	1.2	-1.43	0.92	0.18	0.17
KOLB	NDNT-KOLA	2020-07-08 14:30:00.0	50.24403	21.78331	250.594	215.145	2,412.2	1.5	-2.68	1.21	0.25	0.22
KOLB	NDNT-KOLA	2020-07-08 15:00:00.0	50.24403	21.78331	250.597	215.148	2,410.1	1.3	-0.84	0.76	0.16	0.16
KOLB	NDNT-KOLA	2020-07-08 15:30:00.0	50.24403	21.78331	250.597	215.148	2,420	1.2	-1.06	0.71	0.14	0.14
KOLB	NDNT-KOLA	2020-07-08 16:00:00.0	50.24403	21.78331	250.595	215.146	2,427.3	1.2	-0.79	0.63	0.15	0.17
KOLB	NDNT-KOLA	2020-07-08 16:30:00.0	50.24403	21.78331	250.595	215.146	2,416.2	1.5	-1.4	1.2	0.18	0.27
KOLB	NDNT-KOLA	2020-07-08 17:00:00.0	50.24403	21.78331	250.593	215.144	2,423.2	1.1	-0.82	0.4	0.15	0.17
KOLB	NDNT-KOLA	2020-07-08 17:30:00.0	50.24403	21.78331	250.593	215.144	2,422.5	1.1	-1.73	1.31	0.12	0.16
KOLB	NDNT-KOLA	2020-07-08 18:00:00.0	50.24403	21.78331	250.595	215.146	2,429.5	1.2	-1.1	0.05	0.15	0.16
KOLB	NDNT-KOLA	2020-07-08 18:30:00.0	50.24403	21.78331	250.595	215.146	2,428.5	1.3	-1.26	-0.4	0.17	0.17
KONI	12262M001	2020-07-08 08:30:00.0	52.22811	18.25397	157.11	123.968	2,408	1.3	-1.41	-0.86	0.14	0.19
KONI	12262M001	2020-07-08 09:00:00.0	52.22811	18.25397	157.11	123.968	2,408.4	1.1	-0.12	-0.55	0.16	0.16
KONI	12262M001	2020-07-08 09:30:00.0	52.22811	18.25397	157.11	123.968	2,409.6	1.1	-0.04	-0.62	0.16	0.17
KONI	12262M001	2020-07-08 10:00:00.0	52.22811	18.25397	157.109	123.967	2,416	0.9	-2.06	0.2	0.12	0.15
KONI	12262M001	2020-07-08 10:30:00.0	52.22811	18.25397	157.109	123.967	2,408.8	1.1	-1.86	-0.34	0.15	0.16
KONI	12262M001	2020-07-08 11:00:00.0	52.22811	18.25397	157.105	123.963	2,409.8	1.2	-1.57	0.3	0.21	0.13
KONI	12262M001	2020-07-08 11:30:00.0	52.22811	18.25397	157.105	123.963	2,404.6	1.5	-1.91	0.68	0.25	0.2
KONI	12262M001	2020-07-08 12:00:00.0	52.22811	18.25397	157.108	123.966	2,408.4	1.4	-2.1	0.17	0.2	0.17
KONI	12262M001	2020-07-08 12:30:00.0	52.22811	18.25397	157.108	123.966	2,405.5	1.3	-2.56	0.26	0.2	0.18
KONI	12262M001	2020-07-08 13:00:00.0	52.22811	18.25397	157.107	123.965	2,403.9	1.3	-1.82	-0.23	0.16	0.19
KONI	12262M001	2020-07-08 13:30:00.0	52.22811	18.25397	157.107	123.965	2,412.2	1.5	-1.92	0.29	0.24	0.27
KONI	12262M001	2020-07-08 14:00:00.0	52.22811	18.25397	157.107	123.965	2,402.6	1.1	-1.12	0.36	0.17	0.16
KONI	12262M001	2020-07-08 14:30:00.0	52.22811	18.25397	157.107	123.965	2,406.6	1.2	-2.04	0.51	0.21	0.19
KONI	12262M001	2020-07-08 15:00:00.0	52.22811	18.25397	157.108	123.966	2,405.7	1.2	-1.04	-0.54	0.16	0.16
KONI	12262M001	2020-07-08 15:30:00.0	52.22811	18.25397	157.108	123.966	2,406.4	1.3	-1.65	0.31	0.17	0.18
KONI	12262M001	2020-07-08 16:00:00.0	52.22811	18.25397	157.11	123.968	2,407.4	1.1	-1.71	-0.57	0.15	0.16
KONI	12262M001	2020-07-08 16:30:00.0	52.22811	18.25397	157.11	123.968	2,410.3	1.3	-2.65	-0.43	0.19	0.24
KONI	12262M001	2020-07-08 17:00:00.0	52.22811	18.25397	157.109	123.967	2,411.7	1.3	-2.23	0.03	0.18	0.2
KONI	12262M001	2020-07-08 17:30:00.0	52.22811	18.25397	157.109	123.967	2,403.3	1.3	-1.55	-0.12	0.19	0.21
KONI	12262M001	2020-07-08 18:00:00.0	52.22811	18.25397	157.117	123.975	2,409.2	1.1	-0.98	-0.78	0.17	0.17
KONI	12262M001	2020-07-08 18:30:00.0	52.22811	18.25397	157.117	123.975	2,410.8	1.2	-1.66	0.06	0.16	0.17
KOSC	12263M001	2020-07-08 08:30:00.0	54.12256	17.98158	211.126	180.954	2,365.7	1.2	0.13	-0.07	0.15	0.17
KOSC	12263M001	2020-07-08 09:00:00.0	54.12256	17.98158	211.127	180.955	2,364.5	1.1	-0.09	0.02	0.17	0.16
KOSC	12263M001	2020-07-08 09:30:00.0	54.12256	17.98158	211.127	180.955	2,365.7	1.1	0.17	0.58	0.17	0.14
KOSC	12263M001	2020-07-08 10:00:00.0	54.12256	17.98158	211.129	180.957	2,370.6	1.2	0.11	0.07	0.16	0.18
KOSC	12263M001	2020-07-08 10:30:00.0	54.12256	17.98158	211.129	180.957	2,371.6	1.5	-0.33	-0.12	0.18	0.22
KOSC	12263M001	2020-07-08 11:00:00.0	54.12256	17.98158	211.114	180.942	2,369.6	1.2	0.6	0.13	0.22	0.14
KOSC	12263M001	2020-07-08 11:30:00.0	54.12256	17.98158	211.114	180.942	2,377.9	1.6	1.3	-2	0.27	0.23
KOSC	12263M001	2020-07-08 12:00:00.0	54.12256	17.98158	211.113	180.941	2,384.2	1.4	0.82	0.95	0.19	0.2
KOSC	12263M001	2020-07-08 12:30:00.0	54.12256	17.98158	211.113	180.941	2,378.4	1.4	0.23	-0.3	0.2	0.18
KOSC	12263M001	2020-07-08 13:00:00.0	54.12256	17.98158	211.122	180.95	2,379.6	1	-0.36	-0.47	0.13	0.16
KOSC	12263M001	2020-07-08 13:30:00.0	54.12256	17.98158	211.122	180.95	2,369.9	1.3	-0.84	0.14	0.21	0.24
KOSC	12263M001	2020-07-08 14:00:00.0	54.12256	17.98158	211.123	180.951	2,365.9	1.1	0.15	0.34	0.19	0.17
KOSC	12263M001	2020-07-08 14:30:00.0	54.12256	17.98158	211.123	180.951	2,367.3	1.4	0.08	0.26	0.23	0.2
KOSC	12263M001	2020-07-08 15:00:00.0	54.12256	17.98158	211.126	180.954	2,366	1.3	-1.13	0	0.17	0.17
KOSC	12263M001	2020-07-08 15:30:00.0	54.12256	17.98158	211.126	180.954	2,368	1.3	-0.7	-0.13	0.18	0.18
KOSC	12263M001	2020-07-08 16:00:00.0	54.12256	17.98158	211.127	180.955	2,356.4	1.3	-0.49	0.13	0.17	0.21
KOSC	12263M001	2020-07-08 16:30:00.0	54.12256	17.98158	211.127	180.955	2,357.3	1.5	-0.58	0.14	0.22	0.26
KOSC	12263M001	2020-07-08 17:00:00.0	54.12256	17.98158	211.13	180.958	2,358	1.5	-0.86	0.1	0.21	0.27
KOSC	12263M001	2020-07-08 17:30:00.0	54.12256	17.98158	211.13	180.958	2,355.8	1.6	-0.77	0.22	0.23	0.3
KOSC	12263M001	2020-07-08 18:00:00.0	54.12256	17.98158	211.122	180.95	2,360.7	1.1	-0.01	-0.7	0.16	0.16
KOSC	12263M001	2020-07-08 18:30:00.0	54.12256	17.98158	211.122	180.95	2,358.1	1.1	0.09	0.41	0.14	0.15
KOSZ	12264M001	2020-07-08 08:30:00.0	54.20339	16.19772	123.189	90.118	2,378.1	1.3	-1	1.98	0.16	0.18
KOSZ	12264M001	2020-07-08 09:00:00.0	54.20339	16.19772	123.189	90.118	2,383	1.1	-0.35	0.15	0.15	0.14
KOSZ	12264M001	2020-07-08 09:30:00.0	54.20339	16.19772	123.189	90.118	2,379.8	1.1	-1.29	-1.03	0.16	0.15
KOSZ	12264M001	2020-07-08 10:00:00.0	54.20339	16.19772	123.174	90.103	2,395.6	1	-0.43	-0.61	0.13	0.16
KOSZ	12264M001	2020-07-08 10:30:00.0	54.20339	16.19772	123.174	90.103	2,395.6	1.1	-0.32	0.28	0.14	0.17
KOSZ	12264M001	2020-07-08 11:00:00.0	54.20339	16.19772	123.16	90.089	2,393.9	1.2	-0.49	0.52	0.21	0.14
KOSZ	12264M001	2020-07-08 11:30:00.0	54.20339	16.19772	123.16	90.089	2,400.7	1.6	-0.22	0.77	0.27	0.22
KOSZ	12264M001	2020-07-08 12:00:00.0	54.20339	16.19772	123.164	90.093	2,397.6	1.6	-1.85	0.69	0.22	0.21
KOSZ	12264M001	2020-07-08 12:30:00.0	54.20339	16.19772	123.164	90.093	2,396.8	1.5	-1.07	0.46	0.23	0.2
KOSZ	12264M001	2020-07-08 13:00:00.0	54.20339	16.19772	123.16	90.089	2,399	1.1	-0.79	-0.35	0.12	0.16
KOSZ	12264M001	2020-07-08 13:30:00.0	54.20339	16.19772	123.16	90.089	2,390.6	1.3	-0.98	-0.29	0.22	0.25
KOSZ	12264M001	2020-07-08 14:00:00.0	54.20339	16.19772	123.157	90.086	2,396.2	1.2	0.32	-1.18	0.18	0.18
KOSZ	12264M001	2020-07-08 14:30:00.0	54.20339	16.19772	123.157	90.086	2,394.8	1.3	-0.04	-1.21	0.22	0.22
KOSZ	12264M001	2020-07-08 15:00:00.0	54.20339	16.19772	123.162	90.091	2,384.2	1.3	-0.93	-0.43	0.18	0.18
KOSZ	12264M001	2020-07-08 15:30:00.0	54.20339	16.19772	123.162	90.091	2,386.7	1.3	-1.08	-0.07	0.19	0.18
KOSZ	12264M001	2020-07-08 16:00:00.0	54.20339	16.19772	123.166	90.095	2,385.6	1.1	-0.95	-0.16	0.13	0.14
KOSZ	12264M001	2020-07-08 16:30:00.0	54.20339	16.19772	123.166	90.095	2,385.3	1.2	-1.29	0.33	0.18	0.23
KOSZ	12264M001	2020-07-08 17:00:00.0	54.20339	16.19772	123.175	90.104	2,385.6	1.3	-0.64	-0.4	0.17	0.22
KOSZ	12264M001	2020-07-08 17:30:00.0	54.20339	16.19772	123.175	90.104	2,388.2	1.4	-0.8	-0.41	0.19	0.24
KOSZ	12264M001	2020-07-08 18:00:00.0	54.20339	16.19772	123.17	90.099	2,392	1.1	-0.87	-0.53	0.16	0.17
KOSZ	12264M001	2020-07-08 18:30:00.0	54.20339	16.19772	123.17	90.099	2,390	1.1	-0.14	-0.13	0.14	0.17
KRA1	12218M002	2020-07-08 08:30:00.0	50.06611	19.92047	267.124	227.04	2,396.2	1.2	-0.05	-0.27	0.14	0.16
KRA1	12218M002	2020-07-08 09:00:00.0	50.06611	19.92047	267.12	227.036	2,399.6	1.3	-1.43	-0.37	0.16	0.18
KRA1	12218M002	2020-07-08 09:30:00.0	50.06611	19.92047	267.12	227.036	2,396.6	1.3	-1.13	-0.54	0.17	0.17
KRA1	12218M002	2020-07-08 10:00:00.0	50.06611	19.92047	267.119	227.035	2,401.3	1.2	-1.61	-0.52	0.14	0.16
KRA1	12218M002	2020-07-08 10:30:00.0	50.06611	19.92047	267.119	227.035	2,407.3	1.5	-1.38	-0.22	0.22	0.19
KRA1	12218M002	2020-07-08 11:00:00.0	50.06611	19.92047	267.124	227.04	2,401.4	2.1	-0.54	-0.32	0.35	0.3
KRA1	12218M002	2020-07-08 12:00:00.0	50.06611	19.92047	267.122	227.038	2,408.4	1.8	-1.04	0.21	0.3	0.25
KRA1	12218M002	2020-07-08 12:30:00.0	50.06611	19.92047	267.122	227.038	2,405.3	1.4	-1.21	0.95	0.22	0.23
KRA1	12218M002	2020-07-08 13:00:00.0	50.06611	19.92047	267.122	227.038	2,410.2	1.2	-1.71	-0.16	0.17	0.16
KRA1	12218M002	2020-07-08 13:30:00.0	50.06611	19.92047	267.122	227.038	2,410.3	1.3	-2.36	-0.17	0.19	0.21
KRA1	12218M002	2020-07-08 14:00:00.0	50.06611	19.92047	267.117	227.033	2,415.8	1.3	-1.71	-0.23	0.19	0.18
KRA1	12218M002	2020-07-08 14:30:00.0	50.06611	19.92047	267.117	227.033	2,421.9	1.5	-1.15	-0.53	0.26	0.23
KRA1	12218M002	2020-07-08 15:00:00.0	50.06611	19.92047	267.124	227.04	2,428.6	1.5	-0.59	-0.42	0.2	0.18
KRA1	12218M002	2020-07-08 15:30:00.0	50.06611	19.92047	267.124	227.04	2,427.8	1.4	-0.7	0.48	0.17	0.17
KRA1	12218M002	2020-07-08 16:00:00.0	50.06611	19.92047	267.12	227.036	2,426.7	1.4	-1.16	0.34	0.19	0.19
KRA1	12218M002	2020-07-08 16:30:00.0	50.06611	19.92047	267.12	227.036	2,429.4	1.6	-1.16	0.44	0.23	0.29
KRA1	12218M002	2020-07-08 17:00:00.0	50.06611	19.92047	267.124	227.04	2,434	1.1	-1.17	0.26	0.16	0.17
KRA1	12218M002	2020-07-08 17:30:00.0	50.06611	19.92047	267.124	227.04	2,435.7	1.1	-0.54	0.02	0.14	0.19
KRA1	12218M002	2020-07-08 18:00:00.0	50.06611	19.92047	267.125	227.041	2,443.5	1.3	-1.62	-0.45	0.17	0.19
KRA1	12218M002	2020-07-08 18:30:00.0	50.06611	19.92047	267.125	227.041	2,442.8	1.4	-2.08	-0.4	0.19	0.19
KRA2	NDNT-KRAK	2020-07-08 08:30:00.0	50.01092	19.90192	294.999	254.736	2,389.6	1.1	-0.33	0.71	0.13	0.14
KRA2	NDNT-KRAK	2020-07-08 09:00:00.0	50.01092	19.90192	294.998	254.735	2,397.1	1.3	0.11	0.01	0.15	0.17
KRA2	NDNT-KRAK	2020-07-08 09:30:00.0	50.01092	19.90192	294.998	254.735	2,390.5	1.3	-1.02	0.59	0.17	0.15
KRA2	NDNT-KRAK	2020-07-08 10:00:00.0	50.01092	19.90192	294.995	254.732	2,399.6	1.2	-1.29	-0.77	0.13	0.15
KRA2	NDNT-KRAK	2020-07-08 10:30:00.0	50.01092	19.90192	294.995	254.732	2,396.1	1.4	-1.55	-0.21	0.19	0.17
KRA2	NDNT-KRAK	2020-07-08 11:00:00.0	50.01092	19.90192	294.999	254.736	2,395.6	1.2	0.21	-0.3	0.22	0.13
KRA2	NDNT-KRAK	2020-07-08 11:30:00.0	50.01092	19.90192	294.999	254.736	2,402.8	1.6	-0.64	0.19	0.28	0.2
KRA2	NDNT-KRAK	2020-07-08 12:00:00.0	50.01092	19.90192	294.999	254.736	2,395	1.2	-1.61	0.42	0.18	0.14
KRA2	NDNT-KRAK	2020-07-08 12:30:00.0	50.01092	19.90192	294.999	254.736	2,395.6	1.2	-1.11	-0.33	0.14	0.16
KRA2	NDNT-KRAK	2020-07-08 13:00:00.0	50.01092	19.90192	294.999	254.736	2,402.6	1	-1.61	-0.1	0.12	0.11
KRA2	NDNT-KRAK	2020-07-08 13:30:00.0	50.01092	19.90192	294.999	254.736	2,412.9	1.2	-1.39	-0.21	0.16	0.19
KRA2	NDNT-KRAK	2020-07-08 14:00:00.0	50.01092	19.90192	294.996	254.733	2,406.4	1.2	-1.54	0.71	0.17	0.17
KRA2	NDNT-KRAK	2020-07-08 14:30:00.0	50.01092	19.90192	294.996	254.733	2,409	1.4	-0.68	0.64	0.24	0.21
KRA2	NDNT-KRAK	2020-07-08 15:00:00.0	50.01092	19.90192	295.003	254.74	2,419.6	1.4	0.1	1.25	0.19	0.17
KRA2	NDNT-KRAK	2020-07-08 15:30:00.0	50.01092	19.90192	295.003	254.74	2,422.2	1.3	-0.46	0.39	0.16	0.16
KRA2	NDNT-KRAK	2020-07-08 16:00:00.0	50.01092	19.90192	294.996	254.733	2,425.1	1.1	-1.12	0.52	0.13	0.15
KRA2	NDNT-KRAK	2020-07-08 16:30:00.0	50.01092	19.90192	294.996	254.733	2,427.4	1.3	-1.87	1.08	0.17	0.2
KRA2	NDNT-KRAK	2020-07-08 17:00:00.0	50.01092	19.90192	295	254.737	2,425.2	1.1	0.07	-1.02	0.15	0.16
KRA2	NDNT-KRAK	2020-07-08 17:30:00.0	50.01092	19.90192	295	254.737	2,431	1.1	-0.74	0.32	0.13	0.16
KRA2	NDNT-KRAK	2020-07-08 18:00:00.0	50.01092	19.90192	294.996	254.733	2,434.9	1.3	-0.43	-0.27	0.17	0.17
KRA2	NDNT-KRAK	2020-07-08 18:30:00.0	50.01092	19.90192	294.996	254.733	2,433.5	1.3	-0.6	-0.92	0.18	0.17
KRAP	NDNT-KRAP	2020-07-08 08:30:00.0	50.49031	17.95681	221.357	180.38	2,407.4	1.3	-0.32	-0.54	0.14	0.17
KRAP	NDNT-KRAP	2020-07-08 09:00:00.0	50.49031	17.95681	221.351	180.374	2,432.4	1.5	-0.43	-1.75	0.19	0.2
KRAP	NDNT-KRAP	2020-07-08 09:30:00.0	50.49031	17.95681	221.351	180.374	2,419.2	1.5	-1.24	-1.07	0.19	0.19
KRAP	NDNT-KRAP	2020-07-08 10:00:00.0	50.49031	17.95681	221.326	180.349	2,424.8	1.4	0.35	-1.74	0.16	0.19
KRAP	NDNT-KRAP	2020-07-08 10:30:00.0	50.49031	17.95681	221.326	180.349	2,422.7	1.6	-0.21	-1.62	0.23	0.21
KRAP	NDNT-KRAP	2020-07-08 11:00:00.0	50.49031	17.95681	221.321	180.344	2,426.2	1.4	-1.53	-0.9	0.24	0.15
KRAP	NDNT-KRAP	2020-07-08 11:30:00.0	50.49031	17.95681	221.321	180.344	2,433.3	1.8	-1.45	-0.36	0.3	0.22
KRAP	NDNT-KRAP	2020-07-08 12:00:00.0	50.49031	17.95681	221.315	180.338	2,447	1.5	-3.51	0.31	0.22	0.19
KRAP	NDNT-KRAP	2020-07-08 12:30:00.0	50.49031	17.95681	221.315	180.338	2,448	1.4	-1.22	-0.26	0.2	0.22
KRAP	NDNT-KRAP	2020-07-08 13:00:00.0	50.49031	17.95681	221.316	180.339	2,453.1	1.4	-1.63	0.59	0.18	0.2
KRAP	NDNT-KRAP	2020-07-08 13:30:00.0	50.49031	17.95681	221.316	180.339	2,449.6	1.5	-1.32	1.43	0.23	0.26
KRAP	NDNT-KRAP	2020-07-08 14:00:00.0	50.49031	17.95681	221.318	180.341	2,450.9	1.5	-1.34	-1.51	0.21	0.21
KRAP	NDNT-KRAP	2020-07-08 14:30:00.0	50.49031	17.95681	221.318	180.341	2,460	1.7	-1.68	-2.35	0.28	0.26
KRAP	NDNT-KRAP	2020-07-08 15:00:00.0	50.49031	17.95681	221.338	180.361	2,442.8	1.4	-0.61	-0.21	0.22	0.18
KRAP	NDNT-KRAP	2020-07-08 15:30:00.0	50.49031	17.95681	221.338	180.361	2,452.2	1.4	-1.52	-0.18	0.2	0.16
KRAP	NDNT-KRAP	2020-07-08 16:00:00.0	50.49031	17.95681	221.335	180.358	2,441.5	1.3	-1.68	1.19	0.17	0.17
KRAP	NDNT-KRAP	2020-07-08 16:30:00.0	50.49031	17.95681	221.335	180.358	2,447.1	1.4	-0.38	-0.23	0.18	0.24
KRAP	NDNT-KRAP	2020-07-08 17:00:00.0	50.49031	17.95681	221.335	180.358	2,442.5	1.2	-1.98	-0.45	0.18	0.19
KRAP	NDNT-KRAP	2020-07-08 17:30:00.0	50.49031	17.95681	221.335	180.358	2,440.2	1.3	-0.41	0.64	0.22	0.22
KRAP	NDNT-KRAP	2020-07-08 18:00:00.0	50.49031	17.95681	221.342	180.365	2,457.2	1.4	-2.96	-0.45	0.19	0.2
KRAP	NDNT-KRAP	2020-07-08 18:30:00.0	50.49031	17.95681	221.342	180.365	2,445.4	1.3	-2.77	1.19	0.18	0.18
KRAW	12218M001	2020-07-08 08:30:00.0	50.06614	19.92047	267.128	227.044	2,396.3	1.3	-0.53	-0.71	0.15	0.18
KRAW	12218M001	2020-07-08 09:00:00.0	50.06614	19.92047	267.124	227.04	2,397.1	1.3	-1.66	0.13	0.17	0.18
KRAW	12218M001	2020-07-08 09:30:00.0	50.06614	19.92047	267.124	227.04	2,395.2	1.3	-1.13	-0.69	0.17	0.17
KRAW	12218M001	2020-07-08 10:00:00.0	50.06614	19.92047	267.12	227.036	2,400.4	1.2	-1.51	-0.17	0.14	0.17
KRAW	12218M001	2020-07-08 10:30:00.0	50.06614	19.92047	267.12	227.036	2,401.6	1.6	-1.82	0.23	0.23	0.21
KRAW	12218M001	2020-07-08 11:00:00.0	50.06614	19.92047	267.125	227.041	2,393.4	1.2	-1.37	-0.01	0.23	0.14
KRAW	12218M001	2020-07-08 11:30:00.0	50.06614	19.92047	267.125	227.041	2,391.8	1.6	-2.81	-0.13	0.29	0.21
KRAW	12218M001	2020-07-08 12:00:00.0	50.06614	19.92047	267.124	227.04	2,394.4	1.3	-1.73	-0.52	0.21	0.19
KRAW	12218M001	2020-07-08 12:30:00.0	50.06614	19.92047	267.124	227.04	2,402	1.2	-1.1	-0.82	0.17	0.19
KRAW	12218M001	2020-07-08 13:00:00.0	50.06614	19.92047	267.124	227.04	2,405.1	1.1	-2.03	0	0.16	0.15
KRAW	12218M001	2020-07-08 13:30:00.0	50.06614	19.92047	267.124	227.04	2,407.3	1.2	-2.53	-0.69	0.18	0.21
KRAW	12218M001	2020-07-08 14:00:00.0	50.06614	19.92047	267.125	227.041	2,409.4	1.3	-2.43	0.19	0.19	0.18
KRAW	12218M001	2020-07-08 14:30:00.0	50.06614	19.92047	267.125	227.041	2,411.9	1.5	-1.64	1.08	0.25	0.23
KRAW	12218M001	2020-07-08 15:00:00.0	50.06614	19.92047	267.129	227.045	2,421.8	1.5	-1.2	-0.02	0.2	0.18
KRAW	12218M001	2020-07-08 15:30:00.0	50.06614	19.92047	267.129	227.045	2,424.4	1.4	-0.87	0.68	0.17	0.17
KRAW	12218M001	2020-07-08 16:00:00.0	50.06614	19.92047	267.124	227.04	2,424.6	1.4	-1.46	0.32	0.19	0.19
KRAW	12218M001	2020-07-08 16:30:00.0	50.06614	19.92047	267.124	227.04	2,425.5	1.6	-1.57	-0.08	0.21	0.29
KRAW	12218M001	2020-07-08 17:00:00.0	50.06614	19.92047	267.128	227.044	2,429	1.1	-2.08	0.62	0.16	0.18
KRAW	12218M001	2020-07-08 17:30:00.0	50.06614	19.92047	267.128	227.044	2,433	1.2	-1.23	0.42	0.15	0.2
KRAW	12218M001	2020-07-08 18:00:00.0	50.06614	19.92047	267.137	227.053	2,437.8	1.6	-1.2	-0.31	0.21	0.28
KROS	12265M001	2020-07-08 08:30:00.0	49.67875	21.77464	347.533	311.128	2,349.5	1.2	-0.71	-0.72	0.13	0.16
KROS	12265M001	2020-07-08 09:00:00.0	49.67875	21.77464	347.53	311.125	2,358.9	1.3	-0.33	-0.46	0.14	0.16
KROS	12265M001	2020-07-08 09:30:00.0	49.67875	21.77464	347.53	311.125	2,363.5	1.4	-0.43	-0.51	0.17	0.16
KROS	12265M001	2020-07-08 10:00:00.0	49.67875	21.77464	347.534	311.129	2,374.2	1.2	-0.73	-0.07	0.13	0.15
KROS	12265M001	2020-07-08 10:30:00.0	49.67875	21.77464	347.534	311.129	2,380.3	1.5	-1.48	-0.26	0.19	0.2
KROS	12265M001	2020-07-08 11:00:00.0	49.67875	21.77464	347.538	311.133	2,381.4	1.4	-0.31	-0.5	0.22	0.14
KROS	12265M001	2020-07-08 11:30:00.0	49.67875	21.77464	347.538	311.133	2,390	1.7	-0.74	-0.46	0.27	0.2
KROS	12265M001	2020-07-08 12:00:00.0	49.67875	21.77464	347.537	311.132	2,389.7	1.3	-0.95	0.2	0.18	0.16
KROS	12265M001	2020-07-08 12:30:00.0	49.67875	21.77464	347.537	311.132	2,378.9	1.3	-0.72	0.44	0.14	0.18
KROS	12265M001	2020-07-08 13:00:00.0	49.67875	21.77464	347.534	311.129	2,381	1.2	-0.74	-0.09	0.14	0.15
KROS	12265M001	2020-07-08 13:30:00.0	49.67875	21.77464	347.534	311.129	2,379.1	1.3	-0.89	-0.57	0.19	0.2
KROS	12265M001	2020-07-08 14:00:00.0	49.67875	21.77464	347.54	311.135	2,378.8	1.3	-0.36	-0.44	0.19	0.18
KROS	12265M001	2020-07-08 14:30:00.0	49.67875	21.77464	347.54	311.135	2,375.7	1.7	-0.08	-0.49	0.24	0.25
KROS	12265M001	2020-07-08 15:00:00.0	49.67875	21.77464	347.539	311.134	2,387.6	1.4	-0.64	-1.02	0.16	0.16
KROS	12265M001	2020-07-08 15:30:00.0	49.67875	21.77464	347.539	311.134	2,392.8	1.4	0.08	-1.46	0.14	0.18
KROS	12265M001	2020-07-08 16:00:00.0	49.67875	21.77464	347.535	311.13	2,390.7	1.3	-0.23	-0.9	0.17	0.2
KROS	12265M001	2020-07-08 16:30:00.0	49.67875	21.77464	347.535	311.13	2,389.4	1.4	-0.04	-1.01	0.18	0.28
KROS	12265M001	2020-07-08 17:00:00.0	49.67875	21.77464	347.534	311.129	2,398.4	1.1	-0.55	-0.52	0.16	0.17
KROS	12265M001	2020-07-08 17:30:00.0	49.67875	21.77464	347.534	311.129	2,406.8	1.1	-0.89	-0.46	0.13	0.16
KROS	12265M001	2020-07-08 18:00:00.0	49.67875	21.77464	347.537	311.132	2,412.9	1.2	-1.51	-0.74	0.15	0.15
KROS	12265M001	2020-07-08 18:30:00.0	49.67875	21.77464	347.537	311.132	2,411.1	1.3	-1.57	0	0.17	0.15
KROT	12266M001	2020-07-08 08:30:00.0	51.69219	17.43719	186.245	148.447	2,411.6	1.6	-0.13	0.75	0.24	0.25
KROT	12266M001	2020-07-08 09:00:00.0	51.69219	17.43719	186.245	148.447	2,415.7	1.4	-0.31	0.19	0.22	0.22
KROT	12266M001	2020-07-08 09:30:00.0	51.69219	17.43719	186.245	148.447	2,419	1.5	-0.91	-0.31	0.22	0.23
KROT	12266M001	2020-07-08 10:00:00.0	51.69219	17.43719	186.246	148.448	2,425	1.1	-0.61	0.16	0.14	0.16
KROT	12266M001	2020-07-08 10:30:00.0	51.69219	17.43719	186.246	148.448	2,424.6	1.4	-0.69	-0.07	0.24	0.19
KROT	12266M001	2020-07-08 11:00:00.0	51.69219	17.43719	186.245	148.447	2,424.2	1.2	-1.67	-0.64	0.23	0.14
KROT	12266M001	2020-07-08 11:30:00.0	51.69219	17.43719	186.245	148.447	2,425.6	1.7	-1.91	-0.68	0.29	0.23
KROT	12266M001	2020-07-08 12:00:00.0	51.69219	17.43719	186.245	148.447	2,416.9	1.4	-2.77	-0.22	0.23	0.18
KROT	12266M001	2020-07-08 12:30:00.0	51.69219	17.43719	186.245	148.447	2,420.3	1.4	-2.66	-0.22	0.23	0.21
KROT	12266M001	2020-07-08 13:00:00.0	51.69219	17.43719	186.244	148.446	2,419.9	1.4	-2.32	-0.08	0.22	0.21
KROT	12266M001	2020-07-08 13:30:00.0	51.69219	17.43719	186.244	148.446	2,418.9	1.6	-2.19	-0.34	0.29	0.29
KROT	12266M001	2020-07-08 14:00:00.0	51.69219	17.43719	186.242	148.444	2,418.7	1.4	-2.21	0.17	0.24	0.22
KROT	12266M001	2020-07-08 14:30:00.0	51.69219	17.43719	186.242	148.444	2,414.9	1.7	-1.73	0.28	0.28	0.26
KROT	12266M001	2020-07-08 15:00:00.0	51.69219	17.43719	186.241	148.443	2,419.4	1.5	-2.28	-0.15	0.23	0.21
KROT	12266M001	2020-07-08 15:30:00.0	51.69219	17.43719	186.241	148.443	2,418.3	1.6	-1.92	0.11	0.25	0.24
KROT	12266M001	2020-07-08 16:00:00.0	51.69219	17.43719	186.245	148.447	2,414.6	1.1	-0.93	-0.3	0.17	0.18
KROT	12266M001	2020-07-08 16:30:00.0	51.69219	17.43719	186.245	148.447	2,415.4	1.4	-1.12	-0.01	0.21	0.29
KROT	12266M001	2020-07-08 17:00:00.0	51.69219	17.43719	186.246	148.448	2,416.1	1.2	-2.25	0.57	0.17	0.19
KROT	12266M001	2020-07-08 17:30:00.0	51.69219	17.43719	186.246	148.448	2,418.2	1.3	-2.45	0.28	0.19	0.21
KROT	12266M001	2020-07-08 18:00:00.0	51.69219	17.43719	186.245	148.447	2,414.9	1.2	-1.5	0.5	0.19	0.19
KROT	12266M001	2020-07-08 18:30:00.0	51.69219	17.43719	186.245	148.447	2,411.5	1.2	-0.87	0.44	0.16	0.18
KUTN	12267M001	2020-07-08 08:30:00.0	52.22606	19.37497	159.846	127.717	2,403.1	1.3	-1.61	1.15	0.16	0.19
KUTN	12267M001	2020-07-08 09:00:00.0	52.22606	19.37497	159.845	127.716	2,405.8	1.2	-1.65	0.57	0.14	0.16
KUTN	12267M001	2020-07-08 09:30:00.0	52.22606	19.37497	159.845	127.716	2,401.4	1.2	-1.69	0.4	0.16	0.17
KUTN	12267M001	2020-07-08 10:00:00.0	52.22606	19.37497	159.845	127.716	2,407	1.2	-1.4	-0.22	0.14	0.15
KUTN	12267M001	2020-07-08 10:30:00.0	52.22606	19.37497	159.845	127.716	2,406.8	1.4	-0.97	-0.73	0.18	0.18
KUTN	12267M001	2020-07-08 11:00:00.0	52.22606	19.37497	159.844	127.715	2,408.8	1.3	-0.81	0.08	0.22	0.15
KUTN	12267M001	2020-07-08 11:30:00.0	52.22606	19.37497	159.844	127.715	2,413	1.5	-1.27	-0.93	0.27	0.21
KUTN	12267M001	2020-07-08 12:00:00.0	52.22606	19.37497	159.848	127.719	2,405.6	1.5	-2.19	0.17	0.23	0.2
KUTN	12267M001	2020-07-08 12:30:00.0	52.22606	19.37497	159.848	127.719	2,404.6	1.4	-2.12	-0.26	0.22	0.21
KUTN	12267M001	2020-07-08 13:00:00.0	52.22606	19.37497	159.853	127.724	2,403.6	1.2	-2.2	-0.03	0.17	0.18
KUTN	12267M001	2020-07-08 13:30:00.0	52.22606	19.37497	159.853	127.724	2,403.5	1.4	-2.23	-0.38	0.2	0.24
KUTN	12267M001	2020-07-08 14:00:00.0	52.22606	19.37497	159.85	127.721	2,396.6	1.3	-2.53	0.2	0.2	0.19
KUTN	12267M001	2020-07-08 14:30:00.0	52.22606	19.37497	159.85	127.721	2,396.8	1.5	-1.72	0.17	0.25	0.23
KUTN	12267M001	2020-07-08 15:00:00.0	52.22606	19.37497	159.851	127.722	2,397.3	1.2	-1.49	-0.16	0.16	0.16
KUTN	12267M001	2020-07-08 15:30:00.0	52.22606	19.37497	159.851	127.722	2,400.4	1.3	-1.34	-0.12	0.17	0.18
KUTN	12267M001	2020-07-08 16:00:00.0	52.22606	19.37497	159.852	127.723	2,395.6	1	-1.25	-0.07	0.13	0.15
KUTN	12267M001	2020-07-08 16:30:00.0	52.22606	19.37497	159.852	127.723	2,397.7	1.2	-1.28	-0.44	0.17	0.24
KUTN	12267M001	2020-07-08 17:00:00.0	52.22606	19.37497	159.852	127.723	2,400.2	1.3	-1.94	-0.1	0.19	0.23
KUTN	12267M001	2020-07-08 17:30:00.0	52.22606	19.37497	159.852	127.723	2,401.6	1.3	-2.33	-0.09	0.19	0.24
KUTN	12267M001	2020-07-08 18:00:00.0	52.22606	19.37497	159.853	127.724	2,404.9	1.1	-1.41	-0.02	0.17	0.16
KUTN	12267M001	2020-07-08 18:30:00.0	52.22606	19.37497	159.853	127.724	2,408.3	1.1	-2.28	-0.39	0.16	0.16
LAN1	NDNT-LANC	2020-07-08 08:30:00.0	50.06586	22.22919	287.424	252.665	2,361.5	1.4	0.57	-0.76	0.16	0.18
LAN1	NDNT-LANC	2020-07-08 09:00:00.0	50.06586	22.22919	287.414	252.655	2,372.5	1.4	-0.28	-1.61	0.15	0.18
LAN1	NDNT-LANC	2020-07-08 09:30:00.0	50.06586	22.22919	287.414	252.655	2,376.8	1.4	-0.72	-1.17	0.18	0.17
LAN1	NDNT-LANC	2020-07-08 10:00:00.0	50.06586	22.22919	287.414	252.655	2,386.1	1.2	-0.13	-0.69	0.13	0.14
LAN1	NDNT-LANC	2020-07-08 10:30:00.0	50.06586	22.22919	287.414	252.655	2,387.6	1.5	-0.2	0.18	0.19	0.18
LAN1	NDNT-LANC	2020-07-08 11:00:00.0	50.06586	22.22919	287.411	252.652	2,393.8	1.4	0.53	-0.44	0.21	0.14
LAN1	NDNT-LANC	2020-07-08 11:30:00.0	50.06586	22.22919	287.411	252.652	2,398.1	1.6	0.37	0.22	0.26	0.18
LAN1	NDNT-LANC	2020-07-08 12:00:00.0	50.06586	22.22919	287.414	252.655	2,388.3	1.3	-0.74	0.44	0.18	0.16
LAN1	NDNT-LANC	2020-07-08 12:30:00.0	50.06586	22.22919	287.414	252.655	2,387.1	1.3	-0.81	-0.8	0.13	0.17
LAN1	NDNT-LANC	2020-07-08 13:00:00.0	50.06586	22.22919	287.415	252.656	2,391.8	1.2	-1.07	0.29	0.14	0.13
LAN1	NDNT-LANC	2020-07-08 13:30:00.0	50.06586	22.22919	287.415	252.656	2,393.4	1.3	-1.06	0.14	0.17	0.17
LAN1	NDNT-LANC	2020-07-08 14:00:00.0	50.06586	22.22919	287.432	252.673	2,396.6	1.3	-1.65	0.29	0.17	0.16
LAN1	NDNT-LANC	2020-07-08 14:30:00.0	50.06586	22.22919	287.432	252.673	2,396.7	1.5	-0.63	0.66	0.23	0.2
LAN1	NDNT-LANC	2020-07-08 15:00:00.0	50.06586	22.22919	287.44	252.681	2,394.6	1.3	0.05	-0.13	0.15	0.14
LAN1	NDNT-LANC	2020-07-08 15:30:00.0	50.06586	22.22919	287.44	252.681	2,401.7	1.3	0.19	0.1	0.12	0.13
LAN1	NDNT-LANC	2020-07-08 16:00:00.0	50.06586	22.22919	287.442	252.683	2,401.1	1	-0.23	-0.12	0.12	0.12
LAN1	NDNT-LANC	2020-07-08 16:30:00.0	50.06586	22.22919	287.442	252.683	2,406.5	1.2	-0.05	-0.74	0.14	0.21
LAN1	NDNT-LANC	2020-07-08 17:00:00.0	50.06586	22.22919	287.435	252.676	2,423.5	1.2	0.65	-0.87	0.16	0.17
LAN1	NDNT-LANC	2020-07-08 17:30:00.0	50.06586	22.22919	287.435	252.676	2,422	1.1	-0.25	0.01	0.12	0.16
LAN1	NDNT-LANC	2020-07-08 18:00:00.0	50.06586	22.22919	287.435	252.676	2,423	1.2	-0.76	-0.13	0.14	0.15
LAN1	NDNT-LANC	2020-07-08 18:30:00.0	50.06586	22.22919	287.435	252.676	2,418.1	1.3	-0.82	-0.88	0.16	0.15
LEGP	12268M001	2020-07-08 08:30:00.0	51.2	16.15497	181.334	139.951	2,430.6	1.1	-1.5	-0.44	0.13	0.15
LEGP	12268M001	2020-07-08 09:00:00.0	51.2	16.15497	181.334	139.951	2,435.7	1.2	-1.53	-0.66	0.16	0.16
LEGP	12268M001	2020-07-08 09:30:00.0	51.2	16.15497	181.334	139.951	2,435.6	1.2	-0.72	-0.68	0.16	0.14
LEGP	12268M001	2020-07-08 10:00:00.0	51.2	16.15497	181.331	139.948	2,441.1	1	-1.23	-0.5	0.12	0.15
LEGP	12268M001	2020-07-08 10:30:00.0	51.2	16.15497	181.331	139.948	2,441.9	1.2	-0.91	-0.69	0.17	0.16
LEGP	12268M001	2020-07-08 11:00:00.0	51.2	16.15497	181.332	139.949	2,445.2	1.2	-1.42	-0.68	0.22	0.13
LEGP	12268M001	2020-07-08 11:30:00.0	51.2	16.15497	181.332	139.949	2,449.8	1.6	-2	-0.9	0.28	0.23
LEGP	12268M001	2020-07-08 12:00:00.0	51.2	16.15497	181.342	139.959	2,449.2	1.4	-2.49	-0.98	0.19	0.18
LEGP	12268M001	2020-07-08 12:30:00.0	51.2	16.15497	181.342	139.959	2,449.3	1.4	-2.08	-0.8	0.17	0.2
LEGP	12268M001	2020-07-08 13:00:00.0	51.2	16.15497	181.339	139.956	2,446.7	1.2	-2.44	-0.55	0.14	0.19
LEGP	12268M001	2020-07-08 13:30:00.0	51.2	16.15497	181.339	139.956	2,450.6	1.4	-1.96	-0.08	0.21	0.25
LEGP	12268M001	2020-07-08 14:00:00.0	51.2	16.15497	181.339	139.956	2,448.3	1.1	-1.86	-0.23	0.18	0.17
LEGP	12268M001	2020-07-08 14:30:00.0	51.2	16.15497	181.339	139.956	2,449.1	1.4	-2.29	-0.3	0.24	0.24
LEGP	12268M001	2020-07-08 15:00:00.0	51.2	16.15497	181.342	139.959	2,451.9	1.3	-2.51	0.31	0.18	0.16
LEGP	12268M001	2020-07-08 15:30:00.0	51.2	16.15497	181.342	139.959	2,446.1	1.3	-2.32	-0.31	0.2	0.16
LEGP	12268M001	2020-07-08 16:00:00.0	51.2	16.15497	181.341	139.958	2,440.8	1.1	-2.26	-0.15	0.13	0.15
LEGP	12268M001	2020-07-08 16:30:00.0	51.2	16.15497	181.341	139.958	2,438.6	1.2	-2.27	-0.22	0.15	0.15
LEGP	12268M001	2020-07-08 17:00:00.0	51.2	16.15497	181.344	139.961	2,435.3	1.2	-2.73	-0.36	0.15	0.16
LEGP	12268M001	2020-07-08 17:30:00.0	51.2	16.15497	181.344	139.961	2,431.2	1.2	-2.57	0.61	0.14	0.18
LEGP	12268M001	2020-07-08 18:00:00.0	51.2	16.15497	181.344	139.961	2,420.6	1.2	-1.75	0.96	0.16	0.16
LEGP	12268M001	2020-07-08 18:30:00.0	51.2	16.15497	181.344	139.961	2,417.9	1.2	-0.76	0.76	0.16	0.17
LELO	12269M001	2020-07-08 08:30:00.0	50.68289	19.62889	306.302	267.82	2,382.9	1.2	-0.57	-0.41	0.14	0.17
LELO	12269M001	2020-07-08 09:00:00.0	50.68289	19.62889	306.298	267.816	2,382.1	1.3	-0.94	0.57	0.17	0.18
LELO	12269M001	2020-07-08 09:30:00.0	50.68289	19.62889	306.298	267.816	2,380.7	1.4	-0.83	0.25	0.17	0.18
LELO	12269M001	2020-07-08 10:00:00.0	50.68289	19.62889	306.3	267.818	2,387.1	1.2	-1.24	-0.11	0.13	0.15
LELO	12269M001	2020-07-08 10:30:00.0	50.68289	19.62889	306.3	267.818	2,388.3	1.4	-2.06	-0.11	0.19	0.18
LELO	12269M001	2020-07-08 11:00:00.0	50.68289	19.62889	306.302	267.82	2,391.4	1.3	-2.26	0.25	0.24	0.14
LELO	12269M001	2020-07-08 11:30:00.0	50.68289	19.62889	306.302	267.82	2,388.9	1.8	-2.35	0.63	0.33	0.24
LELO	12269M001	2020-07-08 12:00:00.0	50.68289	19.62889	306.301	267.819	2,393.4	1.6	-1.89	0.09	0.26	0.22
LELO	12269M001	2020-07-08 12:30:00.0	50.68289	19.62889	306.301	267.819	2,393.8	1.4	-1.24	0.12	0.2	0.21
LELO	12269M001	2020-07-08 13:00:00.0	50.68289	19.62889	306.3	267.818	2,398.2	1.2	-1.15	-0.37	0.17	0.16
LELO	12269M001	2020-07-08 13:30:00.0	50.68289	19.62889	306.3	267.818	2,400.7	1.6	-1.87	0	0.22	0.25
LELO	12269M001	2020-07-08 14:00:00.0	50.68289	19.62889	306.3	267.818	2,406.6	1.5	-1.59	0.25	0.23	0.21
LELO	12269M001	2020-07-08 14:30:00.0	50.68289	19.62889	306.3	267.818	2,403.9	1.6	-1.76	0.03	0.28	0.24
LELO	12269M001	2020-07-08 15:00:00.0	50.68289	19.62889	306.303	267.821	2,406.8	1.5	-1.67	0.28	0.2	0.18
LELO	12269M001	2020-07-08 15:30:00.0	50.68289	19.62889	306.303	267.821	2,407.7	1.5	-1.19	0.06	0.17	0.2
LELO	12269M001	2020-07-08 16:00:00.0	50.68289	19.62889	306.3	267.818	2,406.4	1.2	-1.34	-0.07	0.14	0.17
LELO	12269M001	2020-07-08 16:30:00.0	50.68289	19.62889	306.3	267.818	2,404.3	1.4	-2.02	-0.12	0.19	0.27
LELO	12269M001	2020-07-08 17:00:00.0	50.68289	19.62889	306.302	267.82	2,410.3	1.1	-1.68	0.04	0.15	0.17
LELO	12269M001	2020-07-08 17:30:00.0	50.68289	19.62889	306.302	267.82	2,411.9	1.1	-1.08	-0.17	0.13	0.17
LELO	12269M001	2020-07-08 18:00:00.0	50.68289	19.62889	306.304	267.822	2,411.1	1.2	-1.94	0.11	0.17	0.16
LELO	12269M001	2020-07-08 18:30:00.0	50.68289	19.62889	306.304	267.822	2,409.2	1.2	-2.5	0.2	0.16	0.16
LES1	MUSE-LES1	2020-07-08 08:30:00.0	51.52717	16.14506	163.398	123.203	2,425.6	1.4	-2.32	-1.02	0.21	0.21
LES1	MUSE-LES1	2020-07-08 09:00:00.0	51.52717	16.14506	163.401	123.206	2,425.2	1.3	-2.13	-0.55	0.2	0.19
LES1	MUSE-LES1	2020-07-08 09:30:00.0	51.52717	16.14506	163.401	123.206	2,422.6	1.5	-2.36	-0.47	0.23	0.21
LES1	MUSE-LES1	2020-07-08 10:00:00.0	51.52717	16.14506	163.402	123.207	2,431.9	1.1	-2.81	0.18	0.15	0.18
LES1	MUSE-LES1	2020-07-08 10:30:00.0	51.52717	16.14506	163.402	123.207	2,431.1	1.4	-2.32	0.5	0.2	0.23
LES1	MUSE-LES1	2020-07-08 11:00:00.0	51.52717	16.14506	163.4	123.205	2,435.4	1.4	-0.68	-0.03	0.24	0.16
LES1	MUSE-LES1	2020-07-08 11:30:00.0	51.52717	16.14506	163.4	123.205	2,432	1.7	-0.37	0.28	0.29	0.26
LES1	MUSE-LES1	2020-07-08 12:00:00.0	51.52717	16.14506	163.4	123.205	2,438.3	1.5	-1.55	-0.18	0.22	0.21
LES1	MUSE-LES1	2020-07-08 12:30:00.0	51.52717	16.14506	163.4	123.205	2,436.2	1.5	-2.39	-0.4	0.23	0.24
LES1	MUSE-LES1	2020-07-08 13:00:00.0	51.52717	16.14506	163.397	123.202	2,435.8	1.2	-2.37	-0.49	0.17	0.21
LES1	MUSE-LES1	2020-07-08 13:30:00.0	51.52717	16.14506	163.397	123.202	2,433.8	1.4	-2.07	-1.22	0.23	0.27
LES1	MUSE-LES1	2020-07-08 14:00:00.0	51.52717	16.14506	163.392	123.197	2,438.5	1.2	-1.97	-1.17	0.2	0.18
LES1	MUSE-LES1	2020-07-08 14:30:00.0	51.52717	16.14506	163.392	123.197	2,436.8	1.4	-1.72	-1.47	0.25	0.24
LES1	MUSE-LES1	2020-07-08 15:00:00.0	51.52717	16.14506	163.394	123.199	2,438.6	1.3	-2.73	-0.96	0.18	0.17
LES1	MUSE-LES1	2020-07-08 15:30:00.0	51.52717	16.14506	163.394	123.199	2,441.3	1.3	-2.78	-0.89	0.21	0.19
LES1	MUSE-LES1	2020-07-08 16:00:00.0	51.52717	16.14506	163.394	123.199	2,432.8	1.2	-2.07	-0.54	0.17	0.18
LES1	MUSE-LES1	2020-07-08 16:30:00.0	51.52717	16.14506	163.394	123.199	2,435.4	1.4	-0.92	-0.39	0.21	0.26
LES1	MUSE-LES1	2020-07-08 17:00:00.0	51.52717	16.14506	163.396	123.201	2,429.6	1.4	-1.56	0.77	0.19	0.25
LES1	MUSE-LES1	2020-07-08 17:30:00.0	51.52717	16.14506	163.396	123.201	2,428	1.4	-1.67	0.52	0.2	0.27
LES1	MUSE-LES1	2020-07-08 18:00:00.0	51.52717	16.14506	163.394	123.199	2,425.5	1.4	-1.21	1.01	0.19	0.23
LES1	MUSE-LES1	2020-07-08 18:30:00.0	51.52717	16.14506	163.394	123.199	2,419.5	1.3	-1.19	1.2	0.18	0.2
LODZ	12226M001	2020-07-08 08:30:00.0	51.77872	19.45953	259.425	225.926	2,388.2	1.5	-1.4	0.39	0.18	0.2
LODZ	12226M001	2020-07-08 09:00:00.0	51.77872	19.45953	259.416	225.917	2,395.8	2	-1.9	0.32	0.26	0.29
LODZ	12226M001	2020-07-08 10:00:00.0	51.77872	19.45953	259.424	225.925	2,382.6	1.6	-1.76	0.15	0.19	0.25
LODZ	12226M001	2020-07-08 10:30:00.0	51.77872	19.45953	259.424	225.925	2,381.9	1.6	-1.32	0.03	0.19	0.26
LODZ	12226M001	2020-07-08 11:00:00.0	51.77872	19.45953	259.42	225.921	2,390.5	2.5	-1.35	0.09	0.33	0.34
LOMZ	12271M001	2020-07-08 08:30:00.0	53.174	22.08036	185.345	156.352	2,394.9	1.2	-0.81	0.71	0.15	0.17
LOMZ	12271M001	2020-07-08 09:00:00.0	53.174	22.08036	185.347	156.354	2,397.1	1.2	-1.04	0.71	0.18	0.18
LOMZ	12271M001	2020-07-08 09:30:00.0	53.174	22.08036	185.347	156.354	2,387.8	1.3	-1.46	0.79	0.19	0.18
LOMZ	12271M001	2020-07-08 10:00:00.0	53.174	22.08036	185.347	156.354	2,395.3	1	-1.44	0.7	0.13	0.15
LOMZ	12271M001	2020-07-08 10:30:00.0	53.174	22.08036	185.347	156.354	2,391.4	1.2	-1.07	0.67	0.15	0.19
LOMZ	12271M001	2020-07-08 11:00:00.0	53.174	22.08036	185.342	156.349	2,387.1	1.1	-0.22	0.68	0.21	0.14
LOMZ	12271M001	2020-07-08 11:30:00.0	53.174	22.08036	185.342	156.349	2,385	1.5	0.32	-0.19	0.25	0.22
LOMZ	12271M001	2020-07-08 12:00:00.0	53.174	22.08036	185.342	156.349	2,386.9	1.5	-0.86	0.39	0.21	0.21
LOMZ	12271M001	2020-07-08 12:30:00.0	53.174	22.08036	185.342	156.349	2,394.8	1.5	-0.94	-0.1	0.19	0.2
LOMZ	12271M001	2020-07-08 13:00:00.0	53.174	22.08036	185.345	156.352	2,393.4	1.2	-1.49	0.25	0.17	0.17
LOMZ	12271M001	2020-07-08 13:30:00.0	53.174	22.08036	185.345	156.352	2,389	1.4	-1.49	0.94	0.21	0.22
LOMZ	12271M001	2020-07-08 14:00:00.0	53.174	22.08036	185.341	156.348	2,385.8	1.3	-1.09	0.31	0.21	0.19
LOMZ	12271M001	2020-07-08 14:30:00.0	53.174	22.08036	185.341	156.348	2,384.7	1.5	-1.75	1.63	0.26	0.23
LOMZ	12271M001	2020-07-08 15:00:00.0	53.174	22.08036	185.34	156.347	2,389.7	1.1	-0.73	0.98	0.15	0.15
LOMZ	12271M001	2020-07-08 15:30:00.0	53.174	22.08036	185.34	156.347	2,379.2	1.1	-0.62	0.32	0.15	0.15
LOMZ	12271M001	2020-07-08 16:00:00.0	53.174	22.08036	185.34	156.347	2,382.5	1.2	-0.54	-0.34	0.15	0.19
LOMZ	12271M001	2020-07-08 16:30:00.0	53.174	22.08036	185.34	156.347	2,376.1	1.5	-0.64	0.03	0.19	0.28
LOMZ	12271M001	2020-07-08 17:00:00.0	53.174	22.08036	185.341	156.348	2,383.6	1.3	0.14	-1.01	0.18	0.2
LOMZ	12271M001	2020-07-08 17:30:00.0	53.174	22.08036	185.341	156.348	2,394.8	1.3	0.1	-1.12	0.17	0.2
LOMZ	12271M001	2020-07-08 18:00:00.0	53.174	22.08036	185.34	156.347	2,393.5	1.1	-0.1	0.2	0.17	0.16
LOMZ	12271M001	2020-07-08 18:30:00.0	53.174	22.08036	185.34	156.347	2,387.4	1.1	0.47	0.82	0.16	0.15
LUBL	12272M001	2020-07-08 08:30:00.0	51.25086	22.55472	242.186	210.376	2,371.9	1.2	0.03	-0.31	0.15	0.17
LUBL	12272M001	2020-07-08 09:00:00.0	51.25086	22.55472	242.186	210.376	2,380.5	1.4	0.46	0.02	0.18	0.18
LUBL	12272M001	2020-07-08 09:30:00.0	51.25086	22.55472	242.186	210.376	2,388.3	1.5	0.34	-0.9	0.21	0.18
LUBL	12272M001	2020-07-08 10:00:00.0	51.25086	22.55472	242.191	210.381	2,399.7	1.3	-0.62	0.69	0.17	0.18
LUBL	12272M001	2020-07-08 10:30:00.0	51.25086	22.55472	242.191	210.381	2,393.4	1.8	-0.91	-0.02	0.25	0.21
LUBL	12272M001	2020-07-08 11:00:00.0	51.25086	22.55472	242.193	210.383	2,400.5	1.4	-0.35	0.23	0.25	0.17
LUBL	12272M001	2020-07-08 11:30:00.0	51.25086	22.55472	242.193	210.383	2,395.7	1.8	-1.03	0.59	0.3	0.26
LUBL	12272M001	2020-07-08 12:00:00.0	51.25086	22.55472	242.194	210.384	2,400.8	1.4	-1.38	0.9	0.19	0.19
LUBL	12272M001	2020-07-08 12:30:00.0	51.25086	22.55472	242.194	210.384	2,394.2	1.3	-1.94	0.74	0.2	0.2
LUBL	12272M001	2020-07-08 13:00:00.0	51.25086	22.55472	242.197	210.387	2,401.9	1.5	-1.5	-0.27	0.24	0.2
LUBL	12272M001	2020-07-08 13:30:00.0	51.25086	22.55472	242.197	210.387	2,405.8	1.7	-1.18	0.4	0.26	0.27
LUBL	12272M001	2020-07-08 14:00:00.0	51.25086	22.55472	242.204	210.394	2,404.8	1.3	-1.36	0.21	0.2	0.18
LUBL	12272M001	2020-07-08 14:30:00.0	51.25086	22.55472	242.204	210.394	2,402.3	1.6	-1.58	0.39	0.26	0.22
LUBL	12272M001	2020-07-08 15:00:00.0	51.25086	22.55472	242.197	210.387	2,406.5	1.4	-2	-0.3	0.2	0.17
LUBL	12272M001	2020-07-08 15:30:00.0	51.25086	22.55472	242.197	210.387	2,412.5	1.4	-1.88	-0.3	0.18	0.16
LUBL	12272M001	2020-07-08 16:00:00.0	51.25086	22.55472	242.196	210.386	2,407.8	1.1	-2.12	-0.44	0.15	0.14
LUBL	12272M001	2020-07-08 16:30:00.0	51.25086	22.55472	242.196	210.386	2,408.3	1.3	-1.33	-0.05	0.16	0.23
LUBL	12272M001	2020-07-08 17:00:00.0	51.25086	22.55472	242.196	210.386	2,409.8	1.3	-1.45	0.12	0.18	0.21
LUBL	12272M001	2020-07-08 17:30:00.0	51.25086	22.55472	242.196	210.386	2,409.9	1.3	-1.31	0.26	0.16	0.21
LUBL	12272M001	2020-07-08 18:00:00.0	51.25086	22.55472	242.196	210.386	2,413.2	1.4	-2.02	-0.09	0.19	0.19
LUBL	12272M001	2020-07-08 18:30:00.0	51.25086	22.55472	242.196	210.386	2,412.3	1.4	-2.12	-0.46	0.2	0.2
MET3	10503M010	2020-07-08 08:30:00.0	60.21744	24.3945	79.196	60.429	2,378.7	1.7	-1.09	-0.62	0.24	0.2
MET3	10503M010	2020-07-08 09:00:00.0	60.21744	24.3945	79.203	60.436	2,377	1.3	-0.98	-0.32	0.18	0.14
MET3	10503M010	2020-07-08 09:30:00.0	60.21744	24.3945	79.203	60.436	2,375.3	1.4	-1.29	-1.13	0.2	0.14
MET3	10503M010	2020-07-08 10:00:00.0	60.21744	24.3945	79.202	60.435	2,386.8	1.2	-1.16	-1.19	0.18	0.13
MET3	10503M010	2020-07-08 10:30:00.0	60.21744	24.3945	79.202	60.435	2,398.3	1.5	-0.7	-0.38	0.19	0.17
MET3	10503M010	2020-07-08 11:00:00.0	60.21744	24.3945	79.194	60.427	2,402.2	1.5	1.44	0.48	0.25	0.16
MET3	10503M010	2020-07-08 11:30:00.0	60.21744	24.3945	79.194	60.427	2,404.6	1.8	0.67	0.22	0.29	0.25
MET3	10503M010	2020-07-08 12:00:00.0	60.21744	24.3945	79.198	60.431	2,406.1	1.4	-1	0.28	0.16	0.18
MET3	10503M010	2020-07-08 12:30:00.0	60.21744	24.3945	79.198	60.431	2,403.9	1.5	-1	0.49	0.21	0.19
MET3	10503M010	2020-07-08 13:00:00.0	60.21744	24.3945	79.201	60.434	2,400.6	1.2	-0.37	0.55	0.16	0.13
MET3	10503M010	2020-07-08 13:30:00.0	60.21744	24.3945	79.201	60.434	2,396.9	1.4	-0.62	1.1	0.2	0.16
MET3	10503M010	2020-07-08 14:00:00.0	60.21744	24.3945	79.194	60.427	2,398.3	1.3	-0.19	1.59	0.2	0.14
MET3	10503M010	2020-07-08 14:30:00.0	60.21744	24.3945	79.194	60.427	2,390.8	1.4	0.36	2.31	0.24	0.16
MET3	10503M010	2020-07-08 15:00:00.0	60.21744	24.3945	79.196	60.429	2,382.1	1.4	0.89	3.27	0.2	0.16
MET3	10503M010	2020-07-08 15:30:00.0	60.21744	24.3945	79.196	60.429	2,376.7	1.4	0.79	1.64	0.21	0.19
MET3	10503M010	2020-07-08 16:00:00.0	60.21744	24.3945	79.201	60.434	2,365.2	1.3	-0.09	0.44	0.16	0.17
MET3	10503M010	2020-07-08 16:30:00.0	60.21744	24.3945	79.201	60.434	2,363.9	1.6	-0.12	-0.19	0.22	0.26
MET3	10503M010	2020-07-08 17:00:00.0	60.21744	24.3945	79.204	60.437	2,362.4	1.6	-1.33	1.6	0.22	0.25
MET3	10503M010	2020-07-08 17:30:00.0	60.21744	24.3945	79.204	60.437	2,367.7	1.8	-1.84	1.39	0.25	0.26
MET3	10503M010	2020-07-08 18:00:00.0	60.21744	24.3945	79.193	60.426	2,376.2	1.6	0.15	1.25	0.27	0.26
MIEL	18967M001	2020-07-08 08:30:00.0	50.29119	21.438	224.545	188.52	2,403.8	1.3	-0.11	-1.35	0.15	0.2
MIEL	18967M001	2020-07-08 09:00:00.0	50.29119	21.438	224.541	188.516	2,409.3	1.3	-0.15	-0.34	0.15	0.17
MIEL	18967M001	2020-07-08 09:30:00.0	50.29119	21.438	224.541	188.516	2,405	1.3	-0.63	-0.18	0.17	0.17
MIEL	18967M001	2020-07-08 10:00:00.0	50.29119	21.438	224.542	188.517	2,411.6	1.1	-0.76	-0.4	0.13	0.14
MIEL	18967M001	2020-07-08 10:30:00.0	50.29119	21.438	224.542	188.517	2,408.9	1.5	-1.04	0.79	0.2	0.2
MIEL	18967M001	2020-07-08 11:00:00.0	50.29119	21.438	224.545	188.52	2,401.3	1.4	-0.45	-0.04	0.23	0.15
MIEL	18967M001	2020-07-08 11:30:00.0	50.29119	21.438	224.545	188.52	2,406.4	1.7	-1.06	-0.93	0.28	0.2
MIEL	18967M001	2020-07-08 12:00:00.0	50.29119	21.438	224.541	188.516	2,414.1	1.3	-0.99	-0.03	0.2	0.19
MIEL	18967M001	2020-07-08 12:30:00.0	50.29119	21.438	224.541	188.516	2,412.3	1.3	0.04	0.4	0.16	0.19
MIEL	18967M001	2020-07-08 13:00:00.0	50.29119	21.438	224.54	188.515	2,414.3	1.1	-0.59	-0.45	0.19	0.14
MIEL	18967M001	2020-07-08 13:30:00.0	50.29119	21.438	224.54	188.515	2,421.4	1.7	-1.1	-0.56	0.28	0.28
MIEL	18967M001	2020-07-08 14:00:00.0	50.29119	21.438	224.541	188.516	2,419.5	1.4	-1.35	0.57	0.25	0.21
MIEL	18967M001	2020-07-08 14:30:00.0	50.29119	21.438	224.541	188.516	2,424.9	1.5	-1.58	0.77	0.27	0.23
MIEL	18967M001	2020-07-08 15:00:00.0	50.29119	21.438	224.537	188.512	2,440.3	1.4	-1.12	-0.81	0.19	0.17
MIEL	18967M001	2020-07-08 15:30:00.0	50.29119	21.438	224.537	188.512	2,439.7	1.5	-1.24	-1.24	0.16	0.19
MIEL	18967M001	2020-07-08 16:00:00.0	50.29119	21.438	224.534	188.509	2,434.7	1.2	-1.03	-0.63	0.16	0.17
MIEL	18967M001	2020-07-08 16:30:00.0	50.29119	21.438	224.534	188.509	2,430	1.3	-0.17	-0.7	0.19	0.28
MIEL	18967M001	2020-07-08 17:00:00.0	50.29119	21.438	224.531	188.506	2,433.6	1.1	-1.26	-0.13	0.16	0.17
MIEL	18967M001	2020-07-08 17:30:00.0	50.29119	21.438	224.531	188.506	2,435.8	1.1	-1.09	-0.29	0.13	0.16
MIEL	18967M001	2020-07-08 18:00:00.0	50.29119	21.438	224.53	188.505	2,441.6	1.2	-1.64	-0.62	0.17	0.15
MIEL	18967M001	2020-07-08 18:30:00.0	50.29119	21.438	224.53	188.505	2,444.8	1.2	-1.73	-0.14	0.18	0.16
MIEW	NDNT-MIEW	2020-07-08 08:30:00.0	50.36228	20.04022	336.594	297.598	2,365.8	1.2	0.15	-0.01	0.16	0.16
MIEW	NDNT-MIEW	2020-07-08 09:00:00.0	50.36228	20.04022	336.594	297.598	2,370.5	1.3	-1.3	-0.6	0.18	0.17
MIEW	NDNT-MIEW	2020-07-08 09:30:00.0	50.36228	20.04022	336.594	297.598	2,373.8	1.3	-0.82	-0.67	0.18	0.15
MIEW	NDNT-MIEW	2020-07-08 10:00:00.0	50.36228	20.04022	336.596	297.6	2,380.7	1.2	-0.81	-1.29	0.15	0.17
MIEW	NDNT-MIEW	2020-07-08 10:30:00.0	50.36228	20.04022	336.596	297.6	2,381	1.5	-0.57	-0.9	0.2	0.19
MIEW	NDNT-MIEW	2020-07-08 11:00:00.0	50.36228	20.04022	336.599	297.603	2,382.2	1.2	-0.63	-0.7	0.22	0.13
MIEW	NDNT-MIEW	2020-07-08 11:30:00.0	50.36228	20.04022	336.599	297.603	2,383.9	1.6	-0.68	-0.94	0.27	0.2
MIEW	NDNT-MIEW	2020-07-08 12:00:00.0	50.36228	20.04022	336.593	297.597	2,383.8	1.2	-0.54	-0.88	0.18	0.14
MIEW	NDNT-MIEW	2020-07-08 12:30:00.0	50.36228	20.04022	336.593	297.597	2,389.3	1.2	-0.57	-0.44	0.14	0.17
MIEW	NDNT-MIEW	2020-07-08 13:00:00.0	50.36228	20.04022	336.594	297.598	2,392.5	1	-0.84	-0.4	0.13	0.11
MIEW	NDNT-MIEW	2020-07-08 13:30:00.0	50.36228	20.04022	336.594	297.598	2,395.3	1.2	-0.78	-0.23	0.16	0.19
MIEW	NDNT-MIEW	2020-07-08 14:00:00.0	50.36228	20.04022	336.591	297.595	2,392.9	1.3	-0.5	0.16	0.19	0.18
MIEW	NDNT-MIEW	2020-07-08 14:30:00.0	50.36228	20.04022	336.591	297.595	2,392.9	1.4	-0.3	-0.18	0.25	0.22
MIEW	NDNT-MIEW	2020-07-08 15:00:00.0	50.36228	20.04022	336.594	297.598	2,398.8	1.4	-0.48	-0.24	0.19	0.17
MIEW	NDNT-MIEW	2020-07-08 15:30:00.0	50.36228	20.04022	336.594	297.598	2,402.8	1.4	-0.59	-0.23	0.2	0.17
MIEW	NDNT-MIEW	2020-07-08 16:00:00.0	50.36228	20.04022	336.594	297.598	2,398.8	1.3	-0.62	0.26	0.17	0.18
MIEW	NDNT-MIEW	2020-07-08 16:30:00.0	50.36228	20.04022	336.594	297.598	2,401.6	1.4	-1	0.11	0.18	0.24
MIEW	NDNT-MIEW	2020-07-08 17:00:00.0	50.36228	20.04022	336.594	297.598	2,407.7	1.1	-0.82	-0.55	0.15	0.16
MIEW	NDNT-MIEW	2020-07-08 17:30:00.0	50.36228	20.04022	336.594	297.598	2,408.3	1.1	-0.67	0.25	0.15	0.17
MIEW	NDNT-MIEW	2020-07-08 18:00:00.0	50.36228	20.04022	336.592	297.596	2,409.5	1.3	-0.85	-0.17	0.19	0.18
MIEW	NDNT-MIEW	2020-07-08 18:30:00.0	50.36228	20.04022	336.592	297.596	2,407.8	1.4	-0.72	-0.36	0.18	0.18
MIKL	12335M001	2020-07-08 08:30:00.0	46.97278	31.97283	93.94	68.549	2,425.7	1.3	1.4	-0.42	0.18	0.19
MIKL	12335M001	2020-07-08 09:00:00.0	46.97278	31.97283	93.944	68.553	2,425.9	1.1	1.04	-1.04	0.15	0.15
MIKL	12335M001	2020-07-08 09:30:00.0	46.97278	31.97283	93.944	68.553	2,430.3	1.2	1.24	-0.25	0.19	0.19
MIKL	12335M001	2020-07-08 10:00:00.0	46.97278	31.97283	93.945	68.554	2,432.9	1	0.34	0.32	0.14	0.12
MIKL	12335M001	2020-07-08 10:30:00.0	46.97278	31.97283	93.945	68.554	2,430.3	1.4	0.41	0.31	0.21	0.22
MIKL	12335M001	2020-07-08 11:00:00.0	46.97278	31.97283	93.95	68.559	2,427.1	1.7	1	-0.14	0.23	0.2
MIKL	12335M001	2020-07-08 11:30:00.0	46.97278	31.97283	93.95	68.559	2,423.7	1.8	0.84	0.65	0.23	0.23
MIKL	12335M001	2020-07-08 12:00:00.0	46.97278	31.97283	93.945	68.554	2,413.5	1.8	0.56	1.05	0.25	0.32
MIKL	12335M001	2020-07-08 13:00:00.0	46.97278	31.97283	93.944	68.553	2,421.7	1.7	0.37	0.34	0.24	0.23
MIKL	12335M001	2020-07-08 13:30:00.0	46.97278	31.97283	93.944	68.553	2,413.8	1.6	0.74	0.38	0.24	0.17
MIKL	12335M001	2020-07-08 14:00:00.0	46.97278	31.97283	93.95	68.559	2,414.1	1.4	0.93	-0.68	0.18	0.16
MIKL	12335M001	2020-07-08 14:30:00.0	46.97278	31.97283	93.95	68.559	2,414.7	1.6	0.56	-0.51	0.22	0.19
MIKL	12335M001	2020-07-08 15:00:00.0	46.97278	31.97283	93.948	68.557	2,418	1.4	0.44	-0.64	0.16	0.17
MIKL	12335M001	2020-07-08 15:30:00.0	46.97278	31.97283	93.948	68.557	2,415.4	1.5	0.02	-0.66	0.16	0.17
MIKL	12335M001	2020-07-08 16:00:00.0	46.97278	31.97283	93.95	68.559	2,405.4	1.3	0.37	0.17	0.15	0.16
MIKL	12335M001	2020-07-08 16:30:00.0	46.97278	31.97283	93.95	68.559	2,402.3	1.5	0.78	-0.16	0.17	0.24
MIKL	12335M001	2020-07-08 17:00:00.0	46.97278	31.97283	93.946	68.555	2,408.9	1.3	0.92	-0.2	0.17	0.19
MIKL	12335M001	2020-07-08 17:30:00.0	46.97278	31.97283	93.946	68.555	2,412.8	1.2	0.71	-0.72	0.16	0.17
MIKL	12335M001	2020-07-08 18:00:00.0	46.97278	31.97283	93.947	68.556	2,420.2	1.2	0.26	-0.07	0.18	0.14
MIKL	12335M001	2020-07-08 18:30:00.0	46.97278	31.97283	93.947	68.556	2,423.9	1.3	-0.17	0.43	0.23	0.15
MIMA	12273M001	2020-07-08 08:30:00.0	52.18131	21.55925	200.727	170.136	2,398.7	1.1	-0.69	-0.14	0.14	0.16
MIMA	12273M001	2020-07-08 09:00:00.0	52.18131	21.55925	200.727	170.136	2,405.6	1.2	-0.59	0.37	0.15	0.15
MIMA	12273M001	2020-07-08 09:30:00.0	52.18131	21.55925	200.727	170.136	2,406.5	1.2	-0.25	0.27	0.17	0.15
MIMA	12273M001	2020-07-08 10:00:00.0	52.18131	21.55925	200.729	170.138	2,407.4	1	-1.21	0.55	0.13	0.15
MIMA	12273M001	2020-07-08 10:30:00.0	52.18131	21.55925	200.729	170.138	2,405.5	1.2	-1.67	0.47	0.16	0.18
MIMA	12273M001	2020-07-08 11:00:00.0	52.18131	21.55925	200.727	170.136	2,402.3	1.3	-0.7	0.27	0.23	0.16
MIMA	12273M001	2020-07-08 11:30:00.0	52.18131	21.55925	200.727	170.136	2,402.5	1.6	-0.98	0.69	0.28	0.23
MIMA	12273M001	2020-07-08 12:00:00.0	52.18131	21.55925	200.723	170.132	2,397.5	1.4	-1.94	0.3	0.22	0.18
MIMA	12273M001	2020-07-08 12:30:00.0	52.18131	21.55925	200.723	170.132	2,398.8	1.4	-2.09	0.73	0.19	0.2
MIMA	12273M001	2020-07-08 13:00:00.0	52.18131	21.55925	200.725	170.134	2,398.6	1.2	-1.82	-0.02	0.16	0.18
MIMA	12273M001	2020-07-08 13:30:00.0	52.18131	21.55925	200.725	170.134	2,401.3	1.4	-2.06	-0.16	0.22	0.23
MIMA	12273M001	2020-07-08 14:00:00.0	52.18131	21.55925	200.728	170.137	2,391.3	1.4	-2	0.35	0.22	0.2
MIMA	12273M001	2020-07-08 14:30:00.0	52.18131	21.55925	200.728	170.137	2,386.9	1.6	-3.07	1.16	0.27	0.23
MIMA	12273M001	2020-07-08 15:00:00.0	52.18131	21.55925	200.726	170.135	2,389.8	1.4	-2.04	0.34	0.2	0.19
MIMA	12273M001	2020-07-08 15:30:00.0	52.18131	21.55925	200.726	170.135	2,387.3	1.5	-1.87	0.18	0.2	0.21
MIMA	12273M001	2020-07-08 16:00:00.0	52.18131	21.55925	200.724	170.133	2,387.2	1.1	-1.39	0	0.13	0.16
MIMA	12273M001	2020-07-08 16:30:00.0	52.18131	21.55925	200.724	170.133	2,388	1.3	-1.42	-0.64	0.16	0.25
MIMA	12273M001	2020-07-08 17:00:00.0	52.18131	21.55925	200.724	170.133	2,389.1	1.1	-1.45	0.23	0.15	0.17
MIMA	12273M001	2020-07-08 17:30:00.0	52.18131	21.55925	200.724	170.133	2,383.9	1	-1.41	-0.48	0.13	0.16
MIMA	12273M001	2020-07-08 18:00:00.0	52.18131	21.55925	200.724	170.133	2,386.7	1.5	-2.11	-0.53	0.23	0.24
MIMA	12273M001	2020-07-08 18:30:00.0	52.18131	21.55925	200.724	170.133	2,386.3	1.5	-2.3	-1.08	0.23	0.23
MLCN	12274M001	2020-07-08 08:30:00.0	50.06589	21.97169	271.988	236.819	2,374.8	1.7	0.16	-1.08	0.22	0.26
MLCN	12274M001	2020-07-08 09:00:00.0	50.06589	21.97169	271.988	236.819	2,384.6	1.4	-0.72	-1.11	0.15	0.19
MLCN	12274M001	2020-07-08 09:30:00.0	50.06589	21.97169	271.988	236.819	2,384.4	1.5	-1	-1.27	0.18	0.19
MLCN	12274M001	2020-07-08 10:00:00.0	50.06589	21.97169	271.989	236.82	2,393.5	1.2	-1.02	-0.25	0.13	0.16
MLCN	12274M001	2020-07-08 10:30:00.0	50.06589	21.97169	271.989	236.82	2,391.5	1.6	-0.89	0.37	0.19	0.22
MLCN	12274M001	2020-07-08 11:00:00.0	50.06589	21.97169	271.997	236.828	2,391	1.6	-1.7	-1.2	0.24	0.19
MLCN	12274M001	2020-07-08 11:30:00.0	50.06589	21.97169	271.997	236.828	2,392.5	1.8	-1.73	-0.26	0.29	0.26
MLCN	12274M001	2020-07-08 12:00:00.0	50.06589	21.97169	271.996	236.827	2,384.7	1.5	-1.69	-0.42	0.19	0.2
MLCN	12274M001	2020-07-08 12:30:00.0	50.06589	21.97169	271.996	236.827	2,391	1.4	-1.03	0.2	0.15	0.19
MLCN	12274M001	2020-07-08 13:00:00.0	50.06589	21.97169	271.992	236.823	2,394	1.3	-0.49	-0.23	0.17	0.18
MLCN	12274M001	2020-07-08 13:30:00.0	50.06589	21.97169	271.992	236.823	2,400.4	1.4	-0.88	-1.42	0.22	0.24
MLCN	12274M001	2020-07-08 14:00:00.0	50.06589	21.97169	271.998	236.829	2,399.9	1.4	-1.11	0.42	0.19	0.18
MLCN	12274M001	2020-07-08 14:30:00.0	50.06589	21.97169	271.998	236.829	2,397.3	1.7	-0.71	0.16	0.24	0.24
MLCN	12274M001	2020-07-08 15:00:00.0	50.06589	21.97169	271.994	236.825	2,409.7	1.4	-1.13	-0.57	0.17	0.16
MLCN	12274M001	2020-07-08 15:30:00.0	50.06589	21.97169	271.994	236.825	2,410.5	1.4	-0.88	-0.9	0.16	0.15
MLCN	12274M001	2020-07-08 16:00:00.0	50.06589	21.97169	271.989	236.82	2,415.4	1.3	-0.47	-0.65	0.17	0.19
MLCN	12274M001	2020-07-08 16:30:00.0	50.06589	21.97169	271.989	236.82	2,425.5	1.6	-0.2	-0.65	0.21	0.29
MLCN	12274M001	2020-07-08 17:00:00.0	50.06589	21.97169	271.99	236.821	2,426	1.3	-1.45	0.51	0.17	0.21
MLCN	12274M001	2020-07-08 17:30:00.0	50.06589	21.97169	271.99	236.821	2,423.4	1.2	-1.46	0.65	0.14	0.21
MLCN	12274M001	2020-07-08 18:00:00.0	50.06589	21.97169	271.995	236.826	2,427.8	1.2	-1.8	-0.5	0.15	0.16
MLCN	12274M001	2020-07-08 18:30:00.0	50.06589	21.97169	271.995	236.826	2,428.8	1.3	-0.98	-0.34	0.18	0.16
MSZA	NDNT-MSZA	2020-07-08 08:30:00.0	49.67928	20.07031	440.906	400.332	2,339.1	1.1	-0.16	0.56	0.14	0.14
MSZA	NDNT-MSZA	2020-07-08 09:00:00.0	49.67928	20.07031	440.902	400.328	2,356.5	1.3	-0.12	-1.37	0.16	0.18
MSZA	NDNT-MSZA	2020-07-08 09:30:00.0	49.67928	20.07031	440.902	400.328	2,352.6	1.3	-0.1	-0.03	0.19	0.17
MSZA	NDNT-MSZA	2020-07-08 10:00:00.0	49.67928	20.07031	440.904	400.33	2,352.4	1.2	-1.83	0.22	0.14	0.16
MSZA	NDNT-MSZA	2020-07-08 10:30:00.0	49.67928	20.07031	440.904	400.33	2,353.9	1.5	-1.38	-0.28	0.23	0.2
MSZA	NDNT-MSZA	2020-07-08 11:00:00.0	49.67928	20.07031	440.913	400.339	2,348.7	1.2	-0.33	0.02	0.24	0.13
MSZA	NDNT-MSZA	2020-07-08 11:30:00.0	49.67928	20.07031	440.913	400.339	2,346.7	1.6	-0.01	0.44	0.29	0.21
MSZA	NDNT-MSZA	2020-07-08 12:00:00.0	49.67928	20.07031	440.914	400.34	2,353.9	1.3	-0.64	-0.04	0.2	0.15
MSZA	NDNT-MSZA	2020-07-08 12:30:00.0	49.67928	20.07031	440.914	400.34	2,350.3	1.2	-1.39	0.27	0.18	0.18
MSZA	NDNT-MSZA	2020-07-08 13:00:00.0	49.67928	20.07031	440.918	400.344	2,361.7	1.3	-1.72	-0.59	0.19	0.18
MSZA	NDNT-MSZA	2020-07-08 13:30:00.0	49.67928	20.07031	440.918	400.344	2,361	1.3	-1.23	0.7	0.2	0.23
MSZA	NDNT-MSZA	2020-07-08 14:00:00.0	49.67928	20.07031	440.93	400.356	2,356.6	1.2	-1.44	0.21	0.18	0.17
MSZA	NDNT-MSZA	2020-07-08 14:30:00.0	49.67928	20.07031	440.93	400.356	2,355.9	1.4	-0.18	1.18	0.25	0.22
MSZA	NDNT-MSZA	2020-07-08 15:00:00.0	49.67928	20.07031	440.926	400.352	2,363.5	1.4	-0.41	0.39	0.19	0.18
MSZA	NDNT-MSZA	2020-07-08 15:30:00.0	49.67928	20.07031	440.926	400.352	2,361.6	1.4	-0.06	0.62	0.17	0.17
MSZA	NDNT-MSZA	2020-07-08 16:00:00.0	49.67928	20.07031	440.912	400.338	2,374.1	1.3	-0.69	0.22	0.16	0.18
MSZA	NDNT-MSZA	2020-07-08 16:30:00.0	49.67928	20.07031	440.912	400.338	2,377.4	1.6	-1.48	-0.12	0.22	0.26
MSZA	NDNT-MSZA	2020-07-08 17:00:00.0	49.67928	20.07031	440.907	400.333	2,379.5	1.1	-0.86	0.19	0.16	0.17
MSZA	NDNT-MSZA	2020-07-08 17:30:00.0	49.67928	20.07031	440.907	400.333	2,378.3	1.1	-0.94	0.87	0.14	0.17
MSZA	NDNT-MSZA	2020-07-08 18:00:00.0	49.67928	20.07031	440.91	400.336	2,390.5	1.3	-1.48	-0.52	0.17	0.17
MSZA	NDNT-MSZA	2020-07-08 18:30:00.0	49.67928	20.07031	440.91	400.336	2,390.3	1.4	-1.37	-0.27	0.18	0.18
MYSZ	12275M001	2020-07-08 08:30:00.0	53.38653	21.34358	169.317	139.452	2,391.7	1.1	-1.05	0.58	0.14	0.15
MYSZ	12275M001	2020-07-08 09:00:00.0	53.38653	21.34358	169.318	139.453	2,393.6	1	0.16	-0.46	0.13	0.14
MYSZ	12275M001	2020-07-08 09:30:00.0	53.38653	21.34358	169.318	139.453	2,392.6	1	0.06	-0.04	0.15	0.14
MYSZ	12275M001	2020-07-08 10:00:00.0	53.38653	21.34358	169.319	139.454	2,395.7	1	-0.35	0.37	0.13	0.15
MYSZ	12275M001	2020-07-08 10:30:00.0	53.38653	21.34358	169.319	139.454	2,386.7	1.3	-0.58	0.78	0.15	0.19
MYSZ	12275M001	2020-07-08 11:00:00.0	53.38653	21.34358	169.309	139.444	2,399.8	1.1	-0.76	-0.24	0.21	0.14
MYSZ	12275M001	2020-07-08 11:30:00.0	53.38653	21.34358	169.309	139.444	2,392	1.4	-0.69	0.64	0.25	0.2
MYSZ	12275M001	2020-07-08 12:00:00.0	53.38653	21.34358	169.309	139.444	2,385.3	1.2	-0.57	-1.25	0.15	0.15
MYSZ	12275M001	2020-07-08 12:30:00.0	53.38653	21.34358	169.309	139.444	2,397	1.2	-0.23	-2.14	0.14	0.15
MYSZ	12275M001	2020-07-08 13:00:00.0	53.38653	21.34358	169.31	139.445	2,386.1	1.2	-0.69	0.26	0.16	0.16
MYSZ	12275M001	2020-07-08 13:30:00.0	53.38653	21.34358	169.31	139.445	2,390.3	1.4	-1.2	-0.76	0.21	0.22
MYSZ	12275M001	2020-07-08 14:00:00.0	53.38653	21.34358	169.301	139.436	2,388.7	1.3	-1.16	1.09	0.21	0.19
MYSZ	12275M001	2020-07-08 14:30:00.0	53.38653	21.34358	169.301	139.436	2,387.8	1.5	-2.05	0.58	0.25	0.22
MYSZ	12275M001	2020-07-08 15:00:00.0	53.38653	21.34358	169.299	139.434	2,391.5	1.1	-0.94	-0.66	0.14	0.14
MYSZ	12275M001	2020-07-08 15:30:00.0	53.38653	21.34358	169.299	139.434	2,395.6	1.1	0.14	0.16	0.14	0.15
MYSZ	12275M001	2020-07-08 16:00:00.0	53.38653	21.34358	169.302	139.437	2,392.6	1.2	-0.8	-0.83	0.15	0.18
MYSZ	12275M001	2020-07-08 16:30:00.0	53.38653	21.34358	169.302	139.437	2,399.6	1.5	-0.74	0.62	0.19	0.28
MYSZ	12275M001	2020-07-08 17:00:00.0	53.38653	21.34358	169.301	139.436	2,399.2	1.1	-0.48	1.07	0.14	0.16
MYSZ	12275M001	2020-07-08 17:30:00.0	53.38653	21.34358	169.301	139.436	2,382.8	1.1	0.04	1.31	0.13	0.15
MYSZ	12275M001	2020-07-08 18:00:00.0	53.38653	21.34358	169.305	139.44	2,391.4	1.1	-0.09	-0.39	0.17	0.16
MYSZ	12275M001	2020-07-08 18:30:00.0	53.38653	21.34358	169.305	139.44	2,401.7	1.1	-0.06	-1.29	0.16	0.15
NODW	12276M001	2020-07-08 08:30:00.0	52.43108	20.71058	125.698	94.461	2,415	1	-1.94	1.11	0.11	0.12
NODW	12276M001	2020-07-08 09:00:00.0	52.43108	20.71058	125.697	94.46	2,410	1.2	-1.41	0.68	0.14	0.15
NODW	12276M001	2020-07-08 09:30:00.0	52.43108	20.71058	125.697	94.46	2,412.3	1.2	-1.05	0.38	0.16	0.15
NODW	12276M001	2020-07-08 10:00:00.0	52.43108	20.71058	125.696	94.459	2,417.6	1	-1.26	0.45	0.13	0.15
NODW	12276M001	2020-07-08 10:30:00.0	52.43108	20.71058	125.696	94.459	2,419.1	1.3	-1.29	0.13	0.15	0.18
NODW	12276M001	2020-07-08 11:00:00.0	52.43108	20.71058	125.692	94.455	2,424.1	1.2	-0.03	-0.04	0.22	0.14
NODW	12276M001	2020-07-08 11:30:00.0	52.43108	20.71058	125.692	94.455	2,422.6	1.5	-1.26	-0.27	0.26	0.21
NODW	12276M001	2020-07-08 12:00:00.0	52.43108	20.71058	125.689	94.452	2,414.5	1.2	-2.37	-0.05	0.15	0.14
NODW	12276M001	2020-07-08 12:30:00.0	52.43108	20.71058	125.689	94.452	2,410.9	1.1	-2.64	0.17	0.13	0.14
NODW	12276M001	2020-07-08 13:00:00.0	52.43108	20.71058	125.692	94.455	2,410.2	1	-2.99	0.01	0.12	0.13
NODW	12276M001	2020-07-08 13:30:00.0	52.43108	20.71058	125.692	94.455	2,405.7	1.1	-2.22	0.1	0.15	0.18
NODW	12276M001	2020-07-08 14:00:00.0	52.43108	20.71058	125.69	94.453	2,403.7	1.1	-1.77	0.4	0.16	0.14
NODW	12276M001	2020-07-08 14:30:00.0	52.43108	20.71058	125.69	94.453	2,400.4	1.2	-1.19	0.45	0.2	0.17
NODW	12276M001	2020-07-08 15:00:00.0	52.43108	20.71058	125.69	94.453	2,402.4	1.1	-1.45	0.31	0.13	0.12
NODW	12276M001	2020-07-08 15:30:00.0	52.43108	20.71058	125.69	94.453	2,404.4	1.1	-1.4	0.35	0.13	0.13
NODW	12276M001	2020-07-08 16:00:00.0	52.43108	20.71058	125.692	94.455	2,399.5	0.9	-1.06	0.01	0.1	0.12
NODW	12276M001	2020-07-08 16:30:00.0	52.43108	20.71058	125.692	94.455	2,401.7	1.1	-1.17	0.49	0.14	0.21
NODW	12276M001	2020-07-08 17:00:00.0	52.43108	20.71058	125.694	94.457	2,402.1	1.1	-1.13	0.25	0.15	0.16
NODW	12276M001	2020-07-08 17:30:00.0	52.43108	20.71058	125.694	94.457	2,402.2	1	-1.37	0	0.13	0.16
NODW	12276M001	2020-07-08 18:00:00.0	52.43108	20.71058	125.697	94.46	2,408.5	1	-1.05	-0.55	0.15	0.13
NODW	12276M001	2020-07-08 18:30:00.0	52.43108	20.71058	125.697	94.46	2,407.8	1	-1.75	0.21	0.14	0.13
NTML	12277M001	2020-07-08 08:30:00.0	52.32081	16.11803	126.628	89.821	2,419.4	1.2	-1.7	0	0.14	0.17
NTML	12277M001	2020-07-08 09:00:00.0	52.32081	16.11803	126.626	89.819	2,421.6	1.1	-2.31	-0.58	0.15	0.16
NTML	12277M001	2020-07-08 09:30:00.0	52.32081	16.11803	126.626	89.819	2,421.4	1.2	-2.76	-0.17	0.16	0.16
NTML	12277M001	2020-07-08 10:00:00.0	52.32081	16.11803	126.62	89.813	2,426.6	1	-2.19	-0.53	0.13	0.15
NTML	12277M001	2020-07-08 10:30:00.0	52.32081	16.11803	126.62	89.813	2,423.1	1.2	-1.87	-0.61	0.17	0.15
NTML	12277M001	2020-07-08 11:00:00.0	52.32081	16.11803	126.62	89.813	2,425.4	1.2	-1.25	-0.75	0.22	0.14
NTML	12277M001	2020-07-08 11:30:00.0	52.32081	16.11803	126.62	89.813	2,424	1.6	-0.82	0.54	0.27	0.23
NTML	12277M001	2020-07-08 12:00:00.0	52.32081	16.11803	126.629	89.822	2,417.5	1.4	-1.14	0.02	0.19	0.18
NTML	12277M001	2020-07-08 12:30:00.0	52.32081	16.11803	126.629	89.822	2,417.3	1.4	-1.21	-0.15	0.2	0.2
NTML	12277M001	2020-07-08 13:00:00.0	52.32081	16.11803	126.623	89.816	2,422.3	1.1	-1.37	-0.18	0.13	0.16
NTML	12277M001	2020-07-08 13:30:00.0	52.32081	16.11803	126.623	89.816	2,415.6	1.4	-1.73	-0.02	0.22	0.24
NTML	12277M001	2020-07-08 14:00:00.0	52.32081	16.11803	126.619	89.812	2,422.3	1.2	-2.09	-1.08	0.18	0.17
NTML	12277M001	2020-07-08 14:30:00.0	52.32081	16.11803	126.619	89.812	2,426.2	1.4	-3.03	-0.83	0.23	0.21
NTML	12277M001	2020-07-08 15:00:00.0	52.32081	16.11803	126.62	89.813	2,427.6	1.4	-2	-0.5	0.2	0.18
NTML	12277M001	2020-07-08 15:30:00.0	52.32081	16.11803	126.62	89.813	2,426.9	1.5	-1.28	-0.46	0.22	0.2
NTML	12277M001	2020-07-08 16:00:00.0	52.32081	16.11803	126.62	89.813	2,428.1	1.1	-1.25	-0.22	0.15	0.15
NTML	12277M001	2020-07-08 16:30:00.0	52.32081	16.11803	126.62	89.813	2,428	1.2	-1.54	-0.02	0.19	0.19
NTML	12277M001	2020-07-08 17:00:00.0	52.32081	16.11803	126.621	89.814	2,420.8	1.3	-1.44	-0.03	0.18	0.19
NTML	12277M001	2020-07-08 17:30:00.0	52.32081	16.11803	126.621	89.814	2,415.8	1.4	-1.36	0.42	0.2	0.23
NTML	12277M001	2020-07-08 18:00:00.0	52.32081	16.11803	126.618	89.811	2,420.1	1.2	-0.61	-0.52	0.18	0.18
NTML	12277M001	2020-07-08 18:30:00.0	52.32081	16.11803	126.618	89.811	2,418	1.2	-0.84	0.18	0.16	0.18
NWSA	NDNT-NWSA	2020-07-08 08:30:00.0	49.63017	20.70711	338.702	299.642	2,373.3	1.2	-0.55	-0.57	0.15	0.15
NWSA	NDNT-NWSA	2020-07-08 09:00:00.0	49.63017	20.70711	338.698	299.638	2,379.4	1.3	0.31	0.12	0.15	0.16
NWSA	NDNT-NWSA	2020-07-08 09:30:00.0	49.63017	20.70711	338.698	299.638	2,379.8	1.3	0.04	0.39	0.16	0.16
NWSA	NDNT-NWSA	2020-07-08 10:00:00.0	49.63017	20.70711	338.697	299.637	2,381.5	1.1	-0.13	-0.04	0.13	0.15
NWSA	NDNT-NWSA	2020-07-08 10:30:00.0	49.63017	20.70711	338.697	299.637	2,381.6	1.5	0.41	-0.06	0.23	0.21
NWSA	NDNT-NWSA	2020-07-08 11:00:00.0	49.63017	20.70711	338.697	299.637	2,381.5	1.9	-0.07	-0.09	0.3	0.24
NWSA	NDNT-NWSA	2020-07-08 11:30:00.0	49.63017	20.70711	338.697	299.637	2,384	2.6	0.28	-0.56	0.38	0.31
NWSA	NDNT-NWSA	2020-07-08 12:00:00.0	49.63017	20.70711	338.7	299.64	2,376.9	1.5	-0.1	-0.69	0.23	0.17
NWSA	NDNT-NWSA	2020-07-08 12:30:00.0	49.63017	20.70711	338.7	299.64	2,384.4	1.3	-0.19	-1.32	0.16	0.19
NWSA	NDNT-NWSA	2020-07-08 13:00:00.0	49.63017	20.70711	338.704	299.644	2,381.9	1.2	-0.41	-0.89	0.18	0.16
NWSA	NDNT-NWSA	2020-07-08 13:30:00.0	49.63017	20.70711	338.704	299.644	2,379.7	1.4	-0.32	-0.66	0.2	0.24
NWSA	NDNT-NWSA	2020-07-08 14:00:00.0	49.63017	20.70711	338.707	299.647	2,385.8	1.3	-0.66	-0.34	0.18	0.18
NWSA	NDNT-NWSA	2020-07-08 14:30:00.0	49.63017	20.70711	338.707	299.647	2,382.5	1.6	-0.68	0.36	0.26	0.23
NWSA	NDNT-NWSA	2020-07-08 15:00:00.0	49.63017	20.70711	338.707	299.647	2,394.8	1.3	0.09	0.32	0.17	0.16
NWSA	NDNT-NWSA	2020-07-08 15:30:00.0	49.63017	20.70711	338.707	299.647	2,397.1	1.2	0.36	0.25	0.14	0.14
NWSA	NDNT-NWSA	2020-07-08 16:00:00.0	49.63017	20.70711	338.712	299.652	2,395.1	1.1	-0.53	0.37	0.12	0.12
NWSA	NDNT-NWSA	2020-07-08 16:30:00.0	49.63017	20.70711	338.712	299.652	2,396.7	1.2	-0.41	0.74	0.15	0.2
NWSA	NDNT-NWSA	2020-07-08 17:00:00.0	49.63017	20.70711	338.713	299.653	2,407.2	1.1	-0.51	-0.36	0.16	0.16
NWSA	NDNT-NWSA	2020-07-08 17:30:00.0	49.63017	20.70711	338.713	299.653	2,409.6	1.1	-0.49	-0.47	0.13	0.16
NWSA	NDNT-NWSA	2020-07-08 18:00:00.0	49.63017	20.70711	338.711	299.651	2,416.4	1.2	-0.75	-0.25	0.16	0.15
NWSA	NDNT-NWSA	2020-07-08 18:30:00.0	49.63017	20.70711	338.711	299.651	2,419.7	1.3	-1.07	-0.73	0.17	0.16
NWSC	12231M001	2020-07-08 08:30:00.0	49.61844	20.69003	334.762	295.609	2,370.6	1.2	-0.71	-0.57	0.16	0.16
NWSC	12231M001	2020-07-08 09:00:00.0	49.61844	20.69003	334.76	295.607	2,376.8	1.3	-0.14	-0.35	0.15	0.17
NWSC	12231M001	2020-07-08 09:30:00.0	49.61844	20.69003	334.76	295.607	2,379.3	1.3	-0.43	0.54	0.17	0.16
NWSC	12231M001	2020-07-08 10:00:00.0	49.61844	20.69003	334.753	295.6	2,380.8	1.1	0.1	0.46	0.13	0.15
NWSC	12231M001	2020-07-08 10:30:00.0	49.61844	20.69003	334.753	295.6	2,376.8	1.6	-0.25	0.21	0.23	0.21
NWSC	12231M001	2020-07-08 11:00:00.0	49.61844	20.69003	334.751	295.598	2,379.9	1.9	-0.43	-0.27	0.3	0.24
NWSC	12231M001	2020-07-08 11:30:00.0	49.61844	20.69003	334.751	295.598	2,376.7	2.6	-0.32	-0.36	0.38	0.32
NWSC	12231M001	2020-07-08 12:00:00.0	49.61844	20.69003	334.752	295.599	2,379.9	1.5	0.09	-0.32	0.23	0.18
NWSC	12231M001	2020-07-08 12:30:00.0	49.61844	20.69003	334.752	295.599	2,381.6	1.4	-0.08	-1.36	0.18	0.2
NWSC	12231M001	2020-07-08 13:00:00.0	49.61844	20.69003	334.752	295.599	2,380.6	1.3	-0.87	-1.16	0.2	0.16
NWSC	12231M001	2020-07-08 13:30:00.0	49.61844	20.69003	334.752	295.599	2,379.8	1.5	-0.83	-0.93	0.23	0.25
NWSC	12231M001	2020-07-08 14:00:00.0	49.61844	20.69003	334.75	295.597	2,387.5	1.3	0.14	-0.19	0.19	0.19
NWSC	12231M001	2020-07-08 14:30:00.0	49.61844	20.69003	334.75	295.597	2,390.7	1.6	0.14	-0.26	0.26	0.23
NWSC	12231M001	2020-07-08 15:00:00.0	49.61844	20.69003	334.747	295.594	2,396.9	1.3	0.41	-0.11	0.17	0.16
NWSC	12231M001	2020-07-08 15:30:00.0	49.61844	20.69003	334.747	295.594	2,393.2	1.2	-0.15	0.16	0.14	0.14
NWSC	12231M001	2020-07-08 16:00:00.0	49.61844	20.69003	334.751	295.598	2,395.2	1.1	-0.35	0.16	0.13	0.13
NWSC	12231M001	2020-07-08 16:30:00.0	49.61844	20.69003	334.751	295.598	2,393.6	1.2	-0.84	0.58	0.15	0.2
NWSC	12231M001	2020-07-08 17:00:00.0	49.61844	20.69003	334.756	295.603	2,408.1	1.1	-0.74	-0.15	0.16	0.17
NWSC	12231M001	2020-07-08 17:30:00.0	49.61844	20.69003	334.756	295.603	2,406.1	1.1	-1.34	0.32	0.13	0.17
NWSC	12231M001	2020-07-08 18:00:00.0	49.61844	20.69003	334.748	295.595	2,410.8	1.3	0.6	0.17	0.18	0.19
NWSC	12231M001	2020-07-08 18:30:00.0	49.61844	20.69003	334.748	295.595	2,415.1	1.3	0.1	-0.22	0.18	0.18
NWT1	12232M002	2020-07-08 08:30:00.0	49.47819	20.03444	654.916	613.66	2,281.3	1.3	0.89	-0.67	0.14	0.17
NWT1	12232M002	2020-07-08 09:00:00.0	49.47819	20.03444	654.908	613.652	2,288.4	1.3	-0.2	-0.68	0.16	0.17
NWT1	12232M002	2020-07-08 09:30:00.0	49.47819	20.03444	654.908	613.652	2,288.6	1.3	0	-0.32	0.17	0.17
NWT1	12232M002	2020-07-08 10:00:00.0	49.47819	20.03444	654.918	613.662	2,291.5	1.2	-0.84	-1.25	0.14	0.18
NWT1	12232M002	2020-07-08 10:30:00.0	49.47819	20.03444	654.918	613.662	2,297.2	1.6	-0.07	-1.67	0.21	0.23
NWT1	12232M002	2020-07-08 11:00:00.0	49.47819	20.03444	654.929	613.673	2,290.3	1.3	-1.05	-0.21	0.22	0.15
NWT1	12232M002	2020-07-08 11:30:00.0	49.47819	20.03444	654.929	613.673	2,284.4	1.6	-1.01	0.21	0.29	0.22
NWT1	12232M002	2020-07-08 12:00:00.0	49.47819	20.03444	654.925	613.669	2,290.1	1.3	-1.2	0.25	0.19	0.16
NWT1	12232M002	2020-07-08 12:30:00.0	49.47819	20.03444	654.925	613.669	2,285.3	1.2	-1.34	1.48	0.15	0.18
NWT1	12232M002	2020-07-08 13:00:00.0	49.47819	20.03444	654.923	613.667	2,291.9	1.1	-0.86	-0.38	0.15	0.13
NWT1	12232M002	2020-07-08 13:30:00.0	49.47819	20.03444	654.923	613.667	2,296.6	1.2	-0.75	-0.34	0.17	0.2
NWT1	12232M002	2020-07-08 14:00:00.0	49.47819	20.03444	654.924	613.668	2,295.8	1.3	-0.75	-0.14	0.18	0.19
NWT1	12232M002	2020-07-08 14:30:00.0	49.47819	20.03444	654.924	613.668	2,303.8	1.7	-1.53	-0.45	0.24	0.25
NWT1	12232M002	2020-07-08 15:00:00.0	49.47819	20.03444	654.923	613.667	2,306	1.4	-1.37	-0.92	0.19	0.18
NWT1	12232M002	2020-07-08 15:30:00.0	49.47819	20.03444	654.923	613.667	2,304.9	1.4	-1.26	-0.8	0.17	0.17
NWT1	12232M002	2020-07-08 16:00:00.0	49.47819	20.03444	654.918	613.662	2,304.8	1.3	-0.41	-0.38	0.17	0.18
NWT1	12232M002	2020-07-08 16:30:00.0	49.47819	20.03444	654.918	613.662	2,307	1.6	-0.42	0	0.2	0.26
NWT1	12232M002	2020-07-08 17:00:00.0	49.47819	20.03444	654.919	613.663	2,315.5	1.2	-1.31	-0.26	0.17	0.19
NWT1	12232M002	2020-07-08 17:30:00.0	49.47819	20.03444	654.919	613.663	2,312.1	1.2	-1.21	-0.21	0.15	0.2
NWT1	12232M002	2020-07-08 18:00:00.0	49.47819	20.03444	654.924	613.668	2,317.1	1.5	-1.06	-0.96	0.19	0.23
NWT1	12232M002	2020-07-08 18:30:00.0	49.47819	20.03444	654.924	613.668	2,320.7	1.6	-0.92	-0.88	0.23	0.22
NYSA	12278M001	2020-07-08 08:30:00.0	50.47769	17.33375	250.607	208.677	2,407.1	1.7	-0.85	-0.57	0.17	0.27
NYSA	12278M001	2020-07-08 09:00:00.0	50.47769	17.33375	250.6	208.67	2,405.4	1.8	-1.21	0.07	0.25	0.26
NYSA	12278M001	2020-07-08 09:30:00.0	50.47769	17.33375	250.6	208.67	2,408.1	1.6	-1.17	-0.05	0.24	0.22
NYSA	12278M001	2020-07-08 10:00:00.0	50.47769	17.33375	250.602	208.672	2,416.4	1.4	-1.08	-0.27	0.17	0.2
NYSA	12278M001	2020-07-08 10:30:00.0	50.47769	17.33375	250.602	208.672	2,420.2	1.8	-0.87	-0.31	0.25	0.25
NYSA	12278M001	2020-07-08 11:00:00.0	50.47769	17.33375	250.608	208.678	2,423.5	1.7	-1.57	-0.86	0.27	0.18
NYSA	12278M001	2020-07-08 11:30:00.0	50.47769	17.33375	250.608	208.678	2,422.1	1.9	-1.49	-0.75	0.32	0.26
NYSA	12278M001	2020-07-08 12:00:00.0	50.47769	17.33375	250.61	208.68	2,426.9	1.6	-1.97	-0.28	0.23	0.23
NYSA	12278M001	2020-07-08 12:30:00.0	50.47769	17.33375	250.61	208.68	2,429.2	1.5	-2.24	-0.13	0.19	0.25
NYSA	12278M001	2020-07-08 13:00:00.0	50.47769	17.33375	250.611	208.681	2,431.6	1.4	-1.69	-0.85	0.18	0.23
NYSA	12278M001	2020-07-08 13:30:00.0	50.47769	17.33375	250.611	208.681	2,427.3	1.7	-1.63	-1.15	0.29	0.31
NYSA	12278M001	2020-07-08 14:00:00.0	50.47769	17.33375	250.612	208.682	2,434.5	1.5	-1.7	-0.24	0.21	0.21
NYSA	12278M001	2020-07-08 14:30:00.0	50.47769	17.33375	250.612	208.682	2,432.2	1.7	-1.44	-0.14	0.25	0.25
NYSA	12278M001	2020-07-08 15:00:00.0	50.47769	17.33375	250.609	208.679	2,435.4	1.4	-1.95	0.09	0.17	0.19
NYSA	12278M001	2020-07-08 15:30:00.0	50.47769	17.33375	250.609	208.679	2,434.9	1.3	-1.36	-0.1	0.15	0.17
NYSA	12278M001	2020-07-08 16:00:00.0	50.47769	17.33375	250.613	208.683	2,433.9	1.3	-1.36	0.08	0.16	0.18
NYSA	12278M001	2020-07-08 16:30:00.0	50.47769	17.33375	250.613	208.683	2,431.2	1.5	-2.28	0.81	0.21	0.25
NYSA	12278M001	2020-07-08 17:00:00.0	50.47769	17.33375	250.611	208.681	2,434.7	1.2	-2.14	0.11	0.16	0.17
NYSA	12278M001	2020-07-08 17:30:00.0	50.47769	17.33375	250.611	208.681	2,431.7	1.1	-1.97	0.27	0.14	0.18
NYSA	12278M001	2020-07-08 18:00:00.0	50.47769	17.33375	250.611	208.681	2,432.5	1.3	-2.92	-0.01	0.16	0.17
NYSA	12278M001	2020-07-08 18:30:00.0	50.47769	17.33375	250.611	208.681	2,432.3	1.3	-3.32	-0.03	0.16	0.18
NYSN	NDNT-NYSN	2020-07-08 08:30:00.0	50.45656	17.34097	241.568	199.566	2,408.8	1.6	-0.27	0.41	0.16	0.24
NYSN	NDNT-NYSN	2020-07-08 09:00:00.0	50.45656	17.34097	241.567	199.565	2,411.1	1.6	-0.56	0.34	0.21	0.21
NYSN	NDNT-NYSN	2020-07-08 09:30:00.0	50.45656	17.34097	241.567	199.565	2,413.1	1.5	-0.73	0.17	0.19	0.2
NYSN	NDNT-NYSN	2020-07-08 10:00:00.0	50.45656	17.34097	241.568	199.566	2,421.2	1.4	-1.13	-0.19	0.15	0.19
NYSN	NDNT-NYSN	2020-07-08 10:30:00.0	50.45656	17.34097	241.568	199.566	2,420.6	1.6	-1.14	0.15	0.21	0.21
NYSN	NDNT-NYSN	2020-07-08 11:00:00.0	50.45656	17.34097	241.576	199.574	2,428.4	1.5	-0.15	-0.61	0.25	0.16
NYSN	NDNT-NYSN	2020-07-08 11:30:00.0	50.45656	17.34097	241.576	199.574	2,427.5	1.8	-0.11	-0.91	0.3	0.25
NYSN	NDNT-NYSN	2020-07-08 12:00:00.0	50.45656	17.34097	241.574	199.572	2,433.2	1.6	-1.38	-0.44	0.22	0.23
NYSN	NDNT-NYSN	2020-07-08 12:30:00.0	50.45656	17.34097	241.574	199.572	2,434.3	1.5	-1.28	-0.07	0.19	0.24
NYSN	NDNT-NYSN	2020-07-08 13:00:00.0	50.45656	17.34097	241.574	199.572	2,433.1	1.4	-1.75	-0.01	0.18	0.23
NYSN	NDNT-NYSN	2020-07-08 13:30:00.0	50.45656	17.34097	241.574	199.572	2,432.9	1.6	-1.94	-0.45	0.29	0.31
NYSN	NDNT-NYSN	2020-07-08 14:00:00.0	50.45656	17.34097	241.577	199.575	2,439.6	1.6	-1.94	0.42	0.25	0.24
NYSN	NDNT-NYSN	2020-07-08 14:30:00.0	50.45656	17.34097	241.577	199.575	2,435	1.8	-1.98	0.54	0.29	0.29
NYSN	NDNT-NYSN	2020-07-08 15:00:00.0	50.45656	17.34097	241.572	199.57	2,441.4	1.5	-2.11	0.31	0.19	0.22
NYSN	NDNT-NYSN	2020-07-08 15:30:00.0	50.45656	17.34097	241.572	199.57	2,440.9	1.4	-1.58	0.49	0.15	0.18
NYSN	NDNT-NYSN	2020-07-08 16:00:00.0	50.45656	17.34097	241.574	199.572	2,434.8	1.3	-1.41	0.56	0.17	0.19
NYSN	NDNT-NYSN	2020-07-08 16:30:00.0	50.45656	17.34097	241.574	199.572	2,435.2	1.5	-1.45	0.88	0.21	0.28
NYSN	NDNT-NYSN	2020-07-08 17:00:00.0	50.45656	17.34097	241.573	199.571	2,438.8	1.2	-1.2	0.18	0.18	0.19
NYSN	NDNT-NYSN	2020-07-08 17:30:00.0	50.45656	17.34097	241.573	199.571	2,440.9	1.3	-1.51	0.35	0.2	0.2
NYSN	NDNT-NYSN	2020-07-08 18:00:00.0	50.45656	17.34097	241.569	199.567	2,442.4	1.4	-2.27	0.46	0.19	0.21
NYSN	NDNT-NYSN	2020-07-08 18:30:00.0	50.45656	17.34097	241.569	199.567	2,439.8	1.3	-2.6	0.79	0.17	0.19
OPLE	12283M001	2020-07-08 08:30:00.0	50.66761	17.91936	225.914	185.463	2,408.6	1.2	-0.5	0.36	0.14	0.16
OPLE	12283M001	2020-07-08 09:00:00.0	50.66761	17.91936	225.907	185.456	2,411.6	1.5	-0.76	-0.33	0.19	0.19
OPLE	12283M001	2020-07-08 09:30:00.0	50.66761	17.91936	225.907	185.456	2,413.4	1.5	-0.64	-0.25	0.19	0.18
OPLE	12283M001	2020-07-08 10:00:00.0	50.66761	17.91936	225.908	185.457	2,418.9	1.4	-1.16	-0.53	0.16	0.18
OPLE	12283M001	2020-07-08 10:30:00.0	50.66761	17.91936	225.908	185.457	2,424.7	1.6	-1.19	-0.46	0.21	0.21
OPLE	12283M001	2020-07-08 11:00:00.0	50.66761	17.91936	225.913	185.462	2,426.5	1.4	-2.13	-0.72	0.23	0.15
OPLE	12283M001	2020-07-08 11:30:00.0	50.66761	17.91936	225.913	185.462	2,424.8	1.8	-1.99	-0.69	0.29	0.22
OPLE	12283M001	2020-07-08 12:00:00.0	50.66761	17.91936	225.911	185.46	2,430.5	1.5	-2.09	0.06	0.21	0.19
OPLE	12283M001	2020-07-08 12:30:00.0	50.66761	17.91936	225.911	185.46	2,432.1	1.4	-1.7	-0.1	0.19	0.22
OPLE	12283M001	2020-07-08 13:00:00.0	50.66761	17.91936	225.912	185.461	2,435.4	1.3	-1.87	-0.06	0.16	0.19
OPLE	12283M001	2020-07-08 13:30:00.0	50.66761	17.91936	225.912	185.461	2,432	1.4	-1.91	-0.31	0.2	0.24
OPLE	12283M001	2020-07-08 14:00:00.0	50.66761	17.91936	225.913	185.462	2,429.4	1.4	-1.5	0.03	0.2	0.2
OPLE	12283M001	2020-07-08 14:30:00.0	50.66761	17.91936	225.913	185.462	2,427.7	1.6	-1.37	0.48	0.25	0.25
OPLE	12283M001	2020-07-08 15:00:00.0	50.66761	17.91936	225.912	185.461	2,439.3	1.4	-1.14	0.08	0.21	0.18
OPLE	12283M001	2020-07-08 15:30:00.0	50.66761	17.91936	225.912	185.461	2,436.9	1.4	-1.21	0.31	0.19	0.16
OPLE	12283M001	2020-07-08 16:00:00.0	50.66761	17.91936	225.913	185.462	2,434.1	1.2	-1.4	0.38	0.16	0.16
OPLE	12283M001	2020-07-08 16:30:00.0	50.66761	17.91936	225.913	185.462	2,433.5	1.4	-1.71	0.41	0.17	0.21
OPLE	12283M001	2020-07-08 17:00:00.0	50.66761	17.91936	225.914	185.463	2,433.8	1.2	-2.39	0.34	0.17	0.19
OPLE	12283M001	2020-07-08 17:30:00.0	50.66761	17.91936	225.914	185.463	2,433.1	1.3	-2.45	0.1	0.21	0.22
OPLE	12283M001	2020-07-08 18:00:00.0	50.66761	17.91936	225.914	185.463	2,432.3	1.4	-2.92	-0.09	0.19	0.19
OPLE	12283M001	2020-07-08 18:30:00.0	50.66761	17.91936	225.914	185.463	2,429.7	1.3	-2.91	-0.12	0.18	0.18
OPNT	12203M003	2020-07-08 08:30:00.0	53.76369	20.51817	171.841	142.072	2,392.5	1.6	-1.06	0.48	0.27	0.24
OPNT	12203M003	2020-07-08 09:00:00.0	53.76369	20.51817	171.847	142.078	2,383.3	1.6	-1.25	-0.01	0.28	0.23
OPNT	12203M003	2020-07-08 09:30:00.0	53.76369	20.51817	171.847	142.078	2,387.9	1.4	-0.22	0.38	0.25	0.22
OPNT	12203M003	2020-07-08 10:00:00.0	53.76369	20.51817	171.845	142.076	2,389	1.1	-0.35	-0.54	0.17	0.19
OPNT	12203M003	2020-07-08 10:30:00.0	53.76369	20.51817	171.845	142.076	2,398.6	1.3	0.5	-0.4	0.16	0.2
OPNT	12203M003	2020-07-08 11:00:00.0	53.76369	20.51817	171.841	142.072	2,396.6	1.6	0.35	0.05	0.25	0.19
OPNT	12203M003	2020-07-08 11:30:00.0	53.76369	20.51817	171.841	142.072	2,392.5	1.8	-0.14	-0.29	0.31	0.26
OPNT	12203M003	2020-07-08 12:00:00.0	53.76369	20.51817	171.842	142.073	2,393.6	1.6	-2.1	0.55	0.24	0.27
OPNT	12203M003	2020-07-08 12:30:00.0	53.76369	20.51817	171.842	142.073	2,394.1	1.7	-2.14	0.98	0.27	0.35
OPNT	12203M003	2020-07-08 13:00:00.0	53.76369	20.51817	171.844	142.075	2,382.8	1.4	-1.2	1.54	0.15	0.3
OPNT	12203M003	2020-07-08 13:30:00.0	53.76369	20.51817	171.844	142.075	2,389.7	2	-0.82	0.84	0.27	0.4
OPNT	12203M003	2020-07-08 14:00:00.0	53.76369	20.51817	171.841	142.072	2,388.7	1.6	0	-0.13	0.28	0.26
OPNT	12203M003	2020-07-08 14:30:00.0	53.76369	20.51817	171.841	142.072	2,387.5	1.6	-0.42	-0.9	0.29	0.3
OPNT	12203M003	2020-07-08 15:00:00.0	53.76369	20.51817	171.838	142.069	2,394.2	1.4	1.38	-0.88	0.2	0.22
OPNT	12203M003	2020-07-08 15:30:00.0	53.76369	20.51817	171.838	142.069	2,395.2	1.6	1.12	-0.62	0.23	0.25
OPNT	12203M003	2020-07-08 16:00:00.0	53.76369	20.51817	171.84	142.071	2,384.6	1.6	0.54	-1.25	0.22	0.23
OPNT	12203M003	2020-07-08 16:30:00.0	53.76369	20.51817	171.84	142.071	2,388.7	1.8	0.74	-1.89	0.28	0.36
OPNT	12203M003	2020-07-08 17:00:00.0	53.76369	20.51817	171.846	142.077	2,398.6	1.5	0.39	-1.29	0.27	0.32
OPNT	12203M003	2020-07-08 17:30:00.0	53.76369	20.51817	171.846	142.077	2,392.7	1.4	0.91	-0.84	0.32	0.34
OPNT	12203M003	2020-07-08 18:00:00.0	53.76369	20.51817	171.855	142.086	2,390.2	1.3	0.44	-0.27	0.21	0.22
OPNT	12203M003	2020-07-08 18:30:00.0	53.76369	20.51817	171.855	142.086	2,392.2	1.2	-0.12	-0.52	0.18	0.17
OSMZ	12285M001	2020-07-08 08:30:00.0	52.80078	21.89169	166.323	137.128	2,390.9	1.2	-0.07	1.61	0.15	0.18
OSMZ	12285M001	2020-07-08 09:00:00.0	52.80078	21.89169	166.328	137.133	2,401.2	1.3	-1.57	1.73	0.19	0.19
OSMZ	12285M001	2020-07-08 09:30:00.0	52.80078	21.89169	166.328	137.133	2,406.3	1.3	-1.31	1.65	0.19	0.19
OSMZ	12285M001	2020-07-08 10:00:00.0	52.80078	21.89169	166.33	137.135	2,406.4	1	-0.99	1.25	0.13	0.15
OSMZ	12285M001	2020-07-08 10:30:00.0	52.80078	21.89169	166.33	137.135	2,393.2	1.3	-1.75	1.71	0.16	0.2
OSMZ	12285M001	2020-07-08 11:00:00.0	52.80078	21.89169	166.334	137.139	2,390.8	1.1	-2.54	-0.36	0.22	0.14
OSMZ	12285M001	2020-07-08 11:30:00.0	52.80078	21.89169	166.334	137.139	2,383.6	1.5	-2.56	-0.89	0.27	0.24
OSMZ	12285M001	2020-07-08 12:00:00.0	52.80078	21.89169	166.324	137.129	2,395.4	1.6	-0.8	-1.36	0.22	0.23
OSMZ	12285M001	2020-07-08 12:30:00.0	52.80078	21.89169	166.324	137.129	2,401.4	1.6	-0.9	0.65	0.21	0.23
OSMZ	12285M001	2020-07-08 13:00:00.0	52.80078	21.89169	166.317	137.122	2,399.5	1.2	-1.92	0.58	0.17	0.18
OSMZ	12285M001	2020-07-08 13:30:00.0	52.80078	21.89169	166.317	137.122	2,386.6	1.5	-1.25	-0.04	0.23	0.23
OSMZ	12285M001	2020-07-08 14:00:00.0	52.80078	21.89169	166.318	137.123	2,386	1.5	-1.3	-0.07	0.25	0.21
OSMZ	12285M001	2020-07-08 14:30:00.0	52.80078	21.89169	166.318	137.123	2,386.1	1.7	1.64	-1.2	0.29	0.27
OSMZ	12285M001	2020-07-08 15:00:00.0	52.80078	21.89169	166.311	137.116	2,388.3	1.3	-0.23	0.88	0.18	0.19
OSMZ	12285M001	2020-07-08 15:30:00.0	52.80078	21.89169	166.311	137.116	2,385.7	1.3	-0.27	0.01	0.16	0.18
OSMZ	12285M001	2020-07-08 16:00:00.0	52.80078	21.89169	166.31	137.115	2,388.4	1.4	0.25	-0.41	0.19	0.22
OSMZ	12285M001	2020-07-08 16:30:00.0	52.80078	21.89169	166.31	137.115	2,379.4	1.6	1.07	-1.01	0.22	0.33
OSMZ	12285M001	2020-07-08 17:00:00.0	52.80078	21.89169	166.305	137.11	2,394.5	1.4	0.39	0.26	0.19	0.23
OSMZ	12285M001	2020-07-08 17:30:00.0	52.80078	21.89169	166.305	137.11	2,386.3	1.4	0.53	-0.78	0.19	0.23
OSMZ	12285M001	2020-07-08 18:00:00.0	52.80078	21.89169	166.293	137.098	2,386.9	1.2	-0.79	0.26	0.19	0.19
OSMZ	12285M001	2020-07-08 18:30:00.0	52.80078	21.89169	166.293	137.098	2,400.2	1.2	0.67	0.14	0.19	0.16
OST3	NDNT-OSTR	2020-07-08 08:30:00.0	50.94231	21.38969	237.653	202.363	2,386.7	1.1	-0.7	0.6	0.13	0.15
OST3	NDNT-OSTR	2020-07-08 09:00:00.0	50.94231	21.38969	237.65	202.36	2,396	1.3	-0.66	0.2	0.14	0.16
OST3	NDNT-OSTR	2020-07-08 09:30:00.0	50.94231	21.38969	237.65	202.36	2,397.7	1.3	-0.08	0.41	0.17	0.15
OST3	NDNT-OSTR	2020-07-08 10:00:00.0	50.94231	21.38969	237.647	202.357	2,407.5	1.1	-0.1	-0.59	0.13	0.14
OST3	NDNT-OSTR	2020-07-08 10:30:00.0	50.94231	21.38969	237.647	202.357	2,404.4	1.3	-0.4	0.12	0.18	0.18
OST3	NDNT-OSTR	2020-07-08 11:00:00.0	50.94231	21.38969	237.652	202.362	2,403.7	1.5	0.16	-0.39	0.25	0.18
OST3	NDNT-OSTR	2020-07-08 11:30:00.0	50.94231	21.38969	237.652	202.362	2,410	1.9	0.52	0.25	0.33	0.27
OST3	NDNT-OSTR	2020-07-08 12:00:00.0	50.94231	21.38969	237.646	202.356	2,410.4	1.5	-0.53	-0.27	0.24	0.17
OST3	NDNT-OSTR	2020-07-08 12:30:00.0	50.94231	21.38969	237.646	202.356	2,414.7	1.3	-1.01	-0.43	0.16	0.18
OST3	NDNT-OSTR	2020-07-08 13:00:00.0	50.94231	21.38969	237.646	202.356	2,421.9	1.1	-1.02	-0.22	0.16	0.12
OST3	NDNT-OSTR	2020-07-08 13:30:00.0	50.94231	21.38969	237.646	202.356	2,422.4	1.4	-1.07	0.23	0.2	0.23
OST3	NDNT-OSTR	2020-07-08 14:00:00.0	50.94231	21.38969	237.656	202.366	2,422.3	1.4	-0.84	-0.11	0.2	0.19
OST3	NDNT-OSTR	2020-07-08 14:30:00.0	50.94231	21.38969	237.656	202.366	2,422.5	1.6	-0.9	0.31	0.27	0.22
OST3	NDNT-OSTR	2020-07-08 15:00:00.0	50.94231	21.38969	237.659	202.369	2,420.7	1.3	-1.38	0.52	0.17	0.15
OST3	NDNT-OSTR	2020-07-08 15:30:00.0	50.94231	21.38969	237.659	202.369	2,421.3	1.3	-1.06	-0.07	0.13	0.14
OST3	NDNT-OSTR	2020-07-08 16:00:00.0	50.94231	21.38969	237.657	202.367	2,420	1	-1.57	0.34	0.12	0.12
OST3	NDNT-OSTR	2020-07-08 16:30:00.0	50.94231	21.38969	237.657	202.367	2,411.7	1.2	-1.51	0.31	0.15	0.2
OST3	NDNT-OSTR	2020-07-08 17:00:00.0	50.94231	21.38969	237.654	202.364	2,420.7	1.1	-0.83	0.04	0.15	0.17
OST3	NDNT-OSTR	2020-07-08 17:30:00.0	50.94231	21.38969	237.654	202.364	2,418	1.1	-1.28	0.5	0.12	0.17
OST3	NDNT-OSTR	2020-07-08 18:00:00.0	50.94231	21.38969	237.654	202.364	2,424.2	1.2	-1.13	-0.62	0.15	0.15
OST3	NDNT-OSTR	2020-07-08 18:30:00.0	50.94231	21.38969	237.654	202.364	2,426	1.2	-1.36	-0.49	0.16	0.16
PAJE	NDNT-PAJE	2020-07-08 08:30:00.0	51.14675	19.00064	287.458	250.116	2,385.6	1.4	-0.36	0.69	0.17	0.21
PAJE	NDNT-PAJE	2020-07-08 09:00:00.0	51.14675	19.00064	287.454	250.112	2,386.9	1.5	-0.84	0.35	0.22	0.19
PAJE	NDNT-PAJE	2020-07-08 09:30:00.0	51.14675	19.00064	287.454	250.112	2,387.8	1.5	-0.8	-0.77	0.21	0.17
PAJE	NDNT-PAJE	2020-07-08 10:00:00.0	51.14675	19.00064	287.445	250.103	2,393	1.4	-0.62	-0.73	0.15	0.17
PAJE	NDNT-PAJE	2020-07-08 10:30:00.0	51.14675	19.00064	287.445	250.103	2,396.1	1.5	-1.06	-0.51	0.2	0.18
PAJE	NDNT-PAJE	2020-07-08 11:00:00.0	51.14675	19.00064	287.442	250.1	2,404.4	1.2	-0.52	-0.49	0.23	0.13
PAJE	NDNT-PAJE	2020-07-08 11:30:00.0	51.14675	19.00064	287.442	250.1	2,410.6	1.6	-0.4	-1.2	0.28	0.22
PAJE	NDNT-PAJE	2020-07-08 12:00:00.0	51.14675	19.00064	287.438	250.096	2,404.2	1.5	-1.09	-0.41	0.22	0.21
PAJE	NDNT-PAJE	2020-07-08 12:30:00.0	51.14675	19.00064	287.438	250.096	2,406.2	1.4	-1.73	0.16	0.17	0.19
PAJE	NDNT-PAJE	2020-07-08 13:00:00.0	51.14675	19.00064	287.448	250.106	2,405.4	1.4	-1.68	-0.32	0.18	0.21
PAJE	NDNT-PAJE	2020-07-08 13:30:00.0	51.14675	19.00064	287.448	250.106	2,411.7	1.8	-1.93	-0.24	0.3	0.31
PAJE	NDNT-PAJE	2020-07-08 14:00:00.0	51.14675	19.00064	287.456	250.114	2,404.7	1.5	-2.12	0.03	0.26	0.22
PAJE	NDNT-PAJE	2020-07-08 14:30:00.0	51.14675	19.00064	287.456	250.114	2,408.6	1.7	-1.81	0.36	0.3	0.27
PAJE	NDNT-PAJE	2020-07-08 15:00:00.0	51.14675	19.00064	287.454	250.112	2,415.2	1.4	-1.15	0.07	0.18	0.19
PAJE	NDNT-PAJE	2020-07-08 15:30:00.0	51.14675	19.00064	287.454	250.112	2,413.5	1.3	-1.01	-0.02	0.14	0.16
PAJE	NDNT-PAJE	2020-07-08 16:00:00.0	51.14675	19.00064	287.451	250.109	2,407.4	1.3	-1.14	0.62	0.17	0.18
PAJE	NDNT-PAJE	2020-07-08 16:30:00.0	51.14675	19.00064	287.451	250.109	2,409.5	1.5	-1.37	-0.32	0.19	0.3
PAJE	NDNT-PAJE	2020-07-08 17:00:00.0	51.14675	19.00064	287.454	250.112	2,405.2	1.3	-2.28	0.41	0.18	0.21
PAJE	NDNT-PAJE	2020-07-08 17:30:00.0	51.14675	19.00064	287.454	250.112	2,407.8	1.4	-2.33	0.87	0.2	0.23
PAJE	NDNT-PAJE	2020-07-08 18:00:00.0	51.14675	19.00064	287.453	250.111	2,398.7	1.4	-2.3	1.29	0.19	0.21
PAJE	NDNT-PAJE	2020-07-08 18:30:00.0	51.14675	19.00064	287.453	250.111	2,400.7	1.3	-1.42	0.66	0.2	0.19
PES1	MUSE-PES1	2020-07-08 08:30:00.0	50.2915	18.99467	362.296	321.123	2,402.7	2.6	2.92	-0.95	0.46	0.47
PES1	MUSE-PES1	2020-07-08 09:00:00.0	50.2915	18.99467	362.318	321.145	2,384.5	2.4	0.61	2.65	0.47	0.35
PES1	MUSE-PES1	2020-07-08 09:30:00.0	50.2915	18.99467	362.318	321.145	2,388.4	2.5	0.1	2.67	0.52	0.38
PES1	MUSE-PES1	2020-07-08 10:00:00.0	50.2915	18.99467	362.325	321.152	2,378.1	2.6	0.1	1.59	0.48	0.36
PES1	MUSE-PES1	2020-07-08 10:30:00.0	50.2915	18.99467	362.325	321.152	2,381.5	3	0.37	2.04	0.56	0.44
PES1	MUSE-PES1	2020-07-08 11:00:00.0	50.2915	18.99467	362.312	321.139	2,390.1	3.1	0.54	2.49	0.52	0.46
PES1	MUSE-PES1	2020-07-08 11:30:00.0	50.2915	18.99467	362.312	321.139	2,399.2	3.4	-0.45	1.36	0.55	0.51
PES1	MUSE-PES1	2020-07-08 12:00:00.0	50.2915	18.99467	362.296	321.123	2,419.5	3	1.37	0.15	0.58	0.48
PES1	MUSE-PES1	2020-07-08 12:30:00.0	50.2915	18.99467	362.296	321.123	2,413.4	3.2	1.19	0.45	0.61	0.53
PES1	MUSE-PES1	2020-07-08 13:00:00.0	50.2915	18.99467	362.307	321.134	2,412	2.7	-1.19	1.76	0.51	0.49
PES1	MUSE-PES1	2020-07-08 13:30:00.0	50.2915	18.99467	362.307	321.134	2,418.5	2.7	-0.83	2.58	0.53	0.54
PES1	MUSE-PES1	2020-07-08 14:00:00.0	50.2915	18.99467	362.302	321.129	2,411.5	2.4	-1.09	0.06	0.43	0.36
PES1	MUSE-PES1	2020-07-08 14:30:00.0	50.2915	18.99467	362.302	321.129	2,411.7	2.7	-0.39	0.65	0.43	0.45
PES1	MUSE-PES1	2020-07-08 15:00:00.0	50.2915	18.99467	362.299	321.126	2,428.8	2.4	-0.65	0.64	0.42	0.4
PES1	MUSE-PES1	2020-07-08 15:30:00.0	50.2915	18.99467	362.299	321.126	2,434.1	2.8	-2.11	-0.42	0.46	0.5
PES1	MUSE-PES1	2020-07-08 16:00:00.0	50.2915	18.99467	362.283	321.11	2,442.1	2.6	-1.1	0.12	0.41	0.52
PES1	MUSE-PES1	2020-07-08 16:30:00.0	50.2915	18.99467	362.283	321.11	2,441.6	2.4	-0.49	0.25	0.4	0.59
PES1	MUSE-PES1	2020-07-08 17:00:00.0	50.2915	18.99467	362.283	321.11	2,436.6	2.2	2.25	-1.87	0.35	0.57
PES1	MUSE-PES1	2020-07-08 17:30:00.0	50.2915	18.99467	362.283	321.11	2,436.7	2.3	2.35	-1.29	0.39	0.61
PES1	MUSE-PES1	2020-07-08 18:00:00.0	50.2915	18.99467	362.295	321.122	2,426.3	2	0.91	0.01	0.34	0.39
PES1	MUSE-PES1	2020-07-08 18:30:00.0	50.2915	18.99467	362.295	321.122	2,424.2	2	-0.05	-0.64	0.36	0.37
PITR	12287M001	2020-07-08 08:30:00.0	51.40167	19.69094	254.76	219.733	2,393	1.3	-0.03	0.08	0.17	0.16
PITR	12287M001	2020-07-08 09:00:00.0	51.40167	19.69094	254.751	219.724	2,396.8	1.3	-0.46	0.45	0.16	0.17
PITR	12287M001	2020-07-08 09:30:00.0	51.40167	19.69094	254.751	219.724	2,396.7	1.5	0.14	0.27	0.2	0.16
PITR	12287M001	2020-07-08 10:00:00.0	51.40167	19.69094	254.753	219.726	2,398.2	1.2	-0.89	0.36	0.15	0.15
PITR	12287M001	2020-07-08 10:30:00.0	51.40167	19.69094	254.753	219.726	2,396.6	1.5	-1.12	-0.06	0.22	0.2
PITR	12287M001	2020-07-08 11:00:00.0	51.40167	19.69094	254.755	219.728	2,401.7	1.4	-1.23	-0.18	0.23	0.16
PITR	12287M001	2020-07-08 11:30:00.0	51.40167	19.69094	254.755	219.728	2,401.2	1.7	-1.06	-0.07	0.29	0.22
PITR	12287M001	2020-07-08 12:00:00.0	51.40167	19.69094	254.754	219.727	2,401.8	1.3	-1.28	-0.14	0.19	0.16
PITR	12287M001	2020-07-08 12:30:00.0	51.40167	19.69094	254.754	219.727	2,398.9	1.2	-1.43	0.36	0.17	0.17
PITR	12287M001	2020-07-08 13:00:00.0	51.40167	19.69094	254.755	219.728	2,398.3	1.1	-2.27	0.51	0.18	0.16
PITR	12287M001	2020-07-08 13:30:00.0	51.40167	19.69094	254.755	219.728	2,403.8	1.3	-2.33	0.53	0.23	0.23
PITR	12287M001	2020-07-08 14:00:00.0	51.40167	19.69094	254.756	219.729	2,400.9	1.2	-1.87	1.28	0.2	0.19
PITR	12287M001	2020-07-08 14:30:00.0	51.40167	19.69094	254.756	219.729	2,401.7	1.5	-2.63	0.93	0.26	0.24
PITR	12287M001	2020-07-08 15:00:00.0	51.40167	19.69094	254.751	219.724	2,410.5	1.4	-2.3	1.34	0.21	0.19
PITR	12287M001	2020-07-08 15:30:00.0	51.40167	19.69094	254.751	219.724	2,410.2	1.3	-2.69	0.71	0.18	0.18
PITR	12287M001	2020-07-08 16:00:00.0	51.40167	19.69094	254.752	219.725	2,410	1.2	-2.42	0.56	0.15	0.18
PITR	12287M001	2020-07-08 16:30:00.0	51.40167	19.69094	254.752	219.725	2,402.9	1.4	-2.79	0.81	0.18	0.24
PITR	12287M001	2020-07-08 17:00:00.0	51.40167	19.69094	254.754	219.727	2,406.7	1.1	-2.2	0.31	0.15	0.18
PITR	12287M001	2020-07-08 17:30:00.0	51.40167	19.69094	254.754	219.727	2,403.5	1.1	-2.06	0.36	0.13	0.18
PITR	12287M001	2020-07-08 18:00:00.0	51.40167	19.69094	254.758	219.731	2,403	1.2	-2.44	0.39	0.16	0.17
PITR	12287M001	2020-07-08 18:30:00.0	51.40167	19.69094	254.758	219.731	2,401.6	1.2	-1.35	0.96	0.17	0.18
POLV	12336M001	2020-07-08 08:30:00.0	49.60261	34.54294	178.426	160.159	2,472.2	1.5	-0.18	-0.15	0.18	0.2
POLV	12336M001	2020-07-08 09:00:00.0	49.60261	34.54294	178.432	160.165	2,480.1	1.2	-0.03	0.16	0.14	0.17
POLV	12336M001	2020-07-08 09:30:00.0	49.60261	34.54294	178.432	160.165	2,484.2	1.2	0.71	1.6	0.18	0.19
POLV	12336M001	2020-07-08 10:00:00.0	49.60261	34.54294	178.424	160.157	2,490.4	1	0.42	2.45	0.12	0.14
POLV	12336M001	2020-07-08 10:30:00.0	49.60261	34.54294	178.424	160.157	2,489.5	1.3	0.54	1.49	0.19	0.23
POLV	12336M001	2020-07-08 11:00:00.0	49.60261	34.54294	178.413	160.146	2,477.2	2.5	0.85	1.91	0.33	0.34
POLV	12336M001	2020-07-08 11:30:00.0	49.60261	34.54294	178.413	160.146	2,470.4	2.6	0.62	1.49	0.36	0.38
POLV	12336M001	2020-07-08 12:00:00.0	49.60261	34.54294	178.413	160.146	2,452	1.8	1.16	2.5	0.29	0.35
POLV	12336M001	2020-07-08 13:00:00.0	49.60261	34.54294	178.399	160.132	2,437.8	1.7	0.71	2.84	0.21	0.25
POLV	12336M001	2020-07-08 13:30:00.0	49.60261	34.54294	178.399	160.132	2,437.7	1.8	0.25	2.47	0.2	0.19
POLV	12336M001	2020-07-08 14:00:00.0	49.60261	34.54294	178.407	160.14	2,429.4	1.6	-0.55	1.49	0.17	0.2
POLV	12336M001	2020-07-08 14:30:00.0	49.60261	34.54294	178.407	160.14	2,423.4	1.8	-0.16	1.85	0.25	0.22
POLV	12336M001	2020-07-08 15:00:00.0	49.60261	34.54294	178.408	160.141	2,418.7	1.6	-0.31	0.99	0.17	0.18
POLV	12336M001	2020-07-08 15:30:00.0	49.60261	34.54294	178.408	160.141	2,418.9	1.5	-0.39	0.57	0.13	0.2
POLV	12336M001	2020-07-08 16:00:00.0	49.60261	34.54294	178.411	160.144	2,407.5	1.4	-0.47	0.26	0.13	0.21
POLV	12336M001	2020-07-08 16:30:00.0	49.60261	34.54294	178.411	160.144	2,401.8	1.6	-0.54	-0.7	0.16	0.28
POLV	12336M001	2020-07-08 17:00:00.0	49.60261	34.54294	178.404	160.137	2,409.4	1.4	0.3	-1.88	0.17	0.22
POLV	12336M001	2020-07-08 17:30:00.0	49.60261	34.54294	178.404	160.137	2,414.6	1.4	-0.59	-1.51	0.14	0.19
POLV	12336M001	2020-07-08 18:00:00.0	49.60261	34.54294	178.408	160.141	2,428.2	1.3	-1.12	-0.09	0.16	0.17
POLV	12336M001	2020-07-08 18:30:00.0	49.60261	34.54294	178.408	160.141	2,424.7	1.4	-1.24	0.93	0.21	0.17
POZN	12206M001	2020-07-08 08:30:00.0	52.43006	16.93494	171.555	136.752	2,400.3	1.1	-1.76	-0.13	0.13	0.15
POZN	12206M001	2020-07-08 09:00:00.0	52.43006	16.93494	171.557	136.754	2,397.8	1.2	-3.33	-0.37	0.16	0.16
POZN	12206M001	2020-07-08 09:30:00.0	52.43006	16.93494	171.557	136.754	2,399.6	1.2	-2.94	-0.32	0.17	0.15
POZN	12206M001	2020-07-08 10:00:00.0	52.43006	16.93494	171.552	136.749	2,404.2	1	-2.22	-0.13	0.13	0.15
POZN	12206M001	2020-07-08 10:30:00.0	52.43006	16.93494	171.552	136.749	2,399.7	1.2	-1.59	-0.3	0.16	0.18
POZN	12206M001	2020-07-08 11:00:00.0	52.43006	16.93494	171.553	136.75	2,404.3	1.2	-1.43	-0.86	0.22	0.14
POZN	12206M001	2020-07-08 11:30:00.0	52.43006	16.93494	171.553	136.75	2,402.6	1.6	-1.84	-0.98	0.27	0.23
POZN	12206M001	2020-07-08 12:00:00.0	52.43006	16.93494	171.554	136.751	2,401.2	1.5	-1.8	-0.83	0.24	0.21
POZN	12206M001	2020-07-08 12:30:00.0	52.43006	16.93494	171.554	136.751	2,402.8	1.5	-1.65	-0.82	0.22	0.21
POZN	12206M001	2020-07-08 13:00:00.0	52.43006	16.93494	171.556	136.753	2,406	1.1	-1.63	-0.7	0.13	0.17
POZN	12206M001	2020-07-08 13:30:00.0	52.43006	16.93494	171.556	136.753	2,403.3	1.3	-1.56	-0.32	0.21	0.23
POZN	12206M001	2020-07-08 14:00:00.0	52.43006	16.93494	171.552	136.749	2,398	1.2	-1.66	-0.36	0.19	0.17
POZN	12206M001	2020-07-08 14:30:00.0	52.43006	16.93494	171.552	136.749	2,395.5	1.4	-1.74	-0.32	0.24	0.2
POZN	12206M001	2020-07-08 15:00:00.0	52.43006	16.93494	171.553	136.75	2,399.6	1.5	-1.87	-0.45	0.2	0.2
POZN	12206M001	2020-07-08 15:30:00.0	52.43006	16.93494	171.553	136.75	2,402	1.5	-1.98	-0.4	0.21	0.22
POZN	12206M001	2020-07-08 16:00:00.0	52.43006	16.93494	171.554	136.751	2,403.6	1.1	-1.69	-0.24	0.15	0.17
POZN	12206M001	2020-07-08 16:30:00.0	52.43006	16.93494	171.554	136.751	2,402.3	1.3	-1.75	-0.37	0.19	0.29
POZN	12206M001	2020-07-08 17:00:00.0	52.43006	16.93494	171.551	136.748	2,402.6	1.3	-1.41	-0.26	0.18	0.23
POZN	12206M001	2020-07-08 17:30:00.0	52.43006	16.93494	171.551	136.748	2,401.9	1.4	-1.13	-0.37	0.2	0.25
POZN	12206M001	2020-07-08 18:00:00.0	52.43006	16.93494	171.555	136.752	2,407.4	1.2	-0.17	-0.23	0.18	0.17
POZN	12206M001	2020-07-08 18:30:00.0	52.43006	16.93494	171.555	136.752	2,407.3	1.2	-0.36	-0.19	0.16	0.17
PPIL	12286M001	2020-07-08 08:30:00.0	53.15697	16.73828	121.738	88.192	2,398.5	1	-1.04	-0.38	0.1	0.11
PPIL	12286M001	2020-07-08 09:00:00.0	53.15697	16.73828	121.744	88.198	2,399	0.9	-0.85	0.1	0.12	0.12
PPIL	12286M001	2020-07-08 09:30:00.0	53.15697	16.73828	121.744	88.198	2,399.3	1	-0.69	0.22	0.13	0.11
PPIL	12286M001	2020-07-08 10:00:00.0	53.15697	16.73828	121.746	88.2	2,402.5	0.8	-1.44	0.33	0.1	0.12
PPIL	12286M001	2020-07-08 10:30:00.0	53.15697	16.73828	121.746	88.2	2,394.1	1	-0.77	0.68	0.12	0.13
PPIL	12286M001	2020-07-08 11:00:00.0	53.15697	16.73828	121.741	88.195	2,395.5	1	-0.93	-0.31	0.17	0.1
PPIL	12286M001	2020-07-08 11:30:00.0	53.15697	16.73828	121.741	88.195	2,391.8	1.3	-0.64	-0.5	0.22	0.17
PPIL	12286M001	2020-07-08 12:00:00.0	53.15697	16.73828	121.743	88.197	2,388.9	1.1	-1.69	-0.14	0.14	0.13
PPIL	12286M001	2020-07-08 12:30:00.0	53.15697	16.73828	121.743	88.197	2,391	1.1	-1.23	-0.05	0.14	0.13
PPIL	12286M001	2020-07-08 13:00:00.0	53.15697	16.73828	121.74	88.194	2,394.2	0.9	-0.12	-0.02	0.09	0.12
PPIL	12286M001	2020-07-08 13:30:00.0	53.15697	16.73828	121.74	88.194	2,401.6	1.1	0.44	-0.59	0.15	0.18
PPIL	12286M001	2020-07-08 14:00:00.0	53.15697	16.73828	121.732	88.186	2,398.9	1	1.72	-0.35	0.14	0.13
PPIL	12286M001	2020-07-08 14:30:00.0	53.15697	16.73828	121.732	88.186	2,405.7	1.1	-2.16	-1.15	0.17	0.15
PPIL	12286M001	2020-07-08 15:00:00.0	53.15697	16.73828	121.735	88.189	2,401.1	1.1	-2.06	0.39	0.14	0.14
PPIL	12286M001	2020-07-08 15:30:00.0	53.15697	16.73828	121.735	88.189	2,398.5	1.2	-1.75	-0.21	0.15	0.15
PPIL	12286M001	2020-07-08 16:00:00.0	53.15697	16.73828	121.737	88.191	2,396.3	0.9	-0.73	-0.44	0.11	0.11
PPIL	12286M001	2020-07-08 16:30:00.0	53.15697	16.73828	121.737	88.191	2,394.2	1.1	-1.07	-0.49	0.14	0.18
PPIL	12286M001	2020-07-08 17:00:00.0	53.15697	16.73828	121.738	88.192	2,397.8	1.1	-0.82	-0.59	0.13	0.15
PPIL	12286M001	2020-07-08 17:30:00.0	53.15697	16.73828	121.738	88.192	2,397.9	1.1	-0.08	-0.33	0.14	0.16
PPIL	12286M001	2020-07-08 18:00:00.0	53.15697	16.73828	121.737	88.191	2,394.2	0.9	-0.39	0.06	0.13	0.13
PPIL	12286M001	2020-07-08 18:30:00.0	53.15697	16.73828	121.737	88.191	2,394.5	1	-0.49	-0.3	0.12	0.14
PROS	12233M001	2020-07-08 08:30:00.0	50.19175	20.2885	279.926	241.126	2,387	1.7	1.08	-0.49	0.2	0.29
PROS	12233M001	2020-07-08 09:00:00.0	50.19175	20.2885	279.921	241.121	2,392.6	1.8	-0.29	0.1	0.23	0.24
PROS	12233M001	2020-07-08 09:30:00.0	50.19175	20.2885	279.921	241.121	2,390.4	1.7	-0.63	-0.31	0.26	0.21
PROS	12233M001	2020-07-08 10:00:00.0	50.19175	20.2885	279.923	241.123	2,399.5	1.3	-0.92	-0.26	0.16	0.18
PROS	12233M001	2020-07-08 10:30:00.0	50.19175	20.2885	279.923	241.123	2,394.9	1.6	-0.29	-0.32	0.21	0.2
PROS	12233M001	2020-07-08 13:00:00.0	50.19175	20.2885	279.915	241.115	2,406.4	1.2	-0.52	-0.42	0.15	0.15
PROS	12233M001	2020-07-08 13:30:00.0	50.19175	20.2885	279.915	241.115	2,406.8	1.6	-0.68	-0.31	0.25	0.21
PROS	12233M001	2020-07-08 14:00:00.0	50.19175	20.2885	279.924	241.124	2,411.2	1.5	-0.54	-0.12	0.24	0.22
PROS	12233M001	2020-07-08 14:30:00.0	50.19175	20.2885	279.924	241.124	2,413.1	1.8	-0.41	0.17	0.3	0.27
PROS	12233M001	2020-07-08 15:00:00.0	50.19175	20.2885	279.91	241.11	2,421.3	1.5	-1.19	0.13	0.21	0.2
PROS	12233M001	2020-07-08 15:30:00.0	50.19175	20.2885	279.91	241.11	2,423.2	1.4	-1.07	-0.1	0.2	0.19
PROS	12233M001	2020-07-08 16:00:00.0	50.19175	20.2885	279.917	241.117	2,422.7	1.1	-1.31	-0.15	0.13	0.14
PROS	12233M001	2020-07-08 16:30:00.0	50.19175	20.2885	279.917	241.117	2,425.6	1.3	-1.43	-0.1	0.16	0.22
PROS	12233M001	2020-07-08 17:00:00.0	50.19175	20.2885	279.919	241.119	2,425.2	1.1	-0.93	-0.37	0.15	0.17
PROS	12233M001	2020-07-08 17:30:00.0	50.19175	20.2885	279.919	241.119	2,430.2	1.1	-0.75	-0.45	0.13	0.17
PROS	12233M001	2020-07-08 18:00:00.0	50.19175	20.2885	279.918	241.118	2,435.2	1.2	-1.87	-0.43	0.16	0.15
PROS	12233M001	2020-07-08 18:30:00.0	50.19175	20.2885	279.918	241.118	2,436.1	1.2	-1.37	-0.75	0.17	0.16
RACI	NDNT-RACI	2020-07-08 08:30:00.0	50.07761	18.21494	242.644	200.442	2,411.3	1.3	-0.05	-0.03	0.15	0.16
RACI	NDNT-RACI	2020-07-08 09:00:00.0	50.07761	18.21494	242.642	200.44	2,410.1	1.5	0.08	0.49	0.2	0.21
RACI	NDNT-RACI	2020-07-08 09:30:00.0	50.07761	18.21494	242.642	200.44	2,412.3	1.5	-0.13	0.73	0.2	0.21
RACI	NDNT-RACI	2020-07-08 10:00:00.0	50.07761	18.21494	242.642	200.44	2,417.7	1.4	-0.64	0.01	0.16	0.18
RACI	NDNT-RACI	2020-07-08 10:30:00.0	50.07761	18.21494	242.642	200.44	2,405.2	1.6	-0.77	0.35	0.21	0.21
RACI	NDNT-RACI	2020-07-08 11:00:00.0	50.07761	18.21494	242.646	200.444	2,407.7	1.5	-0.14	-0.43	0.26	0.17
RACI	NDNT-RACI	2020-07-08 11:30:00.0	50.07761	18.21494	242.646	200.444	2,405.8	2	-0.75	-0.54	0.31	0.24
RACI	NDNT-RACI	2020-07-08 12:00:00.0	50.07761	18.21494	242.648	200.446	2,413.1	1.5	-0.73	-1.02	0.22	0.2
RACI	NDNT-RACI	2020-07-08 12:30:00.0	50.07761	18.21494	242.648	200.446	2,420.7	1.4	-0.52	-0.62	0.17	0.19
RACI	NDNT-RACI	2020-07-08 13:00:00.0	50.07761	18.21494	242.647	200.445	2,429.6	1.3	-1.22	0.3	0.16	0.18
RACI	NDNT-RACI	2020-07-08 13:30:00.0	50.07761	18.21494	242.647	200.445	2,430.7	1.5	-2.3	0	0.21	0.24
RACI	NDNT-RACI	2020-07-08 14:00:00.0	50.07761	18.21494	242.642	200.44	2,434.7	1.7	-0.75	0.21	0.27	0.28
RACI	NDNT-RACI	2020-07-08 14:30:00.0	50.07761	18.21494	242.642	200.44	2,436.2	2.1	-0.78	0.29	0.34	0.32
RACI	NDNT-RACI	2020-07-08 15:00:00.0	50.07761	18.21494	242.64	200.438	2,446.6	1.5	-0.36	-0.47	0.2	0.2
RACI	NDNT-RACI	2020-07-08 15:30:00.0	50.07761	18.21494	242.64	200.438	2,443.5	1.4	-0.56	0.36	0.17	0.17
RACI	NDNT-RACI	2020-07-08 16:00:00.0	50.07761	18.21494	242.639	200.437	2,442.3	1.2	-1.02	-0.14	0.14	0.16
RACI	NDNT-RACI	2020-07-08 16:30:00.0	50.07761	18.21494	242.639	200.437	2,443.2	1.4	-0.53	-0.61	0.17	0.24
RACI	NDNT-RACI	2020-07-08 17:00:00.0	50.07761	18.21494	242.63	200.428	2,451.4	1.3	-0.01	-0.41	0.18	0.2
RACI	NDNT-RACI	2020-07-08 17:30:00.0	50.07761	18.21494	242.63	200.428	2,455.3	1.3	-0.53	-0.2	0.16	0.21
RACI	NDNT-RACI	2020-07-08 18:00:00.0	50.07761	18.21494	242.635	200.433	2,456	1.4	-1.54	-0.12	0.17	0.19
RACI	NDNT-RACI	2020-07-08 18:30:00.0	50.07761	18.21494	242.635	200.433	2,456.5	1.4	-0.89	-0.19	0.18	0.19
REDZ	12227M001	2020-07-08 08:30:00.0	54.47239	17.11753	108.286	76.8	2,393.4	1.5	-0.57	0.37	0.21	0.21
REDZ	12227M001	2020-07-08 09:00:00.0	54.47239	17.11753	108.282	76.796	2,396.8	1.8	-1.11	-0.35	0.28	0.29
REDZ	12227M001	2020-07-08 10:00:00.0	54.47239	17.11753	108.267	76.781	2,394.8	1.5	-1.23	0.4	0.2	0.23
REDZ	12227M001	2020-07-08 10:30:00.0	54.47239	17.11753	108.267	76.781	2,398	1.4	-0.99	-0.38	0.16	0.2
REDZ	12227M001	2020-07-08 11:00:00.0	54.47239	17.11753	108.257	76.771	2,403.5	2.6	-0.93	-1.11	0.33	0.31
RES1	MUSE-RES1	2020-07-08 08:30:00.0	50.06244	18.46686	350.386	308.296	2,368.9	1.4	0.18	-0.12	0.18	0.21
RES1	MUSE-RES1	2020-07-08 09:00:00.0	50.06244	18.46686	350.384	308.294	2,377.1	1.6	-0.77	-1.16	0.21	0.22
RES1	MUSE-RES1	2020-07-08 09:30:00.0	50.06244	18.46686	350.384	308.294	2,379.8	1.7	-0.55	-0.61	0.23	0.22
RES1	MUSE-RES1	2020-07-08 10:00:00.0	50.06244	18.46686	350.38	308.29	2,383.3	1.4	-1.65	-0.36	0.18	0.19
RES1	MUSE-RES1	2020-07-08 10:30:00.0	50.06244	18.46686	350.38	308.29	2,383.9	1.7	-1.74	-0.44	0.26	0.22
RES1	MUSE-RES1	2020-07-08 11:00:00.0	50.06244	18.46686	350.386	308.296	2,387.7	1.5	-1.03	-0.65	0.29	0.17
RES1	MUSE-RES1	2020-07-08 11:30:00.0	50.06244	18.46686	350.386	308.296	2,384.2	2.1	-1.16	-0.96	0.37	0.27
RES1	MUSE-RES1	2020-07-08 12:00:00.0	50.06244	18.46686	350.385	308.295	2,380.4	1.7	-1.76	-1.02	0.27	0.26
RES1	MUSE-RES1	2020-07-08 12:30:00.0	50.06244	18.46686	350.385	308.295	2,387.3	1.6	-1.44	-0.88	0.23	0.26
RES1	MUSE-RES1	2020-07-08 13:00:00.0	50.06244	18.46686	350.388	308.298	2,392.6	1.3	-1.17	-0.85	0.18	0.2
RES1	MUSE-RES1	2020-07-08 13:30:00.0	50.06244	18.46686	350.388	308.298	2,399.2	1.7	-1.2	-0.33	0.25	0.28
RES1	MUSE-RES1	2020-07-08 14:00:00.0	50.06244	18.46686	350.384	308.294	2,410.2	1.6	-0.51	-0.59	0.23	0.23
RES1	MUSE-RES1	2020-07-08 14:30:00.0	50.06244	18.46686	350.384	308.294	2,406.8	1.8	-0.59	-0.74	0.29	0.26
RES1	MUSE-RES1	2020-07-08 15:00:00.0	50.06244	18.46686	350.388	308.298	2,412.9	1.5	-0.97	-0.4	0.19	0.2
RES1	MUSE-RES1	2020-07-08 15:30:00.0	50.06244	18.46686	350.388	308.298	2,411.9	1.5	-0.73	0.2	0.2	0.23
RES1	MUSE-RES1	2020-07-08 16:00:00.0	50.06244	18.46686	350.387	308.297	2,410	1.3	-0.34	0.28	0.18	0.2
RES1	MUSE-RES1	2020-07-08 16:30:00.0	50.06244	18.46686	350.387	308.297	2,412.9	1.6	-0.41	0.32	0.26	0.25
RES1	MUSE-RES1	2020-07-08 17:00:00.0	50.06244	18.46686	350.38	308.29	2,416.9	1.4	-1.09	0.12	0.19	0.22
RES1	MUSE-RES1	2020-07-08 17:30:00.0	50.06244	18.46686	350.38	308.29	2,419.4	1.5	-0.7	0.58	0.2	0.24
RES1	MUSE-RES1	2020-07-08 18:00:00.0	50.06244	18.46686	350.385	308.295	2,419.6	1.6	-1.69	-0.89	0.22	0.25
RES1	MUSE-RES1	2020-07-08 18:30:00.0	50.06244	18.46686	350.385	308.295	2,419.3	1.6	-1.29	-0.8	0.22	0.24
RIGA	12302M002	2020-07-08 08:30:00.0	56.94861	24.05878	34.806	14.199	2,421.8	1.5	-0.36	-0.43	0.19	0.19
RIGA	12302M002	2020-07-08 09:00:00.0	56.94861	24.05878	34.814	14.207	2,418.4	1.1	-0.7	-0.24	0.17	0.15
RIGA	12302M002	2020-07-08 09:30:00.0	56.94861	24.05878	34.814	14.207	2,416.7	1.3	-0.47	-0.32	0.19	0.19
RIGA	12302M002	2020-07-08 10:00:00.0	56.94861	24.05878	34.816	14.209	2,422.8	1.1	-0.42	0.26	0.19	0.17
RIGA	12302M002	2020-07-08 10:30:00.0	56.94861	24.05878	34.816	14.209	2,428.9	1.4	-0.37	0.42	0.18	0.2
RIGA	12302M002	2020-07-08 11:00:00.0	56.94861	24.05878	34.807	14.2	2,437.3	1.4	-0.12	0.29	0.24	0.17
RIGA	12302M002	2020-07-08 11:30:00.0	56.94861	24.05878	34.807	14.2	2,436.2	1.7	0.42	1.08	0.28	0.25
RIGA	12302M002	2020-07-08 12:00:00.0	56.94861	24.05878	34.812	14.205	2,434.3	1.4	-0.78	0.97	0.18	0.18
RIGA	12302M002	2020-07-08 12:30:00.0	56.94861	24.05878	34.812	14.205	2,429	1.4	-1.18	1.23	0.18	0.18
RIGA	12302M002	2020-07-08 13:00:00.0	56.94861	24.05878	34.812	14.205	2,433	1.1	-1.12	1.27	0.15	0.16
RIGA	12302M002	2020-07-08 13:30:00.0	56.94861	24.05878	34.812	14.205	2,419.8	1.3	-1.25	1.77	0.18	0.23
RIGA	12302M002	2020-07-08 14:00:00.0	56.94861	24.05878	34.805	14.198	2,410.6	1.2	0.49	1.68	0.2	0.17
RIGA	12302M002	2020-07-08 14:30:00.0	56.94861	24.05878	34.805	14.198	2,405.8	1.5	-0.04	0.76	0.23	0.23
RIGA	12302M002	2020-07-08 15:00:00.0	56.94861	24.05878	34.804	14.197	2,404.6	1.3	-0.69	0.7	0.17	0.18
RIGA	12302M002	2020-07-08 15:30:00.0	56.94861	24.05878	34.804	14.197	2,405.8	1.3	0.89	1.17	0.18	0.18
RIGA	12302M002	2020-07-08 16:00:00.0	56.94861	24.05878	34.805	14.198	2,382.2	1.2	-0.79	2.07	0.19	0.18
RIGA	12302M002	2020-07-08 16:30:00.0	56.94861	24.05878	34.805	14.198	2,375	1.6	-1.35	1.86	0.24	0.26
RIGA	12302M002	2020-07-08 17:00:00.0	56.94861	24.05878	34.808	14.201	2,378.4	1.4	-0.87	1.03	0.2	0.23
RIGA	12302M002	2020-07-08 17:30:00.0	56.94861	24.05878	34.808	14.201	2,379.1	1.7	-0.39	0.91	0.24	0.22
RIGA	12302M002	2020-07-08 18:00:00.0	56.94861	24.05878	34.796	14.189	2,382.2	1.1	-0.97	0.58	0.17	0.16
RIGA	12302M002	2020-07-08 18:30:00.0	56.94861	24.05878	34.796	14.189	2,384.4	1	0.04	0.07	0.16	0.13
RWM1	12281M002	2020-07-08 08:30:00.0	51.76431	20.25047	187.965	154.62	2,403.8	1.2	-1.1	0.59	0.15	0.15
RWM1	12281M002	2020-07-08 09:00:00.0	51.76431	20.25047	187.965	154.62	2,415.5	1.3	-0.58	-0.23	0.15	0.16
RWM1	12281M002	2020-07-08 09:30:00.0	51.76431	20.25047	187.965	154.62	2,414.1	1.4	-0.64	0.09	0.2	0.16
RWM1	12281M002	2020-07-08 10:00:00.0	51.76431	20.25047	187.967	154.622	2,416.2	0.9	-0.91	0.09	0.1	0.12
RWM1	12281M002	2020-07-08 10:30:00.0	51.76431	20.25047	187.967	154.622	2,415.4	1.1	-1.56	0.25	0.13	0.17
RWM1	12281M002	2020-07-08 11:00:00.0	51.76431	20.25047	187.963	154.618	2,412.7	1.2	-1.94	-0.02	0.21	0.13
RWM1	12281M002	2020-07-08 11:30:00.0	51.76431	20.25047	187.963	154.618	2,413.8	1.5	-1.98	-0.55	0.27	0.2
RWM1	12281M002	2020-07-08 12:00:00.0	51.76431	20.25047	187.965	154.62	2,413.9	1.3	-1.86	0.19	0.17	0.15
RWM1	12281M002	2020-07-08 12:30:00.0	51.76431	20.25047	187.965	154.62	2,411.2	1.2	-1.7	0.51	0.15	0.17
RWM1	12281M002	2020-07-08 13:00:00.0	51.76431	20.25047	187.97	154.625	2,412.6	1.1	-2.11	0.38	0.15	0.15
RWM1	12281M002	2020-07-08 13:30:00.0	51.76431	20.25047	187.97	154.625	2,405.3	1.2	-2.72	0.67	0.17	0.21
RWM1	12281M002	2020-07-08 14:00:00.0	51.76431	20.25047	187.969	154.624	2,401.5	1.2	-3.31	0.37	0.19	0.17
RWM1	12281M002	2020-07-08 14:30:00.0	51.76431	20.25047	187.969	154.624	2,394.3	1.4	-3.12	0.04	0.25	0.23
RWM1	12281M002	2020-07-08 15:00:00.0	51.76431	20.25047	187.966	154.621	2,406.4	1.2	-2.6	0.14	0.16	0.16
RWM1	12281M002	2020-07-08 15:30:00.0	51.76431	20.25047	187.966	154.621	2,400.4	1.3	-2.9	-0.11	0.15	0.17
RWM1	12281M002	2020-07-08 16:00:00.0	51.76431	20.25047	187.962	154.617	2,399.9	1.2	-2.91	-0.44	0.14	0.16
RWM1	12281M002	2020-07-08 16:30:00.0	51.76431	20.25047	187.962	154.617	2,398.9	1.4	-2.08	0.13	0.18	0.24
RWM1	12281M002	2020-07-08 17:00:00.0	51.76431	20.25047	187.962	154.617	2,404.5	1.1	-2.13	0.16	0.15	0.17
RWM1	12281M002	2020-07-08 17:30:00.0	51.76431	20.25047	187.962	154.617	2,403.4	1.1	-2.36	-0.43	0.14	0.18
RWM1	12281M002	2020-07-08 18:00:00.0	51.76431	20.25047	187.961	154.616	2,405.2	1.2	-2.31	-1.19	0.17	0.17
RWM1	12281M002	2020-07-08 18:30:00.0	51.76431	20.25047	187.961	154.616	2,402.4	1.2	-1.39	-1.59	0.16	0.17
RYKI	12282M001	2020-07-08 08:30:00.0	51.62447	21.92722	204.091	171.958	2,407.7	1.4	-0.23	-0.7	0.2	0.22
RYKI	12282M001	2020-07-08 09:00:00.0	51.62447	21.92722	204.085	171.952	2,407.3	1.3	-1.33	0.13	0.19	0.2
RYKI	12282M001	2020-07-08 09:30:00.0	51.62447	21.92722	204.085	171.952	2,398.7	1.3	-1.37	-0.01	0.21	0.21
RYKI	12282M001	2020-07-08 10:00:00.0	51.62447	21.92722	204.082	171.949	2,411.2	1.2	-0.8	0.12	0.19	0.19
RYKI	12282M001	2020-07-08 10:30:00.0	51.62447	21.92722	204.082	171.949	2,411.1	1.8	-0.9	0.31	0.26	0.24
RYKI	12282M001	2020-07-08 11:00:00.0	51.62447	21.92722	204.086	171.953	2,408.3	1.6	-2.51	0.48	0.32	0.24
RYKI	12282M001	2020-07-08 11:30:00.0	51.62447	21.92722	204.086	171.953	2,403.1	2.2	-2.27	1.27	0.42	0.34
RYKI	12282M001	2020-07-08 12:00:00.0	51.62447	21.92722	204.078	171.945	2,413.4	1.6	-3.68	-0.03	0.26	0.23
RYKI	12282M001	2020-07-08 12:30:00.0	51.62447	21.92722	204.078	171.945	2,413.6	1.6	-2.62	-0.07	0.25	0.26
RYKI	12282M001	2020-07-08 13:00:00.0	51.62447	21.92722	204.078	171.945	2,422.5	1.4	-0.39	-0.8	0.23	0.2
RYKI	12282M001	2020-07-08 13:30:00.0	51.62447	21.92722	204.078	171.945	2,420.5	1.6	0.08	-0.46	0.28	0.29
RYKI	12282M001	2020-07-08 14:00:00.0	51.62447	21.92722	204.066	171.933	2,420.8	1.5	0.78	-1.49	0.25	0.21
RYKI	12282M001	2020-07-08 14:30:00.0	51.62447	21.92722	204.066	171.933	2,417.5	1.8	1.22	-2.06	0.3	0.26
RYKI	12282M001	2020-07-08 15:00:00.0	51.62447	21.92722	204.068	171.935	2,407.2	1.4	-2.62	-0.44	0.2	0.2
RYKI	12282M001	2020-07-08 15:30:00.0	51.62447	21.92722	204.068	171.935	2,407.9	1.4	-2.55	-0.14	0.19	0.21
RYKI	12282M001	2020-07-08 16:00:00.0	51.62447	21.92722	204.073	171.94	2,402.3	1.5	-3	-1	0.22	0.22
RYKI	12282M001	2020-07-08 16:30:00.0	51.62447	21.92722	204.073	171.94	2,399	1.7	-3.39	-1.19	0.24	0.32
RYKI	12282M001	2020-07-08 17:00:00.0	51.62447	21.92722	204.075	171.942	2,403.3	1.6	-3.69	-0.14	0.22	0.27
RYKI	12282M001	2020-07-08 17:30:00.0	51.62447	21.92722	204.075	171.942	2,400.9	1.6	-3.54	-0.17	0.21	0.28
RYKI	12282M001	2020-07-08 18:00:00.0	51.62447	21.92722	204.085	171.952	2,402.1	1.5	-3.57	-1.44	0.21	0.22
RYKI	12282M001	2020-07-08 18:30:00.0	51.62447	21.92722	204.085	171.952	2,404	1.5	-2.84	-0.7	0.22	0.21
RYMA	NDNT-RYMA	2020-07-08 08:30:00.0	49.57553	21.86561	399.451	362.773	2,332.9	1.1	-0.4	0.16	0.12	0.14
RYMA	NDNT-RYMA	2020-07-08 09:00:00.0	49.57553	21.86561	399.456	362.778	2,348.6	1.3	0.41	-0.53	0.14	0.16
RYMA	NDNT-RYMA	2020-07-08 09:30:00.0	49.57553	21.86561	399.456	362.778	2,352.6	1.4	0.54	-0.96	0.17	0.16
RYMA	NDNT-RYMA	2020-07-08 10:00:00.0	49.57553	21.86561	399.46	362.782	2,359.9	1.2	-0.48	0.18	0.13	0.15
RYMA	NDNT-RYMA	2020-07-08 10:30:00.0	49.57553	21.86561	399.46	362.782	2,365.3	1.5	0.15	-0.65	0.19	0.21
RYMA	NDNT-RYMA	2020-07-08 11:00:00.0	49.57553	21.86561	399.456	362.778	2,364.2	1.4	-1.35	0.76	0.22	0.14
RYMA	NDNT-RYMA	2020-07-08 11:30:00.0	49.57553	21.86561	399.456	362.778	2,351.9	1.7	-0.01	0.75	0.26	0.19
RYMA	NDNT-RYMA	2020-07-08 12:00:00.0	49.57553	21.86561	399.444	362.766	2,366.6	1.3	-1.19	0.24	0.16	0.14
RYMA	NDNT-RYMA	2020-07-08 12:30:00.0	49.57553	21.86561	399.444	362.766	2,364.9	1.3	-1.03	1.07	0.14	0.18
RYMA	NDNT-RYMA	2020-07-08 13:00:00.0	49.57553	21.86561	399.445	362.767	2,361.5	1.2	-0.34	0.18	0.13	0.15
RYMA	NDNT-RYMA	2020-07-08 13:30:00.0	49.57553	21.86561	399.445	362.767	2,363.2	1.3	-0.53	0.14	0.17	0.19
RYMA	NDNT-RYMA	2020-07-08 14:00:00.0	49.57553	21.86561	399.455	362.777	2,361.2	1.3	-0.73	-0.58	0.19	0.18
RYMA	NDNT-RYMA	2020-07-08 14:30:00.0	49.57553	21.86561	399.455	362.777	2,365.2	1.7	-0.56	-0.21	0.25	0.25
RYMA	NDNT-RYMA	2020-07-08 15:00:00.0	49.57553	21.86561	399.453	362.775	2,365.4	1.3	-0.83	-0.52	0.15	0.14
RYMA	NDNT-RYMA	2020-07-08 15:30:00.0	49.57553	21.86561	399.453	362.775	2,369.1	1.3	0.02	0.09	0.12	0.13
RYMA	NDNT-RYMA	2020-07-08 16:00:00.0	49.57553	21.86561	399.447	362.769	2,367.5	1.1	-0.31	-0.59	0.13	0.13
RYMA	NDNT-RYMA	2020-07-08 16:30:00.0	49.57553	21.86561	399.447	362.769	2,374.4	1.2	-0.64	-1.03	0.15	0.22
RYMA	NDNT-RYMA	2020-07-08 17:00:00.0	49.57553	21.86561	399.445	362.767	2,384.3	1.1	-1.04	0.09	0.16	0.17
RYMA	NDNT-RYMA	2020-07-08 17:30:00.0	49.57553	21.86561	399.445	362.767	2,385.9	1.1	-0.62	-0.95	0.13	0.16
RYMA	NDNT-RYMA	2020-07-08 18:00:00.0	49.57553	21.86561	399.448	362.77	2,397.7	1.2	-0.63	-1.44	0.15	0.15
RYMA	NDNT-RYMA	2020-07-08 18:30:00.0	49.57553	21.86561	399.448	362.77	2,398.8	1.3	-0.16	-0.61	0.17	0.15
SIDZ	12288M001	2020-07-08 08:30:00.0	51.573	18.71758	190.024	154.413	2,408.6	1.4	-1.42	-0.77	0.18	0.22
SIDZ	12288M001	2020-07-08 09:00:00.0	51.573	18.71758	190.014	154.403	2,407.6	1.9	-2.4	0.23	0.28	0.25
SIDZ	12288M001	2020-07-08 09:30:00.0	51.573	18.71758	190.014	154.403	2,401.4	1.8	-2.32	0.24	0.25	0.23
SIDZ	12288M001	2020-07-08 10:00:00.0	51.573	18.71758	190.009	154.398	2,411.7	1.4	-1.34	0.26	0.15	0.17
SIDZ	12288M001	2020-07-08 10:30:00.0	51.573	18.71758	190.009	154.398	2,411.2	1.6	-0.95	0.1	0.21	0.22
SIDZ	12288M001	2020-07-08 11:00:00.0	51.573	18.71758	190.007	154.396	2,421.9	1.2	-0.82	-0.31	0.23	0.14
SIDZ	12288M001	2020-07-08 11:30:00.0	51.573	18.71758	190.007	154.396	2,423.1	1.7	-1.23	-0.06	0.29	0.24
SIDZ	12288M001	2020-07-08 12:00:00.0	51.573	18.71758	190.014	154.403	2,414.8	1.6	-2.92	-1.04	0.24	0.23
SIDZ	12288M001	2020-07-08 12:30:00.0	51.573	18.71758	190.014	154.403	2,415.6	1.5	-2.79	-1.12	0.22	0.23
SIDZ	12288M001	2020-07-08 13:00:00.0	51.573	18.71758	190.021	154.41	2,420.1	1.1	-2.61	-0.72	0.14	0.19
SIDZ	12288M001	2020-07-08 13:30:00.0	51.573	18.71758	190.021	154.41	2,418.8	1.3	-2.76	-0.44	0.2	0.26
SIDZ	12288M001	2020-07-08 14:00:00.0	51.573	18.71758	190.024	154.413	2,419.8	1.5	-3.53	0.17	0.24	0.21
SIDZ	12288M001	2020-07-08 14:30:00.0	51.573	18.71758	190.024	154.413	2,419.1	1.6	-3.72	-0.07	0.27	0.23
SIDZ	12288M001	2020-07-08 15:00:00.0	51.573	18.71758	190.025	154.414	2,425.7	1.4	-2.78	-0.07	0.19	0.17
SIDZ	12288M001	2020-07-08 15:30:00.0	51.573	18.71758	190.025	154.414	2,421.8	1.4	-2.43	0	0.19	0.2
SIDZ	12288M001	2020-07-08 16:00:00.0	51.573	18.71758	190.024	154.413	2,413.7	1.4	-2.94	0.98	0.19	0.2
SIDZ	12288M001	2020-07-08 16:30:00.0	51.573	18.71758	190.024	154.413	2,413	1.5	-2.73	0.77	0.22	0.32
SIDZ	12288M001	2020-07-08 17:00:00.0	51.573	18.71758	190.018	154.407	2,413.6	1.1	-1.88	-0.04	0.17	0.2
SIDZ	12288M001	2020-07-08 17:30:00.0	51.573	18.71758	190.018	154.407	2,413.5	1.1	-1.16	0.4	0.18	0.23
SIDZ	12288M001	2020-07-08 18:00:00.0	51.573	18.71758	190.014	154.403	2,413.2	1.2	-1.56	0.45	0.18	0.18
SIDZ	12288M001	2020-07-08 18:30:00.0	51.573	18.71758	190.014	154.403	2,412.7	1.3	-2.28	-0.01	0.18	0.19
SIED	12289M001	2020-07-08 08:30:00.0	52.15744	22.29422	201.996	172.476	2,397.5	1.1	-0.8	-0.3	0.14	0.15
SIED	12289M001	2020-07-08 09:00:00.0	52.15744	22.29422	201.993	172.473	2,396.2	1.2	-1.61	-0.45	0.16	0.16
SIED	12289M001	2020-07-08 09:30:00.0	52.15744	22.29422	201.993	172.473	2,397.3	1.2	-1.06	-0.63	0.17	0.16
SIED	12289M001	2020-07-08 10:00:00.0	52.15744	22.29422	201.99	172.47	2,402.8	1	-0.7	-0.46	0.13	0.15
SIED	12289M001	2020-07-08 10:30:00.0	52.15744	22.29422	201.99	172.47	2,412.8	1.3	-0.51	-0.85	0.16	0.21
SIED	12289M001	2020-07-08 11:00:00.0	52.15744	22.29422	201.983	172.463	2,414.4	1.2	-0.45	-0.44	0.22	0.15
SIED	12289M001	2020-07-08 11:30:00.0	52.15744	22.29422	201.983	172.463	2,411.2	1.5	-0.25	-0.4	0.26	0.23
SIED	12289M001	2020-07-08 12:00:00.0	52.15744	22.29422	201.983	172.463	2,398.8	1.3	-1.96	1.06	0.18	0.18
SIED	12289M001	2020-07-08 12:30:00.0	52.15744	22.29422	201.983	172.463	2,391.5	1.2	-2.07	0.93	0.18	0.18
SIED	12289M001	2020-07-08 13:00:00.0	52.15744	22.29422	201.986	172.466	2,396.3	1.1	-1.17	-0.26	0.15	0.17
SIED	12289M001	2020-07-08 13:30:00.0	52.15744	22.29422	201.986	172.466	2,393	1.2	-1.19	-0.68	0.18	0.23
SIED	12289M001	2020-07-08 14:00:00.0	52.15744	22.29422	201.983	172.463	2,386.2	1.2	-1.39	-0.01	0.19	0.18
SIED	12289M001	2020-07-08 14:30:00.0	52.15744	22.29422	201.983	172.463	2,388.2	1.5	-2.56	0.26	0.26	0.23
SIED	12289M001	2020-07-08 15:00:00.0	52.15744	22.29422	201.976	172.456	2,392.4	1.3	-3.05	-0.19	0.18	0.18
SIED	12289M001	2020-07-08 15:30:00.0	52.15744	22.29422	201.976	172.456	2,394.6	1.3	-2.7	0.1	0.18	0.18
SIED	12289M001	2020-07-08 16:00:00.0	52.15744	22.29422	201.976	172.456	2,389.6	1.1	-1.63	0.26	0.13	0.16
SIED	12289M001	2020-07-08 16:30:00.0	52.15744	22.29422	201.976	172.456	2,387.5	1.3	-2.31	1.94	0.17	0.26
SIED	12289M001	2020-07-08 17:00:00.0	52.15744	22.29422	201.98	172.46	2,398.1	1.1	-1.86	-0.66	0.15	0.17
SIED	12289M001	2020-07-08 17:30:00.0	52.15744	22.29422	201.98	172.46	2,388.2	1	-1.83	0.5	0.14	0.16
SIED	12289M001	2020-07-08 18:00:00.0	52.15744	22.29422	201.985	172.465	2,393.1	1.2	-1.35	-0.41	0.18	0.17
SIED	12289M001	2020-07-08 18:30:00.0	52.15744	22.29422	201.985	172.465	2,390.5	1.2	-1.27	-0.01	0.16	0.16
SIPC	12290M001	2020-07-08 08:30:00.0	52.85697	19.66269	163.154	132.548	2,384.7	1.2	-1.39	1.4	0.16	0.17
SIPC	12290M001	2020-07-08 09:00:00.0	52.85697	19.66269	163.157	132.551	2,391.8	1.1	0.25	0.41	0.15	0.15
SIPC	12290M001	2020-07-08 09:30:00.0	52.85697	19.66269	163.157	132.551	2,389.9	1.2	-1.68	0.18	0.16	0.16
SIPC	12290M001	2020-07-08 10:00:00.0	52.85697	19.66269	163.149	132.543	2,398.6	1	-1.12	0.51	0.13	0.16
SIPC	12290M001	2020-07-08 10:30:00.0	52.85697	19.66269	163.149	132.543	2,390.8	1.2	-0.71	-0.22	0.15	0.17
SIPC	12290M001	2020-07-08 11:00:00.0	52.85697	19.66269	163.149	132.543	2,388.5	1	-2.17	-0.39	0.18	0.1
SIPC	12290M001	2020-07-08 11:30:00.0	52.85697	19.66269	163.149	132.543	2,385.2	1.2	-1.25	0.92	0.21	0.16
SIPC	12290M001	2020-07-08 12:00:00.0	52.85697	19.66269	163.152	132.546	2,386.2	1.1	-1.48	1.33	0.13	0.12
SIPC	12290M001	2020-07-08 12:30:00.0	52.85697	19.66269	163.152	132.546	2,383.7	1	-1.91	0.63	0.12	0.12
SIPC	12290M001	2020-07-08 13:00:00.0	52.85697	19.66269	163.155	132.549	2,385.4	0.9	-1.59	-0.38	0.09	0.11
SIPC	12290M001	2020-07-08 13:30:00.0	52.85697	19.66269	163.155	132.549	2,380.1	1	-0.68	-0.63	0.12	0.15
SIPC	12290M001	2020-07-08 14:00:00.0	52.85697	19.66269	163.156	132.55	2,383	1	-0.62	0.05	0.15	0.14
SIPC	12290M001	2020-07-08 14:30:00.0	52.85697	19.66269	163.156	132.55	2,382	1.2	-1.29	0.13	0.19	0.17
SIPC	12290M001	2020-07-08 15:00:00.0	52.85697	19.66269	163.158	132.552	2,386.2	1.1	-1.29	0.33	0.14	0.14
SIPC	12290M001	2020-07-08 15:30:00.0	52.85697	19.66269	163.158	132.552	2,384	1.1	-1.33	0.39	0.15	0.15
SIPC	12290M001	2020-07-08 16:00:00.0	52.85697	19.66269	163.155	132.549	2,379.6	1	-0.73	0.04	0.12	0.14
SIPC	12290M001	2020-07-08 16:30:00.0	52.85697	19.66269	163.155	132.549	2,379.4	1.2	-1.06	-0.21	0.16	0.2
SIPC	12290M001	2020-07-08 17:00:00.0	52.85697	19.66269	163.152	132.546	2,387.6	0.9	-1.57	-0.22	0.12	0.13
SIPC	12290M001	2020-07-08 17:30:00.0	52.85697	19.66269	163.152	132.546	2,386	1	-1.49	-0.81	0.12	0.13
SIPC	12290M001	2020-07-08 18:00:00.0	52.85697	19.66269	163.148	132.542	2,392.9	1.1	-0.75	-0.57	0.17	0.16
SIPC	12290M001	2020-07-08 18:30:00.0	52.85697	19.66269	163.148	132.542	2,388.3	1.1	-0.38	-0.16	0.16	0.16
SMID	10114M001	2020-07-08 09:00:00.0	55.64064	9.55931	122.837	82.581	2,376.9	1.4	-0.56	0	0.18	0.18
SMID	10114M001	2020-07-08 09:30:00.0	55.64064	9.55931	122.837	82.581	2,375.9	1.5	-0.46	0.55	0.19	0.2
SMID	10114M001	2020-07-08 10:00:00.0	55.64064	9.55931	122.831	82.575	2,387.5	1.3	0.53	0.25	0.22	0.28
SMID	10114M001	2020-07-08 13:00:00.0	55.64064	9.55931	122.833	82.577	2,379.4	1.9	-1.15	-0.64	0.33	0.25
SMID	10114M001	2020-07-08 13:30:00.0	55.64064	9.55931	122.833	82.577	2,378.6	1.8	-1.33	-0.37	0.25	0.28
SMID	10114M001	2020-07-08 14:00:00.0	55.64064	9.55931	122.822	82.566	2,380.6	1.6	0.24	-0.49	0.21	0.21
SMID	10114M001	2020-07-08 14:30:00.0	55.64064	9.55931	122.822	82.566	2,382.4	1.8	0.34	-0.22	0.25	0.23
SMID	10114M001	2020-07-08 15:00:00.0	55.64064	9.55931	122.833	82.577	2,377.4	1.6	0.13	0.36	0.19	0.19
SMID	10114M001	2020-07-08 15:30:00.0	55.64064	9.55931	122.833	82.577	2,376.8	1.7	0.42	-0.28	0.22	0.22
SMID	10114M001	2020-07-08 16:00:00.0	55.64064	9.55931	122.831	82.575	2,378	1.5	-0.13	0.19	0.18	0.19
SMID	10114M001	2020-07-08 16:30:00.0	55.64064	9.55931	122.831	82.575	2,374.3	1.6	-0.86	-0.33	0.23	0.24
SMID	10114M001	2020-07-08 17:00:00.0	55.64064	9.55931	122.833	82.577	2,377.8	1.3	-0.93	-0.48	0.15	0.21
SMID	10114M001	2020-07-08 17:30:00.0	55.64064	9.55931	122.833	82.577	2,375.3	1.4	-0.3	-0.98	0.16	0.24
SMID	10114M001	2020-07-08 18:00:00.0	55.64064	9.55931	122.829	82.573	2,374.9	1.5	-0.48	-0.33	0.18	0.22
SMID	10114M001	2020-07-08 18:30:00.0	55.64064	9.55931	122.829	82.573	2,378.2	1.5	-0.59	-0.68	0.17	0.23
SMLA	15503M001	2020-07-08 08:30:00.0	49.20164	31.86631	183.064	159.572	2,417.7	1.3	0.93	-1.1	0.16	0.17
SMLA	15503M001	2020-07-08 09:00:00.0	49.20164	31.86631	183.063	159.571	2,425.3	1	1.67	-1.28	0.12	0.14
SMLA	15503M001	2020-07-08 09:30:00.0	49.20164	31.86631	183.063	159.571	2,415.7	1.1	1.2	-1.99	0.17	0.17
SMLA	15503M001	2020-07-08 10:00:00.0	49.20164	31.86631	183.06	159.568	2,426.6	0.9	0.54	-0.85	0.12	0.11
SMLA	15503M001	2020-07-08 10:30:00.0	49.20164	31.86631	183.06	159.568	2,431.7	1.3	0.89	-1.43	0.18	0.21
SMLA	15503M001	2020-07-08 11:00:00.0	49.20164	31.86631	183.053	159.561	2,435.7	2.1	0.5	-0.48	0.28	0.3
SMLA	15503M001	2020-07-08 11:30:00.0	49.20164	31.86631	183.053	159.561	2,429.9	2.3	1.35	-0.24	0.3	0.32
SMLA	15503M001	2020-07-08 12:00:00.0	49.20164	31.86631	183.059	159.567	2,421	1.4	0.81	1.62	0.18	0.2
SMLA	15503M001	2020-07-08 12:30:00.0	49.20164	31.86631	183.059	159.567	2,421.9	1.4	-0.61	0.79	0.16	0.18
SMLA	15503M001	2020-07-08 13:00:00.0	49.20164	31.86631	183.063	159.571	2,414	1.3	-0.93	0.88	0.15	0.16
SMLA	15503M001	2020-07-08 13:30:00.0	49.20164	31.86631	183.063	159.571	2,393.4	1.4	-1.21	2.58	0.18	0.15
SMLA	15503M001	2020-07-08 14:00:00.0	49.20164	31.86631	183.072	159.58	2,383.9	1.4	-0.72	1.75	0.17	0.16
SMLA	15503M001	2020-07-08 14:30:00.0	49.20164	31.86631	183.072	159.58	2,375.8	1.5	-1.2	-0.25	0.23	0.18
SMLA	15503M001	2020-07-08 15:00:00.0	49.20164	31.86631	183.075	159.583	2,370.7	1.4	-0.86	-0.72	0.15	0.16
SMLA	15503M001	2020-07-08 15:30:00.0	49.20164	31.86631	183.075	159.583	2,381.2	1.3	-0.8	-1.35	0.12	0.16
SMLA	15503M001	2020-07-08 16:00:00.0	49.20164	31.86631	183.075	159.583	2,377.3	1.2	-0.86	-1.54	0.13	0.15
SMLA	15503M001	2020-07-08 16:30:00.0	49.20164	31.86631	183.075	159.583	2,377.9	1.4	0.02	-1.33	0.14	0.23
SMLA	15503M001	2020-07-08 17:00:00.0	49.20164	31.86631	183.075	159.583	2,383.8	1.2	-0.82	-0.72	0.17	0.19
SMLA	15503M001	2020-07-08 17:30:00.0	49.20164	31.86631	183.075	159.583	2,378.4	1.2	-0.78	0.19	0.14	0.17
SMLA	15503M001	2020-07-08 18:00:00.0	49.20164	31.86631	183.069	159.577	2,381.7	1.2	-0.72	0.92	0.17	0.14
SMLA	15503M001	2020-07-08 18:30:00.0	49.20164	31.86631	183.069	159.577	2,382.8	1.2	-0.82	0.47	0.2	0.15
SOKL	12292M001	2020-07-08 08:30:00.0	53.40856	23.49575	222.216	194.345	2,375.2	1.4	-0.88	0.02	0.2	0.23
SOKL	12292M001	2020-07-08 09:00:00.0	53.40856	23.49575	222.225	194.354	2,376.6	1.3	-0.73	-0.62	0.21	0.2
SOKL	12292M001	2020-07-08 09:30:00.0	53.40856	23.49575	222.225	194.354	2,379.6	1.4	-0.89	-1.06	0.22	0.21
SOKL	12292M001	2020-07-08 10:00:00.0	53.40856	23.49575	222.219	194.348	2,395.3	1.1	-1.13	-0.43	0.18	0.18
SOKL	12292M001	2020-07-08 10:30:00.0	53.40856	23.49575	222.219	194.348	2,396.4	1.5	-0.7	-1.25	0.23	0.26
SOKL	12292M001	2020-07-08 11:00:00.0	53.40856	23.49575	222.218	194.347	2,387.6	1.2	-0.68	1.38	0.23	0.18
SOKL	12292M001	2020-07-08 11:30:00.0	53.40856	23.49575	222.218	194.347	2,384.5	1.6	-1.3	2.11	0.28	0.27
SOKL	12292M001	2020-07-08 12:00:00.0	53.40856	23.49575	222.23	194.359	2,376.1	1.6	-3	2.19	0.23	0.24
SOKL	12292M001	2020-07-08 12:30:00.0	53.40856	23.49575	222.23	194.359	2,374.7	1.6	-2.45	1.73	0.25	0.24
SOKL	12292M001	2020-07-08 13:00:00.0	53.40856	23.49575	222.234	194.363	2,376	1.3	-2.29	0.88	0.2	0.19
SOKL	12292M001	2020-07-08 13:30:00.0	53.40856	23.49575	222.234	194.363	2,363.9	1.6	-2.46	0.78	0.26	0.25
SOKL	12292M001	2020-07-08 14:00:00.0	53.40856	23.49575	222.227	194.356	2,368.9	1.4	-2.14	1.01	0.23	0.21
SOKL	12292M001	2020-07-08 14:30:00.0	53.40856	23.49575	222.227	194.356	2,370.4	1.7	-2.38	0.72	0.29	0.26
SOKL	12292M001	2020-07-08 15:00:00.0	53.40856	23.49575	222.224	194.353	2,374.6	1.3	-1.45	-0.42	0.19	0.19
SOKL	12292M001	2020-07-08 15:30:00.0	53.40856	23.49575	222.224	194.353	2,375.4	1.2	-1.26	0.13	0.21	0.19
SOKL	12292M001	2020-07-08 16:00:00.0	53.40856	23.49575	222.22	194.349	2,377.1	1.3	-0.5	0.04	0.19	0.23
SOKL	12292M001	2020-07-08 16:30:00.0	53.40856	23.49575	222.22	194.349	2,374.5	1.6	-1.02	0.8	0.22	0.32
SOKL	12292M001	2020-07-08 17:00:00.0	53.40856	23.49575	222.219	194.348	2,362.8	1.4	-0.2	1.95	0.2	0.25
SOKL	12292M001	2020-07-08 17:30:00.0	53.40856	23.49575	222.219	194.348	2,365.4	1.4	-0.54	0.71	0.21	0.26
SOKL	12292M001	2020-07-08 18:00:00.0	53.40856	23.49575	222.218	194.347	2,370.2	1.2	0.15	0.27	0.18	0.17
SOKL	12292M001	2020-07-08 18:30:00.0	53.40856	23.49575	222.218	194.347	2,376.8	1.2	-0.21	0.46	0.19	0.18
STA3	NDNT-STAS	2020-07-08 08:30:00.0	50.56283	21.18192	257.515	221.164	2,385.6	1.1	-1.01	0.45	0.13	0.14
STA3	NDNT-STAS	2020-07-08 09:00:00.0	50.56283	21.18192	257.517	221.166	2,393	1.2	-1.42	-1.4	0.13	0.14
STA3	NDNT-STAS	2020-07-08 09:30:00.0	50.56283	21.18192	257.517	221.166	2,393.3	1.2	-1.13	-0.05	0.15	0.14
STA3	NDNT-STAS	2020-07-08 10:00:00.0	50.56283	21.18192	257.514	221.163	2,404.3	1	-0.4	-0.2	0.11	0.12
STA3	NDNT-STAS	2020-07-08 10:30:00.0	50.56283	21.18192	257.514	221.163	2,399.8	1.2	0.19	-0.64	0.16	0.14
STA3	NDNT-STAS	2020-07-08 11:00:00.0	50.56283	21.18192	257.517	221.166	2,404.6	1.2	-1.03	-0.7	0.18	0.12
STA3	NDNT-STAS	2020-07-08 11:30:00.0	50.56283	21.18192	257.517	221.166	2,396.8	1.4	0.28	0.19	0.23	0.15
STA3	NDNT-STAS	2020-07-08 12:00:00.0	50.56283	21.18192	257.514	221.163	2,400.2	1.2	-0.72	-0.79	0.17	0.14
STA3	NDNT-STAS	2020-07-08 12:30:00.0	50.56283	21.18192	257.514	221.163	2,406.8	1.2	-0.68	-0.13	0.14	0.17
STA3	NDNT-STAS	2020-07-08 13:00:00.0	50.56283	21.18192	257.516	221.165	2,409	1.1	-0.66	-0.11	0.15	0.11
STA3	NDNT-STAS	2020-07-08 13:30:00.0	50.56283	21.18192	257.516	221.165	2,410.2	1.2	-1.12	-0.78	0.16	0.18
STA3	NDNT-STAS	2020-07-08 14:00:00.0	50.56283	21.18192	257.521	221.17	2,411.7	1.2	-0.54	0.16	0.18	0.17
STA3	NDNT-STAS	2020-07-08 14:30:00.0	50.56283	21.18192	257.521	221.17	2,417.1	1.4	-0.94	0.31	0.24	0.2
STA3	NDNT-STAS	2020-07-08 15:00:00.0	50.56283	21.18192	257.52	221.169	2,418.5	1.1	-0.32	0.07	0.13	0.12
STA3	NDNT-STAS	2020-07-08 15:30:00.0	50.56283	21.18192	257.52	221.169	2,414.4	1.1	-0.09	0.5	0.11	0.12
STA3	NDNT-STAS	2020-07-08 16:00:00.0	50.56283	21.18192	257.52	221.169	2,406	0.9	-1.55	-0.36	0.1	0.1
STA3	NDNT-STAS	2020-07-08 16:30:00.0	50.56283	21.18192	257.52	221.169	2,414.7	1.1	-1.79	-0.02	0.12	0.16
STA3	NDNT-STAS	2020-07-08 17:00:00.0	50.56283	21.18192	257.518	221.167	2,428.2	0.9	-1.59	-0.19	0.12	0.13
STA3	NDNT-STAS	2020-07-08 17:30:00.0	50.56283	21.18192	257.518	221.167	2,426.1	0.9	-1.4	-1	0.1	0.12
STA3	NDNT-STAS	2020-07-08 18:00:00.0	50.56283	21.18192	257.514	221.163	2,431.7	1.2	-1.7	-0.99	0.15	0.15
STA3	NDNT-STAS	2020-07-08 18:30:00.0	50.56283	21.18192	257.514	221.163	2,429.2	1.2	-0.64	-0.72	0.16	0.14
STAL	NDNT-STAL	2020-07-08 08:30:00.0	50.56822	22.04811	210.529	175.479	2,394.1	1.1	-0.24	-0.39	0.13	0.14
STAL	NDNT-STAL	2020-07-08 09:00:00.0	50.56822	22.04811	210.522	175.472	2,408.7	1.4	-0.62	-0.58	0.17	0.18
STAL	NDNT-STAL	2020-07-08 09:30:00.0	50.56822	22.04811	210.522	175.472	2,406.4	1.5	-1.01	0.66	0.19	0.18
STAL	NDNT-STAL	2020-07-08 10:00:00.0	50.56822	22.04811	210.528	175.478	2,406.3	1.3	-0.96	0.67	0.15	0.15
STAL	NDNT-STAL	2020-07-08 10:30:00.0	50.56822	22.04811	210.528	175.478	2,404	1.7	-0.7	0.26	0.24	0.19
STAL	NDNT-STAL	2020-07-08 11:00:00.0	50.56822	22.04811	210.531	175.481	2,411.9	1.3	-0.75	-0.24	0.24	0.14
STAL	NDNT-STAL	2020-07-08 11:30:00.0	50.56822	22.04811	210.531	175.481	2,414	1.6	-0.64	-0.41	0.28	0.19
STAL	NDNT-STAL	2020-07-08 12:00:00.0	50.56822	22.04811	210.531	175.481	2,407.9	1.2	-1.22	-0.84	0.18	0.14
STAL	NDNT-STAL	2020-07-08 12:30:00.0	50.56822	22.04811	210.531	175.481	2,418	1.2	-0.71	-0.2	0.14	0.17
STAL	NDNT-STAL	2020-07-08 13:00:00.0	50.56822	22.04811	210.533	175.483	2,415.1	1	-0.37	-0.19	0.13	0.11
STAL	NDNT-STAL	2020-07-08 13:30:00.0	50.56822	22.04811	210.533	175.483	2,414.6	1.2	-0.75	-0.95	0.15	0.17
STAL	NDNT-STAL	2020-07-08 14:00:00.0	50.56822	22.04811	210.547	175.497	2,416.2	1.1	-0.52	-0.42	0.15	0.13
STAL	NDNT-STAL	2020-07-08 14:30:00.0	50.56822	22.04811	210.547	175.497	2,420.7	1.3	0.19	-0.61	0.2	0.16
STAL	NDNT-STAL	2020-07-08 15:00:00.0	50.56822	22.04811	210.544	175.494	2,427.7	1.3	-0.83	0.56	0.17	0.15
STAL	NDNT-STAL	2020-07-08 15:30:00.0	50.56822	22.04811	210.544	175.494	2,429.6	1.2	-0.53	-0.29	0.14	0.14
STAL	NDNT-STAL	2020-07-08 16:00:00.0	50.56822	22.04811	210.542	175.492	2,432.2	1.1	-0.81	0.3	0.13	0.13
STAL	NDNT-STAL	2020-07-08 16:30:00.0	50.56822	22.04811	210.542	175.492	2,423.2	1.2	-1.43	-0.46	0.15	0.23
STAL	NDNT-STAL	2020-07-08 17:00:00.0	50.56822	22.04811	210.54	175.49	2,432.7	1.1	-0.26	-1.06	0.14	0.16
STAL	NDNT-STAL	2020-07-08 17:30:00.0	50.56822	22.04811	210.54	175.49	2,431	1	-0.21	-0.84	0.12	0.15
STAL	NDNT-STAL	2020-07-08 18:00:00.0	50.56822	22.04811	210.542	175.492	2,442.2	1.1	-0.53	-0.61	0.13	0.12
STAL	NDNT-STAL	2020-07-08 18:30:00.0	50.56822	22.04811	210.542	175.492	2,442.2	1.1	-1.75	-0.72	0.13	0.12
STRG	18994M001	2020-07-08 08:30:00.0	53.96631	18.53	136.273	106.865	2,388.6	1.1	-0.79	0.29	0.14	0.15
STRG	18994M001	2020-07-08 09:00:00.0	53.96631	18.53	136.275	106.867	2,390.6	1.1	-1.47	1.16	0.14	0.15
STRG	18994M001	2020-07-08 09:30:00.0	53.96631	18.53	136.275	106.867	2,381.6	1.1	-1.96	0.34	0.16	0.14
STRG	18994M001	2020-07-08 10:00:00.0	53.96631	18.53	136.268	106.86	2,389.8	0.9	-0.45	-0.32	0.12	0.13
STRG	18994M001	2020-07-08 10:30:00.0	53.96631	18.53	136.268	106.86	2,375.7	1.1	0.39	1.07	0.13	0.16
STRG	18994M001	2020-07-08 11:00:00.0	53.96631	18.53	136.263	106.855	2,390.3	1	0.48	-0.76	0.17	0.1
STRG	18994M001	2020-07-08 11:30:00.0	53.96631	18.53	136.263	106.855	2,396.6	1.2	-1.82	0.69	0.21	0.17
STRG	18994M001	2020-07-08 12:00:00.0	53.96631	18.53	136.265	106.857	2,387	1.3	-0.83	0.36	0.17	0.17
STRG	18994M001	2020-07-08 12:30:00.0	53.96631	18.53	136.265	106.857	2,385	1.3	-0.38	-0.19	0.18	0.16
STRG	18994M001	2020-07-08 13:00:00.0	53.96631	18.53	136.265	106.857	2,389	1	-0.74	-0.39	0.12	0.15
STRG	18994M001	2020-07-08 13:30:00.0	53.96631	18.53	136.265	106.857	2,397.8	1.1	-1.23	-0.73	0.15	0.22
STRG	18994M001	2020-07-08 14:00:00.0	53.96631	18.53	136.255	106.847	2,391.1	1.1	-1.99	-0.01	0.17	0.16
STRG	18994M001	2020-07-08 14:30:00.0	53.96631	18.53	136.255	106.847	2,388	1.2	-3.22	1.56	0.21	0.19
STRG	18994M001	2020-07-08 15:00:00.0	53.96631	18.53	136.257	106.849	2,391.2	1.2	-1.54	1.16	0.14	0.16
STRG	18994M001	2020-07-08 15:30:00.0	53.96631	18.53	136.257	106.849	2,398.4	1.3	-1.56	0.43	0.17	0.17
STRG	18994M001	2020-07-08 16:00:00.0	53.96631	18.53	136.267	106.859	2,387.1	1	-1.09	-0.13	0.11	0.14
STRG	18994M001	2020-07-08 16:30:00.0	53.96631	18.53	136.267	106.859	2,383.6	1.2	0.13	0.23	0.16	0.19
STRG	18994M001	2020-07-08 17:00:00.0	53.96631	18.53	136.268	106.86	2,380.3	1.1	-0.52	0.83	0.14	0.16
STRG	18994M001	2020-07-08 17:30:00.0	53.96631	18.53	136.268	106.86	2,380.3	1.1	-0.57	0.21	0.12	0.17
STRG	18994M001	2020-07-08 18:00:00.0	53.96631	18.53	136.264	106.856	2,381	1	-0.85	-0.21	0.15	0.15
STRG	18994M001	2020-07-08 18:30:00.0	53.96631	18.53	136.264	106.856	2,384.5	1	-0.78	0.29	0.13	0.13
STRW	NDNT-STRW	2020-07-08 08:30:00.0	49.86972	21.78831	286.868	251.117	2,371.3	1.3	0.8	0.03	0.13	0.18
STRW	NDNT-STRW	2020-07-08 09:00:00.0	49.86972	21.78831	286.874	251.123	2,375.7	1.3	0.12	0.08	0.15	0.17
STRW	NDNT-STRW	2020-07-08 09:30:00.0	49.86972	21.78831	286.874	251.123	2,388.7	1.4	-0.29	-0.47	0.18	0.16
STRW	NDNT-STRW	2020-07-08 10:00:00.0	49.86972	21.78831	286.868	251.117	2,394.8	1.2	-0.3	0.32	0.14	0.16
STRW	NDNT-STRW	2020-07-08 10:30:00.0	49.86972	21.78831	286.868	251.117	2,394	1.6	-0.52	-0.01	0.22	0.21
STRW	NDNT-STRW	2020-07-08 11:00:00.0	49.86972	21.78831	286.87	251.119	2,390.3	1.4	0.17	-0.68	0.23	0.15
STRW	NDNT-STRW	2020-07-08 11:30:00.0	49.86972	21.78831	286.87	251.119	2,398.5	1.7	-0.01	-0.19	0.28	0.2
STRW	NDNT-STRW	2020-07-08 12:00:00.0	49.86972	21.78831	286.862	251.111	2,396.7	1.4	-1.34	0.32	0.19	0.17
STRW	NDNT-STRW	2020-07-08 12:30:00.0	49.86972	21.78831	286.862	251.111	2,395.8	1.3	-0.9	0.91	0.15	0.19
STRW	NDNT-STRW	2020-07-08 13:00:00.0	49.86972	21.78831	286.863	251.112	2,398.4	1.3	-0.13	-0.5	0.15	0.17
STRW	NDNT-STRW	2020-07-08 13:30:00.0	49.86972	21.78831	286.863	251.112	2,398.9	1.4	-0.66	0.13	0.19	0.21
STRW	NDNT-STRW	2020-07-08 14:00:00.0	49.86972	21.78831	286.865	251.114	2,396.6	1.3	-1.42	0.66	0.19	0.19
STRW	NDNT-STRW	2020-07-08 14:30:00.0	49.86972	21.78831	286.865	251.114	2,401.5	1.7	-1.09	0.42	0.25	0.26
STRW	NDNT-STRW	2020-07-08 15:00:00.0	49.86972	21.78831	286.864	251.113	2,410.2	1.4	-0.43	-1.09	0.16	0.14
STRW	NDNT-STRW	2020-07-08 15:30:00.0	49.86972	21.78831	286.864	251.113	2,411.1	1.3	-0.28	-0.39	0.12	0.14
STRW	NDNT-STRW	2020-07-08 16:00:00.0	49.86972	21.78831	286.863	251.112	2,409.5	1.2	-0.73	-0.22	0.16	0.16
STRW	NDNT-STRW	2020-07-08 16:30:00.0	49.86972	21.78831	286.863	251.112	2,419.6	1.5	-0.62	-0.06	0.18	0.26
STRW	NDNT-STRW	2020-07-08 17:00:00.0	49.86972	21.78831	286.865	251.114	2,420.8	1.2	-1.39	-0.16	0.16	0.17
STRW	NDNT-STRW	2020-07-08 17:30:00.0	49.86972	21.78831	286.865	251.114	2,425.9	1.2	-1	0.52	0.12	0.17
STRW	NDNT-STRW	2020-07-08 18:00:00.0	49.86972	21.78831	286.87	251.119	2,428.2	1.2	-0.88	-0.42	0.14	0.15
STRW	NDNT-STRW	2020-07-08 18:30:00.0	49.86972	21.78831	286.87	251.119	2,431.8	1.3	-1.39	-0.24	0.16	0.15
SULD	10113M001	2020-07-08 08:30:00.0	56.84175	9.74217	120.744	81.965	2,361.9	1.4	-0.36	0.14	0.17	0.21
SULD	10113M001	2020-07-08 09:00:00.0	56.84175	9.74217	120.749	81.97	2,361.3	1.4	-0.29	0.31	0.19	0.18
SULD	10113M001	2020-07-08 09:30:00.0	56.84175	9.74217	120.749	81.97	2,363.4	1.5	-0.79	-0.28	0.19	0.19
SULD	10113M001	2020-07-08 10:00:00.0	56.84175	9.74217	120.749	81.97	2,368.4	1.1	-0.56	0.08	0.14	0.17
SULD	10113M001	2020-07-08 10:30:00.0	56.84175	9.74217	120.749	81.97	2,367.4	1.3	-0.34	0.1	0.15	0.19
SULD	10113M001	2020-07-08 11:00:00.0	56.84175	9.74217	120.736	81.957	2,377.2	1.4	0.47	-0.35	0.2	0.17
SULD	10113M001	2020-07-08 11:30:00.0	56.84175	9.74217	120.736	81.957	2,376.6	1.7	1.03	-0.07	0.26	0.26
SULD	10113M001	2020-07-08 12:00:00.0	56.84175	9.74217	120.743	81.964	2,373.9	1.6	0.29	0.15	0.19	0.2
SULD	10113M001	2020-07-08 12:30:00.0	56.84175	9.74217	120.743	81.964	2,372.6	1.6	-0.55	0.07	0.19	0.21
SULD	10113M001	2020-07-08 13:00:00.0	56.84175	9.74217	120.74	81.961	2,376.5	1.4	-0.51	-0.4	0.16	0.17
SULD	10113M001	2020-07-08 13:30:00.0	56.84175	9.74217	120.74	81.961	2,376.8	1.6	-0.7	-0.37	0.19	0.21
SULD	10113M001	2020-07-08 14:00:00.0	56.84175	9.74217	120.736	81.957	2,376.4	1.4	-0.79	-0.25	0.2	0.19
SULD	10113M001	2020-07-08 14:30:00.0	56.84175	9.74217	120.736	81.957	2,371.9	1.6	-0.6	-0.28	0.24	0.2
SULD	10113M001	2020-07-08 15:00:00.0	56.84175	9.74217	120.737	81.958	2,369.1	1.6	-0.73	-0.18	0.18	0.19
SULD	10113M001	2020-07-08 15:30:00.0	56.84175	9.74217	120.737	81.958	2,367.7	1.6	-0.26	0.45	0.21	0.23
SULD	10113M001	2020-07-08 16:00:00.0	56.84175	9.74217	120.737	81.958	2,364.7	1.5	-0.14	0.11	0.17	0.18
SULD	10113M001	2020-07-08 16:30:00.0	56.84175	9.74217	120.737	81.958	2,364.1	1.6	-0.15	0.1	0.21	0.23
SULD	10113M001	2020-07-08 17:00:00.0	56.84175	9.74217	120.741	81.962	2,364.1	1.3	-0.88	-0.04	0.15	0.22
SULD	10113M001	2020-07-08 17:30:00.0	56.84175	9.74217	120.741	81.962	2,362.6	1.4	-0.93	-0.13	0.15	0.24
SULD	10113M001	2020-07-08 18:00:00.0	56.84175	9.74217	120.741	81.962	2,365.6	1.5	-0.65	-0.58	0.18	0.23
SULD	10113M001	2020-07-08 18:30:00.0	56.84175	9.74217	120.741	81.962	2,366.2	1.5	-0.76	-0.68	0.18	0.23
SWIB	12293M001	2020-07-08 08:30:00.0	52.24792	15.53631	132	93.691	2,424.4	1.3	-1.77	0.06	0.14	0.18
SWIB	12293M001	2020-07-08 09:00:00.0	52.24792	15.53631	131.999	93.69	2,426.9	1.2	-2.69	0.02	0.15	0.16
SWIB	12293M001	2020-07-08 09:30:00.0	52.24792	15.53631	131.999	93.69	2,422.2	1.2	-2.82	0.03	0.16	0.17
SWIB	12293M001	2020-07-08 10:00:00.0	52.24792	15.53631	131.999	93.69	2,427.2	1	-2.87	-0.05	0.12	0.15
SWIB	12293M001	2020-07-08 10:30:00.0	52.24792	15.53631	131.999	93.69	2,425.1	1.2	-2.58	-0.17	0.18	0.17
SWIB	12293M001	2020-07-08 11:00:00.0	52.24792	15.53631	131.996	93.687	2,426.9	1.2	-1.82	-0.7	0.22	0.13
SWIB	12293M001	2020-07-08 11:30:00.0	52.24792	15.53631	131.996	93.687	2,426.6	1.7	-1.93	-0.52	0.28	0.23
SWIB	12293M001	2020-07-08 12:00:00.0	52.24792	15.53631	132.001	93.692	2,415.5	1.5	-2.33	-0.3	0.21	0.19
SWIB	12293M001	2020-07-08 12:30:00.0	52.24792	15.53631	132.001	93.692	2,415.8	1.4	-1.7	-0.44	0.21	0.21
SWIB	12293M001	2020-07-08 13:00:00.0	52.24792	15.53631	131.998	93.689	2,425.6	1.2	-0.96	-0.43	0.14	0.18
SWIB	12293M001	2020-07-08 13:30:00.0	52.24792	15.53631	131.998	93.689	2,425.7	1.4	-1.29	-0.35	0.24	0.27
SWIB	12293M001	2020-07-08 14:00:00.0	52.24792	15.53631	131.995	93.686	2,428	1.2	-1.61	-0.03	0.19	0.18
SWIB	12293M001	2020-07-08 14:30:00.0	52.24792	15.53631	131.995	93.686	2,431.1	1.4	-1.38	0.47	0.24	0.22
SWIB	12293M001	2020-07-08 15:00:00.0	52.24792	15.53631	131.997	93.688	2,431.5	1.5	-1.07	0.13	0.21	0.21
SWIB	12293M001	2020-07-08 15:30:00.0	52.24792	15.53631	131.997	93.688	2,427.7	1.5	-1.5	0.07	0.22	0.22
SWIB	12293M001	2020-07-08 16:00:00.0	52.24792	15.53631	132.001	93.692	2,423.1	1.1	-1.05	1.09	0.15	0.16
SWIB	12293M001	2020-07-08 16:30:00.0	52.24792	15.53631	132.001	93.692	2,414.8	1.2	-1.41	0.74	0.19	0.18
SWIB	12293M001	2020-07-08 17:00:00.0	52.24792	15.53631	132.003	93.694	2,417.2	1.4	-1.23	0.5	0.2	0.23
SWIB	12293M001	2020-07-08 17:30:00.0	52.24792	15.53631	132.003	93.694	2,412.5	1.4	-1.59	0.78	0.21	0.26
SWIB	12293M001	2020-07-08 18:00:00.0	52.24792	15.53631	132.004	93.695	2,411.8	1.2	-0.22	0.16	0.18	0.18
SWIB	12293M001	2020-07-08 18:30:00.0	52.24792	15.53631	132.004	93.695	2,410.9	1.2	0.05	-0.23	0.16	0.18
SWKI	12228M001	2020-07-08 08:30:00.0	54.09861	22.92822	215.93	188.535	2,371	1.7	-0.61	-0.07	0.21	0.24
SWKI	12228M001	2020-07-08 09:00:00.0	54.09861	22.92822	215.928	188.533	2,378.1	1.8	-1.03	0.22	0.22	0.26
SWKI	12228M001	2020-07-08 10:00:00.0	54.09861	22.92822	215.928	188.533	2,387.5	1.4	-0.89	0.74	0.19	0.19
SWKI	12228M001	2020-07-08 10:30:00.0	54.09861	22.92822	215.928	188.533	2,388	1.3	-0.71	0.91	0.15	0.18
SWKI	12228M001	2020-07-08 11:00:00.0	54.09861	22.92822	215.919	188.524	2,381	2.3	-0.77	0.76	0.31	0.33
SZE2	12294M001	2020-07-08 08:30:00.0	53.70019	16.70139	193.735	160.985	2,363.5	1.2	-0.85	-0.19	0.16	0.16
SZE2	12294M001	2020-07-08 09:00:00.0	53.70019	16.70139	193.741	160.991	2,365.7	1.1	-0.86	-0.02	0.17	0.16
SZE2	12294M001	2020-07-08 09:30:00.0	53.70019	16.70139	193.741	160.991	2,362.7	1.1	-1.34	0.56	0.16	0.15
SZE2	12294M001	2020-07-08 10:00:00.0	53.70019	16.70139	193.74	160.99	2,364.8	0.9	-0.53	-0.22	0.13	0.15
SZE2	12294M001	2020-07-08 10:30:00.0	53.70019	16.70139	193.74	160.99	2,369.8	1.1	-0.63	-0.05	0.14	0.18
SZE2	12294M001	2020-07-08 11:00:00.0	53.70019	16.70139	193.735	160.985	2,369.1	1.2	-0.38	-0.06	0.21	0.13
SZE2	12294M001	2020-07-08 11:30:00.0	53.70019	16.70139	193.735	160.985	2,371.4	1.5	-0.74	-0.23	0.26	0.22
SZE2	12294M001	2020-07-08 12:00:00.0	53.70019	16.70139	193.744	160.994	2,365.3	1.6	-0.49	-0.72	0.23	0.22
SZE2	12294M001	2020-07-08 12:30:00.0	53.70019	16.70139	193.744	160.994	2,366.6	1.6	-0.52	-0.43	0.26	0.24
SZE2	12294M001	2020-07-08 13:00:00.0	53.70019	16.70139	193.746	160.996	2,367.8	1.3	0.71	-0.86	0.21	0.21
SZE2	12294M001	2020-07-08 13:30:00.0	53.70019	16.70139	193.746	160.996	2,369.4	1.4	0.7	0.32	0.23	0.25
SZE2	12294M001	2020-07-08 14:00:00.0	53.70019	16.70139	193.741	160.991	2,374.6	1.2	-1.33	0.08	0.19	0.17
SZE2	12294M001	2020-07-08 14:30:00.0	53.70019	16.70139	193.741	160.991	2,369.4	1.3	-0.43	0.47	0.22	0.2
SZE2	12294M001	2020-07-08 15:00:00.0	53.70019	16.70139	193.742	160.992	2,371.1	1.2	-0.58	-0.11	0.16	0.15
SZE2	12294M001	2020-07-08 15:30:00.0	53.70019	16.70139	193.742	160.992	2,374.2	1.3	-0.45	0.31	0.2	0.18
SZE2	12294M001	2020-07-08 16:00:00.0	53.70019	16.70139	193.746	160.996	2,368.3	1.1	-0.44	0.31	0.15	0.17
SZE2	12294M001	2020-07-08 16:30:00.0	53.70019	16.70139	193.746	160.996	2,368.2	1.3	-0.03	0.28	0.19	0.24
SZE2	12294M001	2020-07-08 17:00:00.0	53.70019	16.70139	193.751	161.001	2,373.9	1.3	0	-0.27	0.17	0.21
SZE2	12294M001	2020-07-08 17:30:00.0	53.70019	16.70139	193.751	161.001	2,373.6	1.4	-0.7	-0.96	0.19	0.24
SZE2	12294M001	2020-07-08 18:00:00.0	53.70019	16.70139	193.749	160.999	2,371.4	1	-0.34	-0.67	0.14	0.14
SZE2	12294M001	2020-07-08 18:30:00.0	53.70019	16.70139	193.749	160.999	2,372	1	-0.7	-0.65	0.12	0.14
TABG	12295M001	2020-07-08 08:30:00.0	50.57097	21.67119	214.736	179.199	2,402.6	1.2	-0.56	-0.27	0.15	0.15
TABG	12295M001	2020-07-08 09:00:00.0	50.57097	21.67119	214.729	179.192	2,408.2	1.5	-1.19	-0.13	0.19	0.19
TABG	12295M001	2020-07-08 09:30:00.0	50.57097	21.67119	214.729	179.192	2,403.5	1.5	-0.72	-0.34	0.2	0.2
TABG	12295M001	2020-07-08 10:00:00.0	50.57097	21.67119	214.732	179.195	2,410.6	1.3	-0.48	-0.36	0.15	0.16
TABG	12295M001	2020-07-08 10:30:00.0	50.57097	21.67119	214.732	179.195	2,408.3	1.8	-0.49	-1.22	0.25	0.23
TABG	12295M001	2020-07-08 11:00:00.0	50.57097	21.67119	214.735	179.198	2,412.1	1.5	0.25	-1.22	0.25	0.17
TABG	12295M001	2020-07-08 11:30:00.0	50.57097	21.67119	214.735	179.198	2,412.9	1.8	-0.1	-1.31	0.31	0.21
TABG	12295M001	2020-07-08 12:00:00.0	50.57097	21.67119	214.732	179.195	2,414	1.4	-0.58	-0.48	0.2	0.18
TABG	12295M001	2020-07-08 12:30:00.0	50.57097	21.67119	214.732	179.195	2,407.8	1.3	-0.68	-0.54	0.19	0.2
TABG	12295M001	2020-07-08 13:00:00.0	50.57097	21.67119	214.733	179.196	2,411.2	1.2	-0.93	-0.35	0.17	0.14
TABG	12295M001	2020-07-08 13:30:00.0	50.57097	21.67119	214.733	179.196	2,413.1	1.3	-1.27	-0.16	0.2	0.21
TABG	12295M001	2020-07-08 14:00:00.0	50.57097	21.67119	214.734	179.197	2,418.1	1.3	-1.43	0.45	0.19	0.18
TABG	12295M001	2020-07-08 14:30:00.0	50.57097	21.67119	214.734	179.197	2,416.6	1.5	-0.83	-0.01	0.26	0.22
TABG	12295M001	2020-07-08 15:00:00.0	50.57097	21.67119	214.734	179.197	2,426.9	1.4	-0.95	-0.44	0.18	0.16
TABG	12295M001	2020-07-08 15:30:00.0	50.57097	21.67119	214.734	179.197	2,434.5	1.4	-1.08	-0.04	0.15	0.18
TABG	12295M001	2020-07-08 16:00:00.0	50.57097	21.67119	214.734	179.197	2,429.3	1.1	-1.72	0.08	0.15	0.15
TABG	12295M001	2020-07-08 16:30:00.0	50.57097	21.67119	214.734	179.197	2,425.4	1.3	-1.85	0.8	0.18	0.25
TABG	12295M001	2020-07-08 17:00:00.0	50.57097	21.67119	214.733	179.196	2,436.8	1.1	-1.07	-0.6	0.16	0.18
TABG	12295M001	2020-07-08 17:30:00.0	50.57097	21.67119	214.733	179.196	2,439.5	1.1	-0.81	-0.46	0.16	0.19
TABG	12295M001	2020-07-08 18:00:00.0	50.57097	21.67119	214.736	179.199	2,444.5	1.3	-1	-0.37	0.18	0.17
TABG	12295M001	2020-07-08 18:30:00.0	50.57097	21.67119	214.736	179.199	2,446.1	1.3	-1.35	-0.37	0.17	0.17
TAR1	12296M002	2020-07-08 08:30:00.0	50.45164	18.85814	352.074	311.363	2,369.1	1.5	-1.57	-0.39	0.18	0.23
TAR1	12296M002	2020-07-08 09:00:00.0	50.45164	18.85814	352.066	311.355	2,373.3	1.5	-1.19	0.84	0.2	0.21
TAR1	12296M002	2020-07-08 09:30:00.0	50.45164	18.85814	352.066	311.355	2,375.9	1.5	-0.57	0.9	0.2	0.18
TAR1	12296M002	2020-07-08 10:00:00.0	50.45164	18.85814	352.065	311.354	2,380	1.3	-0.9	0.31	0.16	0.18
TAR1	12296M002	2020-07-08 10:30:00.0	50.45164	18.85814	352.065	311.354	2,372.8	1.7	-0.86	0.53	0.26	0.24
TAR1	12296M002	2020-07-08 11:00:00.0	50.45164	18.85814	352.065	311.354	2,379.9	2	-0.19	-0.2	0.33	0.27
TAR1	12296M002	2020-07-08 11:30:00.0	50.45164	18.85814	352.065	311.354	2,382.4	2.3	0.13	0.15	0.4	0.37
TAR1	12296M002	2020-07-08 12:00:00.0	50.45164	18.85814	352.067	311.356	2,385.6	1.7	-0.07	-0.42	0.26	0.22
TAR1	12296M002	2020-07-08 12:30:00.0	50.45164	18.85814	352.067	311.356	2,388.9	1.6	-0.88	-1	0.23	0.26
TAR1	12296M002	2020-07-08 13:00:00.0	50.45164	18.85814	352.068	311.357	2,396.9	1.5	-1.99	-0.13	0.22	0.22
TAR1	12296M002	2020-07-08 13:30:00.0	50.45164	18.85814	352.068	311.357	2,390.8	1.6	-1.41	-0.07	0.25	0.3
TAR1	12296M002	2020-07-08 14:00:00.0	50.45164	18.85814	352.073	311.362	2,400.5	1.5	-0.84	-0.8	0.22	0.23
TAR1	12296M002	2020-07-08 14:30:00.0	50.45164	18.85814	352.073	311.362	2,399	1.7	-0.8	0.1	0.29	0.26
TAR1	12296M002	2020-07-08 15:00:00.0	50.45164	18.85814	352.076	311.365	2,398.9	1.4	-0.95	0.04	0.2	0.19
TAR1	12296M002	2020-07-08 15:30:00.0	50.45164	18.85814	352.076	311.365	2,405.3	1.3	-0.71	-0.36	0.17	0.17
TAR1	12296M002	2020-07-08 16:00:00.0	50.45164	18.85814	352.074	311.363	2,400.5	1.3	-0.86	0.13	0.16	0.17
TAR1	12296M002	2020-07-08 16:30:00.0	50.45164	18.85814	352.074	311.363	2,399.6	1.4	-0.78	0.21	0.17	0.26
TAR1	12296M002	2020-07-08 17:00:00.0	50.45164	18.85814	352.075	311.364	2,404.7	1.2	-0.66	-0.27	0.17	0.21
TAR1	12296M002	2020-07-08 17:30:00.0	50.45164	18.85814	352.075	311.364	2,404	1.2	-0.85	-0.2	0.16	0.24
TAR1	12296M002	2020-07-08 18:00:00.0	50.45164	18.85814	352.076	311.365	2,407.9	1.3	-1.52	-0.54	0.18	0.18
TAR1	12296M002	2020-07-08 18:30:00.0	50.45164	18.85814	352.076	311.365	2,405.4	1.3	-2.25	-0.11	0.18	0.19
TORU	12202M001	2020-07-08 08:30:00.0	53.01839	18.63494	118.376	88.516	2,398.9	1.2	-0.41	0.42	0.15	0.16
TORU	12202M001	2020-07-08 09:00:00.0	53.01839	18.63494	118.378	88.518	2,401.1	1.1	-0.63	-0.02	0.15	0.16
TORU	12202M001	2020-07-08 09:30:00.0	53.01839	18.63494	118.378	88.518	2,402.8	1.1	-1.17	-0.62	0.16	0.16
TORU	12202M001	2020-07-08 10:00:00.0	53.01839	18.63494	118.376	88.516	2,398.4	0.9	-1.45	-0.01	0.12	0.14
TORU	12202M001	2020-07-08 10:30:00.0	53.01839	18.63494	118.376	88.516	2,401	1.1	-1.94	-0.52	0.14	0.16
TORU	12202M001	2020-07-08 11:00:00.0	53.01839	18.63494	118.375	88.515	2,398.7	1.1	-1.63	0.48	0.21	0.12
TORU	12202M001	2020-07-08 11:30:00.0	53.01839	18.63494	118.375	88.515	2,404.9	1.5	-1.47	-0.63	0.26	0.2
TORU	12202M001	2020-07-08 12:00:00.0	53.01839	18.63494	118.384	88.524	2,403.9	1.1	-1.73	0.39	0.14	0.13
TORU	12202M001	2020-07-08 12:30:00.0	53.01839	18.63494	118.384	88.524	2,404.7	1.1	-1.51	0.13	0.13	0.12
TORU	12202M001	2020-07-08 13:00:00.0	53.01839	18.63494	118.379	88.519	2,398.3	0.9	-0.85	0.42	0.11	0.12
TORU	12202M001	2020-07-08 13:30:00.0	53.01839	18.63494	118.379	88.519	2,397.2	1	-1.34	-0.35	0.13	0.18
TORU	12202M001	2020-07-08 14:00:00.0	53.01839	18.63494	118.378	88.518	2,392.2	1.1	-0.56	-0.09	0.17	0.16
TORU	12202M001	2020-07-08 14:30:00.0	53.01839	18.63494	118.378	88.518	2,396.3	1.3	-0.8	-0.05	0.23	0.2
TORU	12202M001	2020-07-08 15:00:00.0	53.01839	18.63494	118.381	88.521	2,392.6	1.1	-0.72	0.49	0.14	0.14
TORU	12202M001	2020-07-08 15:30:00.0	53.01839	18.63494	118.381	88.521	2,397.8	1.2	-0.81	0.3	0.15	0.16
TORU	12202M001	2020-07-08 16:00:00.0	53.01839	18.63494	118.382	88.522	2,388.2	1	-0.56	-0.46	0.13	0.14
TORU	12202M001	2020-07-08 16:30:00.0	53.01839	18.63494	118.382	88.522	2,395.4	1.3	-0.61	-1.1	0.18	0.22
TORU	12202M001	2020-07-08 17:00:00.0	53.01839	18.63494	118.384	88.524	2,397.3	1.6	-1.29	-0.51	0.22	0.23
TORU	12202M001	2020-07-08 17:30:00.0	53.01839	18.63494	118.384	88.524	2,404.6	1.3	-0.8	-0.75	0.18	0.22
TORU	12202M001	2020-07-08 18:00:00.0	53.01839	18.63494	118.376	88.516	2,404.9	1.1	-0.4	-0.06	0.16	0.15
TORU	12202M001	2020-07-08 18:30:00.0	53.01839	18.63494	118.376	88.516	2,401.2	1	-0.44	-0.1	0.14	0.13
TRNW	12230M001	2020-07-08 08:30:00.0	50.01608	20.98414	277.078	239.853	2,387.4	1.2	-0.35	-0.22	0.14	0.15
TRNW	12230M001	2020-07-08 09:00:00.0	50.01608	20.98414	277.075	239.85	2,395.1	1.2	-0.52	0.23	0.14	0.16
TRNW	12230M001	2020-07-08 09:30:00.0	50.01608	20.98414	277.075	239.85	2,389.5	1.3	-0.73	-0.67	0.16	0.15
TRNW	12230M001	2020-07-08 10:00:00.0	50.01608	20.98414	277.076	239.851	2,397.9	1.1	-1.46	0.33	0.12	0.14
TRNW	12230M001	2020-07-08 10:30:00.0	50.01608	20.98414	277.076	239.851	2,396.5	1.4	-1.1	-0.13	0.19	0.17
TRNW	12230M001	2020-07-08 11:00:00.0	50.01608	20.98414	277.081	239.856	2,393.8	1.5	0.38	0.23	0.25	0.19
TRNW	12230M001	2020-07-08 11:30:00.0	50.01608	20.98414	277.081	239.856	2,400.4	1.9	-0.48	0.14	0.3	0.25
TRNW	12230M001	2020-07-08 12:00:00.0	50.01608	20.98414	277.075	239.85	2,400.7	1.3	-0.34	0.2	0.18	0.14
TRNW	12230M001	2020-07-08 12:30:00.0	50.01608	20.98414	277.075	239.85	2,397	1.2	-0.75	0.47	0.14	0.17
TRNW	12230M001	2020-07-08 13:00:00.0	50.01608	20.98414	277.075	239.85	2,401.6	1.1	-0.1	-0.97	0.13	0.12
TRNW	12230M001	2020-07-08 13:30:00.0	50.01608	20.98414	277.075	239.85	2,404.8	1.2	-0.51	-0.86	0.17	0.18
TRNW	12230M001	2020-07-08 14:00:00.0	50.01608	20.98414	277.077	239.852	2,408.1	1.2	-1.14	0.25	0.18	0.16
TRNW	12230M001	2020-07-08 14:30:00.0	50.01608	20.98414	277.077	239.852	2,406.9	1.4	-0.82	0.29	0.23	0.21
TRNW	12230M001	2020-07-08 15:00:00.0	50.01608	20.98414	277.073	239.848	2,420	1.3	-0.78	-0.6	0.16	0.15
TRNW	12230M001	2020-07-08 15:30:00.0	50.01608	20.98414	277.073	239.848	2,420.3	1.2	-0.7	-0.3	0.13	0.14
TRNW	12230M001	2020-07-08 16:00:00.0	50.01608	20.98414	277.072	239.847	2,418.3	1.1	-0.97	0.27	0.12	0.12
TRNW	12230M001	2020-07-08 16:30:00.0	50.01608	20.98414	277.072	239.847	2,415.9	1.2	-0.95	0.23	0.15	0.2
TRNW	12230M001	2020-07-08 17:00:00.0	50.01608	20.98414	277.069	239.844	2,429.4	1.1	-0.69	-0.6	0.15	0.16
TRNW	12230M001	2020-07-08 17:30:00.0	50.01608	20.98414	277.069	239.844	2,428.2	1.1	-1.09	0.55	0.13	0.16
TRNW	12230M001	2020-07-08 18:00:00.0	50.01608	20.98414	277.071	239.846	2,436.6	1.2	-1.31	-0.77	0.15	0.15
TRNW	12230M001	2020-07-08 18:30:00.0	50.01608	20.98414	277.071	239.846	2,437.9	1.2	-1.63	-0.93	0.16	0.14
TRZ1	NDNT-TRZE	2020-07-08 08:30:00.0	50.16033	19.46908	373.732	332.803	2,361.6	1.2	-0.55	0.4	0.16	0.17
TRZ1	NDNT-TRZE	2020-07-08 09:00:00.0	50.16033	19.46908	373.728	332.799	2,368.1	1.3	-0.45	1.12	0.16	0.18
TRZ1	NDNT-TRZE	2020-07-08 09:30:00.0	50.16033	19.46908	373.728	332.799	2,364.4	1.3	-0.34	0.01	0.17	0.16
TRZ1	NDNT-TRZE	2020-07-08 10:00:00.0	50.16033	19.46908	373.729	332.8	2,373.5	1.2	-0.98	-0.26	0.13	0.16
TRZ1	NDNT-TRZE	2020-07-08 10:30:00.0	50.16033	19.46908	373.729	332.8	2,369.1	1.4	-0.57	-0.36	0.19	0.17
TRZ1	NDNT-TRZE	2020-07-08 11:00:00.0	50.16033	19.46908	373.727	332.798	2,372.9	1.3	-0.7	-0.03	0.23	0.14
TRZ1	NDNT-TRZE	2020-07-08 11:30:00.0	50.16033	19.46908	373.727	332.798	2,371.5	1.8	0.23	-0.64	0.31	0.22
TRZ1	NDNT-TRZE	2020-07-08 12:00:00.0	50.16033	19.46908	373.724	332.795	2,385.3	1.6	-0.74	0.31	0.24	0.21
TRZ1	NDNT-TRZE	2020-07-08 12:30:00.0	50.16033	19.46908	373.724	332.795	2,383	1.4	0.04	-0.01	0.17	0.2
TRZ1	NDNT-TRZE	2020-07-08 13:00:00.0	50.16033	19.46908	373.721	332.792	2,386.1	1.2	0.18	-0.52	0.15	0.14
TRZ1	NDNT-TRZE	2020-07-08 13:30:00.0	50.16033	19.46908	373.721	332.792	2,389.5	1.5	-0.16	-0.89	0.21	0.24
TRZ1	NDNT-TRZE	2020-07-08 14:00:00.0	50.16033	19.46908	373.724	332.795	2,388.2	1.4	-0.1	-0.47	0.2	0.2
TRZ1	NDNT-TRZE	2020-07-08 14:30:00.0	50.16033	19.46908	373.724	332.795	2,392.8	1.6	-0.39	-1	0.27	0.24
TRZ1	NDNT-TRZE	2020-07-08 15:00:00.0	50.16033	19.46908	373.722	332.793	2,396.4	1.4	-0.83	0.06	0.19	0.18
TRZ1	NDNT-TRZE	2020-07-08 15:30:00.0	50.16033	19.46908	373.722	332.793	2,396.1	1.4	-1.11	-0.21	0.17	0.17
TRZ1	NDNT-TRZE	2020-07-08 16:00:00.0	50.16033	19.46908	373.72	332.791	2,398.1	1.2	-1.05	-0.56	0.14	0.16
TRZ1	NDNT-TRZE	2020-07-08 16:30:00.0	50.16033	19.46908	373.72	332.791	2,406	1.4	-1.01	0.19	0.19	0.22
TRZ1	NDNT-TRZE	2020-07-08 17:00:00.0	50.16033	19.46908	373.722	332.793	2,404.6	1.1	-1.22	0.18	0.16	0.17
TRZ1	NDNT-TRZE	2020-07-08 17:30:00.0	50.16033	19.46908	373.722	332.793	2,409.1	1.1	-1.29	0.46	0.13	0.17
TRZ1	NDNT-TRZE	2020-07-08 18:00:00.0	50.16033	19.46908	373.726	332.797	2,412	1.3	-1.27	-0.53	0.17	0.17
TRZ1	NDNT-TRZE	2020-07-08 18:30:00.0	50.16033	19.46908	373.726	332.797	2,414.1	1.3	-1.75	-0.38	0.18	0.17
TUBO	11503M001	2020-07-08 08:30:00.0	49.20589	16.59283	324.574	279.832	2,395.7	1.2	-0.54	-0.52	0.15	0.16
TUBO	11503M001	2020-07-08 09:00:00.0	49.20589	16.59283	324.595	279.853	2,396.6	1.2	-0.43	0.34	0.17	0.17
TUBO	11503M001	2020-07-08 09:30:00.0	49.20589	16.59283	324.595	279.853	2,398.5	1.2	-0.8	-0.35	0.18	0.16
TUBO	11503M001	2020-07-08 10:00:00.0	49.20589	16.59283	324.594	279.852	2,397.6	1.1	-0.61	0.46	0.13	0.16
TUBO	11503M001	2020-07-08 10:30:00.0	49.20589	16.59283	324.594	279.852	2,397.6	1.2	-0.8	-0.06	0.19	0.16
TUBO	11503M001	2020-07-08 11:00:00.0	49.20589	16.59283	324.602	279.86	2,402.7	1.9	-0.82	-1.21	0.33	0.24
TUBO	11503M001	2020-07-08 14:00:00.0	49.20589	16.59283	324.605	279.863	2,415.9	2	2.01	-0.59	0.36	0.33
TUBO	11503M001	2020-07-08 14:30:00.0	49.20589	16.59283	324.605	279.863	2,417.9	2	1.7	-0.98	0.35	0.32
USDL	12229M001	2020-07-08 08:30:00.0	49.43292	22.58578	529.739	494.133	2,291.3	1.4	-0.81	-0.37	0.2	0.22
USDL	12229M001	2020-07-08 09:00:00.0	49.43292	22.58578	529.743	494.137	2,297.2	2.1	-1.46	-0.34	0.31	0.33
USDL	12229M001	2020-07-08 10:00:00.0	49.43292	22.58578	529.747	494.141	2,306	1.7	0.56	-1.16	0.22	0.21
USDL	12229M001	2020-07-08 10:30:00.0	49.43292	22.58578	529.747	494.141	2,309.1	1.9	0.61	-1.24	0.29	0.22
USDL	12229M001	2020-07-08 11:00:00.0	49.43292	22.58578	529.755	494.149	2,314.6	2.6	0.03	-1.13	0.42	0.34
VLNS	10801M001	2020-07-08 08:30:00.0	54.65314	25.29867	240.906	215.939	2,343.9	1.2	-0.58	-0.52	0.14	0.14
VLNS	10801M001	2020-07-08 09:00:00.0	54.65314	25.29867	240.911	215.944	2,344.9	1	-0.7	-0.5	0.12	0.12
VLNS	10801M001	2020-07-08 09:30:00.0	54.65314	25.29867	240.911	215.944	2,358.4	1.1	0.1	-0.61	0.15	0.13
VLNS	10801M001	2020-07-08 10:00:00.0	54.65314	25.29867	240.912	215.945	2,361.2	0.9	0.6	0.91	0.12	0.12
VLNS	10801M001	2020-07-08 10:30:00.0	54.65314	25.29867	240.912	215.945	2,357.8	1.1	0.43	-0.05	0.13	0.16
VLNS	10801M001	2020-07-08 11:00:00.0	54.65314	25.29867	240.901	215.934	2,372.5	1.1	-1.23	0.53	0.18	0.13
VLNS	10801M001	2020-07-08 11:30:00.0	54.65314	25.29867	240.901	215.934	2,378	1.4	-0.62	-0.16	0.21	0.19
VLNS	10801M001	2020-07-08 12:00:00.0	54.65314	25.29867	240.901	215.934	2,375	1.2	-1.5	1.39	0.13	0.15
VLNS	10801M001	2020-07-08 12:30:00.0	54.65314	25.29867	240.901	215.934	2,366.8	1.3	-0.88	0.71	0.13	0.16
VLNS	10801M001	2020-07-08 13:00:00.0	54.65314	25.29867	240.907	215.94	2,373.5	1	-1.16	0.16	0.12	0.13
VLNS	10801M001	2020-07-08 13:30:00.0	54.65314	25.29867	240.907	215.94	2,374.1	1.1	-1.19	1.18	0.13	0.16
VLNS	10801M001	2020-07-08 14:00:00.0	54.65314	25.29867	240.905	215.938	2,373.5	1.1	0.37	-0.35	0.19	0.15
VLNS	10801M001	2020-07-08 14:30:00.0	54.65314	25.29867	240.905	215.938	2,381.5	1.2	0.31	0.54	0.22	0.18
VLNS	10801M001	2020-07-08 15:00:00.0	54.65314	25.29867	240.906	215.939	2,374.9	1.2	0.03	1.33	0.13	0.16
VLNS	10801M001	2020-07-08 15:30:00.0	54.65314	25.29867	240.906	215.939	2,376.2	1.2	0.39	0.8	0.14	0.17
VLNS	10801M001	2020-07-08 16:00:00.0	54.65314	25.29867	240.91	215.943	2,373.9	1.1	-0.03	0.17	0.12	0.15
VLNS	10801M001	2020-07-08 16:30:00.0	54.65314	25.29867	240.91	215.943	2,365.5	1.4	-0.56	0.61	0.18	0.24
VLNS	10801M001	2020-07-08 17:00:00.0	54.65314	25.29867	240.916	215.949	2,363.6	1.1	-0.83	0.06	0.13	0.16
VLNS	10801M001	2020-07-08 17:30:00.0	54.65314	25.29867	240.916	215.949	2,360.8	1.1	-0.6	0.61	0.11	0.14
VLNS	10801M001	2020-07-08 18:00:00.0	54.65314	25.29867	240.908	215.941	2,361.1	1	-0.62	0.63	0.13	0.14
VLNS	10801M001	2020-07-08 18:30:00.0	54.65314	25.29867	240.908	215.941	2,363.3	0.9	-0.74	-0.07	0.12	0.11
WADO	NDNT-WADO	2020-07-08 08:30:00.0	49.88408	19.48592	329.967	288.453	2,371.2	1.6	0.58	0.54	0.22	0.27
WADO	NDNT-WADO	2020-07-08 09:00:00.0	49.88408	19.48592	329.974	288.46	2,383.8	1.6	0.05	0.5	0.22	0.23
WADO	NDNT-WADO	2020-07-08 09:30:00.0	49.88408	19.48592	329.974	288.46	2,387	1.4	-0.37	0.59	0.19	0.2
WADO	NDNT-WADO	2020-07-08 10:00:00.0	49.88408	19.48592	329.975	288.461	2,387.5	1.3	-2.01	-0.26	0.15	0.19
WADO	NDNT-WADO	2020-07-08 10:30:00.0	49.88408	19.48592	329.975	288.461	2,387.3	1.6	-2.38	0.19	0.21	0.25
WADO	NDNT-WADO	2020-07-08 11:00:00.0	49.88408	19.48592	329.979	288.465	2,384.5	1.8	-1.52	0.01	0.27	0.2
WADO	NDNT-WADO	2020-07-08 11:30:00.0	49.88408	19.48592	329.979	288.465	2,388.2	2.1	-1.54	0	0.33	0.29
WADO	NDNT-WADO	2020-07-08 12:00:00.0	49.88408	19.48592	329.984	288.47	2,382.4	1.5	-2.53	1.8	0.22	0.22
WADO	NDNT-WADO	2020-07-08 12:30:00.0	49.88408	19.48592	329.984	288.47	2,384.3	1.4	-1.61	1.43	0.2	0.24
WADO	NDNT-WADO	2020-07-08 13:00:00.0	49.88408	19.48592	329.985	288.471	2,391.3	1.3	-1.57	0.49	0.2	0.22
WADO	NDNT-WADO	2020-07-08 13:30:00.0	49.88408	19.48592	329.985	288.471	2,390	1.5	-1.89	0.77	0.3	0.3
WADO	NDNT-WADO	2020-07-08 14:00:00.0	49.88408	19.48592	329.991	288.477	2,399.7	1.6	-2.19	0.01	0.28	0.25
WADO	NDNT-WADO	2020-07-08 14:30:00.0	49.88408	19.48592	329.991	288.477	2,401	1.8	-2.35	-0.18	0.29	0.31
WADO	NDNT-WADO	2020-07-08 15:00:00.0	49.88408	19.48592	329.996	288.482	2,401.8	1.6	-2.07	0.19	0.22	0.23
WADO	NDNT-WADO	2020-07-08 15:30:00.0	49.88408	19.48592	329.996	288.482	2,408.2	1.6	-1.34	0.21	0.2	0.22
WADO	NDNT-WADO	2020-07-08 16:00:00.0	49.88408	19.48592	329.986	288.472	2,421.5	1.4	-0.11	-1.02	0.19	0.2
WADO	NDNT-WADO	2020-07-08 16:30:00.0	49.88408	19.48592	329.986	288.472	2,417.1	1.5	-0.41	-0.27	0.21	0.3
WADO	NDNT-WADO	2020-07-08 17:00:00.0	49.88408	19.48592	329.985	288.471	2,428.3	1.3	0.15	-0.59	0.21	0.25
WADO	NDNT-WADO	2020-07-08 17:30:00.0	49.88408	19.48592	329.985	288.471	2,430.3	1.4	-0.08	-1.7	0.26	0.29
WADO	NDNT-WADO	2020-07-08 18:00:00.0	49.88408	19.48592	329.975	288.461	2,431.2	1.5	-0.29	-1.09	0.21	0.23
WADO	NDNT-WADO	2020-07-08 18:30:00.0	49.88408	19.48592	329.975	288.461	2,435.8	1.4	0.45	-0.48	0.2	0.21
WARN	14277M002	2020-07-08 08:30:00.0	54.16978	12.10142	50.809	12.67	2,401.2	1.3	0.62	-0.01	0.17	0.16
WARN	14277M002	2020-07-08 09:00:00.0	54.16978	12.10142	50.808	12.669	2,410.5	1.2	0	0.14	0.16	0.16
WARN	14277M002	2020-07-08 09:30:00.0	54.16978	12.10142	50.808	12.669	2,411.7	1.3	0.05	0.61	0.17	0.18
WARN	14277M002	2020-07-08 10:00:00.0	54.16978	12.10142	50.806	12.667	2,416.6	1	0.35	0.2	0.12	0.16
WARN	14277M002	2020-07-08 10:30:00.0	54.16978	12.10142	50.806	12.667	2,423.5	1.1	0.07	-0.31	0.13	0.16
WARN	14277M002	2020-07-08 11:00:00.0	54.16978	12.10142	50.8	12.661	2,428.2	1.2	-0.18	0.35	0.19	0.14
WARN	14277M002	2020-07-08 11:30:00.0	54.16978	12.10142	50.8	12.661	2,432.1	1.5	-0.18	0.12	0.23	0.22
WARN	14277M002	2020-07-08 12:00:00.0	54.16978	12.10142	50.806	12.667	2,426.4	1.3	-1.14	-0.16	0.15	0.18
WARN	14277M002	2020-07-08 12:30:00.0	54.16978	12.10142	50.806	12.667	2,421.9	1.3	-0.74	-0.06	0.16	0.16
WARN	14277M002	2020-07-08 13:00:00.0	54.16978	12.10142	50.801	12.662	2,422.2	1.2	-1.13	0.05	0.13	0.14
WARN	14277M002	2020-07-08 13:30:00.0	54.16978	12.10142	50.801	12.662	2,420.9	1.5	-1.18	-0.15	0.18	0.23
WARN	14277M002	2020-07-08 14:00:00.0	54.16978	12.10142	50.798	12.659	2,418.7	1.1	-0.55	-0.55	0.15	0.15
WARN	14277M002	2020-07-08 14:30:00.0	54.16978	12.10142	50.798	12.659	2,420.7	1.3	-0.39	-0.82	0.18	0.17
WARN	14277M002	2020-07-08 15:00:00.0	54.16978	12.10142	50.801	12.662	2,419	1.4	-1.48	0.15	0.18	0.17
WARN	14277M002	2020-07-08 15:30:00.0	54.16978	12.10142	50.801	12.662	2,416.2	1.5	-1.94	0.18	0.22	0.2
WARN	14277M002	2020-07-08 16:00:00.0	54.16978	12.10142	50.799	12.66	2,414.7	1.1	-2.18	-0.4	0.13	0.14
WARN	14277M002	2020-07-08 16:30:00.0	54.16978	12.10142	50.799	12.66	2,415.4	1.2	-2.31	0.17	0.17	0.18
WARN	14277M002	2020-07-08 17:00:00.0	54.16978	12.10142	50.805	12.666	2,413.2	1.2	-1.46	-0.16	0.14	0.17
WARN	14277M002	2020-07-08 17:30:00.0	54.16978	12.10142	50.805	12.666	2,411.9	1.3	-1.46	0.16	0.16	0.21
WARN	14277M002	2020-07-08 18:00:00.0	54.16978	12.10142	50.803	12.664	2,409.5	1.4	-0.77	-0.23	0.17	0.19
WARN	14277M002	2020-07-08 18:30:00.0	54.16978	12.10142	50.803	12.664	2,407.8	1.4	-0.96	0.19	0.16	0.2
WAT1	12297M001	2020-07-08 08:30:00.0	52.25383	20.90383	151.653	120.306	2,424.1	1.2	-1.21	-0.55	0.15	0.17
WAT1	12297M001	2020-07-08 09:00:00.0	52.25383	20.90383	151.654	120.307	2,420.7	1.2	-2.1	0.71	0.17	0.17
WAT1	12297M001	2020-07-08 09:30:00.0	52.25383	20.90383	151.654	120.307	2,412.2	1.3	-2.38	0.99	0.18	0.18
WAT1	12297M001	2020-07-08 10:00:00.0	52.25383	20.90383	151.656	120.309	2,414	1	-1.8	0.43	0.14	0.17
WAT1	12297M001	2020-07-08 10:30:00.0	52.25383	20.90383	151.656	120.309	2,414.7	1.3	-1.42	0.38	0.18	0.23
WAT1	12297M001	2020-07-08 11:00:00.0	52.25383	20.90383	151.654	120.307	2,415.9	1.2	-2.55	0.03	0.23	0.14
WAT1	12297M001	2020-07-08 11:30:00.0	52.25383	20.90383	151.654	120.307	2,409.1	1.5	-1.69	0.27	0.27	0.23
WAT1	12297M001	2020-07-08 12:00:00.0	52.25383	20.90383	151.652	120.305	2,420.8	1.5	-0.58	0.08	0.22	0.21
WAT1	12297M001	2020-07-08 12:30:00.0	52.25383	20.90383	151.652	120.305	2,417.9	1.4	-2.32	-0.11	0.2	0.21
WAT1	12297M001	2020-07-08 13:00:00.0	52.25383	20.90383	151.656	120.309	2,417.8	1.3	-3.11	-0.03	0.17	0.19
WAT1	12297M001	2020-07-08 13:30:00.0	52.25383	20.90383	151.656	120.309	2,414.3	1.4	-2.58	-0.08	0.22	0.25
WAT1	12297M001	2020-07-08 14:00:00.0	52.25383	20.90383	151.653	120.306	2,409.4	1.4	-1.99	0.16	0.23	0.2
WAT1	12297M001	2020-07-08 14:30:00.0	52.25383	20.90383	151.653	120.306	2,407.9	1.6	-2.08	-0.34	0.26	0.24
WAT1	12297M001	2020-07-08 15:00:00.0	52.25383	20.90383	151.649	120.302	2,412.1	1.7	-1.99	-0.71	0.25	0.23
WAT1	12297M001	2020-07-08 15:30:00.0	52.25383	20.90383	151.649	120.302	2,413.3	2	-1.69	-0.86	0.3	0.26
WAT1	12297M001	2020-07-08 16:00:00.0	52.25383	20.90383	151.657	120.31	2,400.5	1.2	-0.58	0.04	0.18	0.18
WAT1	12297M001	2020-07-08 16:30:00.0	52.25383	20.90383	151.657	120.31	2,401.3	1.4	-0.75	-0.42	0.23	0.3
WAT1	12297M001	2020-07-08 17:00:00.0	52.25383	20.90383	151.653	120.306	2,401.5	1.1	-2.33	-0.49	0.16	0.19
WAT1	12297M001	2020-07-08 17:30:00.0	52.25383	20.90383	151.653	120.306	2,404.1	1.1	-1.76	0.03	0.17	0.18
WAT1	12297M001	2020-07-08 18:00:00.0	52.25383	20.90383	151.653	120.306	2,405.4	1.4	-1.3	-0.41	0.21	0.2
WAT1	12297M001	2020-07-08 18:30:00.0	52.25383	20.90383	151.653	120.306	2,412.4	1.4	-1.79	-0.48	0.22	0.22
WIEL	18968M001	2020-07-08 08:30:00.0	51.21936	18.57175	233.929	196.056	2,401.9	1.3	0.62	0.18	0.18	0.16
WIEL	18968M001	2020-07-08 09:00:00.0	51.21936	18.57175	233.924	196.051	2,407.9	1.8	-1.1	1.08	0.27	0.26
WIEL	18968M001	2020-07-08 09:30:00.0	51.21936	18.57175	233.924	196.051	2,404.9	1.8	-1.68	1.68	0.27	0.26
WIEL	18968M001	2020-07-08 10:00:00.0	51.21936	18.57175	233.919	196.046	2,414.8	1.4	-2.41	1.09	0.18	0.2
WIEL	18968M001	2020-07-08 10:30:00.0	51.21936	18.57175	233.919	196.046	2,411.8	1.6	-2.17	1.05	0.23	0.23
WIEL	18968M001	2020-07-08 11:00:00.0	51.21936	18.57175	233.919	196.046	2,420.3	1.5	0.06	0.69	0.24	0.17
WIEL	18968M001	2020-07-08 11:30:00.0	51.21936	18.57175	233.919	196.046	2,427.7	1.8	0.7	2.1	0.29	0.24
WIEL	18968M001	2020-07-08 12:00:00.0	51.21936	18.57175	233.924	196.051	2,425.2	1.6	-0.49	1.91	0.22	0.22
WIEL	18968M001	2020-07-08 12:30:00.0	51.21936	18.57175	233.924	196.051	2,423.3	1.4	-1.2	1.11	0.19	0.2
WIEL	18968M001	2020-07-08 13:00:00.0	51.21936	18.57175	233.926	196.053	2,426.6	1.4	-1.87	0.62	0.21	0.24
WIEL	18968M001	2020-07-08 13:30:00.0	51.21936	18.57175	233.926	196.053	2,433.8	1.8	-1.22	0.91	0.32	0.33
WIEL	18968M001	2020-07-08 14:00:00.0	51.21936	18.57175	233.926	196.053	2,428.1	1.6	-1.14	2.11	0.27	0.24
WIEL	18968M001	2020-07-08 14:30:00.0	51.21936	18.57175	233.926	196.053	2,428.9	1.8	-0.59	2.03	0.3	0.3
WIEL	18968M001	2020-07-08 15:00:00.0	51.21936	18.57175	233.928	196.055	2,429.4	1.4	-2.26	0.92	0.21	0.2
WIEL	18968M001	2020-07-08 15:30:00.0	51.21936	18.57175	233.928	196.055	2,419.6	1.4	-2.41	1.27	0.22	0.19
WIEL	18968M001	2020-07-08 16:00:00.0	51.21936	18.57175	233.928	196.055	2,420.9	1.4	-2.44	1.61	0.19	0.21
WIEL	18968M001	2020-07-08 16:30:00.0	51.21936	18.57175	233.928	196.055	2,424.3	1.6	-3.26	2.36	0.22	0.31
WIEL	18968M001	2020-07-08 17:00:00.0	51.21936	18.57175	233.933	196.06	2,421.5	1.4	-3.46	0.2	0.19	0.23
WIEL	18968M001	2020-07-08 17:30:00.0	51.21936	18.57175	233.933	196.06	2,421.3	1.4	-3.2	0.04	0.22	0.24
WIEL	18968M001	2020-07-08 18:00:00.0	51.21936	18.57175	233.931	196.058	2,416.9	1.3	-2.32	-0.5	0.18	0.17
WIEL	18968M001	2020-07-08 18:30:00.0	51.21936	18.57175	233.931	196.058	2,411.8	1.3	-2.08	-0.11	0.18	0.18
WLAD	12222M001	2020-07-08 08:30:00.0	54.79675	18.41875	34.753	5.873	2,415.1	1.2	-1.68	0.42	0.16	0.18
WLAD	12222M001	2020-07-08 09:00:00.0	54.79675	18.41875	34.761	5.881	2,409.8	1.1	-1.35	0.96	0.15	0.15
WLAD	12222M001	2020-07-08 09:30:00.0	54.79675	18.41875	34.761	5.881	2,404.9	1.2	-0.42	1.54	0.17	0.16
WLAD	12222M001	2020-07-08 10:00:00.0	54.79675	18.41875	34.765	5.885	2,413.8	1.2	-0.25	-0.16	0.18	0.19
WLAD	12222M001	2020-07-08 10:30:00.0	54.79675	18.41875	34.765	5.885	2,418.9	1.5	-0.54	0.18	0.19	0.22
WLAD	12222M001	2020-07-08 11:00:00.0	54.79675	18.41875	34.761	5.881	2,415.2	1.2	-0.71	0.1	0.22	0.14
WLAD	12222M001	2020-07-08 11:30:00.0	54.79675	18.41875	34.761	5.881	2,416.4	1.6	-0.84	0.36	0.27	0.24
WLAD	12222M001	2020-07-08 12:00:00.0	54.79675	18.41875	34.759	5.879	2,418.3	1.4	-1.07	0.19	0.19	0.2
WLAD	12222M001	2020-07-08 12:30:00.0	54.79675	18.41875	34.759	5.879	2,416.9	1.4	-0.36	-0.31	0.2	0.19
WLAD	12222M001	2020-07-08 13:00:00.0	54.79675	18.41875	34.758	5.878	2,414.6	1	-0.27	0.38	0.13	0.16
WLAD	12222M001	2020-07-08 13:30:00.0	54.79675	18.41875	34.758	5.878	2,411	1.2	-1.4	0.24	0.18	0.23
WLAD	12222M001	2020-07-08 14:00:00.0	54.79675	18.41875	34.757	5.877	2,417.3	1.1	-1.41	0.11	0.18	0.16
WLAD	12222M001	2020-07-08 14:30:00.0	54.79675	18.41875	34.757	5.877	2,411.6	1.3	-0.37	1.37	0.22	0.2
WLAD	12222M001	2020-07-08 15:00:00.0	54.79675	18.41875	34.756	5.876	2,406.4	1.3	-0.66	1.32	0.16	0.18
WLAD	12222M001	2020-07-08 15:30:00.0	54.79675	18.41875	34.756	5.876	2,403	1.3	-0.49	0.63	0.19	0.18
WLAD	12222M001	2020-07-08 16:00:00.0	54.79675	18.41875	34.762	5.882	2,398.9	1.3	-0.21	0.79	0.17	0.2
WLAD	12222M001	2020-07-08 16:30:00.0	54.79675	18.41875	34.762	5.882	2,398.1	1.6	-0.7	0.58	0.22	0.3
WLAD	12222M001	2020-07-08 17:00:00.0	54.79675	18.41875	34.758	5.878	2,400.2	1.4	-0.43	0.37	0.19	0.22
WLAD	12222M001	2020-07-08 17:30:00.0	54.79675	18.41875	34.758	5.878	2,402.7	1.4	-0.78	0.54	0.2	0.24
WLAD	12222M001	2020-07-08 18:00:00.0	54.79675	18.41875	34.759	5.879	2,403.8	1.1	-0.05	-0.11	0.16	0.16
WLAD	12222M001	2020-07-08 18:30:00.0	54.79675	18.41875	34.759	5.879	2,407.4	1.1	-0.28	0.01	0.15	0.17
WLDW	12299M001	2020-07-08 08:30:00.0	51.54528	23.55719	210.957	182.302	2,370.5	1.7	-0.96	-0.98	0.22	0.23
WLDW	12299M001	2020-07-08 09:00:00.0	51.54528	23.55719	210.956	182.301	2,382.4	1.5	-1.61	-0.51	0.16	0.21
WLDW	12299M001	2020-07-08 09:30:00.0	51.54528	23.55719	210.956	182.301	2,376.7	1.5	-1.24	-1.24	0.19	0.16
WLDW	12299M001	2020-07-08 10:00:00.0	51.54528	23.55719	210.958	182.303	2,392	1.4	0.03	-0.87	0.15	0.14
WLDW	12299M001	2020-07-08 10:30:00.0	51.54528	23.55719	210.958	182.303	2,397.2	1.7	-0.64	-0.16	0.24	0.21
WLDW	12299M001	2020-07-08 11:00:00.0	51.54528	23.55719	210.955	182.3	2,399.5	1.4	-0.62	-0.1	0.25	0.15
WLDW	12299M001	2020-07-08 11:30:00.0	51.54528	23.55719	210.955	182.3	2,403.3	1.7	0.03	0.17	0.3	0.21
WLDW	12299M001	2020-07-08 12:00:00.0	51.54528	23.55719	210.959	182.304	2,401.5	1.5	0.5	-0.37	0.2	0.2
WLDW	12299M001	2020-07-08 12:30:00.0	51.54528	23.55719	210.959	182.304	2,402.8	1.4	0.39	-0.99	0.17	0.2
WLDW	12299M001	2020-07-08 13:00:00.0	51.54528	23.55719	210.955	182.3	2,415.5	1.3	-0.24	-0.55	0.19	0.14
WLDW	12299M001	2020-07-08 13:30:00.0	51.54528	23.55719	210.955	182.3	2,414.4	1.4	-0.48	0.29	0.22	0.18
WLDW	12299M001	2020-07-08 14:00:00.0	51.54528	23.55719	210.958	182.303	2,408.4	1.3	0.41	-0.14	0.21	0.17
WLDW	12299M001	2020-07-08 14:30:00.0	51.54528	23.55719	210.958	182.303	2,413.5	1.6	0.32	-0.55	0.26	0.21
WLDW	12299M001	2020-07-08 15:00:00.0	51.54528	23.55719	210.956	182.301	2,411.4	1.5	-0.81	-0.25	0.19	0.15
WLDW	12299M001	2020-07-08 15:30:00.0	51.54528	23.55719	210.956	182.301	2,412	1.5	-1.28	-0.41	0.16	0.17
WLDW	12299M001	2020-07-08 16:00:00.0	51.54528	23.55719	210.952	182.297	2,398.6	1.3	-1.33	-0.44	0.16	0.18
WLDW	12299M001	2020-07-08 16:30:00.0	51.54528	23.55719	210.952	182.297	2,397.3	1.4	-1.7	-0.28	0.17	0.29
WLDW	12299M001	2020-07-08 17:00:00.0	51.54528	23.55719	210.95	182.295	2,406.9	1.2	-2.2	-0.36	0.17	0.19
WLDW	12299M001	2020-07-08 17:30:00.0	51.54528	23.55719	210.95	182.295	2,405.5	1.2	-1.78	-0.12	0.14	0.2
WLDW	12299M001	2020-07-08 18:00:00.0	51.54528	23.55719	210.959	182.304	2,406.4	1.3	-2.83	0.06	0.17	0.17
WLDW	12299M001	2020-07-08 18:30:00.0	51.54528	23.55719	210.959	182.304	2,403.2	1.3	-3.09	-0.32	0.18	0.16
WLOC	18999M001	2020-07-08 08:30:00.0	52.65872	19.06694	107.56	76.668	2,406.4	1.2	-1.99	0.19	0.15	0.16
WLOC	18999M001	2020-07-08 09:00:00.0	52.65872	19.06694	107.564	76.672	2,404.7	1.3	-2.01	0.08	0.2	0.19
WLOC	18999M001	2020-07-08 09:30:00.0	52.65872	19.06694	107.564	76.672	2,406.6	1.6	-1.7	-0.25	0.26	0.24
WLOC	18999M001	2020-07-08 10:00:00.0	52.65872	19.06694	107.561	76.669	2,411.4	1.1	-1.41	0.29	0.15	0.17
WLOC	18999M001	2020-07-08 10:30:00.0	52.65872	19.06694	107.561	76.669	2,410.9	1.1	-1.54	0.19	0.17	0.16
WLOC	18999M001	2020-07-08 11:00:00.0	52.65872	19.06694	107.549	76.657	2,411.9	1.2	-0.95	-0.5	0.22	0.14
WLOC	18999M001	2020-07-08 11:30:00.0	52.65872	19.06694	107.549	76.657	2,413.9	1.5	-1.18	0.3	0.27	0.2
WLOC	18999M001	2020-07-08 12:00:00.0	52.65872	19.06694	107.553	76.661	2,406.9	1.5	-2.29	0.4	0.22	0.2
WLOC	18999M001	2020-07-08 12:30:00.0	52.65872	19.06694	107.553	76.661	2,409.1	1.4	-1.91	0.7	0.2	0.2
WLOC	18999M001	2020-07-08 13:00:00.0	52.65872	19.06694	107.557	76.665	2,409.4	1.2	-1.67	0.03	0.16	0.17
WLOC	18999M001	2020-07-08 13:30:00.0	52.65872	19.06694	107.557	76.665	2,409.4	1.4	-1.72	0.37	0.19	0.23
WLOC	18999M001	2020-07-08 14:00:00.0	52.65872	19.06694	107.555	76.663	2,407.5	1.2	-1.93	0.16	0.19	0.19
WLOC	18999M001	2020-07-08 14:30:00.0	52.65872	19.06694	107.555	76.663	2,406.9	1.5	-1.49	-0.34	0.25	0.23
WLOC	18999M001	2020-07-08 15:00:00.0	52.65872	19.06694	107.558	76.666	2,408.2	1	-1.63	-0.08	0.11	0.11
WLOC	18999M001	2020-07-08 15:30:00.0	52.65872	19.06694	107.558	76.666	2,406.5	1	-1.3	0.08	0.12	0.12
WLOC	18999M001	2020-07-08 16:00:00.0	52.65872	19.06694	107.562	76.67	2,402.5	1	-1.48	-0.06	0.12	0.14
WLOC	18999M001	2020-07-08 16:30:00.0	52.65872	19.06694	107.562	76.67	2,405	1.2	-1.39	0.04	0.16	0.2
WLOC	18999M001	2020-07-08 17:00:00.0	52.65872	19.06694	107.566	76.674	2,401.1	1	-1.74	0.35	0.14	0.15
WLOC	18999M001	2020-07-08 17:30:00.0	52.65872	19.06694	107.566	76.674	2,402.7	1	-2.28	-0.09	0.13	0.15
WLOC	18999M001	2020-07-08 18:00:00.0	52.65872	19.06694	107.565	76.673	2,405.7	1.1	-1.76	-0.34	0.17	0.16
WLOC	18999M001	2020-07-08 18:30:00.0	52.65872	19.06694	107.565	76.673	2,403.6	1.1	-1.47	-0.35	0.16	0.16
WLOS	NDNT-WLOS	2020-07-08 08:30:00.0	50.84944	19.97483	294.43	257.079	2,382	1	-0.02	0.68	0.11	0.11
WLOS	NDNT-WLOS	2020-07-08 09:00:00.0	50.84944	19.97483	294.429	257.078	2,391.4	1	-0.32	0.18	0.11	0.12
WLOS	NDNT-WLOS	2020-07-08 09:30:00.0	50.84944	19.97483	294.429	257.078	2,390.1	1.1	-1.1	-0.2	0.15	0.12
WLOS	NDNT-WLOS	2020-07-08 10:00:00.0	50.84944	19.97483	294.43	257.079	2,393.1	1.1	-0.48	-0.36	0.11	0.12
WLOS	NDNT-WLOS	2020-07-08 10:30:00.0	50.84944	19.97483	294.43	257.079	2,392.1	1.2	-1.4	0.09	0.15	0.13
WLOS	NDNT-WLOS	2020-07-08 11:00:00.0	50.84944	19.97483	294.438	257.087	2,390.7	1	-0.64	-0.49	0.18	0.11
WLOS	NDNT-WLOS	2020-07-08 11:30:00.0	50.84944	19.97483	294.438	257.087	2,390.2	1.3	0.78	-1.05	0.22	0.16
WLOS	NDNT-WLOS	2020-07-08 12:00:00.0	50.84944	19.97483	294.433	257.082	2,396	1.2	-0.91	-0.91	0.17	0.14
WLOS	NDNT-WLOS	2020-07-08 12:30:00.0	50.84944	19.97483	294.433	257.082	2,400.2	1.1	-1.03	-0.19	0.13	0.15
WLOS	NDNT-WLOS	2020-07-08 13:00:00.0	50.84944	19.97483	294.437	257.086	2,404.2	1	-1.56	0.26	0.12	0.11
WLOS	NDNT-WLOS	2020-07-08 13:30:00.0	50.84944	19.97483	294.437	257.086	2,402.2	1.1	-1.36	-0.36	0.14	0.18
WLOS	NDNT-WLOS	2020-07-08 14:00:00.0	50.84944	19.97483	294.435	257.084	2,404.2	1.2	-1.59	-0.2	0.17	0.16
WLOS	NDNT-WLOS	2020-07-08 14:30:00.0	50.84944	19.97483	294.435	257.084	2,399.4	1.4	-1.32	-0.37	0.23	0.2
WLOS	NDNT-WLOS	2020-07-08 15:00:00.0	50.84944	19.97483	294.43	257.079	2,405.9	1.1	-1.62	-0.29	0.13	0.12
WLOS	NDNT-WLOS	2020-07-08 15:30:00.0	50.84944	19.97483	294.43	257.079	2,409.3	1.1	-1.64	-0.13	0.12	0.12
WLOS	NDNT-WLOS	2020-07-08 16:00:00.0	50.84944	19.97483	294.43	257.079	2,410	1	-1.68	-0.33	0.11	0.11
WLOS	NDNT-WLOS	2020-07-08 16:30:00.0	50.84944	19.97483	294.43	257.079	2,403.4	1.1	-1.56	0.2	0.13	0.17
WLOS	NDNT-WLOS	2020-07-08 17:00:00.0	50.84944	19.97483	294.426	257.075	2,413.4	0.9	-0.63	0.84	0.12	0.13
WLOS	NDNT-WLOS	2020-07-08 17:30:00.0	50.84944	19.97483	294.426	257.075	2,411.2	0.9	-1.07	-0.33	0.1	0.13
WLOS	NDNT-WLOS	2020-07-08 18:00:00.0	50.84944	19.97483	294.425	257.074	2,416	1	-1.83	-0.21	0.12	0.12
WLOS	NDNT-WLOS	2020-07-08 18:30:00.0	50.84944	19.97483	294.425	257.074	2,418.7	1	-1.61	0.22	0.12	0.11
WOD1	18998M001	2020-07-08 08:30:00.0	50.00017	18.45844	298.989	256.738	2,395.2	1.2	-0.29	-0.44	0.15	0.16
WOD1	18998M001	2020-07-08 09:00:00.0	50.00017	18.45844	298.988	256.737	2,396.6	1.5	0.19	0.64	0.18	0.2
WOD1	18998M001	2020-07-08 09:30:00.0	50.00017	18.45844	298.988	256.737	2,389.4	1.5	-0.16	-0.28	0.19	0.2
WOD1	18998M001	2020-07-08 10:00:00.0	50.00017	18.45844	298.993	256.742	2,394.7	1.4	-0.61	-0.77	0.16	0.19
WOD1	18998M001	2020-07-08 10:30:00.0	50.00017	18.45844	298.993	256.742	2,398	1.6	-0.06	-0.2	0.23	0.21
WOD1	18998M001	2020-07-08 11:00:00.0	50.00017	18.45844	298.995	256.744	2,400.3	1.5	-0.55	-1.09	0.25	0.17
WOD1	18998M001	2020-07-08 11:30:00.0	50.00017	18.45844	298.995	256.744	2,399.2	2	0.31	-0.72	0.32	0.25
WOD1	18998M001	2020-07-08 12:00:00.0	50.00017	18.45844	298.998	256.747	2,401.3	1.5	-1.81	0.12	0.22	0.18
WOD1	18998M001	2020-07-08 12:30:00.0	50.00017	18.45844	298.998	256.747	2,395.3	1.4	-2.03	-0.9	0.17	0.19
WOD1	18998M001	2020-07-08 13:00:00.0	50.00017	18.45844	299	256.749	2,407	1.2	-1.94	-0.31	0.16	0.15
WOD1	18998M001	2020-07-08 13:30:00.0	50.00017	18.45844	299	256.749	2,414.5	1.5	-1.38	-0.64	0.21	0.23
WOD1	18998M001	2020-07-08 14:00:00.0	50.00017	18.45844	298.993	256.742	2,422.6	1.7	-0.83	-0.23	0.27	0.28
WOD1	18998M001	2020-07-08 14:30:00.0	50.00017	18.45844	298.993	256.742	2,419.5	2.1	-0.58	-0.41	0.35	0.33
WOD1	18998M001	2020-07-08 15:00:00.0	50.00017	18.45844	298.988	256.737	2,432.4	1.5	-0.83	-0.78	0.21	0.2
WOD1	18998M001	2020-07-08 15:30:00.0	50.00017	18.45844	298.988	256.737	2,427.4	1.5	-0.71	-0.64	0.17	0.19
WOD1	18998M001	2020-07-08 16:00:00.0	50.00017	18.45844	298.988	256.737	2,428	1.2	-0.97	-0.93	0.14	0.17
WOD1	18998M001	2020-07-08 16:30:00.0	50.00017	18.45844	298.988	256.737	2,428.7	1.4	-1.03	-1.28	0.17	0.26
WOD1	18998M001	2020-07-08 17:00:00.0	50.00017	18.45844	298.982	256.731	2,436.1	1.3	-1.44	-0.36	0.17	0.19
WOD1	18998M001	2020-07-08 17:30:00.0	50.00017	18.45844	298.982	256.731	2,436.5	1.3	-0.69	-0.2	0.16	0.2
WOD1	18998M001	2020-07-08 18:00:00.0	50.00017	18.45844	298.989	256.738	2,442.6	1.3	-1.44	-0.22	0.17	0.17
WOD1	18998M001	2020-07-08 18:30:00.0	50.00017	18.45844	298.989	256.738	2,440.2	1.4	-1.7	-0.54	0.19	0.18
WRKI	18997M001	2020-07-08 08:30:00.0	52.70556	16.37108	95.271	60.761	2,410.3	1.2	-1.23	0.84	0.13	0.16
WRKI	18997M001	2020-07-08 09:00:00.0	52.70556	16.37108	95.266	60.756	2,413.9	1.2	-2.4	0.51	0.16	0.16
WRKI	18997M001	2020-07-08 09:30:00.0	52.70556	16.37108	95.266	60.756	2,411.7	1.2	-2.87	0.45	0.17	0.16
WRKI	18997M001	2020-07-08 10:00:00.0	52.70556	16.37108	95.267	60.757	2,419.1	1	-0.94	-0.67	0.14	0.16
WRKI	18997M001	2020-07-08 10:30:00.0	52.70556	16.37108	95.267	60.757	2,429	1.4	-1.06	-0.47	0.21	0.19
WRKI	18997M001	2020-07-08 11:00:00.0	52.70556	16.37108	95.264	60.754	2,427.4	1.2	-0.4	-0.64	0.22	0.13
WRKI	18997M001	2020-07-08 11:30:00.0	52.70556	16.37108	95.264	60.754	2,432.3	1.6	-0.05	-0.79	0.28	0.23
WRKI	18997M001	2020-07-08 12:00:00.0	52.70556	16.37108	95.266	60.756	2,418.4	1.4	-1.17	-0.22	0.2	0.19
WRKI	18997M001	2020-07-08 12:30:00.0	52.70556	16.37108	95.266	60.756	2,413.3	1.4	-1.02	-0.23	0.21	0.21
WRKI	18997M001	2020-07-08 13:00:00.0	52.70556	16.37108	95.262	60.752	2,417.7	1.2	-2.21	-1.28	0.15	0.18
WRKI	18997M001	2020-07-08 13:30:00.0	52.70556	16.37108	95.262	60.752	2,420	1.4	-2.34	-0.49	0.23	0.25
WRKI	18997M001	2020-07-08 14:00:00.0	52.70556	16.37108	95.261	60.751	2,419.6	1.2	-1.79	-0.83	0.19	0.18
WRKI	18997M001	2020-07-08 14:30:00.0	52.70556	16.37108	95.261	60.751	2,417.8	1.4	-1.63	-0.64	0.23	0.22
WRKI	18997M001	2020-07-08 15:00:00.0	52.70556	16.37108	95.265	60.755	2,424.5	1.4	-1.2	0.22	0.21	0.21
WRKI	18997M001	2020-07-08 15:30:00.0	52.70556	16.37108	95.265	60.755	2,428.1	1.5	-2.13	0.15	0.23	0.22
WRKI	18997M001	2020-07-08 16:00:00.0	52.70556	16.37108	95.272	60.762	2,428.8	1.2	-0.71	1	0.16	0.17
WRKI	18997M001	2020-07-08 16:30:00.0	52.70556	16.37108	95.272	60.762	2,425.7	1.3	-0.92	1.37	0.19	0.24
WRKI	18997M001	2020-07-08 17:00:00.0	52.70556	16.37108	95.276	60.766	2,424	1.3	-0.6	0.35	0.19	0.23
WRKI	18997M001	2020-07-08 17:30:00.0	52.70556	16.37108	95.276	60.766	2,417.1	1.4	-1.18	-0.06	0.19	0.27
WRKI	18997M001	2020-07-08 18:00:00.0	52.70556	16.37108	95.278	60.768	2,417.4	1.2	-1.43	-0.01	0.18	0.18
WRKI	18997M001	2020-07-08 18:30:00.0	52.70556	16.37108	95.278	60.768	2,413.2	1.2	-1.34	-0.49	0.16	0.18
WROC	12217M001	2020-07-08 08:30:00.0	51.11325	17.06206	180.816	140.54	2,419.3	1.3	-0.78	0.43	0.13	0.16
WROC	12217M001	2020-07-08 09:00:00.0	51.11325	17.06206	180.814	140.538	2,425.6	1.5	-1.45	-1.05	0.17	0.19
WROC	12217M001	2020-07-08 09:30:00.0	51.11325	17.06206	180.814	140.538	2,425.2	1.5	-1.52	-0.63	0.18	0.19
WROC	12217M001	2020-07-08 10:00:00.0	51.11325	17.06206	180.811	140.535	2,433.4	1.4	-1.21	-0.41	0.15	0.18
WROC	12217M001	2020-07-08 10:30:00.0	51.11325	17.06206	180.811	140.535	2,435	1.6	-1.43	-0.58	0.19	0.19
WROC	12217M001	2020-07-08 11:00:00.0	51.11325	17.06206	180.811	140.535	2,439.8	1.4	-2.13	-0.78	0.24	0.15
WROC	12217M001	2020-07-08 11:30:00.0	51.11325	17.06206	180.811	140.535	2,439	1.8	-2.82	-0.3	0.31	0.23
WROC	12217M001	2020-07-08 12:00:00.0	51.11325	17.06206	180.814	140.538	2,440.8	1.5	-1.91	-0.42	0.22	0.2
WROC	12217M001	2020-07-08 12:30:00.0	51.11325	17.06206	180.814	140.538	2,441.8	1.4	-2.32	-0.25	0.18	0.22
WROC	12217M001	2020-07-08 13:00:00.0	51.11325	17.06206	180.813	140.537	2,444.5	1.3	-2.07	-0.22	0.15	0.17
WROC	12217M001	2020-07-08 13:30:00.0	51.11325	17.06206	180.813	140.537	2,443.9	1.5	-2.08	-0.21	0.19	0.24
WROC	12217M001	2020-07-08 14:00:00.0	51.11325	17.06206	180.81	140.534	2,448.1	1.4	-1.65	0.54	0.2	0.2
WROC	12217M001	2020-07-08 14:30:00.0	51.11325	17.06206	180.81	140.534	2,449.5	1.6	-1.58	0.18	0.24	0.23
WROC	12217M001	2020-07-08 15:00:00.0	51.11325	17.06206	180.816	140.54	2,454.1	1.4	-1.93	-0.35	0.16	0.15
WROC	12217M001	2020-07-08 15:30:00.0	51.11325	17.06206	180.816	140.54	2,444.7	1.3	-2.73	0.49	0.14	0.16
WROC	12217M001	2020-07-08 16:00:00.0	51.11325	17.06206	180.817	140.541	2,442.1	1.3	-2.55	1.02	0.16	0.16
WROC	12217M001	2020-07-08 16:30:00.0	51.11325	17.06206	180.817	140.541	2,438.8	1.5	-2.3	0.93	0.21	0.21
WROC	12217M001	2020-07-08 17:00:00.0	51.11325	17.06206	180.811	140.535	2,438.7	1.2	-2.33	0.75	0.16	0.17
WROC	12217M001	2020-07-08 17:30:00.0	51.11325	17.06206	180.811	140.535	2,435.6	1.2	-2.3	-0.22	0.14	0.18
WROC	12217M001	2020-07-08 18:00:00.0	51.11325	17.06206	180.814	140.538	2,435.3	1.3	-1.99	0.43	0.15	0.17
WROC	12217M001	2020-07-08 18:30:00.0	51.11325	17.06206	180.814	140.538	2,433.9	1.3	-1.38	0.82	0.16	0.17
WROE	MUSE-WROE	2020-07-08 08:30:00.0	51.11325	17.06206	180.726	140.45	2,419.2	1.3	-0.93	0.43	0.13	0.16
WROE	MUSE-WROE	2020-07-08 09:00:00.0	51.11325	17.06206	180.722	140.446	2,426.2	1.5	-0.89	-0.21	0.17	0.19
WROE	MUSE-WROE	2020-07-08 09:30:00.0	51.11325	17.06206	180.722	140.446	2,428.4	1.5	-0.9	-0.16	0.18	0.19
WROE	MUSE-WROE	2020-07-08 10:00:00.0	51.11325	17.06206	180.719	140.443	2,432.7	1.4	-1.44	-0.37	0.15	0.18
WROE	MUSE-WROE	2020-07-08 10:30:00.0	51.11325	17.06206	180.719	140.443	2,435.1	1.6	-1.48	-0.3	0.2	0.21
WROE	MUSE-WROE	2020-07-08 11:00:00.0	51.11325	17.06206	180.721	140.445	2,439.7	1.5	-1.78	-0.51	0.26	0.16
WROE	MUSE-WROE	2020-07-08 11:30:00.0	51.11325	17.06206	180.721	140.445	2,439.6	1.9	-2.01	-0.56	0.32	0.25
WROE	MUSE-WROE	2020-07-08 12:00:00.0	51.11325	17.06206	180.723	140.447	2,441.3	1.6	-1.89	-0.26	0.24	0.22
WROE	MUSE-WROE	2020-07-08 12:30:00.0	51.11325	17.06206	180.723	140.447	2,441.8	1.5	-2.07	-0.14	0.2	0.23
WROE	MUSE-WROE	2020-07-08 13:00:00.0	51.11325	17.06206	180.724	140.448	2,445.2	1.3	-2.22	-0.19	0.16	0.2
WROE	MUSE-WROE	2020-07-08 13:30:00.0	51.11325	17.06206	180.724	140.448	2,445.1	1.5	-2.12	-0.25	0.22	0.27
WROE	MUSE-WROE	2020-07-08 14:00:00.0	51.11325	17.06206	180.725	140.449	2,448.2	1.5	-1.75	0.27	0.21	0.21
WROE	MUSE-WROE	2020-07-08 14:30:00.0	51.11325	17.06206	180.725	140.449	2,447.1	1.7	-1.79	0.07	0.26	0.24
WROE	MUSE-WROE	2020-07-08 15:00:00.0	51.11325	17.06206	180.731	140.455	2,450.3	1.6	-1.95	0.2	0.23	0.22
WROE	MUSE-WROE	2020-07-08 15:30:00.0	51.11325	17.06206	180.731	140.455	2,445.2	1.6	-1.97	0.69	0.24	0.21
WROE	MUSE-WROE	2020-07-08 16:00:00.0	51.11325	17.06206	180.735	140.459	2,440	1.5	-2.54	0.63	0.23	0.21
WROE	MUSE-WROE	2020-07-08 16:30:00.0	51.11325	17.06206	180.735	140.459	2,435.8	1.8	-2.31	0.66	0.27	0.25
WROE	MUSE-WROE	2020-07-08 17:00:00.0	51.11325	17.06206	180.733	140.457	2,433.8	1.2	-1.96	0.13	0.17	0.18
WROE	MUSE-WROE	2020-07-08 17:30:00.0	51.11325	17.06206	180.733	140.457	2,435.3	1.2	-2.01	0.06	0.14	0.19
WROE	MUSE-WROE	2020-07-08 18:00:00.0	51.11325	17.06206	180.729	140.453	2,434.8	1.3	-1.79	0.03	0.16	0.17
WROE	MUSE-WROE	2020-07-08 18:30:00.0	51.11325	17.06206	180.729	140.453	2,430	1.4	-0.97	0.6	0.16	0.18
ZAWA	NDNT-ZAWA	2020-07-08 08:30:00.0	50.60956	18.48086	264.426	224.012	2,393	1.2	0.13	0.79	0.16	0.15
ZAWA	NDNT-ZAWA	2020-07-08 09:00:00.0	50.60956	18.48086	264.424	224.01	2,399.6	1.5	-0.33	0.09	0.18	0.2
ZAWA	NDNT-ZAWA	2020-07-08 09:30:00.0	50.60956	18.48086	264.424	224.01	2,403.1	1.5	-0.13	0.13	0.19	0.18
ZAWA	NDNT-ZAWA	2020-07-08 10:00:00.0	50.60956	18.48086	264.426	224.012	2,408.3	1.4	-0.69	-0.16	0.17	0.18
ZAWA	NDNT-ZAWA	2020-07-08 10:30:00.0	50.60956	18.48086	264.426	224.012	2,406.2	1.6	-0.41	-0.12	0.24	0.21
ZAWA	NDNT-ZAWA	2020-07-08 11:00:00.0	50.60956	18.48086	264.424	224.01	2,413.8	1.4	0.98	-0.11	0.23	0.15
ZAWA	NDNT-ZAWA	2020-07-08 11:30:00.0	50.60956	18.48086	264.424	224.01	2,415	1.8	1.53	-0.38	0.29	0.22
ZAWA	NDNT-ZAWA	2020-07-08 12:00:00.0	50.60956	18.48086	264.432	224.018	2,424.2	1.6	-0.07	0.5	0.26	0.19
ZAWA	NDNT-ZAWA	2020-07-08 12:30:00.0	50.60956	18.48086	264.432	224.018	2,422.9	1.4	-0.8	0.58	0.18	0.2
ZAWA	NDNT-ZAWA	2020-07-08 13:00:00.0	50.60956	18.48086	264.426	224.012	2,422.6	1.4	-1.7	-0.07	0.19	0.16
ZAWA	NDNT-ZAWA	2020-07-08 13:30:00.0	50.60956	18.48086	264.426	224.012	2,421.2	1.6	-2.24	-0.71	0.23	0.26
ZAWA	NDNT-ZAWA	2020-07-08 14:00:00.0	50.60956	18.48086	264.427	224.013	2,423.4	1.5	-1.33	0.06	0.22	0.21
ZAWA	NDNT-ZAWA	2020-07-08 14:30:00.0	50.60956	18.48086	264.427	224.013	2,414.4	1.7	-1.68	-0.12	0.28	0.24
ZAWA	NDNT-ZAWA	2020-07-08 15:00:00.0	50.60956	18.48086	264.424	224.01	2,428.2	1.3	-1.03	-0.04	0.17	0.15
ZAWA	NDNT-ZAWA	2020-07-08 15:30:00.0	50.60956	18.48086	264.424	224.01	2,430.8	1.3	-0.51	-0.44	0.15	0.17
ZAWA	NDNT-ZAWA	2020-07-08 16:00:00.0	50.60956	18.48086	264.422	224.008	2,430.9	1.2	-1.17	0.29	0.14	0.15
ZAWA	NDNT-ZAWA	2020-07-08 16:30:00.0	50.60956	18.48086	264.422	224.008	2,427.9	1.3	-1.25	0.53	0.16	0.21
ZAWA	NDNT-ZAWA	2020-07-08 17:00:00.0	50.60956	18.48086	264.418	224.004	2,427.4	1.2	-1.33	0.69	0.16	0.18
ZAWA	NDNT-ZAWA	2020-07-08 17:30:00.0	50.60956	18.48086	264.418	224.004	2,432.3	1.1	-1.15	0.88	0.14	0.19
ZAWA	NDNT-ZAWA	2020-07-08 18:00:00.0	50.60956	18.48086	264.418	224.004	2,431	1.3	-1.45	1.56	0.17	0.19
ZAWA	NDNT-ZAWA	2020-07-08 18:30:00.0	50.60956	18.48086	264.418	224.004	2,426.1	1.3	-2.55	1.06	0.17	0.18
ZAWI	NDNT-ZAWI	2020-07-08 08:30:00.0	50.49467	19.41042	382.926	343.184	2,359	1	0.03	0.38	0.1	0.11
ZAWI	NDNT-ZAWI	2020-07-08 09:00:00.0	50.49467	19.41042	382.923	343.181	2,359.9	1.2	-0.51	0.41	0.14	0.16
ZAWI	NDNT-ZAWI	2020-07-08 09:30:00.0	50.49467	19.41042	382.923	343.181	2,365.5	1.2	-0.05	-0.3	0.15	0.14
ZAWI	NDNT-ZAWI	2020-07-08 10:00:00.0	50.49467	19.41042	382.923	343.181	2,371.7	1.2	-0.56	-0.75	0.12	0.14
ZAWI	NDNT-ZAWI	2020-07-08 10:30:00.0	50.49467	19.41042	382.923	343.181	2,368.4	1.3	-1.16	-1.03	0.16	0.15
ZAWI	NDNT-ZAWI	2020-07-08 11:00:00.0	50.49467	19.41042	382.924	343.182	2,368.2	1.2	-1.65	-0.18	0.2	0.12
ZAWI	NDNT-ZAWI	2020-07-08 11:30:00.0	50.49467	19.41042	382.924	343.182	2,363.5	1.5	-1.74	-0.42	0.27	0.18
ZAWI	NDNT-ZAWI	2020-07-08 12:00:00.0	50.49467	19.41042	382.922	343.18	2,378.4	1.2	-1.59	-0.19	0.17	0.13
ZAWI	NDNT-ZAWI	2020-07-08 12:30:00.0	50.49467	19.41042	382.922	343.18	2,377.4	1.1	-1.62	0.3	0.12	0.13
ZAWI	NDNT-ZAWI	2020-07-08 13:00:00.0	50.49467	19.41042	382.921	343.179	2,379.9	1	-1.05	-0.11	0.11	0.1
ZAWI	NDNT-ZAWI	2020-07-08 13:30:00.0	50.49467	19.41042	382.921	343.179	2,381	1.1	-1.59	0.27	0.15	0.18
ZAWI	NDNT-ZAWI	2020-07-08 14:00:00.0	50.49467	19.41042	382.924	343.182	2,385.3	1.1	-1.35	0.18	0.15	0.15
ZAWI	NDNT-ZAWI	2020-07-08 14:30:00.0	50.49467	19.41042	382.924	343.182	2,383.3	1.2	-1.29	-0.1	0.19	0.17
ZAWI	NDNT-ZAWI	2020-07-08 15:00:00.0	50.49467	19.41042	382.922	343.18	2,394.1	1.2	-0.94	0.25	0.14	0.13
ZAWI	NDNT-ZAWI	2020-07-08 15:30:00.0	50.49467	19.41042	382.922	343.18	2,390.1	1.2	-0.73	0.24	0.12	0.12
ZAWI	NDNT-ZAWI	2020-07-08 16:00:00.0	50.49467	19.41042	382.92	343.178	2,387.1	1	-1.31	-0.36	0.1	0.11
ZAWI	NDNT-ZAWI	2020-07-08 16:30:00.0	50.49467	19.41042	382.92	343.178	2,390.9	1.1	-0.71	0.09	0.12	0.15
ZAWI	NDNT-ZAWI	2020-07-08 17:00:00.0	50.49467	19.41042	382.922	343.18	2,396.5	1	-0.81	0.01	0.12	0.13
ZAWI	NDNT-ZAWI	2020-07-08 17:30:00.0	50.49467	19.41042	382.922	343.18	2,398.5	1	-1.11	-0.28	0.11	0.13
ZAWI	NDNT-ZAWI	2020-07-08 18:00:00.0	50.49467	19.41042	382.924	343.182	2,398.8	1.1	-0.87	-0.4	0.14	0.14
ZAWI	NDNT-ZAWI	2020-07-08 18:30:00.0	50.49467	19.41042	382.924	343.182	2,394	1.2	-1.28	-0.48	0.14	0.14
ZIGR	18995M001	2020-07-08 08:30:00.0	51.94031	15.51431	225.625	186.008	2,397.6	1.3	-1.38	0.03	0.14	0.17
ZIGR	18995M001	2020-07-08 09:00:00.0	51.94031	15.51431	225.628	186.011	2,401.3	1.1	-1.77	-0.53	0.14	0.15
ZIGR	18995M001	2020-07-08 09:30:00.0	51.94031	15.51431	225.628	186.011	2,400.1	1.2	-2.68	-0.6	0.16	0.14
ZIGR	18995M001	2020-07-08 10:00:00.0	51.94031	15.51431	225.626	186.009	2,406.1	1	-2.44	-0.07	0.12	0.15
ZIGR	18995M001	2020-07-08 10:30:00.0	51.94031	15.51431	225.626	186.009	2,404.8	1.2	-2.88	-0.38	0.17	0.16
ZIGR	18995M001	2020-07-08 11:00:00.0	51.94031	15.51431	225.623	186.006	2,409.3	1.2	-2.42	-0.28	0.22	0.13
ZIGR	18995M001	2020-07-08 11:30:00.0	51.94031	15.51431	225.623	186.006	2,407.8	1.6	-2.23	-0.48	0.28	0.23
ZIGR	18995M001	2020-07-08 12:00:00.0	51.94031	15.51431	225.628	186.011	2,405	1.4	-3	0.1	0.2	0.19
ZIGR	18995M001	2020-07-08 12:30:00.0	51.94031	15.51431	225.628	186.011	2,400.8	1.4	-2.54	0.25	0.17	0.19
ZIGR	18995M001	2020-07-08 13:00:00.0	51.94031	15.51431	225.621	186.004	2,406.1	1.1	-2.41	0.06	0.14	0.17
ZIGR	18995M001	2020-07-08 13:30:00.0	51.94031	15.51431	225.621	186.004	2,404.9	1.4	-1.93	0.37	0.23	0.25
ZIGR	18995M001	2020-07-08 14:00:00.0	51.94031	15.51431	225.617	186	2,406.5	1.1	-1.72	0.35	0.18	0.17
ZIGR	18995M001	2020-07-08 14:30:00.0	51.94031	15.51431	225.617	186	2,403.8	1.4	-2.36	0.87	0.23	0.21
ZIGR	18995M001	2020-07-08 15:00:00.0	51.94031	15.51431	225.611	185.994	2,405.4	1.5	-1.59	-0.62	0.23	0.22
ZIGR	18995M001	2020-07-08 15:30:00.0	51.94031	15.51431	225.611	185.994	2,405	1.6	-0.87	-0.22	0.23	0.23
ZIGR	18995M001	2020-07-08 16:00:00.0	51.94031	15.51431	225.615	185.998	2,400.9	1.1	-1.02	0.09	0.15	0.13
ZIGR	18995M001	2020-07-08 16:30:00.0	51.94031	15.51431	225.615	185.998	2,401.2	1.2	-1.23	0.37	0.18	0.16
ZIGR	18995M001	2020-07-08 17:00:00.0	51.94031	15.51431	225.62	186.003	2,396.3	1.4	-2.15	1.19	0.2	0.22
ZIGR	18995M001	2020-07-08 17:30:00.0	51.94031	15.51431	225.62	186.003	2,388.5	1.4	-2	1.34	0.2	0.25
ZIGR	18995M001	2020-07-08 18:00:00.0	51.94031	15.51431	225.621	186.004	2,382.7	1.2	-0.72	0.54	0.16	0.17
ZIGR	18995M001	2020-07-08 18:30:00.0	51.94031	15.51431	225.621	186.004	2,382.1	1.2	-0.64	0.07	0.16	0.18
ZIM2	14001M008	2020-07-08 08:30:00.0	46.87708	7.46503	956.45	907.613	2,174.5	1.6	-1.64	-0.16	0.22	0.22
ZIM2	14001M008	2020-07-08 09:00:00.0	46.87708	7.46503	956.453	907.616	2,172.2	1.4	-2.15	0.48	0.19	0.22
ZIM2	14001M008	2020-07-08 09:30:00.0	46.87708	7.46503	956.453	907.616	2,169.3	1.5	-1.35	-0.2	0.16	0.25
ZIM2	14001M008	2020-07-08 10:00:00.0	46.87708	7.46503	956.446	907.609	2,173.5	1.5	-1.71	0.06	0.17	0.22
ZIM2	14001M008	2020-07-08 10:30:00.0	46.87708	7.46503	956.446	907.609	2,168.9	1.8	-1.99	-0.13	0.26	0.25
ZIM2	14001M008	2020-07-08 11:00:00.0	46.87708	7.46503	956.444	907.607	2,172.3	1.6	-1.02	-0.22	0.24	0.19
ZIM2	14001M008	2020-07-08 11:30:00.0	46.87708	7.46503	956.444	907.607	2,167.4	1.9	-0.5	-0.65	0.31	0.3
ZIM2	14001M008	2020-07-08 12:00:00.0	46.87708	7.46503	956.45	907.613	2,166.5	1.7	0.55	-0.74	0.24	0.23
ZIM2	14001M008	2020-07-08 12:30:00.0	46.87708	7.46503	956.45	907.613	2,174.5	1.8	-0.21	-0.49	0.2	0.25
ZIM2	14001M008	2020-07-08 13:00:00.0	46.87708	7.46503	956.446	907.609	2,179	1.6	0.21	-0.87	0.2	0.23
ZIM2	14001M008	2020-07-08 13:30:00.0	46.87708	7.46503	956.446	907.609	2,181.3	1.6	0.73	-0.73	0.21	0.27
ZIM2	14001M008	2020-07-08 14:00:00.0	46.87708	7.46503	956.44	907.603	2,183.1	1.5	1.25	-0.75	0.2	0.2
ZIM2	14001M008	2020-07-08 14:30:00.0	46.87708	7.46503	956.44	907.603	2,190.7	1.7	1.8	-1.58	0.23	0.23
ZIM2	14001M008	2020-07-08 15:00:00.0	46.87708	7.46503	956.44	907.603	2,181.9	1.4	0.62	-0.15	0.19	0.19
ZIM2	14001M008	2020-07-08 15:30:00.0	46.87708	7.46503	956.44	907.603	2,189.6	1.6	1.1	-0.54	0.22	0.22
ZIM2	14001M008	2020-07-08 16:00:00.0	46.87708	7.46503	956.451	907.614	2,182.1	1.3	0.71	0.56	0.2	0.15
ZIM2	14001M008	2020-07-08 16:30:00.0	46.87708	7.46503	956.451	907.614	2,185.2	1.5	0.22	0.47	0.22	0.23
ZIM2	14001M008	2020-07-08 17:00:00.0	46.87708	7.46503	956.464	907.627	2,185.5	1.4	-0.05	-0.01	0.18	0.21
ZIM2	14001M008	2020-07-08 17:30:00.0	46.87708	7.46503	956.464	907.627	2,182.5	1.4	0.44	0.48	0.17	0.24
ZIM2	14001M008	2020-07-08 18:00:00.0	46.87708	7.46503	956.472	907.635	2,194	1.7	0.69	-1.04	0.21	0.24
ZIM2	14001M008	2020-07-08 18:30:00.0	46.87708	7.46503	956.472	907.635	2,198	1.6	0.15	-0.86	0.2	0.26
ZYWE	NDNT-ZYWE	2020-07-08 08:30:00.0	49.68817	19.19736	405.809	363.699	2,359.2	1.2	-0.15	0.23	0.15	0.16
ZYWE	NDNT-ZYWE	2020-07-08 09:00:00.0	49.68817	19.19736	405.805	363.695	2,363.6	1.5	-0.34	-0.2	0.19	0.2
ZYWE	NDNT-ZYWE	2020-07-08 09:30:00.0	49.68817	19.19736	405.805	363.695	2,368.4	1.5	0.07	-0.15	0.2	0.2
ZYWE	NDNT-ZYWE	2020-07-08 10:00:00.0	49.68817	19.19736	405.807	363.697	2,367.5	1.2	-0.93	0.2	0.14	0.16
ZYWE	NDNT-ZYWE	2020-07-08 10:30:00.0	49.68817	19.19736	405.807	363.697	2,369.9	1.4	-1.75	-0.61	0.2	0.18
ZYWE	NDNT-ZYWE	2020-07-08 11:00:00.0	49.68817	19.19736	405.813	363.703	2,364.5	1.5	-0.85	-0.17	0.25	0.17
ZYWE	NDNT-ZYWE	2020-07-08 11:30:00.0	49.68817	19.19736	405.813	363.703	2,361.9	1.9	-0.34	-0.82	0.32	0.24
ZYWE	NDNT-ZYWE	2020-07-08 12:00:00.0	49.68817	19.19736	405.812	363.702	2,363	1.5	0.18	-0.69	0.22	0.17
ZYWE	NDNT-ZYWE	2020-07-08 12:30:00.0	49.68817	19.19736	405.812	363.702	2,368.9	1.4	-0.48	-0.12	0.2	0.2
ZYWE	NDNT-ZYWE	2020-07-08 13:00:00.0	49.68817	19.19736	405.813	363.703	2,378.4	1.2	-1.74	-0.36	0.16	0.14
ZYWE	NDNT-ZYWE	2020-07-08 13:30:00.0	49.68817	19.19736	405.813	363.703	2,371.9	1.4	-1.34	-0.46	0.2	0.23
ZYWE	NDNT-ZYWE	2020-07-08 14:00:00.0	49.68817	19.19736	405.811	363.701	2,374.9	1.4	-0.92	-0.21	0.2	0.2
ZYWE	NDNT-ZYWE	2020-07-08 14:30:00.0	49.68817	19.19736	405.811	363.701	2,382.4	1.6	-1.5	-0.52	0.27	0.24
ZYWE	NDNT-ZYWE	2020-07-08 15:00:00.0	49.68817	19.19736	405.816	363.706	2,386.1	1.4	-0.86	-0.76	0.19	0.18
ZYWE	NDNT-ZYWE	2020-07-08 15:30:00.0	49.68817	19.19736	405.816	363.706	2,397.5	1.4	-0.32	-0.27	0.19	0.17
ZYWE	NDNT-ZYWE	2020-07-08 16:00:00.0	49.68817	19.19736	405.818	363.708	2,389.4	1.2	-0.44	0.13	0.14	0.15
ZYWE	NDNT-ZYWE	2020-07-08 16:30:00.0	49.68817	19.19736	405.818	363.708	2,385.8	1.4	-0.07	-0.24	0.19	0.2
ZYWE	NDNT-ZYWE	2020-07-08 17:00:00.0	49.68817	19.19736	405.814	363.704	2,401.8	1.3	-0.59	0.02	0.18	0.19
ZYWE	NDNT-ZYWE	2020-07-08 17:30:00.0	49.68817	19.19736	405.814	363.704	2,401.8	1.3	-1.03	-0.83	0.17	0.2
ZYWE	NDNT-ZYWE	2020-07-08 18:00:00.0	49.68817	19.19736	405.809	363.699	2,408.5	1.4	-0.89	-1.17	0.19	0.17
ZYWE	NDNT-ZYWE	2020-07-08 18:30:00.0	49.68817	19.19736	405.809	363.699	2,415.6	1.4	-0.93	-0.47	0.19	0.18
ZYWI	12220S001	2020-07-08 08:30:00.0	49.68669	19.20594	412.77	370.668	2,360.2	1.4	-0.4	-0.23	0.17	0.18
ZYWI	12220S001	2020-07-08 09:00:00.0	49.68669	19.20594	412.772	370.67	2,372.2	2.5	-1.34	-0.75	0.31	0.34
ZYWI	12220S001	2020-07-08 10:00:00.0	49.68669	19.20594	412.771	370.669	2,367.4	1.7	-1.78	0.09	0.22	0.23
ZYWI	12220S001	2020-07-08 10:30:00.0	49.68669	19.20594	412.771	370.669	2,365.8	1.6	-1.35	-0.22	0.23	0.19
ZYWI	12220S001	2020-07-08 11:00:00.0	49.68669	19.20594	412.787	370.685	2,366	2.3	-1.15	-0.28	0.37	0.29
BART	12234M001	2020-07-08 19:30:00.0	54.25069	20.81544	93.227	65.253	2,401.1	0.9	-0.93	0.51	0.13	0.13
BART	12234M001	2020-07-08 20:00:00.0	54.25069	20.81544	93.232	65.258	2,403.2	1.1	-0.27	0.21	0.15	0.14
BART	12234M001	2020-07-08 20:30:00.0	54.25069	20.81544	93.232	65.258	2,401.3	1	-0.34	0.65	0.13	0.14
BART	12234M001	2020-07-08 21:00:00.0	54.25069	20.81544	93.229	65.255	2,396.2	1	-0.34	0.42	0.14	0.15
BART	12234M001	2020-07-08 21:30:00.0	54.25069	20.81544	93.229	65.255	2,404.6	1	0.26	-0.83	0.17	0.17
BART	12234M001	2020-07-08 22:00:00.0	54.25069	20.81544	93.23	65.256	2,407.5	1.1	0.18	0.15	0.18	0.13
BART	12234M001	2020-07-08 22:30:00.0	54.25069	20.81544	93.23	65.256	2,415.7	1.3	-0.45	0.12	0.17	0.17
BART	12234M001	2020-07-08 23:00:00.0	54.25069	20.81544	93.229	65.255	2,407.6	1	-1.48	0.34	0.17	0.13
BART	12234M001	2020-07-08 23:30:00.0	54.25069	20.81544	93.229	65.255	2,402.7	1.3	-1.22	-0.02	0.21	0.21
BEDZ	NDNT-BEDZ	2020-07-08 19:30:00.0	50.34453	19.15936	315.222	274.43	2,423.2	1.1	-1.88	-0.18	0.14	0.11
BEDZ	NDNT-BEDZ	2020-07-08 20:00:00.0	50.34453	19.15936	315.223	274.431	2,417.5	1	-2.38	0.27	0.13	0.12
BEDZ	NDNT-BEDZ	2020-07-08 20:30:00.0	50.34453	19.15936	315.223	274.431	2,407	1	-3.56	0.59	0.12	0.13
BEDZ	NDNT-BEDZ	2020-07-08 21:00:00.0	50.34453	19.15936	315.224	274.432	2,392	1.3	-3.97	0.36	0.15	0.16
BEDZ	NDNT-BEDZ	2020-07-08 21:30:00.0	50.34453	19.15936	315.224	274.432	2,387.1	1.3	-3.12	-0.31	0.2	0.18
BEDZ	NDNT-BEDZ	2020-07-08 22:00:00.0	50.34453	19.15936	315.225	274.433	2,382.9	1	-2.54	0.19	0.13	0.11
BEDZ	NDNT-BEDZ	2020-07-08 22:30:00.0	50.34453	19.15936	315.225	274.433	2,381.7	1	-1.84	0.38	0.14	0.13
BEDZ	NDNT-BEDZ	2020-07-08 23:00:00.0	50.34453	19.15936	315.217	274.425	2,376.3	1.1	-1.8	0.14	0.19	0.15
BEDZ	NDNT-BEDZ	2020-07-08 23:30:00.0	50.34453	19.15936	315.217	274.425	2,375.8	1.4	-1.58	0.12	0.22	0.2
BES1	MUSE-BES1	2020-07-08 19:30:00.0	50.32831	19.12436	310.646	269.746	2,420.8	1.4	-2.37	0.05	0.21	0.18
BES1	MUSE-BES1	2020-07-08 20:00:00.0	50.32831	19.12436	310.647	269.747	2,416.7	1.2	-2.67	0.02	0.17	0.15
BES1	MUSE-BES1	2020-07-08 20:30:00.0	50.32831	19.12436	310.647	269.747	2,409.4	1.2	-3.95	-0.19	0.15	0.18
BES1	MUSE-BES1	2020-07-08 21:00:00.0	50.32831	19.12436	310.643	269.743	2,391.5	1.4	-4.25	0.45	0.16	0.18
BES1	MUSE-BES1	2020-07-08 21:30:00.0	50.32831	19.12436	310.643	269.743	2,389.4	1.4	-3.95	0.24	0.22	0.24
BES1	MUSE-BES1	2020-07-08 22:00:00.0	50.32831	19.12436	310.641	269.741	2,381.4	1.3	-3.34	0.67	0.17	0.19
BES1	MUSE-BES1	2020-07-08 22:30:00.0	50.32831	19.12436	310.641	269.741	2,379.2	1.1	-2.32	0.86	0.15	0.16
BES1	MUSE-BES1	2020-07-08 23:00:00.0	50.32831	19.12436	310.634	269.734	2,373	1.4	-2.38	0.13	0.23	0.21
BES1	MUSE-BES1	2020-07-08 23:30:00.0	50.32831	19.12436	310.634	269.734	2,372.8	1.8	-1.91	0.08	0.24	0.26
BIA2	NDNT-BIAL	2020-07-08 19:30:00.0	49.39022	20.09875	754.866	713.427	2,292.4	1.1	-1.1	-0.04	0.15	0.13
BIA2	NDNT-BIAL	2020-07-08 20:00:00.0	49.39022	20.09875	754.86	713.421	2,292.7	1.1	-0.43	0.14	0.16	0.16
BIA2	NDNT-BIAL	2020-07-08 20:30:00.0	49.39022	20.09875	754.86	713.421	2,298.1	1	-0.59	-0.02	0.14	0.15
BIA2	NDNT-BIAL	2020-07-08 21:00:00.0	49.39022	20.09875	754.857	713.418	2,301.2	1.3	-1.09	-0.31	0.15	0.16
BIA2	NDNT-BIAL	2020-07-08 21:30:00.0	49.39022	20.09875	754.857	713.418	2,304.3	1.4	-1.77	-0.42	0.21	0.18
BIA2	NDNT-BIAL	2020-07-08 22:00:00.0	49.39022	20.09875	754.862	713.423	2,301.6	1	-0.21	-0.38	0.16	0.11
BIA2	NDNT-BIAL	2020-07-08 22:30:00.0	49.39022	20.09875	754.862	713.423	2,309.2	1.1	0.18	-0.44	0.17	0.13
BIA2	NDNT-BIAL	2020-07-08 23:00:00.0	49.39022	20.09875	754.853	713.414	2,304.4	1.1	-1.37	-0.3	0.16	0.14
BIA2	NDNT-BIAL	2020-07-08 23:30:00.0	49.39022	20.09875	754.853	713.414	2,309.4	1.2	-2.35	-0.61	0.16	0.16
BILG	12236M001	2020-07-08 19:30:00.0	50.5315	22.71858	242.972	209.283	2,424.6	1.1	-1.33	-0.07	0.16	0.12
BILG	12236M001	2020-07-08 20:00:00.0	50.5315	22.71858	242.976	209.287	2,426.5	1.1	-1.65	-0.1	0.14	0.13
BILG	12236M001	2020-07-08 20:30:00.0	50.5315	22.71858	242.976	209.287	2,428.6	1.1	-0.59	0.63	0.14	0.15
BILG	12236M001	2020-07-08 21:00:00.0	50.5315	22.71858	242.983	209.294	2,423	1.2	-1.48	0.05	0.16	0.17
BILG	12236M001	2020-07-08 21:30:00.0	50.5315	22.71858	242.983	209.294	2,426.3	1.3	-2.01	-0.24	0.2	0.18
BILG	12236M001	2020-07-08 22:00:00.0	50.5315	22.71858	242.97	209.281	2,426.8	1	-2.19	0.41	0.13	0.1
BILG	12236M001	2020-07-08 22:30:00.0	50.5315	22.71858	242.97	209.281	2,427.1	1.1	-1.45	-0.07	0.13	0.13
BILG	12236M001	2020-07-08 23:00:00.0	50.5315	22.71858	242.964	209.275	2,424.9	1	-0.74	0.45	0.15	0.13
BILG	12236M001	2020-07-08 23:30:00.0	50.5315	22.71858	242.964	209.275	2,420.7	1.1	-1.08	1.14	0.15	0.15
BOGI	12207M003	2020-07-08 19:30:00.0	52.475	21.03522	139.969	109.161	2,405.6	1.2	-1.29	-0.61	0.15	0.22
BOGI	12207M003	2020-07-08 20:00:00.0	52.475	21.03522	139.969	109.161	2,408.8	1.1	-0.97	0.52	0.16	0.17
BOGI	12207M003	2020-07-08 20:30:00.0	52.475	21.03522	139.969	109.161	2,405.4	1.1	-1.33	0.47	0.16	0.17
BOGI	12207M003	2020-07-08 21:00:00.0	52.475	21.03522	139.966	109.158	2,405.8	1.2	-0.89	-0.81	0.19	0.18
BOGI	12207M003	2020-07-08 21:30:00.0	52.475	21.03522	139.966	109.158	2,407.6	1.2	-1.11	-0.09	0.23	0.19
BOGI	12207M003	2020-07-08 22:00:00.0	52.475	21.03522	139.968	109.16	2,403.8	1.2	-1.58	-0.2	0.19	0.17
BOGI	12207M003	2020-07-08 22:30:00.0	52.475	21.03522	139.968	109.16	2,408	1.4	-2.37	-0.22	0.24	0.24
BOGI	12207M003	2020-07-08 23:00:00.0	52.475	21.03522	139.975	109.167	2,398.1	1.2	-1.82	0.84	0.23	0.17
BOGI	12207M003	2020-07-08 23:30:00.0	52.475	21.03522	139.975	109.167	2,397.8	1.3	-1.51	0.12	0.29	0.19
BOGO	12207M002	2020-07-08 19:30:00.0	52.47594	21.03536	149.61	118.804	2,406.8	1.1	-2.12	-0.05	0.14	0.16
BOGO	12207M002	2020-07-08 20:00:00.0	52.47594	21.03536	149.616	118.81	2,403.5	1.1	-1.18	0.27	0.16	0.15
BOGO	12207M002	2020-07-08 20:30:00.0	52.47594	21.03536	149.616	118.81	2,396.7	1.1	-0.62	0.75	0.14	0.16
BOGO	12207M002	2020-07-08 21:00:00.0	52.47594	21.03536	149.614	118.808	2,403.6	1.1	-1.52	0.35	0.15	0.16
BOGO	12207M002	2020-07-08 21:30:00.0	52.47594	21.03536	149.614	118.808	2,403.4	1.1	-2.17	0.99	0.19	0.18
BOGO	12207M002	2020-07-08 22:00:00.0	52.47594	21.03536	149.616	118.81	2,402.9	1	-1.59	0.64	0.16	0.11
BOGO	12207M002	2020-07-08 22:30:00.0	52.47594	21.03536	149.616	118.81	2,402.1	1	-1.71	0.33	0.14	0.12
BOGO	12207M002	2020-07-08 23:00:00.0	52.47594	21.03536	149.616	118.81	2,394.3	1	-1.08	0.13	0.17	0.13
BOGO	12207M002	2020-07-08 23:30:00.0	52.47594	21.03536	149.616	118.81	2,396.9	1.1	-0.91	0.15	0.18	0.16
BOR1	12205M002	2020-07-08 20:00:00.0	52.27694	17.07347	124.419	89.068	2,413.8	1.4	-0.81	0.06	0.17	0.18
BOR1	12205M002	2020-07-08 20:30:00.0	52.27694	17.07347	124.419	89.068	2,413.6	1.3	-0.41	0.37	0.2	0.19
BOR1	12205M002	2020-07-08 21:00:00.0	52.27694	17.07347	124.413	89.062	2,415.2	1.9	-0.87	-0.22	0.32	0.28
BOR1	12205M002	2020-07-08 22:00:00.0	52.27694	17.07347	124.415	89.064	2,413.8	1.8	-1.12	0.12	0.33	0.23
BOR1	12205M002	2020-07-08 22:30:00.0	52.27694	17.07347	124.415	89.064	2,410.8	1.7	-1.33	0.25	0.35	0.2
BOR1	12205M002	2020-07-08 23:00:00.0	52.27694	17.07347	124.426	89.075	2,407	1.2	-0.89	0.61	0.23	0.15
BOR1	12205M002	2020-07-08 23:30:00.0	52.27694	17.07347	124.426	89.075	2,402.1	1.4	-1.24	-0.34	0.33	0.19
BPDL	12223M001	2020-07-08 19:30:00.0	52.03528	23.12736	196.355	167.421	2,404.3	1.3	-1.55	-0.09	0.17	0.2
BPDL	12223M001	2020-07-08 20:00:00.0	52.03528	23.12736	196.358	167.424	2,404.7	1.2	-2.02	-0.32	0.16	0.16
BPDL	12223M001	2020-07-08 20:30:00.0	52.03528	23.12736	196.358	167.424	2,404	1.1	-1.84	-0.22	0.15	0.17
BPDL	12223M001	2020-07-08 21:00:00.0	52.03528	23.12736	196.358	167.424	2,399.6	1.2	-2.62	1.18	0.15	0.16
BPDL	12223M001	2020-07-08 21:30:00.0	52.03528	23.12736	196.358	167.424	2,400.3	1.2	-2.32	1.42	0.2	0.17
BPDL	12223M001	2020-07-08 22:00:00.0	52.03528	23.12736	196.361	167.427	2,402.5	1	-2.2	0.77	0.16	0.11
BPDL	12223M001	2020-07-08 22:30:00.0	52.03528	23.12736	196.361	167.427	2,400.8	1.1	-2.3	0.53	0.15	0.14
BPDL	12223M001	2020-07-08 23:00:00.0	52.03528	23.12736	196.364	167.43	2,397.6	1.1	-1.62	0.73	0.17	0.14
BPDL	12223M001	2020-07-08 23:30:00.0	52.03528	23.12736	196.364	167.43	2,396.3	1.2	-1.32	0.94	0.18	0.17
BRZE	NDNT-BRZE	2020-07-08 19:30:00.0	49.969	20.59017	327.374	289.014	2,427	1	-0.58	0	0.15	0.11
BRZE	NDNT-BRZE	2020-07-08 20:00:00.0	49.969	20.59017	327.373	289.013	2,423.8	1	-0.94	0.37	0.14	0.13
BRZE	NDNT-BRZE	2020-07-08 20:30:00.0	49.969	20.59017	327.373	289.013	2,426.5	1	-0.47	0.87	0.13	0.15
BRZE	NDNT-BRZE	2020-07-08 21:00:00.0	49.969	20.59017	327.374	289.014	2,422.2	1.2	-0.56	0.15	0.16	0.15
BRZE	NDNT-BRZE	2020-07-08 21:30:00.0	49.969	20.59017	327.374	289.014	2,431.2	1.2	-0.98	-0.32	0.2	0.16
BRZE	NDNT-BRZE	2020-07-08 22:00:00.0	49.969	20.59017	327.379	289.019	2,426.2	1	-1.5	-0.26	0.14	0.11
BRZE	NDNT-BRZE	2020-07-08 22:30:00.0	49.969	20.59017	327.379	289.019	2,422.1	1.1	-2.49	-0.06	0.18	0.13
BRZE	NDNT-BRZE	2020-07-08 23:00:00.0	49.969	20.59017	327.371	289.011	2,415.5	1	-2.43	1.3	0.17	0.13
BRZE	NDNT-BRZE	2020-07-08 23:30:00.0	49.969	20.59017	327.371	289.011	2,414	1.3	-3.63	0.54	0.24	0.18
BRZG	NDNT-BRZG	2020-07-08 19:30:00.0	50.86219	17.45103	190.691	150.342	2,429.9	1.2	-0.83	1.05	0.16	0.13
BRZG	NDNT-BRZG	2020-07-08 20:00:00.0	50.86219	17.45103	190.688	150.339	2,422.4	1.1	-1.39	0.36	0.14	0.13
BRZG	NDNT-BRZG	2020-07-08 20:30:00.0	50.86219	17.45103	190.688	150.339	2,417.8	1.1	-1.3	0.45	0.14	0.15
BRZG	NDNT-BRZG	2020-07-08 21:00:00.0	50.86219	17.45103	190.688	150.339	2,406.5	1.4	-1.46	-0.02	0.17	0.19
BRZG	NDNT-BRZG	2020-07-08 21:30:00.0	50.86219	17.45103	190.688	150.339	2,406.5	1.5	-1.79	0.33	0.22	0.22
BRZG	NDNT-BRZG	2020-07-08 22:00:00.0	50.86219	17.45103	190.69	150.341	2,406.7	1.4	-1.25	-0.07	0.19	0.2
BRZG	NDNT-BRZG	2020-07-08 22:30:00.0	50.86219	17.45103	190.69	150.341	2,408.3	1.4	-1.32	-0.68	0.27	0.17
BRZG	NDNT-BRZG	2020-07-08 23:00:00.0	50.86219	17.45103	190.687	150.338	2,414.7	1.1	-1.62	-0.78	0.2	0.13
BRZG	NDNT-BRZG	2020-07-08 23:30:00.0	50.86219	17.45103	190.687	150.338	2,421.3	1.4	-2.27	-1.01	0.19	0.19
BUCU	11401M001	2020-07-08 19:30:00.0	44.46394	26.12575	143.344	108.833	2,422.3	1.5	0.17	-0.22	0.24	0.18
BUCU	11401M001	2020-07-08 20:00:00.0	44.46394	26.12575	143.334	108.823	2,431	1.2	-0.59	-0.03	0.17	0.17
BUCU	11401M001	2020-07-08 20:30:00.0	44.46394	26.12575	143.334	108.823	2,433.9	1.3	-0.22	0.06	0.16	0.16
BUCU	11401M001	2020-07-08 21:00:00.0	44.46394	26.12575	143.34	108.829	2,433.4	1.4	-1.08	0.04	0.18	0.15
BUCU	11401M001	2020-07-08 21:30:00.0	44.46394	26.12575	143.34	108.829	2,433.9	1.4	-0.6	-0.3	0.22	0.19
BUCU	11401M001	2020-07-08 22:00:00.0	44.46394	26.12575	143.335	108.824	2,434.5	1.1	-0.55	0.35	0.15	0.1
BUCU	11401M001	2020-07-08 22:30:00.0	44.46394	26.12575	143.335	108.824	2,433	1.2	-0.95	0.08	0.18	0.14
BUCU	11401M001	2020-07-08 23:00:00.0	44.46394	26.12575	143.324	108.813	2,438.7	1.2	-2.3	-0.39	0.19	0.15
BUCU	11401M001	2020-07-08 23:30:00.0	44.46394	26.12575	143.324	108.813	2,442.8	1.3	-1.66	-0.19	0.19	0.16
BUSK	NDNT-BUSK	2020-07-08 19:30:00.0	50.47422	20.71275	311.42	274.024	2,415.4	1.1	-1.18	-0.39	0.15	0.15
BUSK	NDNT-BUSK	2020-07-08 20:00:00.0	50.47422	20.71275	311.418	274.022	2,419.2	1.1	-1.37	-0.17	0.15	0.14
BUSK	NDNT-BUSK	2020-07-08 20:30:00.0	50.47422	20.71275	311.418	274.022	2,419.6	1.1	-1.83	-0.47	0.14	0.18
BUSK	NDNT-BUSK	2020-07-08 21:00:00.0	50.47422	20.71275	311.422	274.026	2,411.3	1.2	-2.73	-0.72	0.15	0.15
BUSK	NDNT-BUSK	2020-07-08 21:30:00.0	50.47422	20.71275	311.422	274.026	2,400.9	1.2	-3.37	0.42	0.21	0.17
BUSK	NDNT-BUSK	2020-07-08 22:00:00.0	50.47422	20.71275	311.42	274.024	2,394.1	1	-3.38	0.76	0.14	0.12
BUSK	NDNT-BUSK	2020-07-08 22:30:00.0	50.47422	20.71275	311.42	274.024	2,390.7	1.1	-2.42	0.56	0.15	0.16
BUSK	NDNT-BUSK	2020-07-08 23:00:00.0	50.47422	20.71275	311.41	274.014	2,387.3	1	-1.09	-0.08	0.16	0.12
BUSK	NDNT-BUSK	2020-07-08 23:30:00.0	50.47422	20.71275	311.41	274.014	2,383.9	1.1	-1.09	0.41	0.15	0.15
BUZD	12238M001	2020-07-08 19:30:00.0	50.46622	20.71894	299.283	261.888	2,416.7	1.1	-1.33	0.21	0.15	0.15
BUZD	12238M001	2020-07-08 20:00:00.0	50.46622	20.71894	299.286	261.891	2,420.2	1.1	-1.97	-0.44	0.15	0.14
BUZD	12238M001	2020-07-08 20:30:00.0	50.46622	20.71894	299.286	261.891	2,420.1	1.1	-2.16	-0.7	0.14	0.18
BUZD	12238M001	2020-07-08 21:00:00.0	50.46622	20.71894	299.289	261.894	2,416.5	1.2	-3.49	-0.52	0.15	0.16
BUZD	12238M001	2020-07-08 21:30:00.0	50.46622	20.71894	299.289	261.894	2,405.2	1.2	-3.74	-0.07	0.21	0.17
BUZD	12238M001	2020-07-08 22:00:00.0	50.46622	20.71894	299.286	261.891	2,394.4	1	-3.29	0.92	0.16	0.12
BUZD	12238M001	2020-07-08 22:30:00.0	50.46622	20.71894	299.286	261.891	2,393.3	1.1	-2.17	0.64	0.15	0.17
BUZD	12238M001	2020-07-08 23:00:00.0	50.46622	20.71894	299.277	261.882	2,384.3	1	-1.15	0.1	0.18	0.13
BUZD	12238M001	2020-07-08 23:30:00.0	50.46622	20.71894	299.277	261.882	2,383.6	1.1	-0.81	1.06	0.21	0.16
BYDG	12224M001	2020-07-08 19:30:00.0	53.13456	17.99364	104.409	73.801	2,407.3	1.2	-0.31	0.38	0.16	0.19
BYDG	12224M001	2020-07-08 20:00:00.0	53.13456	17.99364	104.426	73.818	2,411.2	1.1	-0.31	0.45	0.15	0.14
BYDG	12224M001	2020-07-08 20:30:00.0	53.13456	17.99364	104.426	73.818	2,406.5	1.1	-1.44	-0.64	0.14	0.15
BYDG	12224M001	2020-07-08 21:00:00.0	53.13456	17.99364	104.424	73.816	2,409.5	1	-1.33	-0.01	0.14	0.16
BYDG	12224M001	2020-07-08 21:30:00.0	53.13456	17.99364	104.424	73.816	2,406.2	1.1	-0.6	0.18	0.17	0.16
BYDG	12224M001	2020-07-08 22:00:00.0	53.13456	17.99364	104.424	73.816	2,404.1	1	-1.03	-0.1	0.14	0.12
BYDG	12224M001	2020-07-08 22:30:00.0	53.13456	17.99364	104.424	73.816	2,406.6	1.1	-1.01	-0.1	0.16	0.14
BYDG	12224M001	2020-07-08 23:00:00.0	53.13456	17.99364	104.436	73.828	2,406.8	1	-1.48	-0.34	0.16	0.12
BYDG	12224M001	2020-07-08 23:30:00.0	53.13456	17.99364	104.436	73.828	2,405.7	1.2	-1.21	-0.66	0.17	0.15
CBKA	12221M001	2020-07-08 19:30:00.0	52.21472	21.06769	125.186	93.938	2,413.9	1	-1.55	0.56	0.14	0.14
CBKA	12221M001	2020-07-08 20:00:00.0	52.21472	21.06769	125.187	93.939	2,416.5	1.1	-1.79	-0.07	0.15	0.15
CBKA	12221M001	2020-07-08 20:30:00.0	52.21472	21.06769	125.187	93.939	2,420.3	1	-1.76	-0.33	0.14	0.15
CBKA	12221M001	2020-07-08 21:00:00.0	52.21472	21.06769	125.184	93.936	2,419.5	1.1	-1.54	-0.5	0.14	0.16
CBKA	12221M001	2020-07-08 21:30:00.0	52.21472	21.06769	125.184	93.936	2,422.2	1.1	-1.22	-0.28	0.18	0.18
CBKA	12221M001	2020-07-08 22:00:00.0	52.21472	21.06769	125.185	93.937	2,416.7	0.9	-1.44	0.85	0.14	0.11
CBKA	12221M001	2020-07-08 22:30:00.0	52.21472	21.06769	125.185	93.937	2,412.4	0.9	-1.98	0.81	0.13	0.12
CBKA	12221M001	2020-07-08 23:00:00.0	52.21472	21.06769	125.19	93.942	2,409.9	1	-1.29	0	0.16	0.13
CBKA	12221M001	2020-07-08 23:30:00.0	52.21472	21.06769	125.19	93.942	2,406.3	1.1	-1.59	0.4	0.17	0.16
CCHN	12239M001	2020-07-08 19:30:00.0	52.88281	20.59783	167.633	136.739	2,388.2	1	-0.24	-0.19	0.14	0.14
CCHN	12239M001	2020-07-08 20:00:00.0	52.88281	20.59783	167.634	136.74	2,392	1.3	-0.04	-0.44	0.21	0.19
CCHN	12239M001	2020-07-08 20:30:00.0	52.88281	20.59783	167.634	136.74	2,395.2	1.3	0.51	0.48	0.2	0.21
CCHN	12239M001	2020-07-08 21:00:00.0	52.88281	20.59783	167.627	136.733	2,391.2	1.3	-0.17	0.41	0.18	0.2
CCHN	12239M001	2020-07-08 21:30:00.0	52.88281	20.59783	167.627	136.733	2,389.9	1.3	-0.77	0.6	0.22	0.21
CCHN	12239M001	2020-07-08 22:00:00.0	52.88281	20.59783	167.636	136.742	2,390.9	1.2	-0.44	0.97	0.21	0.15
CCHN	12239M001	2020-07-08 22:30:00.0	52.88281	20.59783	167.636	136.742	2,388.4	1.4	-0.52	0.86	0.2	0.22
CCHN	12239M001	2020-07-08 23:00:00.0	52.88281	20.59783	167.641	136.747	2,389.3	1.2	-0.17	0.62	0.2	0.16
CCHN	12239M001	2020-07-08 23:30:00.0	52.88281	20.59783	167.641	136.747	2,391	1.4	-0.39	0.59	0.21	0.2
CFRM	11525M001	2020-07-08 23:00:00.0	49.68481	18.35319	373.665	330.842	2,386.6	1.2	-3.85	-0.08	0.16	0.13
CFRM	11525M001	2020-07-08 23:30:00.0	49.68481	18.35319	373.665	330.842	2,386.6	1.4	-3.34	-0.3	0.17	0.16
CHEL	12240M001	2020-07-08 19:30:00.0	51.13	23.48042	255.535	225.918	2,414.2	1.1	-1.2	-0.03	0.16	0.13
CHEL	12240M001	2020-07-08 20:00:00.0	51.13	23.48042	255.53	225.913	2,418.5	1.1	-1.43	0.08	0.14	0.13
CHEL	12240M001	2020-07-08 20:30:00.0	51.13	23.48042	255.53	225.913	2,414.4	1.1	-1.52	-0.25	0.14	0.15
CHEL	12240M001	2020-07-08 21:00:00.0	51.13	23.48042	255.537	225.92	2,411.1	1.2	-2.28	0.47	0.16	0.16
CHEL	12240M001	2020-07-08 21:30:00.0	51.13	23.48042	255.537	225.92	2,412.3	1.3	-2.2	-0.33	0.21	0.18
CHEL	12240M001	2020-07-08 22:00:00.0	51.13	23.48042	255.533	225.916	2,411.5	0.9	-2.17	0.49	0.13	0.1
CHEL	12240M001	2020-07-08 22:30:00.0	51.13	23.48042	255.533	225.916	2,413.1	1.1	-1.46	0.77	0.14	0.12
CHEL	12240M001	2020-07-08 23:00:00.0	51.13	23.48042	255.524	225.907	2,416.4	1	-1.54	0.44	0.17	0.13
CHEL	12240M001	2020-07-08 23:30:00.0	51.13	23.48042	255.524	225.907	2,408.3	1.1	-2.14	0.56	0.16	0.16
CHNO	12241M001	2020-07-08 19:30:00.0	53.16406	15.41406	105.383	70.628	2,407.5	1.2	-0.39	-0.96	0.14	0.2
CHNO	12241M001	2020-07-08 20:00:00.0	53.16406	15.41406	105.387	70.632	2,405.8	1.3	-0.59	-0.8	0.19	0.18
CHNO	12241M001	2020-07-08 20:30:00.0	53.16406	15.41406	105.387	70.632	2,409.2	1.3	-0.97	-1.15	0.19	0.18
CHNO	12241M001	2020-07-08 21:00:00.0	53.16406	15.41406	105.384	70.629	2,411.7	1.3	-0.46	-1.38	0.19	0.19
CHNO	12241M001	2020-07-08 21:30:00.0	53.16406	15.41406	105.384	70.629	2,412	1.2	0.26	-1.03	0.21	0.21
CHNO	12241M001	2020-07-08 22:00:00.0	53.16406	15.41406	105.387	70.632	2,416.4	1.1	-0.6	-0.79	0.16	0.15
CHNO	12241M001	2020-07-08 22:30:00.0	53.16406	15.41406	105.387	70.632	2,412.3	1.4	-0.93	-0.65	0.16	0.25
CHNO	12241M001	2020-07-08 23:00:00.0	53.16406	15.41406	105.396	70.641	2,413.8	1.4	-0.61	-0.69	0.19	0.18
CHNO	12241M001	2020-07-08 23:30:00.0	53.16406	15.41406	105.396	70.641	2,412	1.7	-0.72	-0.68	0.24	0.23
CHOJ	12242M001	2020-07-08 19:30:00.0	53.69519	17.55236	204.062	173.312	2,369.4	1.1	-0.88	-0.59	0.17	0.16
CHOJ	12242M001	2020-07-08 20:00:00.0	53.69519	17.55236	204.06	173.31	2,369.6	1.2	0.05	-0.84	0.17	0.15
CHOJ	12242M001	2020-07-08 20:30:00.0	53.69519	17.55236	204.06	173.31	2,364.9	1.4	-1.1	-0.58	0.2	0.17
CHOJ	12242M001	2020-07-08 21:00:00.0	53.69519	17.55236	204.056	173.306	2,371.4	1.1	-0.49	-0.01	0.17	0.18
CHOJ	12242M001	2020-07-08 21:30:00.0	53.69519	17.55236	204.056	173.306	2,368.2	1.1	-0.65	0.37	0.19	0.17
CHOJ	12242M001	2020-07-08 22:00:00.0	53.69519	17.55236	204.058	173.308	2,369.2	1.4	-0.85	0.18	0.22	0.18
CHOJ	12242M001	2020-07-08 22:30:00.0	53.69519	17.55236	204.058	173.308	2,368.7	1.6	-0.69	-0.13	0.21	0.22
CHOJ	12242M001	2020-07-08 23:00:00.0	53.69519	17.55236	204.068	173.318	2,366.6	1.4	-0.56	-0.62	0.22	0.18
CHOJ	12242M001	2020-07-08 23:30:00.0	53.69519	17.55236	204.068	173.318	2,375.1	1.6	-0.62	-1.51	0.24	0.23
CLIB	11526M001	2020-07-08 19:30:00.0	50.77169	15.05989	448.421	405.131	2,344.3	1.1	-2.07	0.16	0.17	0.13
CLIB	11526M001	2020-07-08 20:00:00.0	50.77169	15.05989	448.425	405.135	2,336.9	1	-1.73	-0.25	0.14	0.12
CLIB	11526M001	2020-07-08 20:30:00.0	50.77169	15.05989	448.425	405.135	2,335.3	1.1	-1.26	-0.01	0.14	0.15
CLIB	11526M001	2020-07-08 21:00:00.0	50.77169	15.05989	448.419	405.129	2,336.6	1.2	-1.02	-0.01	0.16	0.16
CLIB	11526M001	2020-07-08 21:30:00.0	50.77169	15.05989	448.419	405.129	2,337.4	1.1	-1.28	0.03	0.2	0.15
CLIB	11526M001	2020-07-08 22:00:00.0	50.77169	15.05989	448.414	405.124	2,338.2	1.1	-1.41	-0.49	0.14	0.13
CLIB	11526M001	2020-07-08 22:30:00.0	50.77169	15.05989	448.414	405.124	2,339.4	1.1	-1.65	-0.4	0.16	0.15
CLIB	11526M001	2020-07-08 23:00:00.0	50.77169	15.05989	448.423	405.133	2,340.8	1.1	-1.51	-0.62	0.17	0.12
CLIB	11526M001	2020-07-08 23:30:00.0	50.77169	15.05989	448.423	405.133	2,344.1	1.4	-1.58	-0.73	0.19	0.17
CNIV	15501M001	2020-07-08 19:30:00.0	51.51894	31.31361	175.952	151.202	2,379.4	1.2	0.18	0.64	0.15	0.16
CNIV	15501M001	2020-07-08 20:00:00.0	51.51894	31.31361	175.945	151.195	2,375	1.2	-0.51	-0.49	0.16	0.17
CNIV	15501M001	2020-07-08 20:30:00.0	51.51894	31.31361	175.945	151.195	2,380.2	1.1	-0.83	-0.47	0.16	0.17
CNIV	15501M001	2020-07-08 21:00:00.0	51.51894	31.31361	175.947	151.197	2,376.7	1	0.01	-0.4	0.13	0.14
CNIV	15501M001	2020-07-08 21:30:00.0	51.51894	31.31361	175.947	151.197	2,371.4	1.1	-0.18	-0.29	0.2	0.17
CNIV	15501M001	2020-07-08 22:00:00.0	51.51894	31.31361	175.945	151.195	2,376.3	1	0.32	0.01	0.17	0.1
CNIV	15501M001	2020-07-08 22:30:00.0	51.51894	31.31361	175.945	151.195	2,380.6	1.3	-0.03	0.06	0.18	0.15
CNIV	15501M001	2020-07-08 23:00:00.0	51.51894	31.31361	175.924	151.174	2,388.3	1.1	0.88	1.58	0.18	0.16
CNIV	15501M001	2020-07-08 23:30:00.0	51.51894	31.31361	175.924	151.174	2,402.8	1.2	0.98	1.4	0.19	0.18
CPAR	11527M001	2020-07-08 19:30:00.0	50.03956	15.78325	283.347	239.242	2,434.3	1.6	-1.08	0.12	0.24	0.18
CPAR	11527M001	2020-07-08 20:00:00.0	50.03956	15.78325	283.349	239.244	2,430.1	1.4	-2.32	-0.57	0.2	0.17
CPAR	11527M001	2020-07-08 20:30:00.0	50.03956	15.78325	283.349	239.244	2,430.8	1.5	-2.8	-0.99	0.23	0.21
CPAR	11527M001	2020-07-08 21:00:00.0	50.03956	15.78325	283.354	239.249	2,415.6	1.2	-3.74	-0.2	0.16	0.16
CPAR	11527M001	2020-07-08 21:30:00.0	50.03956	15.78325	283.354	239.249	2,412.2	1.2	-4.06	-0.55	0.2	0.16
CPAR	11527M001	2020-07-08 22:00:00.0	50.03956	15.78325	283.364	239.259	2,409.9	1.4	-2.65	-0.98	0.2	0.17
CPAR	11527M001	2020-07-08 22:30:00.0	50.03956	15.78325	283.364	239.259	2,413.5	1.6	-3.28	-0.87	0.21	0.21
CPAR	11527M001	2020-07-08 23:00:00.0	50.03956	15.78325	283.358	239.253	2,420.1	1.1	-3.21	-1.45	0.16	0.12
CPAR	11527M001	2020-07-08 23:30:00.0	50.03956	15.78325	283.358	239.253	2,426.4	1.4	-3.63	-1.72	0.17	0.17
CRAK	11528M001	2020-07-08 19:30:00.0	50.10239	13.72925	381.95	336.112	2,407.7	1.2	-2.91	-0.03	0.21	0.14
CRAK	11528M001	2020-07-08 20:00:00.0	50.10239	13.72925	381.954	336.116	2,398.2	1.1	-4.29	-0.75	0.15	0.13
CRAK	11528M001	2020-07-08 20:30:00.0	50.10239	13.72925	381.954	336.116	2,404.8	1.2	-3.52	-1.15	0.15	0.16
CRAK	11528M001	2020-07-08 21:00:00.0	50.10239	13.72925	381.945	336.107	2,395.1	1.3	-3.68	-0.77	0.19	0.17
CRAK	11528M001	2020-07-08 21:30:00.0	50.10239	13.72925	381.945	336.107	2,402.9	1.2	-2.95	-0.29	0.22	0.17
CRAK	11528M001	2020-07-08 22:00:00.0	50.10239	13.72925	381.948	336.11	2,401	1.1	-3.01	-0.76	0.15	0.14
CRAK	11528M001	2020-07-08 22:30:00.0	50.10239	13.72925	381.948	336.11	2,397.8	1.2	-3.2	-1.06	0.18	0.16
CRAK	11528M001	2020-07-08 23:00:00.0	50.10239	13.72925	381.958	336.12	2,406.2	1.2	-3.28	-1.13	0.18	0.13
CRAK	11528M001	2020-07-08 23:30:00.0	50.10239	13.72925	381.958	336.12	2,405.5	1.5	-3.17	-0.62	0.19	0.18
CZES	NDNT-CZES	2020-07-08 19:30:00.0	50.78419	19.15317	312.114	273.262	2,393.8	1.1	-1.85	0.48	0.16	0.12
CZES	NDNT-CZES	2020-07-08 20:00:00.0	50.78419	19.15317	312.106	273.254	2,391.5	1	-1.91	-0.72	0.14	0.13
CZES	NDNT-CZES	2020-07-08 20:30:00.0	50.78419	19.15317	312.106	273.254	2,388.3	1	-0.51	0.88	0.13	0.14
CZES	NDNT-CZES	2020-07-08 21:00:00.0	50.78419	19.15317	312.114	273.262	2,383.7	1.3	-0.91	-0.65	0.16	0.16
CZES	NDNT-CZES	2020-07-08 21:30:00.0	50.78419	19.15317	312.114	273.262	2,392	1.3	0.11	-1.02	0.2	0.17
CZES	NDNT-CZES	2020-07-08 22:00:00.0	50.78419	19.15317	312.106	273.254	2,379.5	1	0.14	-0.44	0.13	0.11
CZES	NDNT-CZES	2020-07-08 22:30:00.0	50.78419	19.15317	312.106	273.254	2,385.3	1	-1.24	-0.15	0.14	0.12
CZES	NDNT-CZES	2020-07-08 23:00:00.0	50.78419	19.15317	312.089	273.237	2,382.8	1	-2.68	0.59	0.15	0.11
CZES	NDNT-CZES	2020-07-08 23:30:00.0	50.78419	19.15317	312.089	273.237	2,376.7	1.1	-2.05	0.29	0.15	0.15
DAB1	NDNT-DABT	2020-07-08 19:30:00.0	50.17606	20.992	249.877	212.84	2,449.6	1	-1.11	0.08	0.15	0.11
DAB1	NDNT-DABT	2020-07-08 20:00:00.0	50.17606	20.992	249.876	212.839	2,449	1	-1.08	0.44	0.14	0.13
DAB1	NDNT-DABT	2020-07-08 20:30:00.0	50.17606	20.992	249.876	212.839	2,447.7	1	-1.28	0.45	0.13	0.15
DAB1	NDNT-DABT	2020-07-08 21:00:00.0	50.17606	20.992	249.895	212.858	2,441.9	1.1	-2.24	0.27	0.14	0.15
DAB1	NDNT-DABT	2020-07-08 21:30:00.0	50.17606	20.992	249.895	212.858	2,443.2	1.2	-2.37	0.63	0.19	0.17
DAB1	NDNT-DABT	2020-07-08 22:00:00.0	50.17606	20.992	249.898	212.861	2,439	1	-2.46	-0.04	0.13	0.11
DAB1	NDNT-DABT	2020-07-08 22:30:00.0	50.17606	20.992	249.898	212.861	2,439.8	1	-3.86	0.76	0.14	0.12
DAB1	NDNT-DABT	2020-07-08 23:00:00.0	50.17606	20.992	249.888	212.851	2,429.6	1	-4.16	0.69	0.15	0.12
DAB1	NDNT-DABT	2020-07-08 23:30:00.0	50.17606	20.992	249.888	212.851	2,425	1.1	-4.16	1.01	0.15	0.14
DEBI	NDNT-DEBI	2020-07-08 19:30:00.0	50.04361	21.41992	258.867	222.691	2,444.3	1	-0.77	-0.08	0.15	0.11
DEBI	NDNT-DEBI	2020-07-08 20:00:00.0	50.04361	21.41992	258.873	222.697	2,449.6	1	0.07	0	0.15	0.14
DEBI	NDNT-DEBI	2020-07-08 20:30:00.0	50.04361	21.41992	258.873	222.697	2,448.8	1	-0.67	0.42	0.13	0.15
DEBI	NDNT-DEBI	2020-07-08 21:00:00.0	50.04361	21.41992	258.881	222.705	2,450.1	1.3	-1.14	-0.95	0.17	0.18
DEBI	NDNT-DEBI	2020-07-08 21:30:00.0	50.04361	21.41992	258.881	222.705	2,454.1	1.4	-0.66	-0.99	0.23	0.21
DEBI	NDNT-DEBI	2020-07-08 22:00:00.0	50.04361	21.41992	258.88	222.704	2,447.3	1	-0.9	-0.49	0.13	0.11
DEBI	NDNT-DEBI	2020-07-08 22:30:00.0	50.04361	21.41992	258.88	222.704	2,446.4	1	-2.5	-0.16	0.14	0.12
DEBI	NDNT-DEBI	2020-07-08 23:00:00.0	50.04361	21.41992	258.877	222.701	2,439.2	1	-3.63	0.71	0.15	0.12
DEBI	NDNT-DEBI	2020-07-08 23:30:00.0	50.04361	21.41992	258.877	222.701	2,435.9	1.1	-3.26	0.5	0.15	0.14
DRWP	12243M001	2020-07-08 19:30:00.0	53.52633	15.81747	171.106	136.81	2,380.4	0.9	-1.25	-0.11	0.14	0.12
DRWP	12243M001	2020-07-08 20:00:00.0	53.52633	15.81747	171.109	136.813	2,375.3	1.1	-1.14	-1.05	0.15	0.14
DRWP	12243M001	2020-07-08 20:30:00.0	53.52633	15.81747	171.109	136.813	2,373.8	1.2	-0.69	-1.24	0.15	0.16
DRWP	12243M001	2020-07-08 21:00:00.0	53.52633	15.81747	171.083	136.787	2,393.2	1.1	-0.99	-0.73	0.15	0.17
DRWP	12243M001	2020-07-08 21:30:00.0	53.52633	15.81747	171.083	136.787	2,386.4	1.2	-1.47	-0.23	0.19	0.17
DRWP	12243M001	2020-07-08 22:00:00.0	53.52633	15.81747	171.079	136.783	2,391.1	1	-0.83	0.19	0.14	0.11
DRWP	12243M001	2020-07-08 22:30:00.0	53.52633	15.81747	171.079	136.783	2,394.5	1.1	0.13	0.5	0.14	0.16
DRWP	12243M001	2020-07-08 23:00:00.0	53.52633	15.81747	171.092	136.796	2,396.4	1.1	1.66	1.78	0.18	0.13
DRWP	12243M001	2020-07-08 23:30:00.0	53.52633	15.81747	171.092	136.796	2,392.5	1.4	1.86	2.86	0.22	0.18
DYNW	NDNT-DYNW	2020-07-08 19:30:00.0	49.81286	22.22936	311.662	276.604	2,432.9	1.3	-1.53	0.47	0.18	0.2
DYNW	NDNT-DYNW	2020-07-08 20:00:00.0	49.81286	22.22936	311.661	276.603	2,427.6	1.3	-1.5	-0.23	0.2	0.18
DYNW	NDNT-DYNW	2020-07-08 20:30:00.0	49.81286	22.22936	311.661	276.603	2,434	1.4	-1.27	-1.17	0.18	0.21
DYNW	NDNT-DYNW	2020-07-08 22:00:00.0	49.81286	22.22936	311.672	276.614	2,431.3	1.4	-2.33	-0.43	0.25	0.25
DYNW	NDNT-DYNW	2020-07-08 22:30:00.0	49.81286	22.22936	311.672	276.614	2,420.7	1.8	-2.41	-1.12	0.34	0.29
DYNW	NDNT-DYNW	2020-07-08 23:00:00.0	49.81286	22.22936	311.666	276.608	2,427.4	1.2	-1.64	-1.01	0.25	0.21
DYNW	NDNT-DYNW	2020-07-08 23:30:00.0	49.81286	22.22936	311.666	276.608	2,433.6	1.3	-3.1	-0.67	0.22	0.25
DZIA	12244M001	2020-07-08 19:30:00.0	53.23033	20.16739	206.579	176.061	2,375.9	0.8	-0.99	-0.04	0.1	0.11
DZIA	12244M001	2020-07-08 20:00:00.0	53.23033	20.16739	206.575	176.057	2,378.8	1	-1.36	-0.1	0.15	0.13
DZIA	12244M001	2020-07-08 20:30:00.0	53.23033	20.16739	206.575	176.057	2,380	1	-1.79	-1.2	0.13	0.14
DZIA	12244M001	2020-07-08 21:00:00.0	53.23033	20.16739	206.573	176.055	2,378.7	0.9	-1.09	-0.47	0.13	0.14
DZIA	12244M001	2020-07-08 21:30:00.0	53.23033	20.16739	206.573	176.055	2,379.7	1	-0.96	-0.23	0.15	0.15
DZIA	12244M001	2020-07-08 22:00:00.0	53.23033	20.16739	206.571	176.053	2,370.3	1	-1.38	0.03	0.16	0.11
DZIA	12244M001	2020-07-08 22:30:00.0	53.23033	20.16739	206.571	176.053	2,370.3	1.1	-1.45	0.93	0.13	0.16
DZIA	12244M001	2020-07-08 23:00:00.0	53.23033	20.16739	206.572	176.054	2,370.2	1	-1.08	-0.62	0.15	0.11
DZIA	12244M001	2020-07-08 23:30:00.0	53.23033	20.16739	206.572	176.054	2,373.3	1.1	-0.53	0.22	0.15	0.14
ELBL	18991M001	2020-07-08 19:30:00.0	54.15556	19.40036	52.69	23.682	2,406.9	0.9	-0.35	-0.02	0.12	0.12
ELBL	18991M001	2020-07-08 20:00:00.0	54.15556	19.40036	52.688	23.68	2,402.4	1	-0.82	-0.74	0.14	0.13
ELBL	18991M001	2020-07-08 20:30:00.0	54.15556	19.40036	52.688	23.68	2,398.7	1	-0.62	0.39	0.13	0.14
ELBL	18991M001	2020-07-08 21:00:00.0	54.15556	19.40036	52.686	23.678	2,399.9	1	-1.31	1.92	0.14	0.15
ELBL	18991M001	2020-07-08 21:30:00.0	54.15556	19.40036	52.686	23.678	2,411.7	1	-1.85	1.15	0.17	0.15
ELBL	18991M001	2020-07-08 22:00:00.0	54.15556	19.40036	52.688	23.68	2,407.8	1.1	-0.96	0.03	0.15	0.11
ELBL	18991M001	2020-07-08 22:30:00.0	54.15556	19.40036	52.688	23.68	2,407.6	1.1	-1.22	1.06	0.13	0.14
ELBL	18991M001	2020-07-08 23:00:00.0	54.15556	19.40036	52.688	23.68	2,403.2	1	0.21	0.15	0.15	0.12
ELBL	18991M001	2020-07-08 23:30:00.0	54.15556	19.40036	52.688	23.68	2,406.2	1.1	-1.05	-0.87	0.17	0.16
GDA1	12252M002	2020-07-08 19:30:00.0	54.35142	18.64108	63.171	33.939	2,403.9	1	-0.35	0.16	0.12	0.14
GDA1	12252M002	2020-07-08 20:00:00.0	54.35142	18.64108	63.173	33.941	2,401.2	1	-1.18	-0.15	0.14	0.13
GDA1	12252M002	2020-07-08 20:30:00.0	54.35142	18.64108	63.173	33.941	2,400.4	1	-0.75	-0.11	0.13	0.14
GDA1	12252M002	2020-07-08 21:00:00.0	54.35142	18.64108	63.168	33.936	2,394	1	-0.18	-0.21	0.14	0.16
GDA1	12252M002	2020-07-08 21:30:00.0	54.35142	18.64108	63.168	33.936	2,399.8	1	-0.01	0.02	0.16	0.16
GDA1	12252M002	2020-07-08 22:00:00.0	54.35142	18.64108	63.169	33.937	2,403.8	1.1	-0.25	0.28	0.17	0.14
GDA1	12252M002	2020-07-08 22:30:00.0	54.35142	18.64108	63.169	33.937	2,403.6	1.1	-0.28	0.12	0.14	0.15
GDA1	12252M002	2020-07-08 23:00:00.0	54.35142	18.64108	63.174	33.942	2,401.1	1	-0.34	0.78	0.17	0.12
GDA1	12252M002	2020-07-08 23:30:00.0	54.35142	18.64108	63.174	33.942	2,403.6	1.2	0.49	0.93	0.2	0.17
GIZY	12253M001	2020-07-08 19:30:00.0	54.03578	21.76778	166.818	138.578	2,392.4	1.2	-0.84	-0.04	0.19	0.16
GIZY	12253M001	2020-07-08 20:00:00.0	54.03578	21.76778	166.817	138.577	2,391.7	1.1	-1.44	0.65	0.15	0.14
GIZY	12253M001	2020-07-08 20:30:00.0	54.03578	21.76778	166.817	138.577	2,386.7	1	-1.76	1.2	0.13	0.14
GIZY	12253M001	2020-07-08 21:00:00.0	54.03578	21.76778	166.816	138.576	2,379.3	1.1	-1.16	0.55	0.16	0.17
GIZY	12253M001	2020-07-08 21:30:00.0	54.03578	21.76778	166.816	138.576	2,375.9	1.2	-1.44	0.85	0.2	0.19
GIZY	12253M001	2020-07-08 22:00:00.0	54.03578	21.76778	166.816	138.576	2,376.7	1	-1.49	0.48	0.15	0.11
GIZY	12253M001	2020-07-08 22:30:00.0	54.03578	21.76778	166.816	138.576	2,377.9	1.1	-0.84	-0.07	0.18	0.13
GIZY	12253M001	2020-07-08 23:00:00.0	54.03578	21.76778	166.819	138.579	2,378.9	1	0.3	-0.31	0.17	0.14
GIZY	12253M001	2020-07-08 23:30:00.0	54.03578	21.76778	166.819	138.579	2,383.3	1.1	0.36	-0.17	0.18	0.17
GLIW	NDNT-GLIW	2020-07-08 19:30:00.0	50.22644	18.60972	284.037	242.461	2,429.9	1.3	-1.91	0.41	0.19	0.2
GLIW	NDNT-GLIW	2020-07-08 20:00:00.0	50.22644	18.60972	284.037	242.461	2,425.7	1.3	-4.2	-0.62	0.2	0.19
GLIW	NDNT-GLIW	2020-07-08 20:30:00.0	50.22644	18.60972	284.037	242.461	2,422.8	1.2	-4.12	-1.03	0.18	0.2
GLIW	NDNT-GLIW	2020-07-08 21:00:00.0	50.22644	18.60972	284.048	242.472	2,408.1	1.6	-4.93	0.18	0.22	0.21
GLIW	NDNT-GLIW	2020-07-08 21:30:00.0	50.22644	18.60972	284.048	242.472	2,404.5	1.6	-4.95	0.93	0.28	0.22
GLIW	NDNT-GLIW	2020-07-08 22:00:00.0	50.22644	18.60972	284.049	242.473	2,394.3	1.4	-4.17	1.02	0.32	0.19
GLIW	NDNT-GLIW	2020-07-08 22:30:00.0	50.22644	18.60972	284.049	242.473	2,386.8	1.6	-3.96	0.47	0.38	0.23
GLIW	NDNT-GLIW	2020-07-08 23:00:00.0	50.22644	18.60972	284.045	242.469	2,385.9	1.2	-1.38	-0.29	0.24	0.18
GLIW	NDNT-GLIW	2020-07-08 23:30:00.0	50.22644	18.60972	284.045	242.469	2,389.6	1.3	-1.83	-0.93	0.25	0.18
GLOG	12254M001	2020-07-08 19:30:00.0	51.66525	16.07428	144.412	104.569	2,410.9	1.1	-1.66	0.33	0.18	0.13
GLOG	12254M001	2020-07-08 20:00:00.0	51.66525	16.07428	144.422	104.579	2,406.7	1.2	-1.38	-0.45	0.17	0.14
GLOG	12254M001	2020-07-08 20:30:00.0	51.66525	16.07428	144.422	104.579	2,410.5	1.2	-1.52	-0.71	0.2	0.17
GLOG	12254M001	2020-07-08 21:00:00.0	51.66525	16.07428	144.42	104.577	2,407.8	1.2	-1.79	-0.54	0.18	0.18
GLOG	12254M001	2020-07-08 21:30:00.0	51.66525	16.07428	144.42	104.577	2,404.9	1.4	-0.95	-0.22	0.23	0.22
GLOG	12254M001	2020-07-08 22:00:00.0	51.66525	16.07428	144.418	104.575	2,406.2	1.1	-1.58	-0.45	0.15	0.13
GLOG	12254M001	2020-07-08 22:30:00.0	51.66525	16.07428	144.418	104.575	2,409.9	1.1	-1.69	-0.42	0.17	0.15
GLOG	12254M001	2020-07-08 23:00:00.0	51.66525	16.07428	144.429	104.586	2,406.3	1.2	-1.56	-0.15	0.21	0.16
GLOG	12254M001	2020-07-08 23:30:00.0	51.66525	16.07428	144.429	104.586	2,402.9	1.5	-1.51	-0.54	0.22	0.2
GLSV	12356M001	2020-07-08 19:30:00.0	50.36419	30.49675	226.305	200.933	2,373.6	1.1	-0.77	-0.91	0.15	0.16
GLSV	12356M001	2020-07-08 20:00:00.0	50.36419	30.49675	226.304	200.932	2,372.6	1.1	-0.56	-0.34	0.14	0.14
GLSV	12356M001	2020-07-08 20:30:00.0	50.36419	30.49675	226.304	200.932	2,376.9	1.1	-0.4	-0.57	0.13	0.15
GLSV	12356M001	2020-07-08 21:00:00.0	50.36419	30.49675	226.304	200.932	2,376.2	0.9	-0.7	0.01	0.12	0.14
GLSV	12356M001	2020-07-08 21:30:00.0	50.36419	30.49675	226.304	200.932	2,380.1	1.1	-1.04	0.05	0.18	0.17
GLSV	12356M001	2020-07-08 22:00:00.0	50.36419	30.49675	226.313	200.941	2,384.4	1	-0.04	-0.89	0.13	0.09
GLSV	12356M001	2020-07-08 22:30:00.0	50.36419	30.49675	226.313	200.941	2,390.9	1.1	0.33	-0.4	0.14	0.11
GLSV	12356M001	2020-07-08 23:00:00.0	50.36419	30.49675	226.311	200.939	2,399.9	1.1	-0.95	-0.68	0.17	0.15
GLSV	12356M001	2020-07-08 23:30:00.0	50.36419	30.49675	226.311	200.939	2,404.6	1.1	-1.14	-1.07	0.17	0.16
GLUB	NDNT-GLUB	2020-07-08 19:30:00.0	50.20236	17.81056	321.374	279.15	2,419.8	1.2	-1.55	0.72	0.19	0.13
GLUB	NDNT-GLUB	2020-07-08 20:00:00.0	50.20236	17.81056	321.37	279.146	2,414	1.3	-2.69	0.18	0.19	0.16
GLUB	NDNT-GLUB	2020-07-08 20:30:00.0	50.20236	17.81056	321.37	279.146	2,409.1	1.5	-2.94	0.35	0.23	0.22
GLUB	NDNT-GLUB	2020-07-08 21:00:00.0	50.20236	17.81056	321.377	279.153	2,390.2	1.6	-3.54	0.05	0.22	0.21
GLUB	NDNT-GLUB	2020-07-08 21:30:00.0	50.20236	17.81056	321.377	279.153	2,384.8	1.6	-3.69	-0.58	0.25	0.21
GLUB	NDNT-GLUB	2020-07-08 22:00:00.0	50.20236	17.81056	321.384	279.16	2,377.1	1.2	-2.9	0.39	0.17	0.15
GLUB	NDNT-GLUB	2020-07-08 22:30:00.0	50.20236	17.81056	321.384	279.16	2,382.2	1.4	-2.39	0.35	0.21	0.18
GLUB	NDNT-GLUB	2020-07-08 23:00:00.0	50.20236	17.81056	321.379	279.155	2,372.5	1.3	-2.1	-0.63	0.2	0.16
GLUB	NDNT-GLUB	2020-07-08 23:30:00.0	50.20236	17.81056	321.379	279.155	2,374.9	1.6	-2.04	-0.53	0.24	0.21
GNIE	12255M001	2020-07-08 19:30:00.0	52.53294	17.58386	172.12	138.858	2,394.2	0.9	-1.35	-0.24	0.14	0.12
GNIE	12255M001	2020-07-08 20:00:00.0	52.53294	17.58386	172.13	138.868	2,386.3	1.1	-1.64	0.23	0.14	0.13
GNIE	12255M001	2020-07-08 20:30:00.0	52.53294	17.58386	172.13	138.868	2,391.1	1.2	-1.4	-0.08	0.17	0.16
GNIE	12255M001	2020-07-08 21:00:00.0	52.53294	17.58386	172.125	138.863	2,385.6	1.1	-1.46	-0.26	0.15	0.16
GNIE	12255M001	2020-07-08 21:30:00.0	52.53294	17.58386	172.125	138.863	2,388.1	1.1	-1.76	-0.09	0.18	0.16
GNIE	12255M001	2020-07-08 22:00:00.0	52.53294	17.58386	172.119	138.857	2,390.9	1	-1.95	0.23	0.15	0.12
GNIE	12255M001	2020-07-08 22:30:00.0	52.53294	17.58386	172.119	138.857	2,388.9	1.2	-1.66	-0.16	0.14	0.17
GNIE	12255M001	2020-07-08 23:00:00.0	52.53294	17.58386	172.134	138.872	2,385.2	1.1	-1.19	-0.09	0.18	0.13
GNIE	12255M001	2020-07-08 23:30:00.0	52.53294	17.58386	172.134	138.872	2,383.1	1.3	-1.36	-0.07	0.2	0.17
GOLE	12256M001	2020-07-08 19:30:00.0	53.55872	14.838	68.872	33.695	2,422.6	1	-0.7	-0.53	0.12	0.13
GOLE	12256M001	2020-07-08 20:00:00.0	53.55872	14.838	68.873	33.696	2,423.4	1.2	-0.18	-0.56	0.17	0.16
GOLE	12256M001	2020-07-08 20:30:00.0	53.55872	14.838	68.873	33.696	2,423.4	1.3	-0.62	-0.41	0.16	0.18
GOLE	12256M001	2020-07-08 21:00:00.0	53.55872	14.838	68.868	33.691	2,422.2	1.3	0.12	-0.14	0.18	0.18
GOLE	12256M001	2020-07-08 21:30:00.0	53.55872	14.838	68.868	33.691	2,422	1.2	-0.41	-0.42	0.2	0.17
GOLE	12256M001	2020-07-08 22:00:00.0	53.55872	14.838	68.87	33.693	2,423.1	1	-0.87	0.1	0.14	0.11
GOLE	12256M001	2020-07-08 22:30:00.0	53.55872	14.838	68.87	33.693	2,419.6	1.1	-0.48	-0.16	0.13	0.14
GOLE	12256M001	2020-07-08 23:00:00.0	53.55872	14.838	68.875	33.698	2,410.4	1.1	-0.77	0.1	0.15	0.11
GOLE	12256M001	2020-07-08 23:30:00.0	53.55872	14.838	68.875	33.698	2,410.8	1.2	-1.17	0.05	0.21	0.15
GOPE	11502M002	2020-07-08 19:30:00.0	49.91369	14.78564	592.721	547.552	2,340.6	1.3	-1.56	-0.48	0.24	0.15
GOPE	11502M002	2020-07-08 20:00:00.0	49.91369	14.78564	592.726	547.557	2,339.6	1.1	-2.04	-0.5	0.16	0.13
GOPE	11502M002	2020-07-08 20:30:00.0	49.91369	14.78564	592.726	547.557	2,340.1	1.1	-2.24	-0.97	0.16	0.16
GOPE	11502M002	2020-07-08 21:00:00.0	49.91369	14.78564	592.716	547.547	2,337	1.3	-2.88	-0.47	0.21	0.17
GOPE	11502M002	2020-07-08 21:30:00.0	49.91369	14.78564	592.716	547.547	2,333.9	1.2	-3.68	-1.14	0.23	0.17
GOPE	11502M002	2020-07-08 22:00:00.0	49.91369	14.78564	592.716	547.547	2,332.4	1.1	-3.53	-0.92	0.17	0.14
GOPE	11502M002	2020-07-08 22:30:00.0	49.91369	14.78564	592.716	547.547	2,337.5	1.3	-3.38	-0.54	0.22	0.17
GOPE	11502M002	2020-07-08 23:00:00.0	49.91369	14.78564	592.725	547.556	2,341.8	1.1	-2.37	-1.08	0.19	0.13
GOPE	11502M002	2020-07-08 23:30:00.0	49.91369	14.78564	592.725	547.556	2,344.2	1.4	-1.75	-0.78	0.27	0.19
GOR1	NDNT-GORL	2020-07-08 19:30:00.0	49.65586	21.13944	381.251	343.396	2,407.4	1	-0.99	0.2	0.15	0.11
GOR1	NDNT-GORL	2020-07-08 20:00:00.0	49.65586	21.13944	381.246	343.391	2,414.2	1	-0.75	-0.1	0.14	0.13
GOR1	NDNT-GORL	2020-07-08 20:30:00.0	49.65586	21.13944	381.246	343.391	2,414.9	1	-1.23	-0.29	0.13	0.15
GOR1	NDNT-GORL	2020-07-08 21:00:00.0	49.65586	21.13944	381.251	343.396	2,407	1.4	-1.18	-0.01	0.19	0.19
GOR1	NDNT-GORL	2020-07-08 21:30:00.0	49.65586	21.13944	381.251	343.396	2,408.9	1.4	-0.88	-0.29	0.24	0.21
GOR1	NDNT-GORL	2020-07-08 22:00:00.0	49.65586	21.13944	381.253	343.398	2,411.5	1	-0.72	-0.26	0.13	0.11
GOR1	NDNT-GORL	2020-07-08 22:30:00.0	49.65586	21.13944	381.253	343.398	2,414.2	1.1	-1.12	-0.09	0.18	0.12
GOR1	NDNT-GORL	2020-07-08 23:00:00.0	49.65586	21.13944	381.246	343.391	2,413.4	1	-2.07	-0.08	0.15	0.12
GOR1	NDNT-GORL	2020-07-08 23:30:00.0	49.65586	21.13944	381.246	343.391	2,416.2	1.1	-2.94	-0.84	0.15	0.14
GRAJ	12245M001	2020-07-08 19:30:00.0	53.65106	22.45231	165.177	136.661	2,390.4	1.4	-0.26	0.04	0.22	0.21
GRAJ	12245M001	2020-07-08 20:00:00.0	53.65106	22.45231	165.183	136.667	2,388	1.4	-0.09	1.23	0.21	0.2
GRAJ	12245M001	2020-07-08 20:30:00.0	53.65106	22.45231	165.183	136.667	2,394.1	1.3	0.3	-0.37	0.2	0.21
GRAJ	12245M001	2020-07-08 21:00:00.0	53.65106	22.45231	165.176	136.66	2,391.7	1.2	-0.27	-0.12	0.19	0.19
GRAJ	12245M001	2020-07-08 21:30:00.0	53.65106	22.45231	165.176	136.66	2,397.8	1.3	0.29	0.81	0.24	0.2
GRAJ	12245M001	2020-07-08 22:00:00.0	53.65106	22.45231	165.187	136.671	2,393.2	1.1	-1.08	0.83	0.2	0.13
GRAJ	12245M001	2020-07-08 22:30:00.0	53.65106	22.45231	165.187	136.671	2,391.9	1.3	-1.62	0.64	0.2	0.2
GRAJ	12245M001	2020-07-08 23:00:00.0	53.65106	22.45231	165.189	136.673	2,385.9	1.3	-1.75	0.1	0.22	0.19
GRAJ	12245M001	2020-07-08 23:30:00.0	53.65106	22.45231	165.189	136.673	2,382.6	1.4	-1.87	-0.21	0.24	0.22
GWWL	12225M001	2020-07-08 19:30:00.0	52.73797	15.20522	127.155	90.866	2,393.4	1.1	-0.5	0.13	0.16	0.14
GWWL	12225M001	2020-07-08 20:00:00.0	52.73797	15.20522	127.161	90.872	2,390.9	1.1	-0.82	-0.14	0.15	0.14
GWWL	12225M001	2020-07-08 20:30:00.0	52.73797	15.20522	127.161	90.872	2,391.7	1.2	-0.28	-0.18	0.15	0.16
GWWL	12225M001	2020-07-08 21:00:00.0	52.73797	15.20522	127.153	90.864	2,397.6	1.2	-0.38	-0.97	0.15	0.17
GWWL	12225M001	2020-07-08 21:30:00.0	52.73797	15.20522	127.153	90.864	2,403	1.2	-0.74	-0.26	0.19	0.17
GWWL	12225M001	2020-07-08 22:00:00.0	52.73797	15.20522	127.155	90.866	2,404.9	1	-1.08	-0.64	0.15	0.11
GWWL	12225M001	2020-07-08 22:30:00.0	52.73797	15.20522	127.155	90.866	2,408.4	1.2	-1.41	-0.36	0.17	0.15
GWWL	12225M001	2020-07-08 23:00:00.0	52.73797	15.20522	127.162	90.873	2,410.9	1.1	-1.17	-0.51	0.17	0.12
GWWL	12225M001	2020-07-08 23:30:00.0	52.73797	15.20522	127.162	90.873	2,411.9	1.4	-1.34	0	0.21	0.18
HAJN	12247M001	2020-07-08 19:30:00.0	52.74097	23.56589	196.63	168.359	2,381.5	1.2	-0.46	0.04	0.21	0.16
HAJN	12247M001	2020-07-08 20:00:00.0	52.74097	23.56589	196.62	168.349	2,386.6	1.3	-0.86	0.71	0.18	0.18
HAJN	12247M001	2020-07-08 20:30:00.0	52.74097	23.56589	196.62	168.349	2,389.5	1.2	-0.69	0.57	0.17	0.18
HAJN	12247M001	2020-07-08 21:00:00.0	52.74097	23.56589	196.613	168.342	2,387.4	1.2	-1.78	0.19	0.16	0.18
HAJN	12247M001	2020-07-08 21:30:00.0	52.74097	23.56589	196.613	168.342	2,387.6	1.2	-1.81	0.99	0.2	0.21
HAJN	12247M001	2020-07-08 22:00:00.0	52.74097	23.56589	196.611	168.34	2,390.5	1.1	-1.84	0.9	0.17	0.13
HAJN	12247M001	2020-07-08 22:30:00.0	52.74097	23.56589	196.611	168.34	2,385	1.3	-2.11	0.39	0.19	0.16
HAJN	12247M001	2020-07-08 23:00:00.0	52.74097	23.56589	196.618	168.347	2,381.8	1.3	-1.03	-0.65	0.23	0.18
HAJN	12247M001	2020-07-08 23:30:00.0	52.74097	23.56589	196.618	168.347	2,384.3	1.4	-1.1	0.05	0.24	0.22
HOZD	12248M001	2020-07-08 19:00:00.0	50.18886	23.36225	298.856	266.985	2,418	1	-1.36	-0.57	0.12	0.12
HOZD	12248M001	2020-07-08 19:30:00.0	50.18886	23.36225	298.856	266.985	2,425.9	1.2	-0.82	-0.57	0.16	0.15
HOZD	12248M001	2020-07-08 20:00:00.0	50.18886	23.36225	298.842	266.971	2,429.5	1.2	-1.09	-1.05	0.15	0.14
HOZD	12248M001	2020-07-08 20:30:00.0	50.18886	23.36225	298.842	266.971	2,428.6	1.2	-1.13	-1.37	0.16	0.19
HOZD	12248M001	2020-07-08 21:00:00.0	50.18886	23.36225	298.839	266.968	2,418.9	1.3	-1.74	-0.29	0.17	0.2
HOZD	12248M001	2020-07-08 21:30:00.0	50.18886	23.36225	298.839	266.968	2,424.8	1.3	-0.94	0.94	0.22	0.2
HOZD	12248M001	2020-07-08 22:00:00.0	50.18886	23.36225	298.85	266.979	2,425.7	1	-1.18	0.09	0.13	0.12
HOZD	12248M001	2020-07-08 22:30:00.0	50.18886	23.36225	298.85	266.979	2,432.5	1.1	-1.47	-0.25	0.14	0.17
HOZD	12248M001	2020-07-08 23:00:00.0	50.18886	23.36225	298.844	266.973	2,425.8	1.2	-0.48	1.56	0.18	0.19
HOZD	12248M001	2020-07-08 23:30:00.0	50.18886	23.36225	298.844	266.973	2,423	1.3	-2.42	1.26	0.17	0.21
HRUB	12249M001	2020-07-08 19:00:00.0	50.80469	23.88628	234.446	204.518	2,436.5	1.1	-1.2	0.83	0.12	0.14
HRUB	12249M001	2020-07-08 19:30:00.0	50.80469	23.88628	234.446	204.518	2,425.4	1.4	-1.96	0.51	0.22	0.23
HRUB	12249M001	2020-07-08 20:00:00.0	50.80469	23.88628	234.449	204.521	2,427.6	1.2	-0.28	-1.7	0.17	0.21
HRUB	12249M001	2020-07-08 20:30:00.0	50.80469	23.88628	234.449	204.521	2,429.5	1.2	-2.18	-1.05	0.17	0.2
HRUB	12249M001	2020-07-08 21:00:00.0	50.80469	23.88628	234.437	204.509	2,437.8	1.5	-3.08	0.4	0.23	0.24
HRUB	12249M001	2020-07-08 21:30:00.0	50.80469	23.88628	234.437	204.509	2,436.4	1.5	-3.54	1.14	0.29	0.22
HRUB	12249M001	2020-07-08 22:00:00.0	50.80469	23.88628	234.45	204.522	2,433.4	1	-2.02	0.8	0.17	0.12
HRUB	12249M001	2020-07-08 22:30:00.0	50.80469	23.88628	234.45	204.522	2,418.3	1.4	-2.14	0.67	0.26	0.21
HRUB	12249M001	2020-07-08 23:00:00.0	50.80469	23.88628	234.455	204.527	2,433.3	1.2	-3.45	0.38	0.24	0.19
HRUB	12249M001	2020-07-08 23:30:00.0	50.80469	23.88628	234.455	204.527	2,435.6	1.6	-3.61	1.53	0.32	0.24
IGEO	15101M001	2020-07-08 19:00:00.0	47.03036	28.84353	105.864	74.625	2,418.7	1	-0.13	-0.61	0.14	0.11
IGEO	15101M001	2020-07-08 19:30:00.0	47.03036	28.84353	105.864	74.625	2,424.2	1.2	-0.36	-0.77	0.17	0.18
IGEO	15101M001	2020-07-08 20:00:00.0	47.03036	28.84353	105.864	74.625	2,428.9	1.1	-0.18	-0.64	0.15	0.16
IGEO	15101M001	2020-07-08 20:30:00.0	47.03036	28.84353	105.864	74.625	2,430.7	1.1	-0.24	-0.53	0.14	0.17
IGEO	15101M001	2020-07-08 21:00:00.0	47.03036	28.84353	105.862	74.623	2,429.4	1.1	-0.26	-0.72	0.14	0.13
IGEO	15101M001	2020-07-08 21:30:00.0	47.03036	28.84353	105.862	74.623	2,430.1	1.2	-0.15	-0.79	0.21	0.18
IGEO	15101M001	2020-07-08 22:00:00.0	47.03036	28.84353	105.86	74.621	2,434.4	1	-0.12	-0.76	0.14	0.1
IGEO	15101M001	2020-07-08 22:30:00.0	47.03036	28.84353	105.86	74.621	2,439.1	1.1	-0.72	-0.53	0.14	0.12
IGEO	15101M001	2020-07-08 23:00:00.0	47.03036	28.84353	105.852	74.613	2,441	1.2	-1.32	-0.17	0.17	0.16
IGEO	15101M001	2020-07-08 23:30:00.0	47.03036	28.84353	105.852	74.613	2,443.8	1.2	-1.13	-0.15	0.14	0.16
ILAW	12250M001	2020-07-08 19:00:00.0	53.58714	19.56797	162.816	133.332	2,382.6	0.8	-1.04	0.39	0.11	0.1
ILAW	12250M001	2020-07-08 19:30:00.0	53.58714	19.56797	162.816	133.332	2,380.8	0.9	-1.24	0.33	0.12	0.12
ILAW	12250M001	2020-07-08 20:00:00.0	53.58714	19.56797	162.821	133.337	2,378.6	1	-1.14	0.17	0.14	0.13
ILAW	12250M001	2020-07-08 20:30:00.0	53.58714	19.56797	162.821	133.337	2,380	1	-1.19	-0.12	0.13	0.14
ILAW	12250M001	2020-07-08 21:00:00.0	53.58714	19.56797	162.815	133.331	2,377.4	0.9	-0.9	0.07	0.12	0.13
ILAW	12250M001	2020-07-08 21:30:00.0	53.58714	19.56797	162.815	133.331	2,376.2	0.9	-0.67	-0.02	0.14	0.13
ILAW	12250M001	2020-07-08 22:00:00.0	53.58714	19.56797	162.811	133.327	2,380	0.9	-0.32	-0.17	0.13	0.09
ILAW	12250M001	2020-07-08 22:30:00.0	53.58714	19.56797	162.811	133.327	2,382.2	1	-0.56	0.14	0.1	0.11
ILAW	12250M001	2020-07-08 23:00:00.0	53.58714	19.56797	162.814	133.33	2,380.9	1	0.2	0.02	0.15	0.11
ILAW	12250M001	2020-07-08 23:30:00.0	53.58714	19.56797	162.814	133.33	2,382.6	1.1	0.09	0.2	0.16	0.15
JAR1	NDNT-JARO	2020-07-08 19:00:00.0	50.01719	22.67853	268.946	235.107	2,434	1	-1.03	-0.26	0.1	0.1
JAR1	NDNT-JARO	2020-07-08 19:30:00.0	50.01719	22.67853	268.946	235.107	2,436.1	1.1	-0.65	-0.48	0.14	0.11
JAR1	NDNT-JARO	2020-07-08 20:00:00.0	50.01719	22.67853	268.941	235.102	2,443.7	0.9	-1.13	-0.1	0.11	0.11
JAR1	NDNT-JARO	2020-07-08 20:30:00.0	50.01719	22.67853	268.941	235.102	2,440.1	0.9	-1.75	-0.62	0.11	0.11
JAR1	NDNT-JARO	2020-07-08 21:00:00.0	50.01719	22.67853	268.954	235.115	2,438.7	1.2	-1.08	-1.12	0.16	0.16
JAR1	NDNT-JARO	2020-07-08 21:30:00.0	50.01719	22.67853	268.954	235.115	2,443.7	1.3	-0.79	-1.02	0.2	0.17
JAR1	NDNT-JARO	2020-07-08 22:00:00.0	50.01719	22.67853	268.952	235.113	2,440.9	0.9	-0.91	-0.15	0.11	0.09
JAR1	NDNT-JARO	2020-07-08 22:30:00.0	50.01719	22.67853	268.952	235.113	2,443.4	1	-0.92	-0.04	0.13	0.1
JAR1	NDNT-JARO	2020-07-08 23:00:00.0	50.01719	22.67853	268.929	235.09	2,440.4	0.9	-2.49	0.68	0.12	0.1
JAR1	NDNT-JARO	2020-07-08 23:30:00.0	50.01719	22.67853	268.929	235.09	2,440.9	0.9	-2.69	0.35	0.12	0.11
JAST	NDNT-JAST	2020-07-08 19:00:00.0	49.95256	18.61192	342.801	300.528	2,427	1	-0.62	-0.53	0.12	0.12
JAST	NDNT-JAST	2020-07-08 19:30:00.0	49.95256	18.61192	342.801	300.528	2,428.5	1.1	-0.23	-0.57	0.16	0.13
JAST	NDNT-JAST	2020-07-08 20:00:00.0	49.95256	18.61192	342.793	300.52	2,427.7	1.1	-1.46	-0.38	0.15	0.13
JAST	NDNT-JAST	2020-07-08 20:30:00.0	49.95256	18.61192	342.793	300.52	2,420.8	1.1	-2.76	0	0.15	0.16
JAST	NDNT-JAST	2020-07-08 21:00:00.0	49.95256	18.61192	342.798	300.525	2,415.1	1.2	-3.29	-0.88	0.14	0.15
JAST	NDNT-JAST	2020-07-08 21:30:00.0	49.95256	18.61192	342.798	300.525	2,415.6	1.3	-4.03	-0.23	0.18	0.15
JAST	NDNT-JAST	2020-07-08 22:00:00.0	49.95256	18.61192	342.813	300.54	2,398.3	1	-3.92	0.41	0.12	0.1
JAST	NDNT-JAST	2020-07-08 22:30:00.0	49.95256	18.61192	342.813	300.54	2,396.3	1.1	-4.11	0.15	0.16	0.12
JAST	NDNT-JAST	2020-07-08 23:00:00.0	49.95256	18.61192	342.801	300.528	2,382.3	0.9	-3.82	0.01	0.13	0.1
JAST	NDNT-JAST	2020-07-08 23:30:00.0	49.95256	18.61192	342.801	300.528	2,377.2	1.1	-3.22	0.1	0.13	0.13
JEDR	NDNT-JEDR	2020-07-08 19:00:00.0	50.64175	20.30078	297.614	259.875	2,412.9	0.9	-1.7	-0.64	0.1	0.11
JEDR	NDNT-JEDR	2020-07-08 19:30:00.0	50.64175	20.30078	297.614	259.875	2,410.9	1.1	-2.19	-0.65	0.15	0.13
JEDR	NDNT-JEDR	2020-07-08 20:00:00.0	50.64175	20.30078	297.605	259.866	2,406.5	0.9	-3.09	0.48	0.11	0.11
JEDR	NDNT-JEDR	2020-07-08 20:30:00.0	50.64175	20.30078	297.605	259.866	2,404.4	0.9	-4.04	0.24	0.11	0.12
JEDR	NDNT-JEDR	2020-07-08 21:00:00.0	50.64175	20.30078	297.609	259.87	2,398.5	1.1	-2.49	0.38	0.14	0.15
JEDR	NDNT-JEDR	2020-07-08 21:30:00.0	50.64175	20.30078	297.609	259.87	2,393.7	1.2	-2.55	0.95	0.19	0.16
JEDR	NDNT-JEDR	2020-07-08 22:00:00.0	50.64175	20.30078	297.592	259.853	2,393.2	0.9	-1.04	0.43	0.11	0.09
JEDR	NDNT-JEDR	2020-07-08 22:30:00.0	50.64175	20.30078	297.592	259.853	2,389	0.9	-0.53	-0.28	0.11	0.1
JEDR	NDNT-JEDR	2020-07-08 23:00:00.0	50.64175	20.30078	297.583	259.844	2,392.9	0.8	-0.6	-0.29	0.12	0.09
JEDR	NDNT-JEDR	2020-07-08 23:30:00.0	50.64175	20.30078	297.583	259.844	2,396.5	0.9	-0.82	-0.78	0.13	0.12
JLGR	12251M001	2020-07-08 19:00:00.0	50.91947	15.73325	408.19	365.338	2,345.6	1	-2.48	0.17	0.13	0.13
JLGR	12251M001	2020-07-08 19:30:00.0	50.91947	15.73325	408.19	365.338	2,343.7	1.1	-1.83	-0.2	0.17	0.13
JLGR	12251M001	2020-07-08 20:00:00.0	50.91947	15.73325	408.195	365.343	2,345	1.1	-1.51	-0.91	0.14	0.13
JLGR	12251M001	2020-07-08 20:30:00.0	50.91947	15.73325	408.195	365.343	2,350	1.1	-0.87	-0.21	0.16	0.15
JLGR	12251M001	2020-07-08 21:00:00.0	50.91947	15.73325	408.19	365.338	2,344.7	1.2	-0.57	-0.06	0.2	0.17
JLGR	12251M001	2020-07-08 21:30:00.0	50.91947	15.73325	408.19	365.338	2,344.8	1.2	-0.39	-0.23	0.22	0.18
JLGR	12251M001	2020-07-08 22:00:00.0	50.91947	15.73325	408.191	365.339	2,342.7	1.1	-1.03	-0.53	0.15	0.14
JLGR	12251M001	2020-07-08 22:30:00.0	50.91947	15.73325	408.191	365.339	2,342.6	1.1	-1.68	-0.69	0.17	0.15
JLGR	12251M001	2020-07-08 23:00:00.0	50.91947	15.73325	408.195	365.343	2,350	1.1	-1.34	-0.53	0.19	0.13
JLGR	12251M001	2020-07-08 23:30:00.0	50.91947	15.73325	408.195	365.343	2,350.1	1.4	-1.44	-0.8	0.26	0.18
JOZ2	12204M002	2020-07-08 19:00:00.0	52.09783	21.03236	152.505	120.866	2,413.1	0.9	-1.45	-0.1	0.11	0.11
JOZ2	12204M002	2020-07-08 19:30:00.0	52.09783	21.03236	152.505	120.866	2,412.9	1	-1.72	0.11	0.13	0.13
JOZ2	12204M002	2020-07-08 20:00:00.0	52.09783	21.03236	152.506	120.867	2,413.7	1.1	-1.81	-0.21	0.15	0.15
JOZ2	12204M002	2020-07-08 20:30:00.0	52.09783	21.03236	152.506	120.867	2,415.9	1	-1.96	0.02	0.14	0.15
JOZ2	12204M002	2020-07-08 21:00:00.0	52.09783	21.03236	152.507	120.868	2,414.2	1.1	-1.85	-0.03	0.14	0.16
JOZ2	12204M002	2020-07-08 21:30:00.0	52.09783	21.03236	152.507	120.868	2,412.3	1.1	-1.92	-0.14	0.19	0.18
JOZ2	12204M002	2020-07-08 22:00:00.0	52.09783	21.03236	152.507	120.868	2,411.4	1	-2.02	0.44	0.16	0.11
JOZ2	12204M002	2020-07-08 22:30:00.0	52.09783	21.03236	152.507	120.868	2,409.4	1	-1.83	0.59	0.17	0.12
JOZ2	12204M002	2020-07-08 23:00:00.0	52.09783	21.03236	152.509	120.87	2,405.8	1	-1.72	0.19	0.16	0.13
JOZ2	12204M002	2020-07-08 23:30:00.0	52.09783	21.03236	152.509	120.87	2,406.4	1.1	-1.96	-0.25	0.17	0.16
JOZE	12204M001	2020-07-08 19:00:00.0	52.09728	21.03156	141.609	109.968	2,417.6	0.9	-1.7	0.35	0.13	0.11
JOZE	12204M001	2020-07-08 19:30:00.0	52.09728	21.03156	141.609	109.968	2,418	1	-1.58	0.43	0.14	0.14
JOZE	12204M001	2020-07-08 20:00:00.0	52.09728	21.03156	141.61	109.969	2,422.4	1.2	-2.1	-0.02	0.18	0.18
JOZE	12204M001	2020-07-08 20:30:00.0	52.09728	21.03156	141.61	109.969	2,425	1.1	-1.99	0.38	0.17	0.18
JOZE	12204M001	2020-07-08 21:00:00.0	52.09728	21.03156	141.611	109.97	2,422	1.2	-2.11	0.19	0.19	0.18
JOZE	12204M001	2020-07-08 21:30:00.0	52.09728	21.03156	141.611	109.97	2,423.3	1.2	-2.19	0.21	0.23	0.19
JOZE	12204M001	2020-07-08 22:00:00.0	52.09728	21.03156	141.614	109.973	2,416.3	1	-1.69	0.44	0.2	0.11
JOZE	12204M001	2020-07-08 22:30:00.0	52.09728	21.03156	141.614	109.973	2,417.4	1.3	-0.85	0.44	0.23	0.15
JOZE	12204M001	2020-07-08 23:00:00.0	52.09728	21.03156	141.615	109.974	2,412	1.1	-1.77	0.27	0.2	0.16
JOZE	12204M001	2020-07-08 23:30:00.0	52.09728	21.03156	141.615	109.974	2,409.1	1.3	-1.7	0.23	0.24	0.19
KALI	12257M001	2020-07-08 19:00:00.0	51.75389	18.09517	147.73	111.732	2,418.2	1	-0.61	0.27	0.14	0.13
KALI	12257M001	2020-07-08 19:30:00.0	51.75389	18.09517	147.73	111.732	2,416.3	0.9	-0.54	0.21	0.15	0.12
KALI	12257M001	2020-07-08 20:00:00.0	51.75389	18.09517	147.731	111.733	2,416.1	1.3	-1.79	-0.14	0.21	0.17
KALI	12257M001	2020-07-08 20:30:00.0	51.75389	18.09517	147.731	111.733	2,417.1	1.3	-1.81	-0.55	0.21	0.19
KALI	12257M001	2020-07-08 21:00:00.0	51.75389	18.09517	147.731	111.733	2,410.7	1.6	-1.31	0.61	0.26	0.23
KALI	12257M001	2020-07-08 21:30:00.0	51.75389	18.09517	147.731	111.733	2,410.4	1.6	-0.9	0.3	0.3	0.26
KALI	12257M001	2020-07-08 22:00:00.0	51.75389	18.09517	147.722	111.724	2,415.9	1.3	-0.72	0.56	0.21	0.16
KALI	12257M001	2020-07-08 22:30:00.0	51.75389	18.09517	147.722	111.724	2,414	1.4	-0.63	1.21	0.22	0.21
KALI	12257M001	2020-07-08 23:00:00.0	51.75389	18.09517	147.748	111.75	2,406.8	1.1	-1.01	-0.34	0.21	0.13
KALI	12257M001	2020-07-08 23:30:00.0	51.75389	18.09517	147.748	111.75	2,404.8	1.4	-1.42	-0.2	0.26	0.19
KAM1	12258M001	2020-07-08 19:00:00.0	53.96306	14.77739	57.751	22.801	2,414.5	0.9	-0.49	-0.81	0.12	0.12
KAM1	12258M001	2020-07-08 19:30:00.0	53.96306	14.77739	57.751	22.801	2,416	1.1	-0.38	-0.66	0.13	0.15
KAM1	12258M001	2020-07-08 20:00:00.0	53.96306	14.77739	57.758	22.808	2,418	1.3	-0.71	-0.81	0.18	0.16
KAM1	12258M001	2020-07-08 20:30:00.0	53.96306	14.77739	57.758	22.808	2,422.8	1.3	-1.18	-0.97	0.18	0.19
KAM1	12258M001	2020-07-08 21:00:00.0	53.96306	14.77739	57.752	22.802	2,425.8	1.4	-2.1	-0.21	0.21	0.2
KAM1	12258M001	2020-07-08 21:30:00.0	53.96306	14.77739	57.752	22.802	2,423.3	1.3	-1.47	0.27	0.22	0.18
KAM1	12258M001	2020-07-08 22:00:00.0	53.96306	14.77739	57.752	22.802	2,424.5	1	-0.7	0.25	0.14	0.11
KAM1	12258M001	2020-07-08 22:30:00.0	53.96306	14.77739	57.752	22.802	2,417.9	1.1	-1.17	0.25	0.14	0.15
KAM1	12258M001	2020-07-08 23:00:00.0	53.96306	14.77739	57.761	22.811	2,409.7	1.2	-0.58	0.57	0.2	0.13
KAM1	12258M001	2020-07-08 23:30:00.0	53.96306	14.77739	57.761	22.811	2,406.7	1.5	-0.57	0.78	0.26	0.19
KATO	12219S001	2020-07-08 19:00:00.0	50.25328	19.03564	332.879	291.614	2,419.1	1.5	-1.2	-1.17	0.19	0.21
KATO	12219S001	2020-07-08 19:30:00.0	50.25328	19.03564	332.879	291.614	2,418.2	1.4	-1.29	-0.66	0.21	0.17
KATO	12219S001	2020-07-08 20:00:00.0	50.25328	19.03564	332.885	291.62	2,408	1.3	-3.15	-0.16	0.18	0.16
KATO	12219S001	2020-07-08 20:30:00.0	50.25328	19.03564	332.885	291.62	2,404.8	1.2	-4	-0.44	0.18	0.19
KATO	12219S001	2020-07-08 21:00:00.0	50.25328	19.03564	332.887	291.622	2,392.4	1.3	-4.86	0.14	0.16	0.17
KATO	12219S001	2020-07-08 21:30:00.0	50.25328	19.03564	332.887	291.622	2,381.1	1.4	-5.19	0.14	0.22	0.18
KATO	12219S001	2020-07-08 22:00:00.0	50.25328	19.03564	332.886	291.621	2,376.2	1.1	-3.96	0.22	0.14	0.11
KATO	12219S001	2020-07-08 22:30:00.0	50.25328	19.03564	332.886	291.621	2,373.5	1.1	-3.15	0.33	0.15	0.13
KATO	12219S001	2020-07-08 23:00:00.0	50.25328	19.03564	332.878	291.613	2,365.5	1.2	-2.33	-0.29	0.19	0.15
KATO	12219S001	2020-07-08 23:30:00.0	50.25328	19.03564	332.878	291.613	2,366.2	1.4	-2.65	-0.13	0.22	0.2
KAZ1	NDNT-KAZA	2020-07-08 19:00:00.0	50.30422	20.45164	261.168	222.965	2,439.6	0.9	-1.32	-0.45	0.1	0.1
KAZ1	NDNT-KAZA	2020-07-08 19:30:00.0	50.30422	20.45164	261.168	222.965	2,441.2	1	-1.05	-0.13	0.14	0.11
KAZ1	NDNT-KAZA	2020-07-08 20:00:00.0	50.30422	20.45164	261.168	222.965	2,443.1	1.1	-1.41	-0.15	0.15	0.14
KAZ1	NDNT-KAZA	2020-07-08 20:30:00.0	50.30422	20.45164	261.168	222.965	2,440.6	1	-1.62	0.01	0.14	0.15
KAZ1	NDNT-KAZA	2020-07-08 21:00:00.0	50.30422	20.45164	261.174	222.971	2,437.6	1.1	-2.58	-0.52	0.14	0.15
KAZ1	NDNT-KAZA	2020-07-08 21:30:00.0	50.30422	20.45164	261.174	222.971	2,434.4	1.2	-3.21	-0.48	0.2	0.17
KAZ1	NDNT-KAZA	2020-07-08 22:00:00.0	50.30422	20.45164	261.181	222.978	2,419.2	1	-3.94	0.76	0.13	0.11
KAZ1	NDNT-KAZA	2020-07-08 22:30:00.0	50.30422	20.45164	261.181	222.978	2,414.6	1	-3.02	0.22	0.14	0.13
KAZ1	NDNT-KAZA	2020-07-08 23:00:00.0	50.30422	20.45164	261.17	222.967	2,405.8	1.1	-2.5	0.25	0.17	0.14
KAZ1	NDNT-KAZA	2020-07-08 23:30:00.0	50.30422	20.45164	261.17	222.967	2,400.2	1.4	-1.8	0.13	0.19	0.18
KEPN	12259M001	2020-07-08 19:00:00.0	51.28017	17.98358	220.295	181.808	2,406.4	1.1	-1.89	-0.08	0.11	0.12
KEPN	12259M001	2020-07-08 19:30:00.0	51.28017	17.98358	220.295	181.808	2,404.4	1.1	-1.27	0.24	0.16	0.13
KEPN	12259M001	2020-07-08 20:00:00.0	51.28017	17.98358	220.292	181.805	2,402.3	1.2	-1.85	0.44	0.17	0.15
KEPN	12259M001	2020-07-08 20:30:00.0	51.28017	17.98358	220.292	181.805	2,394.4	1.2	-1.87	0.64	0.17	0.18
KEPN	12259M001	2020-07-08 21:00:00.0	51.28017	17.98358	220.294	181.807	2,389	1.4	-2.7	0.64	0.18	0.18
KEPN	12259M001	2020-07-08 21:30:00.0	51.28017	17.98358	220.294	181.807	2,391.5	1.5	-2.69	0.45	0.22	0.2
KEPN	12259M001	2020-07-08 22:00:00.0	51.28017	17.98358	220.297	181.81	2,387.6	1.2	-1.59	0.06	0.15	0.16
KEPN	12259M001	2020-07-08 22:30:00.0	51.28017	17.98358	220.297	181.81	2,388.6	1.2	-1.45	-0.05	0.17	0.17
KEPN	12259M001	2020-07-08 23:00:00.0	51.28017	17.98358	220.296	181.809	2,385.8	1	-0.96	-0.43	0.17	0.13
KEPN	12259M001	2020-07-08 23:30:00.0	51.28017	17.98358	220.296	181.809	2,387.5	1.2	-1.08	-0.19	0.18	0.16
KES1	MUSE-KES1	2020-07-08 19:00:00.0	50.27158	19.02614	339.954	298.742	2,411.5	1.2	-1.35	0.05	0.17	0.16
KES1	MUSE-KES1	2020-07-08 19:30:00.0	50.27158	19.02614	339.954	298.742	2,414.2	1.4	-1.35	-0.24	0.21	0.18
KES1	MUSE-KES1	2020-07-08 20:00:00.0	50.27158	19.02614	339.957	298.745	2,408.6	1.4	-3.18	-0.4	0.24	0.23
KES1	MUSE-KES1	2020-07-08 20:30:00.0	50.27158	19.02614	339.957	298.745	2,402.3	1.6	-3.12	-0.56	0.29	0.29
KES1	MUSE-KES1	2020-07-08 21:00:00.0	50.27158	19.02614	339.95	298.738	2,394.1	1.6	-4.39	-0.58	0.27	0.3
KES1	MUSE-KES1	2020-07-08 21:30:00.0	50.27158	19.02614	339.95	298.738	2,384.1	1.6	-4.48	-0.18	0.27	0.3
KES1	MUSE-KES1	2020-07-08 22:00:00.0	50.27158	19.02614	339.942	298.73	2,379.7	1.2	-3.22	0.73	0.15	0.18
KES1	MUSE-KES1	2020-07-08 22:30:00.0	50.27158	19.02614	339.942	298.73	2,372.1	1.2	-2.76	0.6	0.19	0.2
KES1	MUSE-KES1	2020-07-08 23:00:00.0	50.27158	19.02614	339.935	298.723	2,366.4	1.4	-3.57	0.44	0.25	0.22
KES1	MUSE-KES1	2020-07-08 23:30:00.0	50.27158	19.02614	339.935	298.723	2,370	1.9	-3.21	0.14	0.28	0.31
KILE	NDNT-KIEL	2020-07-08 19:00:00.0	50.90847	20.66397	364.647	328.086	2,392.6	1	-1.55	0.8	0.12	0.11
KILE	NDNT-KIEL	2020-07-08 19:30:00.0	50.90847	20.66397	364.647	328.086	2,391.8	1.1	-1.63	0.87	0.15	0.13
KILE	NDNT-KIEL	2020-07-08 20:00:00.0	50.90847	20.66397	364.649	328.088	2,395.1	1.1	-0.67	0.46	0.15	0.14
KILE	NDNT-KIEL	2020-07-08 20:30:00.0	50.90847	20.66397	364.649	328.088	2,389.4	1	-0.56	0.74	0.14	0.15
KILE	NDNT-KIEL	2020-07-08 21:00:00.0	50.90847	20.66397	364.656	328.095	2,381.5	1.3	-1.39	-0.11	0.16	0.19
KILE	NDNT-KIEL	2020-07-08 21:30:00.0	50.90847	20.66397	364.656	328.095	2,378.7	1.9	-0.74	-0.38	0.25	0.26
KILE	NDNT-KIEL	2020-07-08 22:00:00.0	50.90847	20.66397	364.648	328.087	2,370.7	1.3	-0.19	-0.26	0.2	0.17
KILE	NDNT-KIEL	2020-07-08 22:30:00.0	50.90847	20.66397	364.648	328.087	2,366.9	1.2	-0.21	-0.71	0.18	0.16
KILE	NDNT-KIEL	2020-07-08 23:00:00.0	50.90847	20.66397	364.641	328.08	2,369.5	1	-0.8	-0.66	0.15	0.12
KILE	NDNT-KIEL	2020-07-08 23:30:00.0	50.90847	20.66397	364.641	328.08	2,375.8	1.1	-1.25	-0.93	0.15	0.14
KLCE	12260M001	2020-07-08 19:00:00.0	50.87575	20.62964	333.568	296.876	2,397.9	1	-1.92	0.61	0.12	0.11
KLCE	12260M001	2020-07-08 19:30:00.0	50.87575	20.62964	333.568	296.876	2,395.3	1.1	-1.43	0.37	0.15	0.13
KLCE	12260M001	2020-07-08 20:00:00.0	50.87575	20.62967	333.565	296.873	2,397.1	1.1	-2.71	0.12	0.15	0.14
KLCE	12260M001	2020-07-08 20:30:00.0	50.87575	20.62967	333.565	296.873	2,394.7	1	-2.44	-0.14	0.14	0.15
KLCE	12260M001	2020-07-08 21:00:00.0	50.87575	20.62967	333.566	296.874	2,386.2	1.3	-1.87	0.29	0.16	0.19
KLCE	12260M001	2020-07-08 21:30:00.0	50.87575	20.62967	333.566	296.874	2,383	1.9	-1.39	-0.09	0.25	0.26
KLCE	12260M001	2020-07-08 22:00:00.0	50.87575	20.62967	333.563	296.871	2,378.6	1.3	-0.88	0.12	0.2	0.17
KLCE	12260M001	2020-07-08 22:30:00.0	50.87575	20.62967	333.563	296.871	2,378.1	1.2	-1.44	0.59	0.18	0.16
KLCE	12260M001	2020-07-08 23:00:00.0	50.87575	20.62967	333.556	296.864	2,378.6	1.3	-0.91	-0.43	0.2	0.17
KLCE	12260M001	2020-07-08 23:30:00.0	50.87575	20.62967	333.556	296.864	2,379.1	1.5	-0.73	-0.39	0.22	0.2
KLDZ	12261M001	2020-07-08 19:00:00.0	50.43558	16.65189	359.566	316.326	2,386.5	1.1	-3.03	-0.14	0.14	0.13
KLDZ	12261M001	2020-07-08 19:30:00.0	50.43558	16.65189	359.566	316.326	2,380.7	1.2	-3.67	-0.58	0.15	0.14
KLDZ	12261M001	2020-07-08 20:00:00.0	50.43558	16.65189	359.556	316.316	2,381.6	1.1	-4.06	-0.55	0.14	0.13
KLDZ	12261M001	2020-07-08 20:30:00.0	50.43558	16.65189	359.556	316.316	2,377	1.1	-4.15	-0.89	0.14	0.15
KLDZ	12261M001	2020-07-08 21:00:00.0	50.43558	16.65189	359.558	316.318	2,369.4	1.5	-4.05	0.04	0.19	0.19
KLDZ	12261M001	2020-07-08 21:30:00.0	50.43558	16.65189	359.558	316.318	2,364.8	1.5	-3.91	-0.37	0.23	0.21
KLDZ	12261M001	2020-07-08 22:00:00.0	50.43558	16.65189	359.557	316.317	2,361.9	1.2	-2.15	-0.87	0.17	0.14
KLDZ	12261M001	2020-07-08 22:30:00.0	50.43558	16.65189	359.557	316.317	2,363.6	1.2	-1.71	-0.99	0.17	0.17
KLDZ	12261M001	2020-07-08 23:00:00.0	50.43558	16.65189	359.558	316.318	2,367.7	1.1	-1.61	-1.1	0.17	0.14
KLDZ	12261M001	2020-07-08 23:30:00.0	50.43558	16.65189	359.558	316.318	2,369.8	1.3	-2.08	-0.45	0.19	0.17
KLOB	12219M001	2020-07-08 19:00:00.0	50.90553	18.93689	301.642	262.938	2,393.7	1	-2.52	0.5	0.11	0.12
KLOB	12219M001	2020-07-08 19:30:00.0	50.90553	18.93689	301.642	262.938	2,391.9	1.1	-1.73	0.36	0.16	0.12
KLOB	12219M001	2020-07-08 20:00:00.0	50.90553	18.93689	301.642	262.938	2,390.4	1	-2.07	-0.18	0.14	0.13
KLOB	12219M001	2020-07-08 20:30:00.0	50.90553	18.93689	301.642	262.938	2,388.6	1	-1.24	-0.16	0.13	0.14
KLOB	12219M001	2020-07-08 21:00:00.0	50.90553	18.93689	301.64	262.936	2,385.9	1.4	-1.34	-0.26	0.17	0.18
KLOB	12219M001	2020-07-08 21:30:00.0	50.90553	18.93689	301.64	262.936	2,386.3	1.5	-1.79	-0.31	0.22	0.19
KLOB	12219M001	2020-07-08 22:00:00.0	50.90553	18.93689	301.638	262.934	2,383	1.1	-1.63	0.34	0.16	0.13
KLOB	12219M001	2020-07-08 22:30:00.0	50.90553	18.93689	301.638	262.934	2,383.2	1.2	-1.49	0.45	0.17	0.15
KLOB	12219M001	2020-07-08 23:00:00.0	50.90553	18.93689	301.637	262.933	2,378.5	1	-2.24	0.02	0.16	0.12
KLOB	12219M001	2020-07-08 23:30:00.0	50.90553	18.93689	301.637	262.933	2,375.5	1.1	-2.09	-0.02	0.16	0.15
KLUC	NDNT-KLUC	2020-07-08 19:00:00.0	50.96822	18.21419	232.953	193.525	2,416	1	-1.96	0.44	0.11	0.12
KLUC	NDNT-KLUC	2020-07-08 19:30:00.0	50.96822	18.21419	232.953	193.525	2,416.4	1.1	-1.18	0.35	0.16	0.12
KLUC	NDNT-KLUC	2020-07-08 20:00:00.0	50.96822	18.21419	232.95	193.522	2,415.3	1	-0.56	0.16	0.13	0.12
KLUC	NDNT-KLUC	2020-07-08 20:30:00.0	50.96822	18.21419	232.95	193.522	2,416.4	1	-1.21	0.71	0.13	0.13
KLUC	NDNT-KLUC	2020-07-08 21:00:00.0	50.96822	18.21419	232.952	193.524	2,407.3	1.4	-1.66	0.48	0.17	0.18
KLUC	NDNT-KLUC	2020-07-08 21:30:00.0	50.96822	18.21419	232.952	193.524	2,405.6	1.4	-2.09	0.26	0.21	0.18
KLUC	NDNT-KLUC	2020-07-08 22:00:00.0	50.96822	18.21419	232.956	193.528	2,395.8	1.1	-0.97	0.24	0.14	0.12
KLUC	NDNT-KLUC	2020-07-08 22:30:00.0	50.96822	18.21419	232.956	193.528	2,393.7	1.2	-1.29	-0.08	0.15	0.14
KLUC	NDNT-KLUC	2020-07-08 23:00:00.0	50.96822	18.21419	232.955	193.527	2,389.7	1	-1.23	-0.68	0.15	0.11
KLUC	NDNT-KLUC	2020-07-08 23:30:00.0	50.96822	18.21419	232.955	193.527	2,395	1.1	-1.72	-1.1	0.15	0.15
KOLB	NDNT-KOLA	2020-07-08 19:00:00.0	50.24403	21.78331	250.59	215.141	2,432.7	1	-0.96	-0.21	0.11	0.12
KOLB	NDNT-KOLA	2020-07-08 19:30:00.0	50.24403	21.78331	250.59	215.141	2,439.4	1.1	-1	0.09	0.15	0.12
KOLB	NDNT-KOLA	2020-07-08 20:00:00.0	50.24403	21.78331	250.584	215.135	2,440	1.1	-1.07	0.86	0.15	0.13
KOLB	NDNT-KOLA	2020-07-08 20:30:00.0	50.24403	21.78331	250.584	215.135	2,438.4	1.1	-0.23	2.05	0.16	0.16
KOLB	NDNT-KOLA	2020-07-08 21:00:00.0	50.24403	21.78331	250.595	215.146	2,433.3	1.3	-0.49	1.59	0.16	0.16
KOLB	NDNT-KOLA	2020-07-08 21:30:00.0	50.24403	21.78331	250.595	215.146	2,436.5	1.3	-1.19	1	0.21	0.17
KOLB	NDNT-KOLA	2020-07-08 22:00:00.0	50.24403	21.78331	250.591	215.142	2,440.6	1.2	-1.62	0.67	0.17	0.14
KOLB	NDNT-KOLA	2020-07-08 22:30:00.0	50.24403	21.78331	250.591	215.142	2,438.2	1.5	-1.77	0.96	0.21	0.21
KOLB	NDNT-KOLA	2020-07-08 23:00:00.0	50.24403	21.78331	250.58	215.131	2,433.6	1.1	-2.56	0.98	0.18	0.15
KOLB	NDNT-KOLA	2020-07-08 23:30:00.0	50.24403	21.78331	250.58	215.131	2,433.4	1.1	-2.69	0.47	0.2	0.16
KONI	12262M001	2020-07-08 19:00:00.0	52.22811	18.25397	157.11	123.968	2,408.2	0.9	-1.64	-0.11	0.13	0.12
KONI	12262M001	2020-07-08 19:30:00.0	52.22811	18.25397	157.11	123.968	2,404.4	0.9	-1.45	0.18	0.14	0.12
KONI	12262M001	2020-07-08 20:00:00.0	52.22811	18.25397	157.11	123.968	2,400.3	1.1	-1.55	0.1	0.17	0.15
KONI	12262M001	2020-07-08 20:30:00.0	52.22811	18.25397	157.11	123.968	2,397.7	1.2	-1.45	-0.13	0.2	0.17
KONI	12262M001	2020-07-08 21:00:00.0	52.22811	18.25397	157.107	123.965	2,401.1	1.1	-0.64	-0.29	0.16	0.17
KONI	12262M001	2020-07-08 21:30:00.0	52.22811	18.25397	157.107	123.965	2,400.5	1.2	-1.29	0.47	0.19	0.17
KONI	12262M001	2020-07-08 22:00:00.0	52.22811	18.25397	157.101	123.959	2,401.2	1.1	-1.36	0.15	0.19	0.12
KONI	12262M001	2020-07-08 22:30:00.0	52.22811	18.25397	157.101	123.959	2,398.9	1.2	-1.34	0.43	0.15	0.18
KONI	12262M001	2020-07-08 23:00:00.0	52.22811	18.25397	157.12	123.978	2,398.5	1.1	-0.8	0.12	0.19	0.13
KONI	12262M001	2020-07-08 23:30:00.0	52.22811	18.25397	157.12	123.978	2,393.5	1.4	-0.31	0.52	0.2	0.18
KOSC	12263M001	2020-07-08 19:00:00.0	54.12256	17.98158	211.119	180.947	2,359.4	0.9	0.45	0.14	0.11	0.12
KOSC	12263M001	2020-07-08 19:30:00.0	54.12256	17.98158	211.119	180.947	2,355.4	1	0.53	-0.23	0.12	0.14
KOSC	12263M001	2020-07-08 20:00:00.0	54.12256	17.98158	211.126	180.954	2,357.9	1	-0.58	0.14	0.15	0.13
KOSC	12263M001	2020-07-08 20:30:00.0	54.12256	17.98158	211.126	180.954	2,359	1.1	0.06	-0.06	0.15	0.15
KOSC	12263M001	2020-07-08 21:00:00.0	54.12256	17.98158	211.125	180.953	2,354.4	1	-0.45	-0.38	0.14	0.16
KOSC	12263M001	2020-07-08 21:30:00.0	54.12256	17.98158	211.125	180.953	2,354.8	1	-0.19	-0.28	0.18	0.16
KOSC	12263M001	2020-07-08 22:00:00.0	54.12256	17.98158	211.127	180.955	2,355.5	1.1	-0.47	-0.06	0.17	0.14
KOSC	12263M001	2020-07-08 22:30:00.0	54.12256	17.98158	211.127	180.955	2,357.4	1.1	-0.75	-0.12	0.13	0.15
KOSC	12263M001	2020-07-08 23:00:00.0	54.12256	17.98158	211.135	180.963	2,356.9	1	0.19	-0.34	0.17	0.12
KOSC	12263M001	2020-07-08 23:30:00.0	54.12256	17.98158	211.135	180.963	2,357.3	1.2	-0.41	-0.14	0.19	0.16
KOSZ	12264M001	2020-07-08 19:00:00.0	54.20339	16.19772	123.17	90.099	2,385.4	0.9	-0.29	0.03	0.14	0.13
KOSZ	12264M001	2020-07-08 19:30:00.0	54.20339	16.19772	123.17	90.099	2,387	0.9	-0.18	-0.4	0.14	0.11
KOSZ	12264M001	2020-07-08 20:00:00.0	54.20339	16.19772	123.176	90.105	2,381.8	1.1	-0.94	-0.18	0.15	0.14
KOSZ	12264M001	2020-07-08 20:30:00.0	54.20339	16.19772	123.176	90.105	2,383.9	1.3	-0.83	0.29	0.18	0.19
KOSZ	12264M001	2020-07-08 21:00:00.0	54.20339	16.19772	123.17	90.099	2,386.7	1.5	-0.17	-0.31	0.22	0.22
KOSZ	12264M001	2020-07-08 21:30:00.0	54.20339	16.19772	123.17	90.099	2,387.4	1.5	-0.17	-0.5	0.26	0.22
KOSZ	12264M001	2020-07-08 22:00:00.0	54.20339	16.19772	123.172	90.101	2,385.4	1	-0.38	0.22	0.19	0.11
KOSZ	12264M001	2020-07-08 22:30:00.0	54.20339	16.19772	123.172	90.101	2,391.7	1.2	0.09	-0.28	0.21	0.15
KOSZ	12264M001	2020-07-08 23:00:00.0	54.20339	16.19772	123.181	90.11	2,392.1	1.1	-1.02	0.29	0.19	0.13
KOSZ	12264M001	2020-07-08 23:30:00.0	54.20339	16.19772	123.181	90.11	2,395.3	1.3	-1.32	0.86	0.24	0.17
KRA1	12218M002	2020-07-08 19:00:00.0	50.06611	19.92047	267.123	227.039	2,444.9	1	-1.25	-0.27	0.12	0.12
KRA1	12218M002	2020-07-08 19:30:00.0	50.06611	19.92047	267.123	227.039	2,442	1.2	-1.09	-0.36	0.18	0.13
KRA1	12218M002	2020-07-08 20:00:00.0	50.06611	19.92047	267.12	227.036	2,446.5	1	-1.49	-0.36	0.14	0.13
KRA1	12218M002	2020-07-08 20:30:00.0	50.06611	19.92047	267.12	227.036	2,443.7	1	-1.68	-0.07	0.13	0.15
KRA1	12218M002	2020-07-08 21:00:00.0	50.06611	19.92047	267.121	227.037	2,443.5	1.3	-2.3	-0.68	0.15	0.16
KRA1	12218M002	2020-07-08 21:30:00.0	50.06611	19.92047	267.121	227.037	2,443.9	1.4	-3.28	0.02	0.2	0.18
KRA1	12218M002	2020-07-08 22:00:00.0	50.06611	19.92047	267.121	227.037	2,429.1	1	-3.54	0.54	0.13	0.11
KRA1	12218M002	2020-07-08 22:30:00.0	50.06611	19.92047	267.121	227.037	2,426.6	1.1	-3.37	0.78	0.17	0.13
KRA1	12218M002	2020-07-08 23:00:00.0	50.06611	19.92047	267.115	227.031	2,411.4	1.1	-3.73	-0.68	0.17	0.14
KRA1	12218M002	2020-07-08 23:30:00.0	50.06611	19.92047	267.115	227.031	2,406.7	1.2	-3.19	0.35	0.18	0.16
KRA2	NDNT-KRAK	2020-07-08 19:00:00.0	50.01092	19.90192	294.999	254.736	2,438	1	-0.91	-0.74	0.12	0.12
KRA2	NDNT-KRAK	2020-07-08 19:30:00.0	50.01092	19.90192	294.999	254.736	2,439.8	1.1	-0.77	-0.27	0.16	0.12
KRA2	NDNT-KRAK	2020-07-08 20:00:00.0	50.01092	19.90192	295.001	254.738	2,434	1	-2.27	-0.33	0.14	0.13
KRA2	NDNT-KRAK	2020-07-08 20:30:00.0	50.01092	19.90192	295.001	254.738	2,442.9	1	-2.09	-0.6	0.13	0.14
KRA2	NDNT-KRAK	2020-07-08 21:00:00.0	50.01092	19.90192	295.001	254.738	2,433.5	1.3	-1.64	-0.45	0.15	0.16
KRA2	NDNT-KRAK	2020-07-08 21:30:00.0	50.01092	19.90192	295.001	254.738	2,433.6	1.3	-2.7	-0.43	0.2	0.17
KRA2	NDNT-KRAK	2020-07-08 22:00:00.0	50.01092	19.90192	295.004	254.741	2,426.8	1	-3.12	0.5	0.13	0.11
KRA2	NDNT-KRAK	2020-07-08 22:30:00.0	50.01092	19.90192	295.004	254.741	2,422.4	1.1	-3.09	0.01	0.17	0.12
KRA2	NDNT-KRAK	2020-07-08 23:00:00.0	50.01092	19.90192	294.991	254.728	2,406	1	-2.99	1	0.15	0.12
KRA2	NDNT-KRAK	2020-07-08 23:30:00.0	50.01092	19.90192	294.991	254.728	2,404.9	1.2	-2.85	0.86	0.16	0.15
KRAP	NDNT-KRAP	2020-07-08 19:00:00.0	50.49031	17.95681	221.358	180.381	2,433.8	1.1	-2.39	0.65	0.13	0.13
KRAP	NDNT-KRAP	2020-07-08 19:30:00.0	50.49031	17.95681	221.358	180.381	2,444.4	1.2	-2.5	-0.41	0.16	0.13
KRAP	NDNT-KRAP	2020-07-08 20:00:00.0	50.49031	17.95681	221.339	180.362	2,428.2	1.3	-3.99	0.04	0.19	0.17
KRAP	NDNT-KRAP	2020-07-08 20:30:00.0	50.49031	17.95681	221.339	180.362	2,428.9	1.4	-4.77	-1.75	0.22	0.21
KRAP	NDNT-KRAP	2020-07-08 21:00:00.0	50.49031	17.95681	221.348	180.371	2,435.1	1.5	-3.15	-2.36	0.2	0.19
KRAP	NDNT-KRAP	2020-07-08 21:30:00.0	50.49031	17.95681	221.348	180.371	2,421.5	1.5	-2.48	-2.03	0.23	0.2
KRAP	NDNT-KRAP	2020-07-08 22:00:00.0	50.49031	17.95681	221.337	180.36	2,398.5	1.1	-0.63	-0.45	0.16	0.13
KRAP	NDNT-KRAP	2020-07-08 22:30:00.0	50.49031	17.95681	221.337	180.36	2,401.8	1.3	-0.08	-0.96	0.2	0.17
KRAP	NDNT-KRAP	2020-07-08 23:00:00.0	50.49031	17.95681	221.307	180.33	2,400.4	1	-0.59	-0.26	0.2	0.13
KRAP	NDNT-KRAP	2020-07-08 23:30:00.0	50.49031	17.95681	221.307	180.33	2,406	1.2	-0.64	0.19	0.2	0.17
KRAW	12218M001	2020-07-08 19:00:00.0	50.06614	19.92047	267.137	227.053	2,442.1	1.4	-1.06	0.09	0.18	0.19
KRAW	12218M001	2020-07-08 19:30:00.0	50.06614	19.92047	267.137	227.053	2,440.1	1.4	-1.07	-0.06	0.23	0.16
KRAW	12218M001	2020-07-08 20:00:00.0	50.06614	19.92047	267.126	227.042	2,442.3	1.1	-1.59	-0.73	0.17	0.15
KRAW	12218M001	2020-07-08 20:30:00.0	50.06614	19.92047	267.126	227.042	2,446.2	1	-1.66	-0.88	0.14	0.16
KRAW	12218M001	2020-07-08 21:00:00.0	50.06614	19.92047	267.128	227.044	2,442.4	1.3	-2.45	-0.54	0.16	0.17
KRAW	12218M001	2020-07-08 21:30:00.0	50.06614	19.92047	267.128	227.044	2,442.7	1.4	-3.09	-0.15	0.21	0.18
KRAW	12218M001	2020-07-08 22:00:00.0	50.06614	19.92047	267.132	227.048	2,425	1.1	-3.75	0.64	0.15	0.12
KRAW	12218M001	2020-07-08 22:30:00.0	50.06614	19.92047	267.132	227.048	2,421	1.2	-3.75	1.21	0.2	0.14
KRAW	12218M001	2020-07-08 23:00:00.0	50.06614	19.92047	267.118	227.034	2,410.6	1.1	-3.88	0.36	0.19	0.15
KRAW	12218M001	2020-07-08 23:30:00.0	50.06614	19.92047	267.118	227.034	2,398.8	1.2	-2.73	1.02	0.22	0.17
KROS	12265M001	2020-07-08 19:00:00.0	49.67875	21.77464	347.539	311.134	2,411.1	1	-1.1	0.1	0.11	0.11
KROS	12265M001	2020-07-08 19:30:00.0	49.67875	21.77464	347.539	311.134	2,413.8	1.1	-0.8	-0.26	0.15	0.13
KROS	12265M001	2020-07-08 20:00:00.0	49.67875	21.77464	347.541	311.136	2,422.6	1.1	-1.52	-0.16	0.14	0.14
KROS	12265M001	2020-07-08 20:30:00.0	49.67875	21.77464	347.541	311.136	2,419.2	1.1	-1.38	-0.27	0.15	0.17
KROS	12265M001	2020-07-08 21:00:00.0	49.67875	21.77464	347.546	311.141	2,416.6	1.3	-1.22	-0.18	0.16	0.17
KROS	12265M001	2020-07-08 21:30:00.0	49.67875	21.77464	347.546	311.141	2,418.7	1.3	-1.46	-0.51	0.2	0.18
KROS	12265M001	2020-07-08 22:00:00.0	49.67875	21.77464	347.543	311.138	2,420.6	1.2	-0.96	-0.15	0.17	0.15
KROS	12265M001	2020-07-08 22:30:00.0	49.67875	21.77464	347.543	311.138	2,419.4	1.5	-0.8	-0.31	0.2	0.22
KROS	12265M001	2020-07-08 23:00:00.0	49.67875	21.77464	347.533	311.128	2,421.8	1.1	-1.81	-0.57	0.15	0.13
KROS	12265M001	2020-07-08 23:30:00.0	49.67875	21.77464	347.533	311.128	2,422.4	1.1	-2.27	-0.38	0.14	0.15
KROT	12266M001	2020-07-08 19:00:00.0	51.69219	17.43719	186.237	148.439	2,409.1	0.9	-0.54	0.92	0.13	0.13
KROT	12266M001	2020-07-08 19:30:00.0	51.69219	17.43719	186.237	148.439	2,405.6	1.1	-0.24	0.36	0.2	0.12
KROT	12266M001	2020-07-08 20:00:00.0	51.69219	17.43719	186.246	148.448	2,401.5	1.1	-0.72	0.5	0.17	0.14
KROT	12266M001	2020-07-08 20:30:00.0	51.69219	17.43719	186.246	148.448	2,398.9	1.2	-0.26	0.53	0.19	0.17
KROT	12266M001	2020-07-08 21:00:00.0	51.69219	17.43719	186.238	148.44	2,399.5	1.6	-0.73	0.27	0.25	0.21
KROT	12266M001	2020-07-08 21:30:00.0	51.69219	17.43719	186.238	148.44	2,402.8	1.6	-0.71	0.03	0.29	0.22
KROT	12266M001	2020-07-08 22:00:00.0	51.69219	17.43719	186.235	148.437	2,397.7	1.1	-1.32	0.34	0.21	0.13
KROT	12266M001	2020-07-08 22:30:00.0	51.69219	17.43719	186.235	148.437	2,399.9	1.4	-1.33	0.69	0.25	0.2
KROT	12266M001	2020-07-08 23:00:00.0	51.69219	17.43719	186.252	148.454	2,388	1.1	-0.62	-0.27	0.2	0.13
KROT	12266M001	2020-07-08 23:30:00.0	51.69219	17.43719	186.252	148.454	2,389.5	1.4	-0.64	-0.62	0.25	0.19
KUTN	12267M001	2020-07-08 19:00:00.0	52.22606	19.37497	159.853	127.724	2,408.3	0.9	-1.77	-0.24	0.13	0.11
KUTN	12267M001	2020-07-08 19:30:00.0	52.22606	19.37497	159.853	127.724	2,404.2	1	-1.66	-0.1	0.13	0.13
KUTN	12267M001	2020-07-08 20:00:00.0	52.22606	19.37497	159.851	127.722	2,401.5	1.1	-2.2	0.28	0.15	0.14
KUTN	12267M001	2020-07-08 20:30:00.0	52.22606	19.37497	159.851	127.722	2,399	1	-1.78	-0.49	0.14	0.15
KUTN	12267M001	2020-07-08 21:00:00.0	52.22606	19.37497	159.846	127.717	2,392	1.1	-1.4	0.02	0.14	0.16
KUTN	12267M001	2020-07-08 21:30:00.0	52.22606	19.37497	159.846	127.717	2,393.3	1.1	-1.16	-0.55	0.19	0.17
KUTN	12267M001	2020-07-08 22:00:00.0	52.22606	19.37497	159.847	127.718	2,395.3	1.2	-0.88	-0.19	0.18	0.14
KUTN	12267M001	2020-07-08 22:30:00.0	52.22606	19.37497	159.847	127.718	2,399.2	1.3	-0.96	-0.35	0.19	0.2
KUTN	12267M001	2020-07-08 23:00:00.0	52.22606	19.37497	159.848	127.719	2,398.6	1	-1.26	-0.44	0.18	0.13
KUTN	12267M001	2020-07-08 23:30:00.0	52.22606	19.37497	159.848	127.719	2,401.9	1.2	-1.48	-0.8	0.19	0.16
LAN1	NDNT-LANC	2020-07-08 19:00:00.0	50.06586	22.22919	287.432	252.673	2,425.7	1	-1.06	-0.42	0.11	0.11
LAN1	NDNT-LANC	2020-07-08 19:30:00.0	50.06586	22.22919	287.432	252.673	2,424.3	1.1	-0.73	-0.01	0.15	0.12
LAN1	NDNT-LANC	2020-07-08 20:00:00.0	50.06586	22.22919	287.418	252.659	2,425.3	1.1	-1.61	-0.06	0.13	0.13
LAN1	NDNT-LANC	2020-07-08 20:30:00.0	50.06586	22.22919	287.418	252.659	2,427.4	1.1	-1.39	-0.51	0.13	0.15
LAN1	NDNT-LANC	2020-07-08 21:00:00.0	50.06586	22.22919	287.422	252.663	2,427.2	1.2	-0.8	-1.11	0.14	0.15
LAN1	NDNT-LANC	2020-07-08 21:30:00.0	50.06586	22.22919	287.422	252.663	2,426.3	1.3	-1.46	-0.86	0.19	0.17
LAN1	NDNT-LANC	2020-07-08 22:00:00.0	50.06586	22.22919	287.417	252.658	2,436.8	0.9	-0.34	0.03	0.11	0.1
LAN1	NDNT-LANC	2020-07-08 22:30:00.0	50.06586	22.22919	287.417	252.658	2,434.7	1.1	-1.36	0.17	0.12	0.13
LAN1	NDNT-LANC	2020-07-08 23:00:00.0	50.06586	22.22919	287.403	252.644	2,430.1	1.1	-1.71	1.05	0.15	0.14
LAN1	NDNT-LANC	2020-07-08 23:30:00.0	50.06586	22.22919	287.403	252.644	2,435	1.1	-1.84	0.21	0.14	0.15
LEGP	12268M001	2020-07-08 19:00:00.0	51.2	16.15497	181.336	139.953	2,413	1	-1.23	0.33	0.13	0.13
LEGP	12268M001	2020-07-08 19:30:00.0	51.2	16.15497	181.336	139.953	2,412.2	1.1	-0.83	-0.05	0.17	0.13
LEGP	12268M001	2020-07-08 20:00:00.0	51.2	16.15497	181.34	139.957	2,407.9	1.1	-1.3	-0.73	0.14	0.13
LEGP	12268M001	2020-07-08 20:30:00.0	51.2	16.15497	181.34	139.957	2,412.6	1.1	-1.47	-1.28	0.14	0.15
LEGP	12268M001	2020-07-08 21:00:00.0	51.2	16.15497	181.331	139.948	2,409.1	1.2	-1.34	-0.68	0.16	0.17
LEGP	12268M001	2020-07-08 21:30:00.0	51.2	16.15497	181.331	139.948	2,415.5	1.2	-1.84	-0.89	0.2	0.18
LEGP	12268M001	2020-07-08 22:00:00.0	51.2	16.15497	181.332	139.949	2,413.9	1.1	-2.16	-0.04	0.15	0.15
LEGP	12268M001	2020-07-08 22:30:00.0	51.2	16.15497	181.332	139.949	2,406.1	1.1	-1.79	-0.41	0.15	0.15
LEGP	12268M001	2020-07-08 23:00:00.0	51.2	16.15497	181.339	139.956	2,410.2	1.1	-1.69	-0.49	0.19	0.13
LEGP	12268M001	2020-07-08 23:30:00.0	51.2	16.15497	181.339	139.956	2,410.1	1.4	-1.76	-0.55	0.22	0.18
LELO	12269M001	2020-07-08 19:00:00.0	50.68289	19.62889	306.307	267.825	2,403.3	1	-2.85	0.62	0.11	0.12
LELO	12269M001	2020-07-08 19:30:00.0	50.68289	19.62889	306.307	267.825	2,399.2	1.1	-3.59	0.86	0.16	0.12
LELO	12269M001	2020-07-08 20:00:00.0	50.68289	19.62889	306.305	267.823	2,395.7	1	-3.5	0.04	0.13	0.12
LELO	12269M001	2020-07-08 20:30:00.0	50.68289	19.62889	306.305	267.823	2,395.2	1	-2.73	-0.27	0.13	0.14
LELO	12269M001	2020-07-08 21:00:00.0	50.68289	19.62889	306.303	267.821	2,384.1	1.3	-2.1	1.06	0.16	0.16
LELO	12269M001	2020-07-08 21:30:00.0	50.68289	19.62889	306.303	267.821	2,384.8	1.3	-1.54	0.19	0.21	0.17
LELO	12269M001	2020-07-08 22:00:00.0	50.68289	19.62889	306.304	267.822	2,381.5	1	-0.63	-0.08	0.15	0.11
LELO	12269M001	2020-07-08 22:30:00.0	50.68289	19.62889	306.304	267.822	2,384.1	1.1	-0.77	0.24	0.17	0.13
LELO	12269M001	2020-07-08 23:00:00.0	50.68289	19.62889	306.299	267.817	2,385.9	1	-1.6	0.05	0.16	0.12
LELO	12269M001	2020-07-08 23:30:00.0	50.68289	19.62889	306.299	267.817	2,382.2	1.2	-1.86	-0.18	0.16	0.15
LES1	MUSE-LES1	2020-07-08 19:00:00.0	51.52717	16.14506	163.39	123.195	2,414	1.1	-1.21	-0.01	0.15	0.15
LES1	MUSE-LES1	2020-07-08 19:30:00.0	51.52717	16.14506	163.39	123.195	2,409.8	1.1	-1.36	0.2	0.18	0.13
LES1	MUSE-LES1	2020-07-08 20:00:00.0	51.52717	16.14506	163.394	123.199	2,409.6	1.2	-2.43	-0.63	0.21	0.15
LES1	MUSE-LES1	2020-07-08 20:30:00.0	51.52717	16.14506	163.394	123.199	2,406.8	1.2	-1.82	-0.84	0.22	0.18
LES1	MUSE-LES1	2020-07-08 21:00:00.0	51.52717	16.14506	163.383	123.188	2,407.5	1.3	-1.51	-0.09	0.18	0.21
LES1	MUSE-LES1	2020-07-08 21:30:00.0	51.52717	16.14506	163.383	123.188	2,399.7	1.6	-1.43	-0.38	0.24	0.28
LES1	MUSE-LES1	2020-07-08 22:00:00.0	51.52717	16.14506	163.385	123.19	2,398.2	1.4	-2.14	-0.9	0.19	0.2
LES1	MUSE-LES1	2020-07-08 22:30:00.0	51.52717	16.14506	163.385	123.19	2,406.9	1.2	-1.91	-0.65	0.19	0.17
LES1	MUSE-LES1	2020-07-08 23:00:00.0	51.52717	16.14506	163.4	123.205	2,403.7	1.2	-1.76	-0.52	0.23	0.16
LES1	MUSE-LES1	2020-07-08 23:30:00.0	51.52717	16.14506	163.4	123.205	2,406.4	1.5	-1.96	-0.25	0.25	0.21
LODZ	12226M001	2020-07-08 19:00:00.0	51.77872	19.45953	259.421	225.922	2,390.3	1.2	-0.29	-0.27	0.16	0.19
LODZ	12226M001	2020-07-08 19:30:00.0	51.77872	19.45953	259.421	225.922	2,386.5	1.2	-0.05	-0.2	0.16	0.17
LODZ	12226M001	2020-07-08 20:00:00.0	51.77872	19.45953	259.423	225.924	2,384.3	1.1	-0.94	-0.21	0.15	0.14
LODZ	12226M001	2020-07-08 20:30:00.0	51.77872	19.45953	259.423	225.924	2,384.3	1	-0.81	-0.28	0.14	0.15
LODZ	12226M001	2020-07-08 21:00:00.0	51.77872	19.45953	259.418	225.919	2,378.2	1.2	-0.85	-0.34	0.14	0.16
LODZ	12226M001	2020-07-08 21:30:00.0	51.77872	19.45953	259.418	225.919	2,380.8	1.2	-0.84	0.01	0.19	0.17
LODZ	12226M001	2020-07-08 22:00:00.0	51.77872	19.45953	259.425	225.926	2,381.7	1	-1.28	0.31	0.17	0.11
LODZ	12226M001	2020-07-08 22:30:00.0	51.77872	19.45953	259.425	225.926	2,379.7	1.1	-1.31	-0.28	0.15	0.15
LODZ	12226M001	2020-07-08 23:00:00.0	51.77872	19.45953	259.43	225.931	2,375.4	1	-1.45	-0.74	0.18	0.13
LODZ	12226M001	2020-07-08 23:30:00.0	51.77872	19.45953	259.43	225.931	2,372.6	1.2	-1.8	-0.59	0.18	0.16
LOMZ	12271M001	2020-07-08 19:00:00.0	53.174	22.08036	185.341	156.348	2,384.6	0.9	0.24	0.32	0.13	0.11
LOMZ	12271M001	2020-07-08 19:30:00.0	53.174	22.08036	185.341	156.348	2,384.5	1	0.4	-0.33	0.13	0.12
LOMZ	12271M001	2020-07-08 20:00:00.0	53.174	22.08036	185.341	156.348	2,386.5	1.2	-0.47	0.27	0.17	0.16
LOMZ	12271M001	2020-07-08 20:30:00.0	53.174	22.08036	185.341	156.348	2,384.6	1.2	-0.32	0.19	0.17	0.17
LOMZ	12271M001	2020-07-08 21:00:00.0	53.174	22.08036	185.339	156.346	2,381.3	1.1	-0.12	0.15	0.16	0.17
LOMZ	12271M001	2020-07-08 21:30:00.0	53.174	22.08036	185.339	156.346	2,381.2	1.2	-0.31	-0.84	0.19	0.2
LOMZ	12271M001	2020-07-08 22:00:00.0	53.174	22.08036	185.343	156.35	2,387.8	1.1	-0.84	-0.02	0.15	0.12
LOMZ	12271M001	2020-07-08 22:30:00.0	53.174	22.08036	185.343	156.35	2,386.6	1.1	-0.77	0.1	0.14	0.14
LOMZ	12271M001	2020-07-08 23:00:00.0	53.174	22.08036	185.345	156.352	2,383.1	1.2	-0.77	0.27	0.19	0.16
LOMZ	12271M001	2020-07-08 23:30:00.0	53.174	22.08036	185.345	156.352	2,379.2	1.4	-0.61	0.09	0.2	0.2
LUBL	12272M001	2020-07-08 19:00:00.0	51.25086	22.55472	242.197	210.387	2,413.4	1.1	-1.59	-0.14	0.12	0.13
LUBL	12272M001	2020-07-08 19:30:00.0	51.25086	22.55472	242.197	210.387	2,416	1.3	-1.73	-0.15	0.19	0.18
LUBL	12272M001	2020-07-08 20:00:00.0	51.25086	22.55472	242.193	210.383	2,421.4	1.1	-1.82	-0.1	0.16	0.15
LUBL	12272M001	2020-07-08 20:30:00.0	51.25086	22.55472	242.193	210.383	2,421.2	1.1	-2.02	-0.21	0.15	0.17
LUBL	12272M001	2020-07-08 21:00:00.0	51.25086	22.55472	242.208	210.398	2,416.6	1.3	-2.63	0.5	0.17	0.16
LUBL	12272M001	2020-07-08 21:30:00.0	51.25086	22.55472	242.208	210.398	2,411.8	1.4	-2.05	0.12	0.24	0.19
LUBL	12272M001	2020-07-08 22:00:00.0	51.25086	22.55472	242.206	210.396	2,408	1	-1.83	0.26	0.15	0.11
LUBL	12272M001	2020-07-08 22:30:00.0	51.25086	22.55472	242.206	210.396	2,408.3	1.3	-0.98	0.56	0.19	0.16
LUBL	12272M001	2020-07-08 23:00:00.0	51.25086	22.55472	242.196	210.386	2,411.5	1.1	-2.52	0.17	0.19	0.15
LUBL	12272M001	2020-07-08 23:30:00.0	51.25086	22.55472	242.196	210.386	2,405.4	1.1	-1.82	0.13	0.19	0.17
MET3	10503M010	2020-07-08 19:00:00.0	60.21744	24.3945	79.206	60.439	2,373.4	1.6	0.19	-0.96	0.23	0.2
MET3	10503M010	2020-07-08 19:30:00.0	60.21744	24.3945	79.206	60.439	2,381.1	1.4	0.21	0.35	0.2	0.14
MET3	10503M010	2020-07-08 20:00:00.0	60.21744	24.3945	79.212	60.445	2,375.8	1.3	-0.66	1.6	0.2	0.15
MET3	10503M010	2020-07-08 20:30:00.0	60.21744	24.3945	79.212	60.445	2,381.4	1.3	0.39	2.85	0.18	0.14
MET3	10503M010	2020-07-08 21:00:00.0	60.21744	24.3945	79.213	60.446	2,368	1.2	-0.1	1.1	0.19	0.17
MET3	10503M010	2020-07-08 21:30:00.0	60.21744	24.3945	79.213	60.446	2,362.4	1.3	-0.36	0.08	0.21	0.16
MET3	10503M010	2020-07-08 22:00:00.0	60.21744	24.3945	79.212	60.445	2,364	1.2	-1.17	0.67	0.23	0.11
MET3	10503M010	2020-07-08 22:30:00.0	60.21744	24.3945	79.212	60.445	2,361.8	1.5	-1.18	0.38	0.26	0.15
MET3	10503M010	2020-07-08 23:00:00.0	60.21744	24.3945	79.201	60.434	2,365.7	1.1	0.67	0.77	0.2	0.15
MET3	10503M010	2020-07-08 23:30:00.0	60.21744	24.3945	79.201	60.434	2,368.5	1.2	0.42	0.62	0.25	0.17
MIEL	18967M001	2020-07-08 19:00:00.0	50.29119	21.438	224.534	188.509	2,443.6	1	-1.34	0.08	0.11	0.11
MIEL	18967M001	2020-07-08 19:30:00.0	50.29119	21.438	224.534	188.509	2,445.1	1.1	-1.2	-0.26	0.15	0.12
MIEL	18967M001	2020-07-08 20:00:00.0	50.29119	21.438	224.534	188.509	2,455.7	1.1	-1.35	-0.57	0.15	0.14
MIEL	18967M001	2020-07-08 20:30:00.0	50.29119	21.438	224.534	188.509	2,457.8	1.1	-1.46	-0.65	0.15	0.17
MIEL	18967M001	2020-07-08 21:00:00.0	50.29119	21.438	224.537	188.512	2,452.8	1.2	-2.52	-0.38	0.15	0.16
MIEL	18967M001	2020-07-08 21:30:00.0	50.29119	21.438	224.537	188.512	2,450.7	1.2	-1.99	-0.66	0.2	0.18
MIEL	18967M001	2020-07-08 22:00:00.0	50.29119	21.438	224.544	188.519	2,443.2	1	-2.37	0.29	0.14	0.12
MIEL	18967M001	2020-07-08 22:30:00.0	50.29119	21.438	224.544	188.519	2,441.1	1.2	-2.57	0.14	0.16	0.17
MIEL	18967M001	2020-07-08 23:00:00.0	50.29119	21.438	224.536	188.511	2,433	1	-2.74	0.26	0.16	0.13
MIEL	18967M001	2020-07-08 23:30:00.0	50.29119	21.438	224.536	188.511	2,427.6	1.1	-3.1	0.47	0.15	0.15
MIEW	NDNT-MIEW	2020-07-08 19:00:00.0	50.36228	20.04022	336.601	297.605	2,411.2	1	-1.43	0.11	0.12	0.12
MIEW	NDNT-MIEW	2020-07-08 19:30:00.0	50.36228	20.04022	336.601	297.605	2,412.2	1.1	-1.16	-0.16	0.16	0.12
MIEW	NDNT-MIEW	2020-07-08 20:00:00.0	50.36228	20.04022	336.604	297.608	2,409.9	1.1	-2.3	0.47	0.17	0.15
MIEW	NDNT-MIEW	2020-07-08 20:30:00.0	50.36228	20.04022	336.604	297.608	2,410.5	1	-2.99	0.25	0.15	0.15
MIEW	NDNT-MIEW	2020-07-08 21:00:00.0	50.36228	20.04022	336.604	297.608	2,395.3	1.3	-4.37	0.68	0.17	0.17
MIEW	NDNT-MIEW	2020-07-08 21:30:00.0	50.36228	20.04022	336.604	297.608	2,387.9	1.3	-5.69	0.57	0.2	0.17
MIEW	NDNT-MIEW	2020-07-08 22:00:00.0	50.36228	20.04022	336.603	297.607	2,378.6	1	-3.46	0.8	0.16	0.11
MIEW	NDNT-MIEW	2020-07-08 22:30:00.0	50.36228	20.04022	336.603	297.607	2,374.6	1	-2.52	0.39	0.15	0.13
MIEW	NDNT-MIEW	2020-07-08 23:00:00.0	50.36228	20.04022	336.599	297.603	2,368.9	1	-1.26	0.28	0.16	0.12
MIEW	NDNT-MIEW	2020-07-08 23:30:00.0	50.36228	20.04022	336.599	297.603	2,370.2	1.2	-1.65	0.31	0.17	0.15
MIKL	12335M001	2020-07-08 19:00:00.0	46.97278	31.97283	93.949	68.558	2,418.3	1	-0.39	0.14	0.13	0.11
MIKL	12335M001	2020-07-08 19:30:00.0	46.97278	31.97283	93.949	68.558	2,420.5	1.2	-0.16	-0.12	0.18	0.17
MIKL	12335M001	2020-07-08 20:00:00.0	46.97278	31.97283	93.946	68.555	2,422.1	1.1	0.08	-0.2	0.15	0.17
MIKL	12335M001	2020-07-08 20:30:00.0	46.97278	31.97283	93.946	68.555	2,418.8	1.2	-0.83	-0.24	0.15	0.17
MIKL	12335M001	2020-07-08 21:00:00.0	46.97278	31.97283	93.943	68.552	2,412.7	1.1	-0.37	-0.13	0.15	0.14
MIKL	12335M001	2020-07-08 21:30:00.0	46.97278	31.97283	93.943	68.552	2,412.7	1.2	-0.6	-0.07	0.21	0.18
MIKL	12335M001	2020-07-08 22:00:00.0	46.97278	31.97283	93.949	68.558	2,413.5	1	-0.47	0.02	0.13	0.11
MIKL	12335M001	2020-07-08 22:30:00.0	46.97278	31.97283	93.949	68.558	2,415.1	1.1	-0.4	0.34	0.15	0.13
MIKL	12335M001	2020-07-08 23:00:00.0	46.97278	31.97283	93.941	68.55	2,416	1.2	-0.82	-0.35	0.17	0.16
MIKL	12335M001	2020-07-08 23:30:00.0	46.97278	31.97283	93.941	68.55	2,421.8	1.3	-0.59	-0.01	0.15	0.16
MIMA	12273M001	2020-07-08 19:00:00.0	52.18131	21.55925	200.715	170.124	2,392.2	0.9	-1.74	-0.02	0.11	0.11
MIMA	12273M001	2020-07-08 19:30:00.0	52.18131	21.55925	200.715	170.124	2,392.2	1	-1.91	0.31	0.14	0.13
MIMA	12273M001	2020-07-08 20:00:00.0	52.18131	21.55925	200.723	170.132	2,396.4	1.1	-1.67	-0.07	0.15	0.15
MIMA	12273M001	2020-07-08 20:30:00.0	52.18131	21.55925	200.723	170.132	2,399.1	1	-1.74	-0.01	0.14	0.15
MIMA	12273M001	2020-07-08 21:00:00.0	52.18131	21.55925	200.721	170.13	2,396	1.1	-1.78	-0.12	0.15	0.16
MIMA	12273M001	2020-07-08 21:30:00.0	52.18131	21.55925	200.721	170.13	2,392.5	1.1	-1.09	0.8	0.19	0.18
MIMA	12273M001	2020-07-08 22:00:00.0	52.18131	21.55925	200.719	170.128	2,395.5	1	-1.43	-0.03	0.15	0.11
MIMA	12273M001	2020-07-08 22:30:00.0	52.18131	21.55925	200.719	170.128	2,396.9	1	-1.02	-0.1	0.16	0.12
MIMA	12273M001	2020-07-08 23:00:00.0	52.18131	21.55925	200.729	170.138	2,393	1	-1.54	0.06	0.17	0.13
MIMA	12273M001	2020-07-08 23:30:00.0	52.18131	21.55925	200.729	170.138	2,392.1	1.2	-2.17	0.12	0.21	0.17
MLCN	12274M001	2020-07-08 19:00:00.0	50.06589	21.97169	271.995	236.826	2,430	1.1	-1.14	-0.03	0.13	0.14
MLCN	12274M001	2020-07-08 19:30:00.0	50.06589	21.97169	271.995	236.826	2,430.4	1.4	-1.31	-0.55	0.15	0.22
MLCN	12274M001	2020-07-08 20:00:00.0	50.06589	21.97169	271.993	236.824	2,431.8	1.1	-1.27	-0.06	0.14	0.14
MLCN	12274M001	2020-07-08 20:30:00.0	50.06589	21.97169	271.993	236.824	2,435.5	1.1	-1.35	-0.53	0.14	0.17
MLCN	12274M001	2020-07-08 21:00:00.0	50.06589	21.97169	272	236.831	2,432.5	1.2	-1.68	-0.33	0.14	0.15
MLCN	12274M001	2020-07-08 21:30:00.0	50.06589	21.97169	272	236.831	2,438.6	1.3	-1.25	-0.55	0.2	0.18
MLCN	12274M001	2020-07-08 22:00:00.0	50.06589	21.97169	271.997	236.828	2,436.7	1.2	-1.31	0.17	0.18	0.17
MLCN	12274M001	2020-07-08 22:30:00.0	50.06589	21.97169	271.997	236.828	2,434.9	1.5	-1.5	0.17	0.18	0.22
MLCN	12274M001	2020-07-08 23:00:00.0	50.06589	21.97169	271.991	236.822	2,432.5	1.2	-2.73	0.69	0.18	0.18
MLCN	12274M001	2020-07-08 23:30:00.0	50.06589	21.97169	271.991	236.822	2,428.9	1.3	-2.67	1.08	0.15	0.19
MSZA	NDNT-MSZA	2020-07-08 19:00:00.0	49.67928	20.07031	440.909	400.335	2,393.5	1.1	-1.24	-0.14	0.12	0.12
MSZA	NDNT-MSZA	2020-07-08 19:30:00.0	49.67928	20.07031	440.909	400.335	2,397.4	1.2	-1.1	0.04	0.19	0.13
MSZA	NDNT-MSZA	2020-07-08 20:00:00.0	49.67928	20.07031	440.907	400.333	2,400.5	1	-0.72	-0.41	0.14	0.13
MSZA	NDNT-MSZA	2020-07-08 20:30:00.0	49.67928	20.07031	440.907	400.333	2,399.3	1	-0.93	-0.78	0.13	0.14
MSZA	NDNT-MSZA	2020-07-08 21:00:00.0	49.67928	20.07031	440.91	400.336	2,401.4	1.3	-1.62	-1.26	0.17	0.17
MSZA	NDNT-MSZA	2020-07-08 21:30:00.0	49.67928	20.07031	440.91	400.336	2,398.9	1.4	-1.71	-0.43	0.21	0.18
MSZA	NDNT-MSZA	2020-07-08 22:00:00.0	49.67928	20.07031	440.915	400.341	2,399.2	1.1	-1.46	0.3	0.14	0.13
MSZA	NDNT-MSZA	2020-07-08 22:30:00.0	49.67928	20.07031	440.915	400.341	2,399.6	1.2	-1.7	0.19	0.2	0.15
MSZA	NDNT-MSZA	2020-07-08 23:00:00.0	49.67928	20.07031	440.908	400.334	2,396.3	1.1	-2.9	0.27	0.19	0.13
MSZA	NDNT-MSZA	2020-07-08 23:30:00.0	49.67928	20.07031	440.908	400.334	2,395.2	1.2	-3.62	0.44	0.26	0.17
MYSZ	12275M001	2020-07-08 19:00:00.0	53.38653	21.34358	169.311	139.446	2,390.1	0.9	0.14	0.94	0.13	0.11
MYSZ	12275M001	2020-07-08 19:30:00.0	53.38653	21.34358	169.311	139.446	2,390.1	1	0.59	0.11	0.13	0.12
MYSZ	12275M001	2020-07-08 20:00:00.0	53.38653	21.34358	169.318	139.453	2,390.8	1	-0.02	-1.18	0.13	0.13
MYSZ	12275M001	2020-07-08 20:30:00.0	53.38653	21.34358	169.318	139.453	2,389	1	-0.04	-0.14	0.12	0.13
MYSZ	12275M001	2020-07-08 21:00:00.0	53.38653	21.34358	169.311	139.446	2,390.8	1.1	0.05	0.06	0.16	0.17
MYSZ	12275M001	2020-07-08 21:30:00.0	53.38653	21.34358	169.311	139.446	2,386	1.2	-0.44	-0.58	0.19	0.19
MYSZ	12275M001	2020-07-08 22:00:00.0	53.38653	21.34358	169.315	139.45	2,385.9	1	-1.07	-0.1	0.14	0.11
MYSZ	12275M001	2020-07-08 22:30:00.0	53.38653	21.34358	169.315	139.45	2,386.2	1.1	-1.15	-0.36	0.13	0.13
MYSZ	12275M001	2020-07-08 23:00:00.0	53.38653	21.34358	169.323	139.458	2,384.4	1	-1.02	0.75	0.14	0.12
MYSZ	12275M001	2020-07-08 23:30:00.0	53.38653	21.34358	169.323	139.458	2,377.1	1.1	-0.97	0.53	0.15	0.14
NODW	12276M001	2020-07-08 19:00:00.0	52.43108	20.71058	125.696	94.459	2,408	0.9	-1.07	-0.14	0.11	0.11
NODW	12276M001	2020-07-08 19:30:00.0	52.43108	20.71058	125.696	94.459	2,406.2	1	-1.42	0.34	0.13	0.14
NODW	12276M001	2020-07-08 20:00:00.0	52.43108	20.71058	125.698	94.461	2,405.5	1.1	-1.85	-0.18	0.15	0.14
NODW	12276M001	2020-07-08 20:30:00.0	52.43108	20.71058	125.698	94.461	2,408.9	1.1	-1.95	0.08	0.14	0.16
NODW	12276M001	2020-07-08 21:00:00.0	52.43108	20.71058	125.698	94.461	2,404.7	1	-1.87	0.51	0.12	0.13
NODW	12276M001	2020-07-08 21:30:00.0	52.43108	20.71058	125.698	94.461	2,404.2	1	-1.74	0.41	0.16	0.14
NODW	12276M001	2020-07-08 22:00:00.0	52.43108	20.71058	125.696	94.459	2,404.9	0.9	-1.52	0.38	0.15	0.11
NODW	12276M001	2020-07-08 22:30:00.0	52.43108	20.71058	125.696	94.459	2,406.2	0.9	-1.32	0.14	0.13	0.12
NODW	12276M001	2020-07-08 23:00:00.0	52.43108	20.71058	125.695	94.458	2,407.9	0.8	-0.93	-0.17	0.14	0.1
NODW	12276M001	2020-07-08 23:30:00.0	52.43108	20.71058	125.695	94.458	2,408.1	0.9	-0.96	0.14	0.15	0.12
NTML	12277M001	2020-07-08 19:00:00.0	52.32081	16.11803	126.616	89.809	2,412.3	0.9	-0.96	0.04	0.13	0.12
NTML	12277M001	2020-07-08 19:30:00.0	52.32081	16.11803	126.616	89.809	2,412.7	0.9	-0.47	-0.2	0.14	0.12
NTML	12277M001	2020-07-08 20:00:00.0	52.32081	16.11803	126.621	89.814	2,410.8	1.1	-0.5	0.18	0.15	0.14
NTML	12277M001	2020-07-08 20:30:00.0	52.32081	16.11803	126.621	89.814	2,410.5	1.3	-0.84	-0.1	0.16	0.17
NTML	12277M001	2020-07-08 21:00:00.0	52.32081	16.11803	126.614	89.807	2,404.3	1.1	-0.99	0.16	0.15	0.17
NTML	12277M001	2020-07-08 21:30:00.0	52.32081	16.11803	126.614	89.807	2,403.7	1.2	-1.35	-0.28	0.19	0.17
NTML	12277M001	2020-07-08 22:00:00.0	52.32081	16.11803	126.615	89.808	2,401.1	1	-1.14	-0.52	0.13	0.11
NTML	12277M001	2020-07-08 22:30:00.0	52.32081	16.11803	126.615	89.808	2,406.6	1.1	-1.35	-0.55	0.14	0.14
NTML	12277M001	2020-07-08 23:00:00.0	52.32081	16.11803	126.633	89.826	2,407.1	1.2	-1.29	-1.08	0.18	0.14
NTML	12277M001	2020-07-08 23:30:00.0	52.32081	16.11803	126.633	89.826	2,409.9	1.4	-1.18	-0.77	0.2	0.18
NWSA	NDNT-NWSA	2020-07-08 19:00:00.0	49.63017	20.70711	338.712	299.652	2,418.7	0.9	-0.94	-0.41	0.11	0.11
NWSA	NDNT-NWSA	2020-07-08 19:30:00.0	49.63017	20.70711	338.712	299.652	2,420.9	1	-0.88	-0.23	0.15	0.11
NWSA	NDNT-NWSA	2020-07-08 20:00:00.0	49.63017	20.70711	338.709	299.649	2,428.5	1	-0.45	-1.2	0.14	0.14
NWSA	NDNT-NWSA	2020-07-08 20:30:00.0	49.63017	20.70711	338.709	299.649	2,425.7	1	-0.61	-0.39	0.14	0.15
NWSA	NDNT-NWSA	2020-07-08 21:00:00.0	49.63017	20.70711	338.706	299.646	2,425	1.2	-0.91	-0.24	0.16	0.15
NWSA	NDNT-NWSA	2020-07-08 21:30:00.0	49.63017	20.70711	338.706	299.646	2,427.6	1.2	-1.17	-0.68	0.2	0.17
NWSA	NDNT-NWSA	2020-07-08 22:00:00.0	49.63017	20.70711	338.71	299.65	2,426.1	1	-0.7	-0.7	0.14	0.12
NWSA	NDNT-NWSA	2020-07-08 22:30:00.0	49.63017	20.70711	338.71	299.65	2,430.3	1.1	-0.25	-0.78	0.18	0.14
NWSA	NDNT-NWSA	2020-07-08 23:00:00.0	49.63017	20.70711	338.699	299.639	2,433.4	1	-2.28	-0.11	0.17	0.13
NWSA	NDNT-NWSA	2020-07-08 23:30:00.0	49.63017	20.70711	338.699	299.639	2,433	1.3	-2.4	-0.4	0.24	0.17
NWSC	12231M001	2020-07-08 19:00:00.0	49.61844	20.69003	334.752	295.599	2,417.9	1	-0.87	0.22	0.12	0.11
NWSC	12231M001	2020-07-08 19:30:00.0	49.61844	20.69003	334.752	295.599	2,423.7	1.2	-1.15	-0.22	0.22	0.12
NWSC	12231M001	2020-07-08 20:00:00.0	49.61844	20.69003	334.751	295.598	2,422.6	1.1	-0.95	-0.3	0.16	0.14
NWSC	12231M001	2020-07-08 20:30:00.0	49.61844	20.69003	334.751	295.598	2,431.1	1.1	-0.06	-0.03	0.16	0.15
NWSC	12231M001	2020-07-08 21:00:00.0	49.61844	20.69003	334.758	295.605	2,426.4	1.2	-0.08	0.14	0.19	0.17
NWSC	12231M001	2020-07-08 21:30:00.0	49.61844	20.69003	334.758	295.605	2,426.4	1.3	-0.14	-0.38	0.23	0.17
NWSC	12231M001	2020-07-08 22:00:00.0	49.61844	20.69003	334.753	295.6	2,427.5	1.1	-0.35	-0.27	0.16	0.12
NWSC	12231M001	2020-07-08 22:30:00.0	49.61844	20.69003	334.753	295.6	2,431.2	1.3	-1.3	0.3	0.23	0.14
NWSC	12231M001	2020-07-08 23:00:00.0	49.61844	20.69003	334.749	295.596	2,431.7	1.1	-1.72	-1.07	0.19	0.15
NWSC	12231M001	2020-07-08 23:30:00.0	49.61844	20.69003	334.749	295.596	2,434.4	1.3	-2.04	-0.54	0.28	0.19
NWT1	12232M002	2020-07-08 19:00:00.0	49.47819	20.03444	654.917	613.661	2,321.8	1	-0.64	-0.77	0.11	0.11
NWT1	12232M002	2020-07-08 19:30:00.0	49.47819	20.03444	654.917	613.661	2,319.2	1.1	-0.66	-0.55	0.15	0.14
NWT1	12232M002	2020-07-08 20:00:00.0	49.47819	20.03444	654.923	613.667	2,329.1	1.1	-1.2	-0.97	0.16	0.16
NWT1	12232M002	2020-07-08 20:30:00.0	49.47819	20.03444	654.923	613.667	2,329.2	1	-0.7	-1.04	0.14	0.15
NWT1	12232M002	2020-07-08 21:00:00.0	49.47819	20.03444	654.915	613.659	2,327.9	1.3	-1.14	-0.43	0.15	0.16
NWT1	12232M002	2020-07-08 21:30:00.0	49.47819	20.03444	654.915	613.659	2,333.7	1.4	-0.98	-1	0.21	0.19
NWT1	12232M002	2020-07-08 22:00:00.0	49.47819	20.03444	654.916	613.66	2,333.9	1	-0.45	-0.4	0.16	0.11
NWT1	12232M002	2020-07-08 22:30:00.0	49.47819	20.03444	654.916	613.66	2,342.4	1.1	-0.58	0.26	0.17	0.13
NWT1	12232M002	2020-07-08 23:00:00.0	49.47819	20.03444	654.932	613.676	2,337.8	1.1	-2.41	-0.59	0.17	0.14
NWT1	12232M002	2020-07-08 23:30:00.0	49.47819	20.03444	654.932	613.676	2,332.5	1.2	-2.98	-0.58	0.16	0.16
NYSA	12278M001	2020-07-08 19:00:00.0	50.47769	17.33375	250.615	208.685	2,426	1.1	-2.98	0.4	0.12	0.13
NYSA	12278M001	2020-07-08 19:30:00.0	50.47769	17.33375	250.615	208.685	2,419.9	1.2	-3.51	0.45	0.15	0.13
NYSA	12278M001	2020-07-08 20:00:00.0	50.47769	17.33375	250.607	208.677	2,414.2	1.1	-3.62	-0.05	0.14	0.13
NYSA	12278M001	2020-07-08 20:30:00.0	50.47769	17.33375	250.607	208.677	2,408.3	1.1	-3.64	0.01	0.14	0.15
NYSA	12278M001	2020-07-08 21:00:00.0	50.47769	17.33375	250.605	208.675	2,401.3	1.4	-3.15	0.36	0.17	0.18
NYSA	12278M001	2020-07-08 21:30:00.0	50.47769	17.33375	250.605	208.675	2,398	1.5	-2.69	0.1	0.22	0.2
NYSA	12278M001	2020-07-08 22:00:00.0	50.47769	17.33375	250.609	208.679	2,392.7	1.1	-1.44	-0.53	0.15	0.13
NYSA	12278M001	2020-07-08 22:30:00.0	50.47769	17.33375	250.609	208.679	2,393.8	1.2	-1.16	-0.7	0.16	0.16
NYSA	12278M001	2020-07-08 23:00:00.0	50.47769	17.33375	250.603	208.673	2,394.2	1.1	-1.28	-0.36	0.16	0.12
NYSA	12278M001	2020-07-08 23:30:00.0	50.47769	17.33375	250.603	208.673	2,394.4	1.3	-1.6	-0.13	0.17	0.16
NYSN	NDNT-NYSN	2020-07-08 19:00:00.0	50.45656	17.34097	241.571	199.569	2,435.1	1.1	-2.23	0.54	0.13	0.14
NYSN	NDNT-NYSN	2020-07-08 19:30:00.0	50.45656	17.34097	241.571	199.569	2,426.7	1.2	-2.99	0.38	0.17	0.16
NYSN	NDNT-NYSN	2020-07-08 20:00:00.0	50.45656	17.34097	241.561	199.559	2,422.5	1.2	-3.17	0.46	0.17	0.17
NYSN	NDNT-NYSN	2020-07-08 20:30:00.0	50.45656	17.34097	241.561	199.559	2,417.6	1.1	-3.11	0.01	0.15	0.16
NYSN	NDNT-NYSN	2020-07-08 21:00:00.0	50.45656	17.34097	241.559	199.557	2,404.6	1.5	-2.41	-0.44	0.19	0.19
NYSN	NDNT-NYSN	2020-07-08 21:30:00.0	50.45656	17.34097	241.559	199.557	2,409.5	1.5	-1.85	-0.23	0.23	0.21
NYSN	NDNT-NYSN	2020-07-08 22:00:00.0	50.45656	17.34097	241.568	199.566	2,399.4	1.3	-0.65	-0.79	0.2	0.17
NYSN	NDNT-NYSN	2020-07-08 22:30:00.0	50.45656	17.34097	241.568	199.566	2,399.3	1.4	-0.73	-0.55	0.26	0.18
NYSN	NDNT-NYSN	2020-07-08 23:00:00.0	50.45656	17.34097	241.562	199.56	2,405	1.2	-0.82	-0.33	0.23	0.16
NYSN	NDNT-NYSN	2020-07-08 23:30:00.0	50.45656	17.34097	241.562	199.56	2,403.7	1.4	-1.24	-0.51	0.25	0.21
OPLE	12283M001	2020-07-08 19:00:00.0	50.66761	17.91936	225.915	185.464	2,424.6	1.1	-2.84	0.06	0.13	0.13
OPLE	12283M001	2020-07-08 19:30:00.0	50.66761	17.91936	225.915	185.464	2,421.5	1.1	-3.21	0.49	0.16	0.12
OPLE	12283M001	2020-07-08 20:00:00.0	50.66761	17.91936	225.905	185.454	2,417.5	1.2	-2.97	-0.64	0.17	0.16
OPLE	12283M001	2020-07-08 20:30:00.0	50.66761	17.91936	225.905	185.454	2,416.5	1.3	-1.84	-0.3	0.19	0.19
OPLE	12283M001	2020-07-08 21:00:00.0	50.66761	17.91936	225.907	185.456	2,408.2	1.4	-1.94	0.53	0.17	0.18
OPLE	12283M001	2020-07-08 21:30:00.0	50.66761	17.91936	225.907	185.456	2,402.5	1.5	-2.21	0.26	0.22	0.19
OPLE	12283M001	2020-07-08 22:00:00.0	50.66761	17.91936	225.907	185.456	2,397.2	1.1	-1.4	0	0.15	0.13
OPLE	12283M001	2020-07-08 22:30:00.0	50.66761	17.91936	225.907	185.456	2,398	1.2	-1.53	-0.29	0.18	0.16
OPLE	12283M001	2020-07-08 23:00:00.0	50.66761	17.91936	225.905	185.454	2,395.5	1	-1.73	-0.99	0.17	0.12
OPLE	12283M001	2020-07-08 23:30:00.0	50.66761	17.91936	225.905	185.454	2,396.7	1.2	-1.36	-1.12	0.17	0.16
OPNT	12203M003	2020-07-08 19:00:00.0	53.76369	20.51817	171.849	142.08	2,385.4	1	-0.97	0	0.16	0.17
OPNT	12203M003	2020-07-08 19:30:00.0	53.76369	20.51817	171.849	142.08	2,384.3	1.2	-0.7	-1.05	0.17	0.27
OPNT	12203M003	2020-07-08 20:00:00.0	53.76369	20.51817	171.849	142.08	2,376.7	1.2	-1.06	-0.34	0.18	0.2
OPNT	12203M003	2020-07-08 20:30:00.0	53.76369	20.51817	171.849	142.08	2,375	1.2	-1.32	-0.34	0.15	0.18
OPNT	12203M003	2020-07-08 21:00:00.0	53.76369	20.51817	171.845	142.076	2,372.9	1	-1.35	-0.04	0.14	0.17
OPNT	12203M003	2020-07-08 21:30:00.0	53.76369	20.51817	171.845	142.076	2,375.5	1.1	-1.07	0.19	0.2	0.2
OPNT	12203M003	2020-07-08 22:00:00.0	53.76369	20.51817	171.84	142.071	2,370	1.5	-1.33	0.25	0.27	0.22
OPNT	12203M003	2020-07-08 22:30:00.0	53.76369	20.51817	171.84	142.071	2,371.6	1.9	-0.97	0.15	0.37	0.26
OPNT	12203M003	2020-07-08 23:00:00.0	53.76369	20.51817	171.843	142.074	2,374.6	1.3	-0.49	0.28	0.24	0.19
OPNT	12203M003	2020-07-08 23:30:00.0	53.76369	20.51817	171.843	142.074	2,375.6	1.4	-0.12	0.43	0.2	0.21
OSMZ	12285M001	2020-07-08 19:00:00.0	52.80078	21.89169	166.3	137.105	2,393.7	1.1	0.69	0.21	0.16	0.14
OSMZ	12285M001	2020-07-08 19:30:00.0	52.80078	21.89169	166.3	137.105	2,387.5	1.2	-0.22	0.22	0.17	0.17
OSMZ	12285M001	2020-07-08 20:00:00.0	52.80078	21.89169	166.284	137.089	2,400.7	1.3	0.23	1.13	0.18	0.17
OSMZ	12285M001	2020-07-08 20:30:00.0	52.80078	21.89169	166.284	137.089	2,394.4	1.2	0.33	2.22	0.17	0.18
OSMZ	12285M001	2020-07-08 21:00:00.0	52.80078	21.89169	166.283	137.088	2,398.6	1.1	-0.52	2.14	0.16	0.18
OSMZ	12285M001	2020-07-08 21:30:00.0	52.80078	21.89169	166.283	137.088	2,410.5	1.2	0.3	1.76	0.21	0.21
OSMZ	12285M001	2020-07-08 22:00:00.0	52.80078	21.89169	166.288	137.093	2,399.9	1.2	0.73	-0.67	0.17	0.14
OSMZ	12285M001	2020-07-08 22:30:00.0	52.80078	21.89169	166.288	137.093	2,399.7	1.2	0.17	-0.26	0.15	0.15
OSMZ	12285M001	2020-07-08 23:00:00.0	52.80078	21.89169	166.307	137.112	2,393.2	1.2	0.27	-0.75	0.2	0.16
OSMZ	12285M001	2020-07-08 23:30:00.0	52.80078	21.89169	166.307	137.112	2,394.3	1.4	-0.19	-0.63	0.2	0.21
OST3	NDNT-OSTR	2020-07-08 19:00:00.0	50.94231	21.38969	237.659	202.369	2,428.9	1	-1.72	-0.84	0.11	0.11
OST3	NDNT-OSTR	2020-07-08 19:30:00.0	50.94231	21.38969	237.659	202.369	2,432.1	1.1	-1.25	-0.3	0.15	0.12
OST3	NDNT-OSTR	2020-07-08 20:00:00.0	50.94231	21.38969	237.657	202.367	2,432.1	1.1	-1.64	0.26	0.14	0.13
OST3	NDNT-OSTR	2020-07-08 20:30:00.0	50.94231	21.38969	237.657	202.367	2,429.6	1	-2.43	-0.18	0.14	0.15
OST3	NDNT-OSTR	2020-07-08 21:00:00.0	50.94231	21.38969	237.662	202.372	2,417.9	1.1	-1.17	0.07	0.14	0.15
OST3	NDNT-OSTR	2020-07-08 21:30:00.0	50.94231	21.38969	237.662	202.372	2,416	1.2	-1.02	-0.04	0.19	0.16
OST3	NDNT-OSTR	2020-07-08 22:00:00.0	50.94231	21.38969	237.654	202.364	2,411.8	1	-0.68	-0.16	0.13	0.11
OST3	NDNT-OSTR	2020-07-08 22:30:00.0	50.94231	21.38969	237.654	202.364	2,410.9	1	-0.61	-0.13	0.15	0.13
OST3	NDNT-OSTR	2020-07-08 23:00:00.0	50.94231	21.38969	237.652	202.362	2,406.5	1	-0.79	-0.81	0.16	0.13
OST3	NDNT-OSTR	2020-07-08 23:30:00.0	50.94231	21.38969	237.652	202.362	2,415.5	1.1	-1.08	-0.75	0.16	0.15
PAJE	NDNT-PAJE	2020-07-08 19:00:00.0	51.14675	19.00064	287.453	250.111	2,399.4	1	-1.14	0.01	0.12	0.12
PAJE	NDNT-PAJE	2020-07-08 19:30:00.0	51.14675	19.00064	287.453	250.111	2,398.6	1.1	-1.2	0.32	0.17	0.13
PAJE	NDNT-PAJE	2020-07-08 20:00:00.0	51.14675	19.00064	287.452	250.11	2,398.5	1.1	-1.15	0.29	0.17	0.16
PAJE	NDNT-PAJE	2020-07-08 20:30:00.0	51.14675	19.00064	287.452	250.11	2,395.1	1	-0.63	0.79	0.14	0.15
PAJE	NDNT-PAJE	2020-07-08 21:00:00.0	51.14675	19.00064	287.453	250.111	2,387.4	1.4	-1.58	-0.26	0.18	0.18
PAJE	NDNT-PAJE	2020-07-08 21:30:00.0	51.14675	19.00064	287.453	250.111	2,392.5	1.5	-1.61	0	0.23	0.22
PAJE	NDNT-PAJE	2020-07-08 22:00:00.0	51.14675	19.00064	287.448	250.106	2,382.1	1.2	-0.32	-0.56	0.18	0.18
PAJE	NDNT-PAJE	2020-07-08 22:30:00.0	51.14675	19.00064	287.448	250.106	2,380.1	1.3	-0.38	-0.34	0.26	0.17
PAJE	NDNT-PAJE	2020-07-08 23:00:00.0	51.14675	19.00064	287.439	250.097	2,373.2	1	-0.71	0.41	0.18	0.12
PAJE	NDNT-PAJE	2020-07-08 23:30:00.0	51.14675	19.00064	287.439	250.097	2,373.1	1.2	-0.77	0.1	0.17	0.16
PES1	MUSE-PES1	2020-07-08 19:00:00.0	50.2915	18.99467	362.295	321.122	2,438.4	2.2	1.59	0.15	0.47	0.37
PES1	MUSE-PES1	2020-07-08 19:30:00.0	50.2915	18.99467	362.295	321.122	2,439.3	2.7	1.6	0.12	0.54	0.44
PES1	MUSE-PES1	2020-07-08 20:00:00.0	50.2915	18.99467	362.304	321.131	2,442.4	2.9	-0.45	-0.05	0.58	0.47
PES1	MUSE-PES1	2020-07-08 20:30:00.0	50.2915	18.99467	362.304	321.131	2,438.2	3.1	-0.12	-0.1	0.63	0.52
PES1	MUSE-PES1	2020-07-08 21:00:00.0	50.2915	18.99467	362.312	321.139	2,408.8	3.1	-2.01	-0.34	0.65	0.51
PES1	MUSE-PES1	2020-07-08 21:30:00.0	50.2915	18.99467	362.312	321.139	2,394.9	3.2	-1.52	-0.49	0.68	0.53
PES1	MUSE-PES1	2020-07-08 22:00:00.0	50.2915	18.99467	362.339	321.166	2,375.9	3.1	-4.85	-1.25	0.69	0.43
PES1	MUSE-PES1	2020-07-08 22:30:00.0	50.2915	18.99467	362.339	321.166	2,371.6	3.1	-4.85	-1.91	0.73	0.46
PES1	MUSE-PES1	2020-07-08 23:00:00.0	50.2915	18.99467	362.3	321.127	2,384.3	3.1	0.4	-2.54	0.66	0.4
PES1	MUSE-PES1	2020-07-08 23:30:00.0	50.2915	18.99467	362.3	321.127	2,391.1	3.4	0.03	-2.55	0.7	0.46
PITR	12287M001	2020-07-08 19:00:00.0	51.40167	19.69094	254.757	219.73	2,397.5	0.9	-1.09	0.13	0.13	0.11
PITR	12287M001	2020-07-08 19:30:00.0	51.40167	19.69094	254.757	219.73	2,399.7	1	-0.44	-0.34	0.14	0.13
PITR	12287M001	2020-07-08 20:00:00.0	51.40167	19.69094	254.761	219.734	2,397	1.1	-1.77	-0.49	0.15	0.14
PITR	12287M001	2020-07-08 20:30:00.0	51.40167	19.69094	254.761	219.734	2,397.9	1	-1.33	-0.54	0.15	0.15
PITR	12287M001	2020-07-08 21:00:00.0	51.40167	19.69094	254.761	219.734	2,386	1.2	-1.9	0.05	0.17	0.17
PITR	12287M001	2020-07-08 21:30:00.0	51.40167	19.69094	254.761	219.734	2,387.4	1.2	-1.14	-0.59	0.21	0.18
PITR	12287M001	2020-07-08 22:00:00.0	51.40167	19.69094	254.758	219.731	2,382.9	1	-1.73	0.41	0.15	0.12
PITR	12287M001	2020-07-08 22:30:00.0	51.40167	19.69094	254.758	219.731	2,383.6	1.2	-1.2	0.17	0.17	0.17
PITR	12287M001	2020-07-08 23:00:00.0	51.40167	19.69094	254.761	219.734	2,386.2	1	-1.65	-0.05	0.19	0.14
PITR	12287M001	2020-07-08 23:30:00.0	51.40167	19.69094	254.761	219.734	2,383.4	1.2	-1.74	0.01	0.23	0.16
POLV	12336M001	2020-07-08 19:00:00.0	49.60261	34.54294	178.414	160.147	2,410.9	1	-0.59	1.72	0.11	0.12
POLV	12336M001	2020-07-08 19:30:00.0	49.60261	34.54294	178.414	160.147	2,398.1	1.3	-0.63	1.09	0.17	0.19
POLV	12336M001	2020-07-08 20:00:00.0	49.60261	34.54294	178.411	160.144	2,390.3	1.4	-0.11	0.97	0.18	0.2
POLV	12336M001	2020-07-08 20:30:00.0	49.60261	34.54294	178.411	160.144	2,399.7	1.4	-0.3	1.3	0.17	0.22
POLV	12336M001	2020-07-08 21:00:00.0	49.60261	34.54294	178.406	160.139	2,393.4	1.1	-0.12	-0.55	0.15	0.17
POLV	12336M001	2020-07-08 21:30:00.0	49.60261	34.54294	178.406	160.139	2,403.5	1.2	1.07	-0.37	0.2	0.19
POLV	12336M001	2020-07-08 22:00:00.0	49.60261	34.54294	178.41	160.143	2,395.2	1.2	-0.02	0.03	0.15	0.13
POLV	12336M001	2020-07-08 22:30:00.0	49.60261	34.54294	178.41	160.143	2,397.5	1.3	-0.3	0.77	0.16	0.16
POLV	12336M001	2020-07-08 23:00:00.0	49.60261	34.54294	178.402	160.135	2,384.7	1.3	-0.36	1.81	0.18	0.19
POLV	12336M001	2020-07-08 23:30:00.0	49.60261	34.54294	178.402	160.135	2,388.8	1.3	-0.45	1.69	0.18	0.2
POZN	12206M001	2020-07-08 19:00:00.0	52.43006	16.93494	171.552	136.749	2,402.3	0.9	-0.39	-0.1	0.11	0.11
POZN	12206M001	2020-07-08 19:30:00.0	52.43006	16.93494	171.552	136.749	2,397.3	0.9	-0.92	0.16	0.14	0.12
POZN	12206M001	2020-07-08 20:00:00.0	52.43006	16.93494	171.555	136.752	2,394.6	1.1	-0.88	0.01	0.15	0.14
POZN	12206M001	2020-07-08 20:30:00.0	52.43006	16.93494	171.555	136.752	2,395.6	1.2	-0.66	-0.17	0.15	0.15
POZN	12206M001	2020-07-08 21:00:00.0	52.43006	16.93494	171.547	136.744	2,394.8	1.1	-0.99	-0.29	0.15	0.17
POZN	12206M001	2020-07-08 21:30:00.0	52.43006	16.93494	171.547	136.744	2,394.4	1.2	-1.4	-0.14	0.19	0.18
POZN	12206M001	2020-07-08 22:00:00.0	52.43006	16.93494	171.546	136.743	2,394.9	1	-1.59	0.18	0.14	0.12
POZN	12206M001	2020-07-08 22:30:00.0	52.43006	16.93494	171.546	136.743	2,389.5	1.1	-1.78	0.1	0.16	0.15
POZN	12206M001	2020-07-08 23:00:00.0	52.43006	16.93494	171.558	136.755	2,384.3	1.1	-1.61	-0.07	0.17	0.12
POZN	12206M001	2020-07-08 23:30:00.0	52.43006	16.93494	171.558	136.755	2,381.6	1.3	-0.9	-0.36	0.19	0.16
PPIL	12286M001	2020-07-08 19:00:00.0	53.15697	16.73828	121.736	88.19	2,394.8	0.9	-0.88	0	0.11	0.12
PPIL	12286M001	2020-07-08 19:30:00.0	53.15697	16.73828	121.736	88.19	2,395.9	0.9	-0.41	-0.45	0.14	0.11
PPIL	12286M001	2020-07-08 20:00:00.0	53.15697	16.73828	121.741	88.195	2,399.1	0.9	-0.94	-0.23	0.12	0.11
PPIL	12286M001	2020-07-08 20:30:00.0	53.15697	16.73828	121.741	88.195	2,396.5	1	-0.7	0.06	0.11	0.12
PPIL	12286M001	2020-07-08 21:00:00.0	53.15697	16.73828	121.737	88.191	2,392.8	0.8	-0.67	-0.29	0.1	0.12
PPIL	12286M001	2020-07-08 21:30:00.0	53.15697	16.73828	121.737	88.191	2,393.3	0.8	-0.58	-0.29	0.13	0.11
PPIL	12286M001	2020-07-08 22:00:00.0	53.15697	16.73828	121.734	88.188	2,397.2	0.9	-0.97	-0.25	0.11	0.09
PPIL	12286M001	2020-07-08 22:30:00.0	53.15697	16.73828	121.734	88.188	2,396.8	0.9	-0.7	-0.09	0.11	0.11
PPIL	12286M001	2020-07-08 23:00:00.0	53.15697	16.73828	121.745	88.199	2,396.8	0.9	-0.43	-0.25	0.14	0.1
PPIL	12286M001	2020-07-08 23:30:00.0	53.15697	16.73828	121.745	88.199	2,398.9	1.1	-0.74	-0.36	0.16	0.13
PROS	12233M001	2020-07-08 19:00:00.0	50.19175	20.2885	279.919	241.119	2,438.3	0.9	-1.32	-0.16	0.1	0.1
PROS	12233M001	2020-07-08 19:30:00.0	50.19175	20.2885	279.919	241.119	2,436.2	1	-1.63	-0.13	0.14	0.11
PROS	12233M001	2020-07-08 20:00:00.0	50.19175	20.2885	279.92	241.12	2,440.4	1.1	-1.43	-0.38	0.15	0.14
PROS	12233M001	2020-07-08 20:30:00.0	50.19175	20.2885	279.92	241.12	2,437.7	1	-1.69	-0.55	0.14	0.15
PROS	12233M001	2020-07-08 21:00:00.0	50.19175	20.2885	279.927	241.127	2,436.3	1.2	-2.79	-0.64	0.14	0.15
PROS	12233M001	2020-07-08 21:30:00.0	50.19175	20.2885	279.927	241.127	2,433.4	1.2	-3.54	-0.44	0.2	0.17
PROS	12233M001	2020-07-08 22:00:00.0	50.19175	20.2885	279.926	241.126	2,418.3	1	-4.04	0.68	0.14	0.11
PROS	12233M001	2020-07-08 22:30:00.0	50.19175	20.2885	279.926	241.126	2,413.8	1.1	-4.51	0.61	0.17	0.13
PROS	12233M001	2020-07-08 23:00:00.0	50.19175	20.2885	279.911	241.111	2,403.9	1.1	-3.01	0.3	0.18	0.14
PROS	12233M001	2020-07-08 23:30:00.0	50.19175	20.2885	279.911	241.111	2,396	1.4	-2.57	0.62	0.2	0.19
RACI	NDNT-RACI	2020-07-08 19:00:00.0	50.07761	18.21494	242.637	200.435	2,454.6	1.1	-1.2	0.23	0.11	0.12
RACI	NDNT-RACI	2020-07-08 19:30:00.0	50.07761	18.21494	242.637	200.435	2,451.5	1.2	-1.53	0.36	0.16	0.13
RACI	NDNT-RACI	2020-07-08 20:00:00.0	50.07761	18.21494	242.638	200.436	2,445.8	1.1	-2.11	0.32	0.14	0.13
RACI	NDNT-RACI	2020-07-08 20:30:00.0	50.07761	18.21494	242.638	200.436	2,440.7	1.1	-2.48	0.34	0.17	0.16
RACI	NDNT-RACI	2020-07-08 21:00:00.0	50.07761	18.21494	242.642	200.44	2,427.5	1.5	-3.64	-0.64	0.2	0.19
RACI	NDNT-RACI	2020-07-08 21:30:00.0	50.07761	18.21494	242.642	200.44	2,424.6	1.5	-3.83	-0.66	0.24	0.21
RACI	NDNT-RACI	2020-07-08 22:00:00.0	50.07761	18.21494	242.653	200.451	2,415.2	1.2	-3.92	0.26	0.16	0.14
RACI	NDNT-RACI	2020-07-08 22:30:00.0	50.07761	18.21494	242.653	200.451	2,414.1	1.3	-3.17	0.33	0.2	0.17
RACI	NDNT-RACI	2020-07-08 23:00:00.0	50.07761	18.21494	242.644	200.442	2,403.8	1.2	-3	-0.82	0.19	0.14
RACI	NDNT-RACI	2020-07-08 23:30:00.0	50.07761	18.21494	242.644	200.442	2,403.2	1.5	-2.44	-0.45	0.23	0.21
REDZ	12227M001	2020-07-08 19:00:00.0	54.47239	17.11753	108.259	76.773	2,387.2	1.4	-0.64	-0.27	0.2	0.19
REDZ	12227M001	2020-07-08 19:30:00.0	54.47239	17.11753	108.259	76.773	2,389	1.1	-0.64	0.02	0.17	0.13
REDZ	12227M001	2020-07-08 20:00:00.0	54.47239	17.11753	108.268	76.782	2,387	1.1	-0.45	0.58	0.15	0.13
REDZ	12227M001	2020-07-08 20:30:00.0	54.47239	17.11753	108.268	76.782	2,391.5	1.2	-0.61	-0.13	0.15	0.15
REDZ	12227M001	2020-07-08 21:00:00.0	54.47239	17.11753	108.264	76.778	2,393	1	-0.73	-0.31	0.14	0.16
REDZ	12227M001	2020-07-08 21:30:00.0	54.47239	17.11753	108.264	76.778	2,396.6	1.1	-1.43	-0.04	0.18	0.16
REDZ	12227M001	2020-07-08 22:00:00.0	54.47239	17.11753	108.267	76.781	2,393.7	1	-1.04	0.4	0.18	0.11
REDZ	12227M001	2020-07-08 22:30:00.0	54.47239	17.11753	108.267	76.781	2,393.7	1.1	-0.62	0.37	0.17	0.14
REDZ	12227M001	2020-07-08 23:00:00.0	54.47239	17.11753	108.281	76.795	2,393.9	1.2	-0.71	-0.67	0.2	0.15
REDZ	12227M001	2020-07-08 23:30:00.0	54.47239	17.11753	108.281	76.795	2,394.4	1.4	-1.02	-0.53	0.25	0.18
RES1	MUSE-RES1	2020-07-08 19:00:00.0	50.06244	18.46686	350.395	308.305	2,416.2	1.2	-1.36	-0.25	0.15	0.16
RES1	MUSE-RES1	2020-07-08 19:30:00.0	50.06244	18.46686	350.395	308.305	2,418.2	1.2	-1.28	0.15	0.19	0.16
RES1	MUSE-RES1	2020-07-08 20:00:00.0	50.06244	18.46686	350.398	308.308	2,413.9	1.2	-2.21	0	0.16	0.15
RES1	MUSE-RES1	2020-07-08 20:30:00.0	50.06244	18.46686	350.398	308.308	2,406.4	1.2	-2.65	-0.06	0.18	0.18
RES1	MUSE-RES1	2020-07-08 21:00:00.0	50.06244	18.46686	350.407	308.317	2,395	1.6	-4.04	0.07	0.2	0.23
RES1	MUSE-RES1	2020-07-08 21:30:00.0	50.06244	18.46686	350.407	308.317	2,394.2	1.8	-3.41	-0.81	0.27	0.3
RES1	MUSE-RES1	2020-07-08 22:00:00.0	50.06244	18.46686	350.404	308.314	2,381.4	1.5	-3.53	0.53	0.19	0.2
RES1	MUSE-RES1	2020-07-08 22:30:00.0	50.06244	18.46686	350.404	308.314	2,375.9	1.4	-3.17	0.8	0.23	0.19
RES1	MUSE-RES1	2020-07-08 23:00:00.0	50.06244	18.46686	350.397	308.307	2,365.5	1.3	-2.87	-0.3	0.22	0.18
RES1	MUSE-RES1	2020-07-08 23:30:00.0	50.06244	18.46686	350.397	308.307	2,364.2	1.6	-1.76	-0.75	0.25	0.25
RIGA	12302M002	2020-07-08 19:00:00.0	56.94861	24.05878	34.802	14.195	2,386.7	1.1	0.05	-0.6	0.18	0.15
RIGA	12302M002	2020-07-08 19:30:00.0	56.94861	24.05878	34.802	14.195	2,390.1	1.3	-0.05	-0.67	0.16	0.21
RIGA	12302M002	2020-07-08 20:00:00.0	56.94861	24.05878	34.811	14.204	2,381.8	1.1	-0.53	-0.14	0.18	0.16
RIGA	12302M002	2020-07-08 20:30:00.0	56.94861	24.05878	34.811	14.204	2,386.1	1.1	-0.35	-0.79	0.18	0.17
RIGA	12302M002	2020-07-08 21:00:00.0	56.94861	24.05878	34.8	14.193	2,386.6	1	0.15	-0.06	0.16	0.16
RIGA	12302M002	2020-07-08 21:30:00.0	56.94861	24.05878	34.8	14.193	2,391.2	1.1	0.17	-0.35	0.2	0.17
RIGA	12302M002	2020-07-08 22:00:00.0	56.94861	24.05878	34.804	14.197	2,390.1	1.1	-0.3	-0.76	0.21	0.12
RIGA	12302M002	2020-07-08 22:30:00.0	56.94861	24.05878	34.804	14.197	2,392.8	1.4	-0.15	0.11	0.21	0.19
RIGA	12302M002	2020-07-08 23:00:00.0	56.94861	24.05878	34.808	14.201	2,393.9	1.7	0.65	0.55	0.26	0.3
RWM1	12281M002	2020-07-08 19:00:00.0	51.76431	20.25047	187.958	154.613	2,407.3	0.8	-1.02	-0.38	0.09	0.09
RWM1	12281M002	2020-07-08 19:30:00.0	51.76431	20.25047	187.958	154.613	2,406.3	0.9	-1.05	0.08	0.11	0.09
RWM1	12281M002	2020-07-08 20:00:00.0	51.76431	20.25047	187.96	154.615	2,406.2	0.9	-1.6	0.21	0.12	0.11
RWM1	12281M002	2020-07-08 20:30:00.0	51.76431	20.25047	187.96	154.615	2,406.4	0.9	-0.97	-0.42	0.11	0.12
RWM1	12281M002	2020-07-08 21:00:00.0	51.76431	20.25047	187.958	154.613	2,408.7	1.1	-1.56	-0.41	0.14	0.15
RWM1	12281M002	2020-07-08 21:30:00.0	51.76431	20.25047	187.958	154.613	2,406.4	1.2	-1.35	-0.34	0.18	0.16
RWM1	12281M002	2020-07-08 22:00:00.0	51.76431	20.25047	187.96	154.615	2,406.4	0.9	-1.4	0.2	0.14	0.11
RWM1	12281M002	2020-07-08 22:30:00.0	51.76431	20.25047	187.96	154.615	2,408.2	1.1	-1.62	0.25	0.13	0.15
RWM1	12281M002	2020-07-08 23:00:00.0	51.76431	20.25047	187.963	154.618	2,403.6	1	-0.83	0.41	0.17	0.12
RWM1	12281M002	2020-07-08 23:30:00.0	51.76431	20.25047	187.963	154.618	2,402.4	1.1	-1.25	0.33	0.17	0.15
RYKI	12282M001	2020-07-08 19:00:00.0	51.62447	21.92722	204.082	171.949	2,410.7	1	-2.79	0.24	0.15	0.13
RYKI	12282M001	2020-07-08 19:30:00.0	51.62447	21.92722	204.082	171.949	2,407.8	1.1	-2.86	0.22	0.19	0.17
RYKI	12282M001	2020-07-08 20:00:00.0	51.62447	21.92722	204.092	171.959	2,407.3	1.3	-3.47	-1.14	0.24	0.2
RYKI	12282M001	2020-07-08 20:30:00.0	51.62447	21.92722	204.092	171.959	2,410.2	1.6	-2.6	-1.02	0.3	0.27
RYKI	12282M001	2020-07-08 21:00:00.0	51.62447	21.92722	204.087	171.954	2,404.7	1.5	-1.48	-1.69	0.27	0.25
RYKI	12282M001	2020-07-08 21:30:00.0	51.62447	21.92722	204.087	171.954	2,406.4	1.4	-1.41	-2.45	0.3	0.23
RYKI	12282M001	2020-07-08 22:00:00.0	51.62447	21.92722	204.083	171.95	2,407.3	1.1	-2.03	-0.69	0.27	0.14
RYKI	12282M001	2020-07-08 22:30:00.0	51.62447	21.92722	204.083	171.95	2,403.3	1.5	-2.38	-0.93	0.3	0.22
RYKI	12282M001	2020-07-08 23:00:00.0	51.62447	21.92722	204.081	171.948	2,398.8	1.5	-3.56	-0.74	0.29	0.23
RYKI	12282M001	2020-07-08 23:30:00.0	51.62447	21.92722	204.081	171.948	2,399.7	1.8	-3.08	-0.02	0.34	0.29
RYMA	NDNT-RYMA	2020-07-08 19:00:00.0	49.57553	21.86561	399.443	362.765	2,400.1	1	-0.85	0.02	0.11	0.11
RYMA	NDNT-RYMA	2020-07-08 19:30:00.0	49.57553	21.86561	399.443	362.765	2,404.5	1.1	-0.85	-0.01	0.15	0.13
RYMA	NDNT-RYMA	2020-07-08 20:00:00.0	49.57553	21.86561	399.438	362.76	2,409.3	1.1	-0.3	0.72	0.14	0.14
RYMA	NDNT-RYMA	2020-07-08 20:30:00.0	49.57553	21.86561	399.438	362.76	2,404.6	1.1	-0.52	1.2	0.14	0.15
RYMA	NDNT-RYMA	2020-07-08 21:00:00.0	49.57553	21.86561	399.452	362.774	2,400.2	1.3	-1.23	0.03	0.16	0.16
RYMA	NDNT-RYMA	2020-07-08 21:30:00.0	49.57553	21.86561	399.452	362.774	2,408.3	1.3	-0.87	0.37	0.2	0.17
RYMA	NDNT-RYMA	2020-07-08 22:00:00.0	49.57553	21.86561	399.448	362.77	2,404.2	0.9	-0.26	0.09	0.12	0.1
RYMA	NDNT-RYMA	2020-07-08 22:30:00.0	49.57553	21.86561	399.448	362.77	2,408.7	1	-0.82	0.05	0.13	0.12
RYMA	NDNT-RYMA	2020-07-08 23:00:00.0	49.57553	21.86561	399.435	362.757	2,408	1	-1.08	0.22	0.14	0.12
RYMA	NDNT-RYMA	2020-07-08 23:30:00.0	49.57553	21.86561	399.435	362.757	2,411.8	1.1	-1.22	-0.11	0.14	0.15
SIDZ	12288M001	2020-07-08 19:00:00.0	51.573	18.71758	190.018	154.407	2,409.1	1.1	-1.1	-0.12	0.15	0.14
SIDZ	12288M001	2020-07-08 19:30:00.0	51.573	18.71758	190.018	154.407	2,410.8	1.2	-0.48	0.09	0.17	0.12
SIDZ	12288M001	2020-07-08 20:00:00.0	51.573	18.71758	190.016	154.405	2,411.8	1.1	-1.62	0.01	0.15	0.13
SIDZ	12288M001	2020-07-08 20:30:00.0	51.573	18.71758	190.016	154.405	2,413.7	1.1	-1.57	-0.43	0.15	0.15
SIDZ	12288M001	2020-07-08 21:00:00.0	51.573	18.71758	190.021	154.41	2,404.1	1.4	-1.59	0.01	0.18	0.18
SIDZ	12288M001	2020-07-08 21:30:00.0	51.573	18.71758	190.021	154.41	2,403	1.4	-0.79	-0.12	0.23	0.18
SIDZ	12288M001	2020-07-08 22:00:00.0	51.573	18.71758	190.023	154.412	2,399	1.3	-1.11	0.18	0.18	0.16
SIDZ	12288M001	2020-07-08 22:30:00.0	51.573	18.71758	190.023	154.412	2,401.5	1.2	-1.19	0.74	0.18	0.16
SIDZ	12288M001	2020-07-08 23:00:00.0	51.573	18.71758	190.025	154.414	2,400.6	1	-0.19	-0.2	0.21	0.14
SIDZ	12288M001	2020-07-08 23:30:00.0	51.573	18.71758	190.025	154.414	2,398.2	1.3	0.39	-0.06	0.23	0.2
SIED	12289M001	2020-07-08 19:00:00.0	52.15744	22.29422	201.981	172.461	2,389.8	0.9	-2.21	0.46	0.11	0.11
SIED	12289M001	2020-07-08 19:30:00.0	52.15744	22.29422	201.981	172.461	2,391.5	1.1	-1.72	-0.16	0.14	0.15
SIED	12289M001	2020-07-08 20:00:00.0	52.15744	22.29422	201.986	172.466	2,393.8	1.3	-1.47	-0.64	0.18	0.19
SIED	12289M001	2020-07-08 20:30:00.0	52.15744	22.29422	201.986	172.466	2,400.8	1.3	-0.99	-0.65	0.18	0.21
SIED	12289M001	2020-07-08 21:00:00.0	52.15744	22.29422	201.986	172.466	2,394.7	1.1	-1.53	0.94	0.16	0.18
SIED	12289M001	2020-07-08 21:30:00.0	52.15744	22.29422	201.986	172.466	2,398.9	1.2	-1.45	-0.34	0.19	0.18
SIED	12289M001	2020-07-08 22:00:00.0	52.15744	22.29422	201.975	172.455	2,398.4	1	-0.93	0.35	0.16	0.11
SIED	12289M001	2020-07-08 22:30:00.0	52.15744	22.29422	201.975	172.455	2,401.3	1.1	-0.89	1.15	0.15	0.17
SIED	12289M001	2020-07-08 23:00:00.0	52.15744	22.29422	201.986	172.466	2,393.5	1.1	-0.99	-0.84	0.18	0.14
SIED	12289M001	2020-07-08 23:30:00.0	52.15744	22.29422	201.986	172.466	2,393.8	1.2	-1.31	-0.15	0.2	0.16
SIPC	12290M001	2020-07-08 19:00:00.0	52.85697	19.66269	163.148	132.542	2,387.3	0.9	-0.21	-0.25	0.13	0.11
SIPC	12290M001	2020-07-08 19:30:00.0	52.85697	19.66269	163.148	132.542	2,391.5	1	1.04	-0.39	0.13	0.12
SIPC	12290M001	2020-07-08 20:00:00.0	52.85697	19.66269	163.15	132.544	2,388.2	0.9	0.08	-0.16	0.12	0.11
SIPC	12290M001	2020-07-08 20:30:00.0	52.85697	19.66269	163.15	132.544	2,394.7	0.9	-0.39	-0.64	0.11	0.11
SIPC	12290M001	2020-07-08 21:00:00.0	52.85697	19.66269	163.146	132.54	2,393.8	0.9	-0.45	-0.15	0.11	0.13
SIPC	12290M001	2020-07-08 21:30:00.0	52.85697	19.66269	163.146	132.54	2,392.2	0.9	-0.87	-0.32	0.14	0.13
SIPC	12290M001	2020-07-08 22:00:00.0	52.85697	19.66269	163.15	132.544	2,394.8	0.8	-0.73	0.27	0.13	0.09
SIPC	12290M001	2020-07-08 22:30:00.0	52.85697	19.66269	163.15	132.544	2,395.7	0.9	-1.25	0.28	0.12	0.11
SIPC	12290M001	2020-07-08 23:00:00.0	52.85697	19.66269	163.154	132.548	2,391.5	0.9	-1.45	-0.07	0.14	0.1
SIPC	12290M001	2020-07-08 23:30:00.0	52.85697	19.66269	163.154	132.548	2,386.1	1	-1.59	0.23	0.14	0.12
SMID	10114M001	2020-07-08 19:00:00.0	55.64064	9.55931	122.826	82.57	2,376.3	1.1	-0.54	-0.91	0.14	0.15
SMID	10114M001	2020-07-08 19:30:00.0	55.64064	9.55931	122.826	82.57	2,380.4	1.3	-0.68	-0.65	0.16	0.17
SMID	10114M001	2020-07-08 20:00:00.0	55.64064	9.55931	122.828	82.572	2,379.8	1.4	-0.37	-0.33	0.2	0.16
SMID	10114M001	2020-07-08 20:30:00.0	55.64064	9.55931	122.828	82.572	2,377.1	1.6	-0.48	-0.15	0.22	0.23
SMID	10114M001	2020-07-08 21:00:00.0	55.64064	9.55931	122.824	82.568	2,375.5	1.3	-0.8	-0.29	0.17	0.19
SMID	10114M001	2020-07-08 21:30:00.0	55.64064	9.55931	122.824	82.568	2,377.1	1.2	-0.8	-0.39	0.19	0.17
SMID	10114M001	2020-07-08 22:00:00.0	55.64064	9.55931	122.823	82.567	2,379	1.3	-0.66	-0.24	0.2	0.18
SMID	10114M001	2020-07-08 23:00:00.0	55.64064	9.55931	122.833	82.577	2,381.8	1.6	-0.64	-0.38	0.24	0.2
SMID	10114M001	2020-07-08 23:30:00.0	55.64064	9.55931	122.833	82.577	2,384.2	1.9	-0.82	-0.6	0.28	0.24
SMLA	15503M001	2020-07-08 19:00:00.0	49.20164	31.86631	183.068	159.576	2,380.6	0.9	-0.86	0.1	0.11	0.11
SMLA	15503M001	2020-07-08 19:30:00.0	49.20164	31.86631	183.068	159.576	2,380.5	1.2	-0.86	0.66	0.15	0.17
SMLA	15503M001	2020-07-08 20:00:00.0	49.20164	31.86631	183.065	159.573	2,383.1	1.3	-0.66	0.43	0.17	0.19
SMLA	15503M001	2020-07-08 20:30:00.0	49.20164	31.86631	183.065	159.573	2,378.4	1.3	-0.6	0.55	0.17	0.21
SMLA	15503M001	2020-07-08 21:00:00.0	49.20164	31.86631	183.06	159.568	2,376.5	1	-0.69	0.33	0.14	0.16
SMLA	15503M001	2020-07-08 21:30:00.0	49.20164	31.86631	183.06	159.568	2,376.8	1.2	-1	0.06	0.19	0.18
SMLA	15503M001	2020-07-08 22:00:00.0	49.20164	31.86631	183.062	159.57	2,376.8	1	-0.77	-0.04	0.14	0.1
SMLA	15503M001	2020-07-08 22:30:00.0	49.20164	31.86631	183.062	159.57	2,379.9	1.1	-0.69	0.18	0.14	0.13
SMLA	15503M001	2020-07-08 23:00:00.0	49.20164	31.86631	183.055	159.563	2,387	1.2	-1.01	-0.41	0.17	0.16
SMLA	15503M001	2020-07-08 23:30:00.0	49.20164	31.86631	183.055	159.563	2,390.3	1.2	-0.76	-0.22	0.16	0.17
SOKL	12292M001	2020-07-08 19:00:00.0	53.40856	23.49575	222.222	194.351	2,375	1.1	-0.71	-0.46	0.19	0.16
SOKL	12292M001	2020-07-08 19:30:00.0	53.40856	23.49575	222.222	194.351	2,381.3	1.4	-0.06	1.03	0.22	0.22
SOKL	12292M001	2020-07-08 20:00:00.0	53.40856	23.49575	222.229	194.358	2,379.4	1.4	-0.98	-0.59	0.22	0.21
SOKL	12292M001	2020-07-08 20:30:00.0	53.40856	23.49575	222.229	194.358	2,379	1.3	-1.34	-0.61	0.2	0.22
SOKL	12292M001	2020-07-08 21:00:00.0	53.40856	23.49575	222.229	194.358	2,378.6	1.2	-0.25	-0.33	0.2	0.2
SOKL	12292M001	2020-07-08 21:30:00.0	53.40856	23.49575	222.229	194.358	2,373.9	1.3	-0.48	-0.15	0.24	0.21
SOKL	12292M001	2020-07-08 22:00:00.0	53.40856	23.49575	222.229	194.358	2,373.4	1.1	-1.13	0	0.21	0.13
SOKL	12292M001	2020-07-08 22:30:00.0	53.40856	23.49575	222.229	194.358	2,376.5	1.3	-0.75	-0.15	0.21	0.2
SOKL	12292M001	2020-07-08 23:00:00.0	53.40856	23.49575	222.228	194.357	2,373.4	1.4	-1.15	-0.62	0.23	0.19
SOKL	12292M001	2020-07-08 23:30:00.0	53.40856	23.49575	222.228	194.357	2,375.2	1.4	-1.01	-0.92	0.24	0.22
STA3	NDNT-STAS	2020-07-08 19:00:00.0	50.56283	21.18192	257.512	221.161	2,432.4	0.9	-0.93	0.28	0.09	0.09
STA3	NDNT-STAS	2020-07-08 19:30:00.0	50.56283	21.18192	257.512	221.161	2,433.9	0.9	-1.93	0.25	0.12	0.09
STA3	NDNT-STAS	2020-07-08 20:00:00.0	50.56283	21.18192	257.509	221.158	2,432.2	1	-1.74	0.83	0.14	0.13
STA3	NDNT-STAS	2020-07-08 20:30:00.0	50.56283	21.18192	257.509	221.158	2,435.4	1	-1.32	1.41	0.13	0.14
STA3	NDNT-STAS	2020-07-08 21:00:00.0	50.56283	21.18192	257.517	221.166	2,426.1	1	-2.36	-0.09	0.12	0.12
STA3	NDNT-STAS	2020-07-08 21:30:00.0	50.56283	21.18192	257.517	221.166	2,424.4	1.1	-4.13	0.99	0.16	0.14
STA3	NDNT-STAS	2020-07-08 22:00:00.0	50.56283	21.18192	257.514	221.163	2,410.8	1	-2.76	0.95	0.13	0.1
STA3	NDNT-STAS	2020-07-08 22:30:00.0	50.56283	21.18192	257.514	221.163	2,410.1	1	-1.52	0.83	0.14	0.12
STA3	NDNT-STAS	2020-07-08 23:00:00.0	50.56283	21.18192	257.505	221.154	2,413.5	1	-0.79	0.55	0.15	0.12
STA3	NDNT-STAS	2020-07-08 23:30:00.0	50.56283	21.18192	257.505	221.154	2,411.4	1.1	-0.09	0.27	0.15	0.14
STAL	NDNT-STAL	2020-07-08 19:00:00.0	50.56822	22.04811	210.541	175.491	2,449.5	1	-0.57	0.12	0.11	0.11
STAL	NDNT-STAL	2020-07-08 19:30:00.0	50.56822	22.04811	210.541	175.491	2,442.3	1.1	-0.99	0.09	0.15	0.12
STAL	NDNT-STAL	2020-07-08 20:00:00.0	50.56822	22.04811	210.527	175.477	2,437.7	1	-2.52	-0.09	0.14	0.13
STAL	NDNT-STAL	2020-07-08 20:30:00.0	50.56822	22.04811	210.527	175.477	2,449.5	1	-1.53	0.06	0.13	0.14
STAL	NDNT-STAL	2020-07-08 21:00:00.0	50.56822	22.04811	210.527	175.477	2,441	1.2	-1.09	-0.65	0.15	0.15
STAL	NDNT-STAL	2020-07-08 21:30:00.0	50.56822	22.04811	210.527	175.477	2,436.9	1.3	-1.95	-0.5	0.19	0.17
STAL	NDNT-STAL	2020-07-08 22:00:00.0	50.56822	22.04811	210.522	175.472	2,450.6	0.8	-1.05	0.3	0.1	0.08
STAL	NDNT-STAL	2020-07-08 22:30:00.0	50.56822	22.04811	210.522	175.472	2,439.6	0.9	-2.12	0.91	0.11	0.09
STAL	NDNT-STAL	2020-07-08 23:00:00.0	50.56822	22.04811	210.51	175.46	2,436.2	1	-1.93	0.92	0.16	0.13
STAL	NDNT-STAL	2020-07-08 23:30:00.0	50.56822	22.04811	210.51	175.46	2,434.5	1.1	-1.48	0.64	0.16	0.15
STRG	18994M001	2020-07-08 19:00:00.0	53.96631	18.53	136.267	106.859	2,381.8	0.8	-0.7	0.35	0.1	0.09
STRG	18994M001	2020-07-08 19:30:00.0	53.96631	18.53	136.267	106.859	2,381.3	0.8	-0.51	0.39	0.1	0.11
STRG	18994M001	2020-07-08 20:00:00.0	53.96631	18.53	136.272	106.864	2,376.7	1	-0.73	-0.15	0.14	0.13
STRG	18994M001	2020-07-08 20:30:00.0	53.96631	18.53	136.272	106.864	2,379	1	-0.4	0.01	0.13	0.14
STRG	18994M001	2020-07-08 21:00:00.0	53.96631	18.53	136.27	106.862	2,383.4	1	-0.88	0.32	0.14	0.16
STRG	18994M001	2020-07-08 21:30:00.0	53.96631	18.53	136.27	106.862	2,383	1	-1.18	0.32	0.16	0.16
STRG	18994M001	2020-07-08 22:00:00.0	53.96631	18.53	136.27	106.862	2,385.1	1.1	-1.18	-0.47	0.15	0.13
STRG	18994M001	2020-07-08 22:30:00.0	53.96631	18.53	136.27	106.862	2,382.5	1.1	-1.5	0.31	0.12	0.14
STRG	18994M001	2020-07-08 23:00:00.0	53.96631	18.53	136.274	106.866	2,380	1	-0.4	0.27	0.15	0.12
STRG	18994M001	2020-07-08 23:30:00.0	53.96631	18.53	136.274	106.866	2,380	1.1	-0.34	0.07	0.16	0.15
STRW	NDNT-STRW	2020-07-08 19:00:00.0	49.86972	21.78831	286.867	251.116	2,430.8	1	-1.36	0.3	0.11	0.11
STRW	NDNT-STRW	2020-07-08 19:30:00.0	49.86972	21.78831	286.867	251.116	2,435.2	1.1	-1.68	0.31	0.16	0.13
STRW	NDNT-STRW	2020-07-08 20:00:00.0	49.86972	21.78831	286.865	251.114	2,437.8	1.1	-0.66	0.09	0.14	0.14
STRW	NDNT-STRW	2020-07-08 20:30:00.0	49.86972	21.78831	286.865	251.114	2,436.5	1.1	-1.09	1.02	0.14	0.17
STRW	NDNT-STRW	2020-07-08 21:00:00.0	49.86972	21.78831	286.873	251.122	2,434.8	1.2	-0.64	-0.73	0.15	0.15
STRW	NDNT-STRW	2020-07-08 21:30:00.0	49.86972	21.78831	286.873	251.122	2,442.6	1.3	-0.87	-0.78	0.2	0.17
STRW	NDNT-STRW	2020-07-08 22:00:00.0	49.86972	21.78831	286.863	251.112	2,438.5	1.1	-1.01	0.02	0.15	0.13
STRW	NDNT-STRW	2020-07-08 22:30:00.0	49.86972	21.78831	286.863	251.112	2,442.1	1.4	-0.99	-0.46	0.19	0.18
STRW	NDNT-STRW	2020-07-08 23:00:00.0	49.86972	21.78831	286.852	251.101	2,443.4	1.1	-3.5	-0.69	0.16	0.14
STRW	NDNT-STRW	2020-07-08 23:30:00.0	49.86972	21.78831	286.852	251.101	2,439.8	1.2	-3.43	-1.15	0.15	0.16
SULD	10113M001	2020-07-08 19:00:00.0	56.84175	9.74217	120.737	81.958	2,366.8	1.1	-0.59	-0.85	0.15	0.14
SULD	10113M001	2020-07-08 19:30:00.0	56.84175	9.74217	120.737	81.958	2,367.3	1.3	-0.85	-0.54	0.17	0.15
SULD	10113M001	2020-07-08 20:00:00.0	56.84175	9.74217	120.741	81.962	2,365.7	1.2	-0.54	-0.48	0.16	0.14
SULD	10113M001	2020-07-08 20:30:00.0	56.84175	9.74217	120.741	81.962	2,362.8	1.4	-0.42	-0.68	0.16	0.16
SULD	10113M001	2020-07-08 21:00:00.0	56.84175	9.74217	120.734	81.955	2,360	1.3	-0.97	-0.3	0.19	0.19
SULD	10113M001	2020-07-08 21:30:00.0	56.84175	9.74217	120.734	81.955	2,365.3	1.3	-1.03	-0.35	0.21	0.17
SULD	10113M001	2020-07-08 22:00:00.0	56.84175	9.74217	120.729	81.95	2,371.5	1.1	-0.71	-0.52	0.16	0.13
SULD	10113M001	2020-07-08 22:30:00.0	56.84175	9.74217	120.729	81.95	2,371.6	1.2	-0.7	-0.41	0.16	0.16
SULD	10113M001	2020-07-08 23:00:00.0	56.84175	9.74217	120.739	81.96	2,367.5	1.5	-0.53	0.05	0.2	0.17
SULD	10113M001	2020-07-08 23:30:00.0	56.84175	9.74217	120.739	81.96	2,366.5	1.9	-0.27	0.19	0.27	0.2
SWIB	12293M001	2020-07-08 19:00:00.0	52.24792	15.53631	132	93.691	2,410.1	0.9	-0.42	-0.56	0.12	0.12
SWIB	12293M001	2020-07-08 19:30:00.0	52.24792	15.53631	132	93.691	2,405.8	1	-0.63	-0.08	0.14	0.13
SWIB	12293M001	2020-07-08 20:00:00.0	52.24792	15.53631	132.003	93.694	2,402.1	1.2	-0.97	-0.25	0.16	0.15
SWIB	12293M001	2020-07-08 20:30:00.0	52.24792	15.53631	132.003	93.694	2,403.5	1.3	-1.11	-0.58	0.18	0.18
SWIB	12293M001	2020-07-08 21:00:00.0	52.24792	15.53631	131.998	93.689	2,404.4	1.2	-1.2	-0.43	0.17	0.17
SWIB	12293M001	2020-07-08 21:30:00.0	52.24792	15.53631	131.998	93.689	2,409.6	1.2	-1.18	-0.29	0.2	0.16
SWIB	12293M001	2020-07-08 22:00:00.0	52.24792	15.53631	131.993	93.684	2,407.8	1.1	-1.57	-0.32	0.14	0.12
SWIB	12293M001	2020-07-08 22:30:00.0	52.24792	15.53631	131.993	93.684	2,409.8	1.1	-1.45	-0.35	0.16	0.15
SWIB	12293M001	2020-07-08 23:00:00.0	52.24792	15.53631	132.008	93.699	2,411.2	1.1	-0.75	-0.53	0.18	0.13
SWIB	12293M001	2020-07-08 23:30:00.0	52.24792	15.53631	132.008	93.699	2,410.4	1.5	-0.86	-0.34	0.24	0.2
SWKI	12228M001	2020-07-08 19:00:00.0	54.09861	22.92822	215.916	188.521	2,383.9	1.3	-0.13	0.57	0.17	0.19
SWKI	12228M001	2020-07-08 19:30:00.0	54.09861	22.92822	215.916	188.521	2,373.2	1.1	-0.53	0.8	0.14	0.15
SWKI	12228M001	2020-07-08 20:00:00.0	54.09861	22.92822	215.926	188.531	2,365.5	1.1	-0.8	0.46	0.16	0.16
SWKI	12228M001	2020-07-08 20:30:00.0	54.09861	22.92822	215.926	188.531	2,368.4	1.1	-0.8	-0.11	0.14	0.15
SWKI	12228M001	2020-07-08 21:00:00.0	54.09861	22.92822	215.923	188.528	2,372.7	1	-0.79	-0.35	0.14	0.15
SWKI	12228M001	2020-07-08 21:30:00.0	54.09861	22.92822	215.923	188.528	2,374.6	1	-1.2	0.25	0.17	0.17
SWKI	12228M001	2020-07-08 22:00:00.0	54.09861	22.92822	215.914	188.519	2,373.7	1	-2.06	1.52	0.15	0.11
SWKI	12228M001	2020-07-08 22:30:00.0	54.09861	22.92822	215.914	188.519	2,366.4	1.1	-1.59	1.41	0.13	0.14
SWKI	12228M001	2020-07-08 23:00:00.0	54.09861	22.92822	215.919	188.524	2,360.8	1	-0.35	0.36	0.15	0.13
SWKI	12228M001	2020-07-08 23:30:00.0	54.09861	22.92822	215.919	188.524	2,361.7	1.1	0.37	0.65	0.17	0.17
SZE2	12294M001	2020-07-08 19:00:00.0	53.70019	16.70139	193.744	160.994	2,374.5	0.9	-0.5	-0.33	0.11	0.12
SZE2	12294M001	2020-07-08 19:30:00.0	53.70019	16.70139	193.744	160.994	2,372.7	0.9	-0.82	0.17	0.13	0.11
SZE2	12294M001	2020-07-08 20:00:00.0	53.70019	16.70139	193.75	161	2,370.1	1.1	-0.77	-0.13	0.14	0.13
SZE2	12294M001	2020-07-08 20:30:00.0	53.70019	16.70139	193.75	161	2,369.1	1.1	-0.52	0.29	0.14	0.15
SZE2	12294M001	2020-07-08 21:00:00.0	53.70019	16.70139	193.744	160.994	2,368.6	1	-0.62	-0.01	0.13	0.15
SZE2	12294M001	2020-07-08 21:30:00.0	53.70019	16.70139	193.744	160.994	2,368.8	1	-0.65	-0.15	0.16	0.16
SZE2	12294M001	2020-07-08 22:00:00.0	53.70019	16.70139	193.743	160.993	2,370.9	1	-0.91	-0.03	0.16	0.11
SZE2	12294M001	2020-07-08 22:30:00.0	53.70019	16.70139	193.743	160.993	2,372.7	1.1	-0.92	-0.21	0.15	0.14
SZE2	12294M001	2020-07-08 23:00:00.0	53.70019	16.70139	193.749	160.999	2,378.2	1.1	-0.47	-0.86	0.18	0.12
SZE2	12294M001	2020-07-08 23:30:00.0	53.70019	16.70139	193.749	160.999	2,386	1.3	0.25	-1.12	0.21	0.17
TABG	12295M001	2020-07-08 19:00:00.0	50.57097	21.67119	214.738	179.201	2,440.8	1	-1.45	0.15	0.11	0.11
TABG	12295M001	2020-07-08 19:30:00.0	50.57097	21.67119	214.738	179.201	2,441	1.1	-1.11	-0.1	0.16	0.12
TABG	12295M001	2020-07-08 20:00:00.0	50.57097	21.67119	214.734	179.197	2,447.7	1	-1.64	-0.28	0.14	0.13
TABG	12295M001	2020-07-08 20:30:00.0	50.57097	21.67119	214.734	179.197	2,450.7	1	-1.6	0	0.14	0.15
TABG	12295M001	2020-07-08 21:00:00.0	50.57097	21.67119	214.741	179.204	2,446.8	1.3	-2.53	0.43	0.16	0.17
TABG	12295M001	2020-07-08 21:30:00.0	50.57097	21.67119	214.741	179.204	2,444.4	1.3	-2.33	0.54	0.21	0.18
TABG	12295M001	2020-07-08 22:00:00.0	50.57097	21.67119	214.737	179.2	2,433.1	1	-3.52	1.3	0.15	0.11
TABG	12295M001	2020-07-08 22:30:00.0	50.57097	21.67119	214.737	179.2	2,423.3	1.1	-2.45	1.24	0.15	0.15
TABG	12295M001	2020-07-08 23:00:00.0	50.57097	21.67119	214.731	179.194	2,424.8	1	-1.11	0.54	0.17	0.14
TABG	12295M001	2020-07-08 23:30:00.0	50.57097	21.67119	214.731	179.194	2,421.4	1.1	-0.45	0.88	0.17	0.15
TAR1	12296M002	2020-07-08 19:00:00.0	50.45164	18.85814	352.078	311.367	2,401.9	1.2	-2.76	0.63	0.16	0.15
TAR1	12296M002	2020-07-08 19:30:00.0	50.45164	18.85814	352.078	311.367	2,398.9	1.4	-2.81	0.43	0.23	0.16
TAR1	12296M002	2020-07-08 20:00:00.0	50.45164	18.85814	352.075	311.364	2,395.2	1.6	-2.9	0.72	0.24	0.21
TAR1	12296M002	2020-07-08 20:30:00.0	50.45164	18.85814	352.075	311.364	2,389.7	1.6	-3.13	0.68	0.24	0.23
TAR1	12296M002	2020-07-08 21:00:00.0	50.45164	18.85814	352.074	311.363	2,368.8	1.5	-3.66	0.8	0.21	0.18
TAR1	12296M002	2020-07-08 21:30:00.0	50.45164	18.85814	352.074	311.363	2,371.3	1.4	-2	0.91	0.24	0.18
TAR1	12296M002	2020-07-08 22:00:00.0	50.45164	18.85814	352.074	311.363	2,367	1.2	-0.54	0.69	0.2	0.14
TAR1	12296M002	2020-07-08 22:30:00.0	50.45164	18.85814	352.074	311.363	2,366.6	1.4	-0.84	0.53	0.24	0.16
TAR1	12296M002	2020-07-08 23:00:00.0	50.45164	18.85814	352.074	311.363	2,363.8	1.4	-0.95	0.04	0.26	0.17
TAR1	12296M002	2020-07-08 23:30:00.0	50.45164	18.85814	352.074	311.363	2,362.3	1.6	-0.9	-0.32	0.29	0.22
TORU	12202M001	2020-07-08 19:00:00.0	53.01839	18.63494	118.379	88.519	2,403.9	0.8	-0.43	0.26	0.11	0.1
TORU	12202M001	2020-07-08 19:30:00.0	53.01839	18.63494	118.379	88.519	2,404.4	0.9	-0.24	0.94	0.12	0.13
TORU	12202M001	2020-07-08 20:00:00.0	53.01839	18.63494	118.382	88.522	2,404.5	1	-0.71	0.14	0.14	0.13
TORU	12202M001	2020-07-08 20:30:00.0	53.01839	18.63494	118.382	88.522	2,405.7	1	-0.09	-0.15	0.13	0.14
TORU	12202M001	2020-07-08 21:00:00.0	53.01839	18.63494	118.376	88.516	2,406.2	1	-0.75	0.26	0.13	0.15
TORU	12202M001	2020-07-08 21:30:00.0	53.01839	18.63494	118.376	88.516	2,402	1	-1.18	0.2	0.17	0.16
TORU	12202M001	2020-07-08 22:00:00.0	53.01839	18.63494	118.375	88.515	2,401.7	1	-0.68	0.13	0.14	0.11
TORU	12202M001	2020-07-08 22:30:00.0	53.01839	18.63494	118.375	88.515	2,402.2	1	-0.92	0.14	0.13	0.14
TORU	12202M001	2020-07-08 23:00:00.0	53.01839	18.63494	118.384	88.524	2,401.5	1	-0.63	-0.05	0.16	0.11
TORU	12202M001	2020-07-08 23:30:00.0	53.01839	18.63494	118.384	88.524	2,399.2	1.1	-0.81	0.1	0.17	0.15
TRNW	12230M001	2020-07-08 19:00:00.0	50.01608	20.98414	277.073	239.848	2,436.5	0.9	-1.15	-0.05	0.1	0.1
TRNW	12230M001	2020-07-08 19:30:00.0	50.01608	20.98414	277.073	239.848	2,437.2	1	-0.92	-0.16	0.15	0.11
TRNW	12230M001	2020-07-08 20:00:00.0	50.01608	20.98414	277.067	239.842	2,439.7	1	-1.23	-0.28	0.14	0.13
TRNW	12230M001	2020-07-08 20:30:00.0	50.01608	20.98414	277.067	239.842	2,443.7	1	-1.44	-0.75	0.13	0.14
TRNW	12230M001	2020-07-08 21:00:00.0	50.01608	20.98414	277.07	239.845	2,438.9	1.1	-1.42	-0.31	0.13	0.14
TRNW	12230M001	2020-07-08 21:30:00.0	50.01608	20.98414	277.07	239.845	2,440.3	1.2	-2.42	-0.13	0.18	0.16
TRNW	12230M001	2020-07-08 22:00:00.0	50.01608	20.98414	277.069	239.844	2,438.9	1	-1.67	0.03	0.13	0.11
TRNW	12230M001	2020-07-08 22:30:00.0	50.01608	20.98414	277.069	239.844	2,437	1	-2.82	0.31	0.14	0.12
TRNW	12230M001	2020-07-08 23:00:00.0	50.01608	20.98414	277.067	239.842	2,436.9	1	-3.13	0.4	0.15	0.12
TRNW	12230M001	2020-07-08 23:30:00.0	50.01608	20.98414	277.067	239.842	2,428.3	1.1	-2.69	0.53	0.15	0.14
TRZ1	NDNT-TRZE	2020-07-08 19:00:00.0	50.16033	19.46908	373.723	332.794	2,408	1	-1.27	0.35	0.12	0.12
TRZ1	NDNT-TRZE	2020-07-08 19:30:00.0	50.16033	19.46908	373.723	332.794	2,409.4	1.1	-1.22	-0.11	0.16	0.12
TRZ1	NDNT-TRZE	2020-07-08 20:00:00.0	50.16033	19.46908	373.724	332.795	2,402.8	1	-2.1	0.08	0.14	0.14
TRZ1	NDNT-TRZE	2020-07-08 20:30:00.0	50.16033	19.46908	373.724	332.795	2,402.8	1	-2.79	0.62	0.14	0.15
TRZ1	NDNT-TRZE	2020-07-08 21:00:00.0	50.16033	19.46908	373.73	332.801	2,396	1.3	-3.27	0.02	0.16	0.17
TRZ1	NDNT-TRZE	2020-07-08 21:30:00.0	50.16033	19.46908	373.73	332.801	2,386.5	1.3	-3.84	0.76	0.2	0.17
TRZ1	NDNT-TRZE	2020-07-08 22:00:00.0	50.16033	19.46908	373.728	332.799	2,378.6	1	-4.03	0.64	0.13	0.11
TRZ1	NDNT-TRZE	2020-07-08 22:30:00.0	50.16033	19.46908	373.728	332.799	2,375	1	-3.34	0.49	0.14	0.13
TRZ1	NDNT-TRZE	2020-07-08 23:00:00.0	50.16033	19.46908	373.717	332.788	2,368.5	1	-2.32	0.82	0.16	0.12
TRZ1	NDNT-TRZE	2020-07-08 23:30:00.0	50.16033	19.46908	373.717	332.788	2,360.3	1.2	-2.16	0.78	0.16	0.15
TUBO	11503M001	2020-07-08 19:00:00.0	49.20589	16.59283	324.6	279.858	2,441.7	1.1	-0.82	0.41	0.12	0.13
TUBO	11503M001	2020-07-08 19:30:00.0	49.20589	16.59283	324.6	279.858	2,441.5	1.3	-1.4	-0.16	0.16	0.15
TUBO	11503M001	2020-07-08 20:00:00.0	49.20589	16.59283	324.585	279.843	2,442.1	1.1	-2.06	-0.84	0.15	0.14
TUBO	11503M001	2020-07-08 20:30:00.0	49.20589	16.59283	324.585	279.843	2,448.6	1.2	-1.22	-0.59	0.14	0.17
TUBO	11503M001	2020-07-08 21:00:00.0	49.20589	16.59283	324.587	279.845	2,447	2	-1.51	-0.74	0.19	0.28
TUBO	11503M001	2020-07-08 22:00:00.0	49.20589	16.59283	324.595	279.853	2,438.6	1.7	-1.47	-0.93	0.21	0.23
TUBO	11503M001	2020-07-08 22:30:00.0	49.20589	16.59283	324.595	279.853	2,439.4	1.5	-1.77	-1.1	0.22	0.21
TUBO	11503M001	2020-07-08 23:00:00.0	49.20589	16.59283	324.587	279.845	2,444.8	1.1	-1.94	-0.24	0.18	0.13
TUBO	11503M001	2020-07-08 23:30:00.0	49.20589	16.59283	324.587	279.845	2,442.5	1.3	-2.37	-0.69	0.18	0.18
USDL	12229M001	2020-07-08 19:00:00.0	49.43292	22.58578	529.765	494.159	2,342.6	1.4	-1.67	-0.53	0.17	0.19
USDL	12229M001	2020-07-08 19:30:00.0	49.43292	22.58578	529.765	494.159	2,343.9	1.5	-1.78	-0.53	0.25	0.18
USDL	12229M001	2020-07-08 20:00:00.0	49.43292	22.58578	529.755	494.149	2,354.4	1.2	-0.72	-0.2	0.16	0.14
USDL	12229M001	2020-07-08 20:30:00.0	49.43292	22.58578	529.755	494.149	2,358.1	1.1	-0.82	-0.07	0.15	0.16
USDL	12229M001	2020-07-08 21:00:00.0	49.43292	22.58578	529.76	494.154	2,357.5	1.4	-1.87	0.06	0.2	0.18
USDL	12229M001	2020-07-08 21:30:00.0	49.43292	22.58578	529.76	494.154	2,359.2	1.4	-1.57	0.13	0.23	0.18
USDL	12229M001	2020-07-08 22:00:00.0	49.43292	22.58578	529.749	494.143	2,360.6	1	-1.02	0.45	0.14	0.12
USDL	12229M001	2020-07-08 22:30:00.0	49.43292	22.58578	529.749	494.143	2,359.8	1.4	-1.08	-0.3	0.21	0.16
USDL	12229M001	2020-07-08 23:00:00.0	49.43292	22.58578	529.741	494.135	2,364	1.1	-1.98	-0.13	0.22	0.15
USDL	12229M001	2020-07-08 23:30:00.0	49.43292	22.58578	529.741	494.135	2,365.5	1.3	-1.59	-0.4	0.27	0.2
VLNS	10801M001	2020-07-08 19:00:00.0	54.65314	25.29867	240.91	215.943	2,362.4	0.8	-0.09	-0.32	0.09	0.08
VLNS	10801M001	2020-07-08 19:30:00.0	54.65314	25.29867	240.91	215.943	2,362.8	0.9	-0.09	0.03	0.11	0.1
VLNS	10801M001	2020-07-08 20:00:00.0	54.65314	25.29867	240.911	215.944	2,361.3	1.1	-0.56	-0.06	0.15	0.15
VLNS	10801M001	2020-07-08 20:30:00.0	54.65314	25.29867	240.911	215.944	2,361.4	1	-0.62	-0.55	0.13	0.14
VLNS	10801M001	2020-07-08 21:00:00.0	54.65314	25.29867	240.904	215.937	2,362	0.9	0.08	-0.01	0.13	0.13
VLNS	10801M001	2020-07-08 21:30:00.0	54.65314	25.29867	240.904	215.937	2,360.5	0.9	-0.33	-0.22	0.14	0.14
VLNS	10801M001	2020-07-08 22:00:00.0	54.65314	25.29867	240.901	215.934	2,362.3	1.1	-1.11	0.37	0.15	0.11
VLNS	10801M001	2020-07-08 22:30:00.0	54.65314	25.29867	240.901	215.934	2,362.8	1.1	-0.98	0.24	0.13	0.15
VLNS	10801M001	2020-07-08 23:00:00.0	54.65314	25.29867	240.9	215.933	2,358.7	1	-0.19	0.36	0.15	0.13
VLNS	10801M001	2020-07-08 23:30:00.0	54.65314	25.29867	240.9	215.933	2,363.5	1.1	-0.33	0.59	0.17	0.15
WADO	NDNT-WADO	2020-07-08 19:00:00.0	49.88408	19.48592	329.979	288.465	2,429.6	1.1	-0.48	-0.72	0.13	0.13
WADO	NDNT-WADO	2020-07-08 19:30:00.0	49.88408	19.48592	329.979	288.465	2,430.7	1.2	-0.2	-0.56	0.17	0.14
WADO	NDNT-WADO	2020-07-08 20:00:00.0	49.88408	19.48592	329.976	288.462	2,429.5	1.2	-0.36	0.37	0.19	0.19
WADO	NDNT-WADO	2020-07-08 20:30:00.0	49.88408	19.48592	329.976	288.462	2,433.4	1.2	-0.92	-0.22	0.21	0.23
WADO	NDNT-WADO	2020-07-08 21:00:00.0	49.88408	19.48592	329.989	288.475	2,428	1.4	-1.45	-0.14	0.19	0.2
WADO	NDNT-WADO	2020-07-08 21:30:00.0	49.88408	19.48592	329.989	288.475	2,433.1	1.4	-2.16	1.04	0.22	0.19
WADO	NDNT-WADO	2020-07-08 22:00:00.0	49.88408	19.48592	329.998	288.484	2,420.2	1.1	-2.24	0.93	0.21	0.13
WADO	NDNT-WADO	2020-07-08 22:30:00.0	49.88408	19.48592	329.998	288.484	2,417.4	1.5	-2.53	1.27	0.27	0.21
WADO	NDNT-WADO	2020-07-08 23:00:00.0	49.88408	19.48592	329.99	288.476	2,398.6	1.3	-4.03	0.16	0.22	0.18
WADO	NDNT-WADO	2020-07-08 23:30:00.0	49.88408	19.48592	329.99	288.476	2,394.8	1.3	-3.02	0.1	0.21	0.2
WARN	14277M002	2020-07-08 19:00:00.0	54.16978	12.10142	50.804	12.665	2,408	1.1	-0.78	0.08	0.13	0.14
WARN	14277M002	2020-07-08 19:30:00.0	54.16978	12.10142	50.804	12.665	2,409.8	1.2	-0.75	-0.34	0.16	0.16
WARN	14277M002	2020-07-08 20:00:00.0	54.16978	12.10142	50.812	12.673	2,406.7	1.1	-0.76	-0.09	0.15	0.13
WARN	14277M002	2020-07-08 20:30:00.0	54.16978	12.10142	50.812	12.673	2,405.4	1.2	-0.63	0.23	0.16	0.16
WARN	14277M002	2020-07-08 21:00:00.0	54.16978	12.10142	50.81	12.671	2,403.1	1.2	-0.92	-0.23	0.16	0.18
WARN	14277M002	2020-07-08 21:30:00.0	54.16978	12.10142	50.81	12.671	2,401.7	1.2	-0.94	-0.41	0.18	0.16
WARN	14277M002	2020-07-08 22:00:00.0	54.16978	12.10142	50.808	12.669	2,402.5	1	-0.92	-0.01	0.14	0.11
WARN	14277M002	2020-07-08 22:30:00.0	54.16978	12.10142	50.808	12.669	2,399.8	1.1	-1.03	0.24	0.13	0.14
WARN	14277M002	2020-07-08 23:00:00.0	54.16978	12.10142	50.818	12.679	2,401.4	1.3	-0.62	0.25	0.18	0.14
WARN	14277M002	2020-07-08 23:30:00.0	54.16978	12.10142	50.818	12.679	2,397.7	1.6	-0.3	0	0.21	0.19
WAT1	12297M001	2020-07-08 19:00:00.0	52.25383	20.90383	151.653	120.306	2,409.5	1	-1.8	-1.08	0.14	0.13
WAT1	12297M001	2020-07-08 19:30:00.0	52.25383	20.90383	151.653	120.306	2,407.9	1.2	-2.09	-0.69	0.14	0.2
WAT1	12297M001	2020-07-08 20:00:00.0	52.25383	20.90383	151.658	120.311	2,409.5	1.1	-1.54	-0.16	0.15	0.15
WAT1	12297M001	2020-07-08 20:30:00.0	52.25383	20.90383	151.658	120.311	2,410.7	1.1	-1.86	-0.55	0.14	0.16
WAT1	12297M001	2020-07-08 21:00:00.0	52.25383	20.90383	151.654	120.307	2,412.1	1.1	-1.91	-0.13	0.16	0.16
WAT1	12297M001	2020-07-08 21:30:00.0	52.25383	20.90383	151.654	120.307	2,408	1.2	-1.3	0.87	0.21	0.18
WAT1	12297M001	2020-07-08 22:00:00.0	52.25383	20.90383	151.655	120.308	2,405.1	1	-2.03	0.21	0.15	0.12
WAT1	12297M001	2020-07-08 22:30:00.0	52.25383	20.90383	151.655	120.308	2,406.4	1.1	-2.73	0.5	0.18	0.15
WAT1	12297M001	2020-07-08 23:00:00.0	52.25383	20.90383	151.658	120.311	2,404.2	1.1	-1.68	-0.16	0.19	0.14
WAT1	12297M001	2020-07-08 23:30:00.0	52.25383	20.90383	151.658	120.311	2,404.8	1.2	-0.73	0.02	0.2	0.18
WIEL	18968M001	2020-07-08 19:00:00.0	51.21936	18.57175	233.932	196.059	2,407.4	1.1	-1.96	0.37	0.14	0.13
WIEL	18968M001	2020-07-08 19:30:00.0	51.21936	18.57175	233.932	196.059	2,410.4	1.2	-1.86	0.02	0.18	0.14
WIEL	18968M001	2020-07-08 20:00:00.0	51.21936	18.57175	233.933	196.06	2,408.2	1.3	-2.56	-0.44	0.19	0.17
WIEL	18968M001	2020-07-08 20:30:00.0	51.21936	18.57175	233.933	196.06	2,404.3	1.3	-1.87	0.43	0.19	0.19
WIEL	18968M001	2020-07-08 21:00:00.0	51.21936	18.57175	233.929	196.056	2,396.1	1.5	-2.7	0.58	0.21	0.19
WIEL	18968M001	2020-07-08 21:30:00.0	51.21936	18.57175	233.929	196.056	2,389.2	1.5	-2.97	0.99	0.23	0.19
WIEL	18968M001	2020-07-08 22:00:00.0	51.21936	18.57175	233.934	196.061	2,383.6	1.3	-1.91	0.45	0.23	0.19
WIEL	18968M001	2020-07-08 22:30:00.0	51.21936	18.57175	233.934	196.061	2,380.3	1.5	-2.56	0.9	0.29	0.22
WIEL	18968M001	2020-07-08 23:00:00.0	51.21936	18.57175	233.934	196.061	2,383.4	1	-1.58	-0.34	0.22	0.13
WIEL	18968M001	2020-07-08 23:30:00.0	51.21936	18.57175	233.934	196.061	2,382.9	1.2	-1.43	-0.09	0.27	0.19
WLAD	12222M001	2020-07-08 19:00:00.0	54.79675	18.41875	34.759	5.879	2,404.9	0.9	-0.38	-0.4	0.12	0.12
WLAD	12222M001	2020-07-08 19:30:00.0	54.79675	18.41875	34.759	5.879	2,408.2	1	-0.06	-0.29	0.13	0.15
WLAD	12222M001	2020-07-08 20:00:00.0	54.79675	18.41875	34.757	5.877	2,414.1	1.1	-0.29	-0.03	0.15	0.14
WLAD	12222M001	2020-07-08 20:30:00.0	54.79675	18.41875	34.757	5.877	2,412.4	1.1	-1.34	-0.22	0.16	0.16
WLAD	12222M001	2020-07-08 21:00:00.0	54.79675	18.41875	34.748	5.868	2,411.4	1	-0.28	-0.54	0.15	0.17
WLAD	12222M001	2020-07-08 21:30:00.0	54.79675	18.41875	34.748	5.868	2,410.2	1.1	0.96	-0.23	0.17	0.2
WLAD	12222M001	2020-07-08 22:00:00.0	54.79675	18.41875	34.753	5.873	2,414.7	1.2	0.86	0.19	0.18	0.15
WLAD	12222M001	2020-07-08 22:30:00.0	54.79675	18.41875	34.753	5.873	2,416.8	1.2	0.79	0.18	0.14	0.17
WLAD	12222M001	2020-07-08 23:00:00.0	54.79675	18.41875	34.759	5.879	2,412	1	0.76	-0.05	0.17	0.13
WLAD	12222M001	2020-07-08 23:30:00.0	54.79675	18.41875	34.759	5.879	2,412.9	1.2	0.94	0.36	0.2	0.16
WLDW	12299M001	2020-07-08 19:00:00.0	51.54528	23.55719	210.961	182.306	2,399.7	1.1	-3.02	-0.21	0.12	0.11
WLDW	12299M001	2020-07-08 19:30:00.0	51.54528	23.55719	210.961	182.306	2,398.3	1.3	-2.75	-0.34	0.21	0.13
WLDW	12299M001	2020-07-08 20:00:00.0	51.54528	23.55719	210.953	182.298	2,407.6	1.2	-1.75	-0.13	0.16	0.13
WLDW	12299M001	2020-07-08 20:30:00.0	51.54528	23.55719	210.953	182.298	2,407.4	1.1	-1.65	-0.63	0.15	0.15
WLDW	12299M001	2020-07-08 21:00:00.0	51.54528	23.55719	210.96	182.305	2,406	1.3	-2.64	0.46	0.19	0.17
WLDW	12299M001	2020-07-08 21:30:00.0	51.54528	23.55719	210.96	182.305	2,406.4	1.4	-1.93	-0.03	0.22	0.18
WLDW	12299M001	2020-07-08 22:00:00.0	51.54528	23.55719	210.952	182.297	2,406.6	1	-1.57	0.5	0.14	0.1
WLDW	12299M001	2020-07-08 22:30:00.0	51.54528	23.55719	210.952	182.297	2,405.7	1.2	-1.7	0.78	0.2	0.12
WLDW	12299M001	2020-07-08 23:00:00.0	51.54528	23.55719	210.946	182.291	2,407.2	1.1	-1.42	0.34	0.22	0.16
WLDW	12299M001	2020-07-08 23:30:00.0	51.54528	23.55719	210.946	182.291	2,402.2	1.3	-1.44	0.85	0.28	0.19
WLOC	18999M001	2020-07-08 19:00:00.0	52.65872	19.06694	107.562	76.67	2,406.7	0.9	-0.88	-0.59	0.12	0.11
WLOC	18999M001	2020-07-08 19:30:00.0	52.65872	19.06694	107.562	76.67	2,407.5	1	-0.91	-0.43	0.13	0.13
WLOC	18999M001	2020-07-08 20:00:00.0	52.65872	19.06694	107.564	76.672	2,405.3	1.1	-1.21	-0.17	0.15	0.14
WLOC	18999M001	2020-07-08 20:30:00.0	52.65872	19.06694	107.564	76.672	2,405.5	1	-1.22	-0.18	0.14	0.15
WLOC	18999M001	2020-07-08 21:00:00.0	52.65872	19.06694	107.559	76.667	2,404.9	1.1	-0.83	0.08	0.14	0.16
WLOC	18999M001	2020-07-08 21:30:00.0	52.65872	19.06694	107.559	76.667	2,408.5	1.1	-0.77	-0.1	0.18	0.17
WLOC	18999M001	2020-07-08 22:00:00.0	52.65872	19.06694	107.556	76.664	2,409	0.9	-1	0.17	0.15	0.1
WLOC	18999M001	2020-07-08 22:30:00.0	52.65872	19.06694	107.556	76.664	2,411.6	1	-0.82	0.37	0.14	0.14
WLOC	18999M001	2020-07-08 23:00:00.0	52.65872	19.06694	107.559	76.667	2,407.2	1	-0.4	0.49	0.18	0.12
WLOC	18999M001	2020-07-08 23:30:00.0	52.65872	19.06694	107.559	76.667	2,409	1.1	-0.35	0.27	0.19	0.15
WLOS	NDNT-WLOS	2020-07-08 19:00:00.0	50.84944	19.97483	294.427	257.076	2,408	0.9	-2.11	0.65	0.1	0.11
WLOS	NDNT-WLOS	2020-07-08 19:30:00.0	50.84944	19.97483	294.427	257.076	2,407.4	1	-1.96	0.82	0.15	0.11
WLOS	NDNT-WLOS	2020-07-08 20:00:00.0	50.84944	19.97483	294.426	257.075	2,409	1.1	-1.72	0.4	0.15	0.14
WLOS	NDNT-WLOS	2020-07-08 20:30:00.0	50.84944	19.97483	294.426	257.075	2,398.2	1	-1.35	1.06	0.15	0.16
WLOS	NDNT-WLOS	2020-07-08 21:00:00.0	50.84944	19.97483	294.425	257.074	2,393	1.1	-1.87	1.12	0.14	0.13
WLOS	NDNT-WLOS	2020-07-08 21:30:00.0	50.84944	19.97483	294.425	257.074	2,397.3	1.1	-1.32	-0.32	0.17	0.14
WLOS	NDNT-WLOS	2020-07-08 22:00:00.0	50.84944	19.97483	294.438	257.087	2,391.1	0.9	0	-0.07	0.11	0.09
WLOS	NDNT-WLOS	2020-07-08 22:30:00.0	50.84944	19.97483	294.438	257.087	2,393.7	0.9	-0.64	-0.89	0.11	0.1
WLOS	NDNT-WLOS	2020-07-08 23:00:00.0	50.84944	19.97483	294.421	257.07	2,388.6	1	-0.8	-0.27	0.15	0.11
WLOS	NDNT-WLOS	2020-07-08 23:30:00.0	50.84944	19.97483	294.421	257.07	2,395.4	1.1	-1.73	-0.33	0.18	0.15
WOD1	18998M001	2020-07-08 19:00:00.0	50.00017	18.45844	298.994	256.743	2,436.1	1.1	-1.36	-0.36	0.11	0.12
WOD1	18998M001	2020-07-08 19:30:00.0	50.00017	18.45844	298.994	256.743	2,436.9	1.1	-1.52	0.2	0.16	0.13
WOD1	18998M001	2020-07-08 20:00:00.0	50.00017	18.45844	298.997	256.746	2,434.1	1.1	-2.24	0.05	0.15	0.13
WOD1	18998M001	2020-07-08 20:30:00.0	50.00017	18.45844	298.997	256.746	2,429	1.1	-3.24	-0.85	0.15	0.16
WOD1	18998M001	2020-07-08 21:00:00.0	50.00017	18.45844	299	256.749	2,418	1.5	-3.73	0	0.18	0.19
WOD1	18998M001	2020-07-08 21:30:00.0	50.00017	18.45844	299	256.749	2,411.1	1.5	-4.53	0.4	0.23	0.2
WOD1	18998M001	2020-07-08 22:00:00.0	50.00017	18.45844	299.002	256.751	2,405.1	1.2	-3.49	0.2	0.17	0.13
WOD1	18998M001	2020-07-08 22:30:00.0	50.00017	18.45844	299.002	256.751	2,404.7	1.3	-3.23	0.51	0.21	0.16
WOD1	18998M001	2020-07-08 23:00:00.0	50.00017	18.45844	298.997	256.746	2,390.3	1.1	-3.43	-0.17	0.17	0.13
WOD1	18998M001	2020-07-08 23:30:00.0	50.00017	18.45844	298.997	256.746	2,385.8	1.4	-2.38	0.25	0.19	0.19
WRKI	18997M001	2020-07-08 19:00:00.0	52.70556	16.37108	95.288	60.778	2,409.3	0.9	-1.08	-0.7	0.13	0.12
WRKI	18997M001	2020-07-08 19:30:00.0	52.70556	16.37108	95.288	60.778	2,410.8	1.1	-1.05	0.04	0.19	0.12
WRKI	18997M001	2020-07-08 20:00:00.0	52.70556	16.37108	95.293	60.783	2,408.4	1.1	-0.5	0.17	0.17	0.14
WRKI	18997M001	2020-07-08 20:30:00.0	52.70556	16.37108	95.293	60.783	2,408.8	1.2	-0.57	0.22	0.17	0.16
WRKI	18997M001	2020-07-08 21:00:00.0	52.70556	16.37108	95.274	60.764	2,401.7	1.3	-1.84	0.1	0.2	0.17
WRKI	18997M001	2020-07-08 21:30:00.0	52.70556	16.37108	95.274	60.764	2,403.6	1.2	-1.41	-0.41	0.23	0.17
WRKI	18997M001	2020-07-08 22:00:00.0	52.70556	16.37108	95.272	60.762	2,404.8	1.1	-1.35	-0.33	0.2	0.14
WRKI	18997M001	2020-07-08 22:30:00.0	52.70556	16.37108	95.272	60.762	2,405.2	1.4	-1.24	-0.99	0.24	0.17
WRKI	18997M001	2020-07-08 23:00:00.0	52.70556	16.37108	95.287	60.777	2,410.4	1.1	-0.8	-1.12	0.21	0.13
WRKI	18997M001	2020-07-08 23:30:00.0	52.70556	16.37108	95.287	60.777	2,413.3	1.4	-1.07	-0.5	0.29	0.19
WROC	12217M001	2020-07-08 19:00:00.0	51.11325	17.06206	180.815	140.539	2,422.7	1.1	-1.14	0.93	0.12	0.12
WROC	12217M001	2020-07-08 19:30:00.0	51.11325	17.06206	180.815	140.539	2,414.4	1.2	-0.86	0.3	0.16	0.13
WROC	12217M001	2020-07-08 20:00:00.0	51.11325	17.06206	180.813	140.537	2,411.1	1.1	-1.51	-0.1	0.14	0.12
WROC	12217M001	2020-07-08 20:30:00.0	51.11325	17.06206	180.813	140.537	2,410.6	1.1	-1.25	-0.1	0.14	0.15
WROC	12217M001	2020-07-08 21:00:00.0	51.11325	17.06206	180.81	140.534	2,408	1.5	-2.06	-0.31	0.17	0.19
WROC	12217M001	2020-07-08 21:30:00.0	51.11325	17.06206	180.81	140.534	2,410.5	1.5	-2.31	-0.68	0.22	0.23
WROC	12217M001	2020-07-08 22:00:00.0	51.11325	17.06206	180.814	140.538	2,407.5	1.2	-1.54	-0.62	0.14	0.16
WROC	12217M001	2020-07-08 22:30:00.0	51.11325	17.06206	180.814	140.538	2,409.2	1.2	-1.51	-0.64	0.16	0.16
WROC	12217M001	2020-07-08 23:00:00.0	51.11325	17.06206	180.808	140.532	2,412	1.6	-1.25	-0.34	0.3	0.23
WROE	MUSE-WROE	2020-07-08 19:00:00.0	51.11325	17.06206	180.73	140.454	2,421	1.1	-0.88	1.12	0.14	0.14
WROE	MUSE-WROE	2020-07-08 19:30:00.0	51.11325	17.06206	180.73	140.454	2,411.4	1.2	-0.85	0.38	0.16	0.13
WROE	MUSE-WROE	2020-07-08 20:00:00.0	51.11325	17.06206	180.728	140.452	2,408	1.1	-1.57	-0.32	0.14	0.12
WROE	MUSE-WROE	2020-07-08 20:30:00.0	51.11325	17.06206	180.728	140.452	2,408.8	1.1	-1.41	-0.22	0.14	0.15
WROE	MUSE-WROE	2020-07-08 21:00:00.0	51.11325	17.06206	180.724	140.448	2,406.3	1.5	-2.03	-0.4	0.17	0.19
WROE	MUSE-WROE	2020-07-08 21:30:00.0	51.11325	17.06206	180.724	140.448	2,409.6	1.6	-2.1	-0.54	0.22	0.23
WROE	MUSE-WROE	2020-07-08 22:00:00.0	51.11325	17.06206	180.725	140.449	2,405.5	1.2	-1.55	-0.69	0.15	0.17
WROE	MUSE-WROE	2020-07-08 22:30:00.0	51.11325	17.06206	180.725	140.449	2,408.4	1.2	-1.81	-0.68	0.16	0.17
WROE	MUSE-WROE	2020-07-08 23:00:00.0	51.11325	17.06206	180.721	140.445	2,409.7	1.1	-1.32	-0.39	0.2	0.13
WROE	MUSE-WROE	2020-07-08 23:30:00.0	51.11325	17.06206	180.721	140.445	2,410.9	1.4	-1.5	-0.09	0.21	0.19
ZAWA	NDNT-ZAWA	2020-07-08 19:00:00.0	50.60956	18.48086	264.42	224.006	2,423.3	1.1	-2.6	0.77	0.12	0.13
ZAWA	NDNT-ZAWA	2020-07-08 19:30:00.0	50.60956	18.48086	264.42	224.006	2,415.2	1.2	-2.42	0.42	0.21	0.12
ZAWA	NDNT-ZAWA	2020-07-08 20:00:00.0	50.60956	18.48086	264.424	224.01	2,412.5	1.2	-3.14	-0.24	0.16	0.14
ZAWA	NDNT-ZAWA	2020-07-08 20:30:00.0	50.60956	18.48086	264.424	224.01	2,406.1	1.2	-2.45	-0.24	0.18	0.17
ZAWA	NDNT-ZAWA	2020-07-08 21:00:00.0	50.60956	18.48086	264.421	224.007	2,393.6	1.5	-1.21	0.61	0.22	0.19
ZAWA	NDNT-ZAWA	2020-07-08 21:30:00.0	50.60956	18.48086	264.421	224.007	2,400.8	1.5	-0.19	0.43	0.23	0.19
ZAWA	NDNT-ZAWA	2020-07-08 22:00:00.0	50.60956	18.48086	264.429	224.015	2,398.3	1.2	0.4	0.06	0.17	0.13
ZAWA	NDNT-ZAWA	2020-07-08 22:30:00.0	50.60956	18.48086	264.429	224.015	2,398.3	1.4	-0.04	0.8	0.24	0.16
ZAWA	NDNT-ZAWA	2020-07-08 23:00:00.0	50.60956	18.48086	264.428	224.014	2,389.4	1	-0.6	-0.19	0.19	0.14
ZAWA	NDNT-ZAWA	2020-07-08 23:30:00.0	50.60956	18.48086	264.428	224.014	2,391.8	1.2	-1.58	-1.03	0.26	0.17
ZAWI	NDNT-ZAWI	2020-07-08 19:00:00.0	50.49467	19.41042	382.926	343.184	2,391.8	0.9	-1.71	-0.17	0.08	0.09
ZAWI	NDNT-ZAWI	2020-07-08 19:30:00.0	50.49467	19.41042	382.926	343.184	2,391.1	0.9	-3.19	0.35	0.11	0.09
ZAWI	NDNT-ZAWI	2020-07-08 20:00:00.0	50.49467	19.41042	382.922	343.18	2,384.6	0.8	-3.69	0.04	0.1	0.09
ZAWI	NDNT-ZAWI	2020-07-08 20:30:00.0	50.49467	19.41042	382.922	343.18	2,376.7	0.8	-4.32	0.52	0.1	0.1
ZAWI	NDNT-ZAWI	2020-07-08 21:00:00.0	50.49467	19.41042	382.925	343.183	2,365.4	1.2	-2.77	0.53	0.14	0.14
ZAWI	NDNT-ZAWI	2020-07-08 21:30:00.0	50.49467	19.41042	382.925	343.183	2,364.7	1.2	-2.23	0.34	0.17	0.15
ZAWI	NDNT-ZAWI	2020-07-08 22:00:00.0	50.49467	19.41042	382.928	343.186	2,362.8	0.9	-1.48	0.19	0.11	0.1
ZAWI	NDNT-ZAWI	2020-07-08 22:30:00.0	50.49467	19.41042	382.928	343.186	2,359.9	1	-0.87	0	0.12	0.11
ZAWI	NDNT-ZAWI	2020-07-08 23:00:00.0	50.49467	19.41042	382.922	343.18	2,355.7	0.9	-0.38	-0.36	0.12	0.09
ZAWI	NDNT-ZAWI	2020-07-08 23:30:00.0	50.49467	19.41042	382.922	343.18	2,355.5	1	-1.26	-0.66	0.12	0.12
ZIGR	18995M001	2020-07-08 19:00:00.0	51.94031	15.51431	225.62	186.003	2,378.5	0.8	-1.31	0.16	0.1	0.1
ZIGR	18995M001	2020-07-08 19:30:00.0	51.94031	15.51431	225.62	186.003	2,383	0.9	-0.93	-0.26	0.12	0.1
ZIGR	18995M001	2020-07-08 20:00:00.0	51.94031	15.51431	225.629	186.012	2,381	1.2	-0.15	-0.27	0.15	0.14
ZIGR	18995M001	2020-07-08 20:30:00.0	51.94031	15.51431	225.629	186.012	2,375.4	1.3	-0.84	-0.18	0.17	0.17
ZIGR	18995M001	2020-07-08 21:00:00.0	51.94031	15.51431	225.625	186.008	2,377	1.2	-1.13	0.3	0.17	0.17
ZIGR	18995M001	2020-07-08 21:30:00.0	51.94031	15.51431	225.625	186.008	2,378.2	1.2	-1.41	-0.42	0.2	0.16
ZIGR	18995M001	2020-07-08 22:00:00.0	51.94031	15.51431	225.627	186.01	2,382.7	1	-1.15	-0.12	0.13	0.12
ZIGR	18995M001	2020-07-08 22:30:00.0	51.94031	15.51431	225.627	186.01	2,382.2	1.1	-1.18	-0.05	0.14	0.14
ZIGR	18995M001	2020-07-08 23:00:00.0	51.94031	15.51431	225.641	186.024	2,379.6	1.1	-0.68	-0.9	0.18	0.13
ZIGR	18995M001	2020-07-08 23:30:00.0	51.94031	15.51431	225.641	186.024	2,387.2	1.4	-0.85	-1.19	0.2	0.18
ZIM2	14001M008	2020-07-08 19:00:00.0	46.87708	7.46503	956.461	907.624	2,206	1.3	0.43	-0.94	0.15	0.18
ZIM2	14001M008	2020-07-08 19:30:00.0	46.87708	7.46503	956.461	907.624	2,209.8	1.6	-0.27	-0.9	0.26	0.21
ZIM2	14001M008	2020-07-08 20:00:00.0	46.87708	7.46503	956.462	907.625	2,213.6	1.5	0.11	-1.65	0.24	0.2
ZIM2	14001M008	2020-07-08 20:30:00.0	46.87708	7.46503	956.462	907.625	2,212.9	1.5	-0.35	-0.97	0.26	0.22
ZIM2	14001M008	2020-07-08 21:00:00.0	46.87708	7.46503	956.454	907.617	2,215.7	1.5	0.52	-0.5	0.26	0.2
ZIM2	14001M008	2020-07-08 21:30:00.0	46.87708	7.46503	956.454	907.617	2,212.6	1.6	1.58	-0.46	0.25	0.21
ZIM2	14001M008	2020-07-08 22:00:00.0	46.87708	7.46503	956.44	907.603	2,212.1	1.6	1.17	0.08	0.21	0.18
ZIM2	14001M008	2020-07-08 22:30:00.0	46.87708	7.46503	956.44	907.603	2,210.5	1.6	0.84	-0.1	0.25	0.24
ZIM2	14001M008	2020-07-08 23:00:00.0	46.87708	7.46503	956.455	907.618	2,214.8	1.5	1.16	-0.57	0.24	0.21
ZIM2	14001M008	2020-07-08 23:30:00.0	46.87708	7.46503	956.455	907.618	2,216.8	1.8	0.71	-1.04	0.3	0.23
ZYWE	NDNT-ZYWE	2020-07-08 19:00:00.0	49.68817	19.19736	405.81	363.7	2,410.1	1.1	-0.88	-0.28	0.13	0.12
ZYWE	NDNT-ZYWE	2020-07-08 19:30:00.0	49.68817	19.19736	405.81	363.7	2,410.8	1.1	-0.74	-0.29	0.16	0.13
ZYWE	NDNT-ZYWE	2020-07-08 20:00:00.0	49.68817	19.19736	405.807	363.697	2,411.9	1.1	-0.96	0.19	0.15	0.14
ZYWE	NDNT-ZYWE	2020-07-08 20:30:00.0	49.68817	19.19736	405.807	363.697	2,414.3	1.1	-0.93	0.31	0.15	0.16
ZYWE	NDNT-ZYWE	2020-07-08 21:00:00.0	49.68817	19.19736	405.811	363.701	2,408	1.5	-1.49	-0.49	0.19	0.19
ZYWE	NDNT-ZYWE	2020-07-08 21:30:00.0	49.68817	19.19736	405.811	363.701	2,418.3	1.6	-0.8	-0.48	0.24	0.2
ZYWE	NDNT-ZYWE	2020-07-08 22:00:00.0	49.68817	19.19736	405.82	363.71	2,405.5	1.2	-1.44	-0.18	0.18	0.14
ZYWE	NDNT-ZYWE	2020-07-08 22:30:00.0	49.68817	19.19736	405.82	363.71	2,404.1	1.4	-2.26	0.43	0.22	0.17
ZYWE	NDNT-ZYWE	2020-07-08 23:00:00.0	49.68817	19.19736	405.804	363.694	2,387.7	1	-3.91	1.05	0.16	0.13
ZYWE	NDNT-ZYWE	2020-07-08 23:30:00.0	49.68817	19.19736	405.804	363.694	2,382	1.2	-4.17	0.09	0.17	0.16
ZYWI	12220S001	2020-07-08 19:00:00.0	49.68669	19.20594	412.793	370.691	2,403.4	1.4	-1.38	-0.12	0.18	0.18
ZYWI	12220S001	2020-07-08 19:30:00.0	49.68669	19.20594	412.793	370.691	2,406	1.3	-1.03	-0.58	0.2	0.15
ZYWI	12220S001	2020-07-08 20:00:00.0	49.68669	19.20594	412.787	370.685	2,406.4	1.1	-1.64	-0.52	0.16	0.14
ZYWI	12220S001	2020-07-08 20:30:00.0	49.68669	19.20594	412.787	370.685	2,411.5	1.1	-1.4	-0.59	0.15	0.16
ZYWI	12220S001	2020-07-08 21:00:00.0	49.68669	19.20597	412.794	370.692	2,401.8	1.5	-1.91	0.33	0.19	0.19
ZYWI	12220S001	2020-07-08 21:30:00.0	49.68669	19.20597	412.794	370.692	2,403.9	1.6	-2.23	-0.06	0.24	0.21
ZYWI	12220S001	2020-07-08 22:00:00.0	49.68669	19.20597	412.794	370.692	2,401.1	1.2	-2.08	0.32	0.18	0.15
ZYWI	12220S001	2020-07-08 22:30:00.0	49.68669	19.20597	412.794	370.692	2,398.4	1.4	-2.31	0.57	0.22	0.19
ZYWI	12220S001	2020-07-08 23:00:00.0	49.68669	19.20597	412.786	370.684	2,387.6	1.1	-4.6	0.96	0.17	0.13
ZYWI	12220S001	2020-07-08 23:30:00.0	49.68669	19.20597	412.786	370.684	2,373.8	1.2	-4.12	0.9	0.17	0.16
